{
    "domain": "trackcmp.net",
    "owner": {
        "name": "ActiveCampaign, Inc.",
        "displayName": "ActiveCampaign"
    },
    "source": [
        "DuckDuckGo-AU"
    ],
    "prevalence": 0.00725,
    "sites": 72,
    "subdomains": [],
    "cnames": [],
    "fingerprinting": 0,
    "resources": [
        {
            "rule": "trackcmp\\.net\\/t_prism_sitemessages\\.php",
            "cookies": 0,
            "fingerprinting": 0,
            "subdomains": [],
            "apis": {},
            "sites": 62,
            "prevalence": 0.00624,
            "cnames": [],
            "responseHashes": [
                "e3b0c44298fc1c149afbf4c8996fb92427ae41e4649b934ca495991b7852b855"
            ],
            "type": "Script",
            "firstPartyCookies": {},
            "firstPartyCookiesSent": {
                "prism_649424205": 0.00010063399416322834,
                "prism_801645831": 0.00010063399416322834,
                "prism_611476426": 0.00010063399416322834,
                "IR_gbd": 0.00020126798832645668,
                "prism_799414891": 0.00010063399416322834,
                "prism_798938341": 0.00010063399416322834,
                "prism_225622253": 0.00010063399416322834,
                "prism_476687787": 0.00010063399416322834,
                "_hjTLDTest": 0.0005031699708161417,
                "prism_91160084": 0.00010063399416322834,
                "prism_650575425": 0.00010063399416322834,
                "prism_252696209": 0.00010063399416322834,
                "prism_999921258": 0.00020126798832645668,
                "prism_799339151": 0.00010063399416322834,
                "prism_66032742": 0.00010063399416322834,
                "prism_90254924": 0.00020126798832645668,
                "prism_66093562": 0.00010063399416322834,
                "prism_611434716": 0.00010063399416322834,
                "prism_1002890398": 0.00020126798832645668,
                "prism_25409750": 0.00010063399416322834,
                "prism_252776619": 0.00010063399416322834,
                "prism_90156314": 0.00010063399416322834,
                "prism_225558613": 0.00010063399416322834,
                "prism_26112180": 0.00010063399416322834,
                "prism_68385552": 0.00010063399416322834,
                "prism_66785902": 0.00010063399416322834,
                "prism_799040901": 0.00010063399416322834,
                "_li_dcdm_c": 0.00010063399416322834,
                "prism_66978442": 0.00020126798832645668,
                "prism_475889937": 0.00010063399416322834,
                "prism_253856689": 0.00010063399416322834,
                "lotame_domain_check": 0.000301901982489685,
                "prism_26374210": 0.00010063399416322834,
                "__pid": 0.00010063399416322834,
                "prism_224817533": 0.00010063399416322834,
                "prism_612258496": 0.00010063399416322834,
                "prism_611487216": 0.00010063399416322834,
                "prism_611608126": 0.00010063399416322834,
                "prism_650247735": 0.00010063399416322834,
                "prism_649424415": 0.00010063399416322834,
                "prism_610226316": 0.00010063399416322834,
                "prism_251923159": 0.00010063399416322834,
                "prism_25900740": 0.00010063399416322834,
                "prism_649477835": 0.00010063399416322834,
                "prism_610469376": 0.00010063399416322834,
                "prism_253684459": 0.00010063399416322834,
                "prism_68594202": 0.00010063399416322834,
                "prism_798682821": 0.00010063399416322834,
                "prism_67686602": 0.00010063399416322834,
                "prism_1000529238": 0.00010063399416322834,
                "prism_223908773": 0.00010063399416322834,
                "prism_226011163": 0.00010063399416322834,
                "prism_477872847": 0.00010063399416322834,
                "prism_1000277218": 0.00010063399416322834,
                "prism_649679645": 0.00010063399416322834,
                "prism_1002602498": 0.00010063399416322834,
                "prism_91854684": 0.00010063399416322834,
                "prism_610292066": 0.00010063399416322834,
                "prism_1001495738": 0.00010063399416322834,
                "prism_67505192": 0.00010063399416322834,
                "prism_799653711": 0.00010063399416322834,
                "prism_26016790": 0.00010063399416322834
            },
            "exampleSites": [
                "rvdaily.com.au",
                "www.geeks2u.com.au",
                "www.flightconnections.com",
                "www.heartfoundation.org.au",
                "mumsgrapevine.com.au",
                "www.greatsouthernbank.com.au",
                "www.truity.com",
                "www.camplify.com.au",
                "www.snap.com.au",
                "artofsmart.com.au",
                "www.phoenixtapware.com.au",
                "www.thebluespace.com.au",
                "www.toyworld.com.au",
                "euka.edu.au",
                "lloydsauctions.com.au",
                "www.understood.org",
                "www.lifehack.org",
                "www.ancient-origins.net",
                "boost.com.au",
                "www.sportspower.com.au"
            ]
        },
        {
            "rule": "trackcmp\\.net\\/visit",
            "cookies": 0.00121,
            "fingerprinting": 0,
            "subdomains": [],
            "apis": {},
            "sites": 12,
            "prevalence": 0.00121,
            "cnames": [],
            "responseHashes": [
                "e3b0c44298fc1c149afbf4c8996fb92427ae41e4649b934ca495991b7852b855"
            ],
            "type": "Script",
            "firstPartyCookies": {},
            "firstPartyCookiesSent": {},
            "exampleSites": [
                "gearspace.com",
                "lloydsauctions.com.au",
                "www.bikeexchange.com.au",
                "www.boc.com.au",
                "www.fluentu.com",
                "www.lloydsauctions.com.au",
                "www.lookupstrata.com.au",
                "www.sheds.com.au",
                "www.snowys.com.au",
                "www.superiorengineering.com.au",
                "www.swan.wa.gov.au",
                "www.wickedweasel.com"
            ]
        }
    ],
    "categories": [
        "Ad Motivated Tracking",
        "Advertising",
        "Action Pixels"
    ],
    "performance": {},
    "cookies": 0.00121,
    "topInitiators": [
        {
            "domain": "app-us1.com",
            "prevalence": 0.7866666666666666
        },
        {
            "domain": "first party",
            "prevalence": 0.13333333333333333
        },
        {
            "domain": "googletagmanager.com",
            "prevalence": 0.06666666666666667
        },
        {
            "domain": "script.ac",
            "prevalence": 0.013333333333333334
        }
    ],
    "types": {
        "Script": 74
    },
    "nameservers": [
        "love.ns.cloudflare.com",
        "kellen.ns.cloudflare.com"
    ]
}