{
    "domain": "linkconnector.com",
    "owner": {
        "name": "LinkConnector Corporation",
        "displayName": "LinkConnector"
    },
    "source": [
        "DuckDuckGo-CH"
    ],
    "prevalence": 0.000704,
    "sites": 7,
    "subdomains": [
        "www"
    ],
    "cnames": [],
    "fingerprinting": 1,
    "resources": [
        {
            "rule": "linkconnector\\.com\\/uts_lp\\.php",
            "cookies": 0.000704,
            "fingerprinting": 1,
            "subdomains": [
                "www"
            ],
            "apis": {
                "Document.cookie getter": 7,
                "window.localStorage": 7,
                "Date.prototype.getTime": 7,
                "Document.cookie setter": 7
            },
            "sites": 7,
            "prevalence": 0.000704,
            "cnames": [],
            "responseHashes": [
                "8badff0c5d6e213e7666ae2d101dd23d00066d10aa837130f7953c35a04f72b1",
                "f8c4bb29b6972e713543ae53a1568d1a37a46ee76fc8e190bf49b2a65453c45d",
                "3a6ccb6f4feb66bfdddb6e79785e0843ddb47b62fa528c25409cd118749ece2f",
                "ed4024a5e56b9a639c3fac222a2bb4ad73e700a47991bcfeb2615152e899f71a",
                "2c77672a6807aa6586963220de899f1c04e581b4d14314f97e1cdc1c1ba21681",
                "22866611ac9d97257089f7cb7d92142fbdf8888f8f03cdc7db0ecc976903d96c"
            ],
            "type": "Script",
            "firstPartyCookies": {
                "uts_id": {
                    "ttl": 157680003,
                    "length": 17,
                    "prevalence": 0.0007037297677691766,
                    "uniqueness": 1
                },
                "LCUTS_UID_901602": {
                    "ttl": 3601,
                    "length": 6,
                    "prevalence": 0.00020106564793405046,
                    "uniqueness": 0.5
                },
                "LCUTS_UID_900133": {
                    "ttl": 3604,
                    "length": 6,
                    "prevalence": 0.0004021312958681009,
                    "uniqueness": 0.25
                },
                "LCUTS_UID_901518": {
                    "ttl": 3603,
                    "length": 6,
                    "prevalence": 0.00010053282396702523,
                    "uniqueness": 1
                }
            },
            "firstPartyCookiesSent": {
                "LCUTS_UID_901602": 0.00020106564793405046,
                "LCUTS_UID_900133": 0.0004021312958681009,
                "LCUTS_UID_901518": 0.00010053282396702523
            },
            "exampleSites": [
                "minitool.com",
                "drfone.wondershare.de",
                "mobiletrans.wondershare.com",
                "pdf.wondershare.de",
                "recoverit.wondershare.de",
                "www.edrawsoft.com",
                "www.minitool.com"
            ]
        },
        {
            "rule": "linkconnector\\.com\\/uts_clickcounts\\.php",
            "cookies": 0,
            "fingerprinting": 0,
            "subdomains": [
                "www"
            ],
            "apis": {},
            "sites": 3,
            "prevalence": 0.000302,
            "cnames": [],
            "responseHashes": [
                "e3b0c44298fc1c149afbf4c8996fb92427ae41e4649b934ca495991b7852b855"
            ],
            "type": "Script",
            "firstPartyCookies": {},
            "firstPartyCookiesSent": {
                "LCUTS_UID_901602": 0.00020106564793405046,
                "LCUTS_UID_901518": 0.00010053282396702523,
                "IR_gbd": 0.00010053282396702523,
                "srcSite": 0.00010053282396702523
            },
            "exampleSites": [
                "minitool.com",
                "www.edrawsoft.com",
                "www.minitool.com"
            ]
        },
        {
            "rule": "linkconnector\\.com\\/tu\\.php",
            "cookies": 0.000503,
            "fingerprinting": 0,
            "subdomains": [
                "www"
            ],
            "apis": {},
            "sites": 5,
            "prevalence": 0.000503,
            "cnames": [],
            "responseHashes": [
                "942fa519ebb6234f59c3d8c8c66c6b2671b69364c1c31a6788f722e4baca9a94"
            ],
            "type": "Image",
            "firstPartyCookies": {},
            "firstPartyCookiesSent": {
                "_gcl_au": 0.0009047954157032271,
                "_rdt_uuid": 0.00010053282396702523,
                "_ga_24WTSJBD5B": 0.0004021312958681009,
                "_ga": 0.0008042625917362018,
                "_gid": 0.0004021312958681009,
                "_uetsid": 0.0005026641198351262,
                "_uetvid": 0.0005026641198351262,
                "srcSite": 0.00010053282396702523,
                "IR_gbd": 0.00010053282396702523
            },
            "exampleSites": [
                "wondershare.de",
                "mobiletrans.wondershare.com",
                "pdf.wondershare.de",
                "recoverit.wondershare.de",
                "www.edrawsoft.com"
            ]
        },
        {
            "rule": "linkconnector\\.com\\/js\\/uts_uid\\.php",
            "cookies": 0.000503,
            "fingerprinting": 0,
            "subdomains": [
                "www"
            ],
            "apis": {},
            "sites": 5,
            "prevalence": 0.000503,
            "cnames": [],
            "responseHashes": [
                "942fa519ebb6234f59c3d8c8c66c6b2671b69364c1c31a6788f722e4baca9a94"
            ],
            "type": "Image",
            "firstPartyCookies": {},
            "firstPartyCookiesSent": {
                "LCUTS_UID_900133": 0.0004021312958681009,
                "LCUTS_UID_901518": 0.00010053282396702523
            },
            "exampleSites": [
                "wondershare.de",
                "mobiletrans.wondershare.com",
                "pdf.wondershare.de",
                "recoverit.wondershare.de",
                "www.edrawsoft.com"
            ]
        }
    ],
    "categories": [],
    "performance": {},
    "cookies": 0.000704,
    "topInitiators": [
        {
            "domain": "googletagmanager.com",
            "prevalence": 0.7142857142857143
        },
        {
            "domain": "first party",
            "prevalence": 0.2857142857142857
        }
    ],
    "types": {
        "Script": 10,
        "Image": 10
    },
    "nameservers": [
        "edna.ns.cloudflare.com",
        "sri.ns.cloudflare.com"
    ]
}