{
    "domain": "b30674b49e.com",
    "owner": {},
    "source": [
        "DuckDuckGo-DE"
    ],
    "prevalence": 0.00332,
    "sites": 33,
    "subdomains": [
        "53b06a6b24",
        "030f323e5c"
    ],
    "cnames": [],
    "fingerprinting": 0,
    "resources": [
        {
            "rule": "b30674b49e\\.com\\/in\\/multy",
            "cookies": 0,
            "fingerprinting": 0,
            "subdomains": [
                "53b06a6b24",
                "030f323e5c"
            ],
            "apis": {},
            "sites": 33,
            "prevalence": 0.00332,
            "cnames": [],
            "responseHashes": [],
            "type": "Preflight",
            "firstPartyCookies": {},
            "firstPartyCookiesSent": {},
            "exampleSites": [
                "thepiratebay.org",
                "www.porntrex.com",
                "jungespornovideo.com",
                "chaturflix.cam",
                "thothub.org",
                "de.pretty.porn",
                "titis.org",
                "forced-porn.net",
                "xporn.to",
                "myscatporn.com",
                "thothub.to",
                "www.frauporno.com",
                "thethothub.com",
                "pervertslut.com",
                "www.hitprn.com",
                "extremescatporn.com",
                "starsessions.sbs",
                "thothub.lol",
                "oncam.me",
                "tube.perverzija.com"
            ]
        },
        {
            "rule": "b30674b49e\\.com\\/in\\/multy",
            "cookies": 0,
            "fingerprinting": 0,
            "subdomains": [
                "53b06a6b24",
                "030f323e5c"
            ],
            "apis": {},
            "sites": 33,
            "prevalence": 0.00332,
            "cnames": [],
            "responseHashes": [
                "619486722ed08ebbb4b99130ea52b3dfed6c0c36f185a364c3a719384a714a30",
                "95d7113e24149b8f0924f0481e83e4dfa591069a308240025df643c2c57b6a59",
                "7002470e6388cd18586f531c5cd0d38d17947df1ecd81d28bf6b02c953315e04",
                "0b411866fad90f62dc7542983985238c2f20f5ff8adc81be8c1f4e6125d08eb1",
                "e3b0c44298fc1c149afbf4c8996fb92427ae41e4649b934ca495991b7852b855",
                "53b9ca4c9875fd191eaadc10e56438bc4595a6f38392ec0b84d7e1a16a359a7e",
                "0857cbbc614ca63c8033afc114b5d34a5f0951b592dacdfe7e7a3258d4049b87",
                "5075d1421e4d949904078449703212eb6a1dc1217d5d6d4584f0dcae05d5b8a0",
                "f411a10cf99f99714f8070486bb7330717fe8be5778479e3456b9e56d99b960f",
                "7e488a03b6f8626131ba66c6d93fedf5a4205b85c2464790307f801027d38a4c",
                "a450a1786e9f9964f5aa919352faa4d8d04688c4ef6e3cc8cf6ad26e5ffe00f8",
                "d7918dbee3c5940856f13c77d592fae3baf0e3c68966307e6d9ac6ddd5cf2682",
                "a2fa1903696524f7999e8d5a626b9c9d97f0780bfb7e6d6b434f59429b3668b2",
                "69c60172106aa3659b1f3aa961b47738999486dfd028329f98027a23d4cc2c16",
                "0ea1ff950742d99575838af7194cfee31fec9059cc15c44d750e36e26a3d7a3f",
                "9ef7daf270779b22dbb70f14a8c3c325b8eb432f40b45a0ae8dfe57809ae56bb",
                "56640852b9ac69b14caf0e361e0a319be7984835a34fe0bf3c25cffb6b7c6c90",
                "419285f5345f7f7fbecb7d2c5a4d00922633e8f71351308c799c81a9a705c3cd",
                "b6782a50cfae4a3bf1caa5589c3a79e74b04032ce0183aab07175214b375232e",
                "fc0fd026a0977a9ea2c58dc703cc596d78a3980d53b8fb915f1715efddb5cbc5",
                "e8bced93d8a14104187c379074208886a524e22a46302f5107598b7736efa638",
                "d0e1fef5160f5ad04a85d0a9dac5162a82602175210e753816b17a0266072d68",
                "cbfaed30715f033b685a8ad97de6a9952114f8a67091c3ff36b60b1623a2e3c6",
                "5031838823ade30bc59666872e3d37cf38ba476dd072cb4582d68be0ad6928b2",
                "d76877bb407e3df271e3efc4b30761f46bd31ff934cd39f1eda732e265006260",
                "258b0294c522a9e7cf493040e593e1c2ab073520de02129fe26afc9efef8a03f",
                "b13bcc28b3b0dd0c418c5632b3d4e73cd91a1ae8964d95696b37f0ca51ffe49b",
                "bb83064c62b2f8c7ff12f6bd7236192cd70ea7853e61f875b12aa58077596cf3",
                "3d3119df3c254973f1b09cc8af64993a568c980c1b6e27e0d653af6b974c497b",
                "9ac1f847c06140d578c07cee8697c1c2a1f13b5e6ada00e4af696068744221f0",
                "2a026a3f17360ef1bf840ac27331a7b6e7fbebecef9862e066f0b82534023518"
            ],
            "type": "XHR",
            "firstPartyCookies": {},
            "firstPartyCookiesSent": {},
            "exampleSites": [
                "thepiratebay.org",
                "www.porntrex.com",
                "www.frauporno.com",
                "fuxporn.com",
                "oncam.me",
                "femdom-joi.com",
                "chaturflix.cam",
                "thethothub.com",
                "tube.perverzija.com",
                "www.hitprn.com",
                "fssquad.com",
                "myscatporn.com",
                "extremescatporn.com",
                "bestrapeporn.com",
                "cartoonporn.pro",
                "thothub.org",
                "highporn.net",
                "123moviesgo.su",
                "de.pretty.porn",
                "jungespornovideo.com"
            ]
        },
        {
            "rule": "b30674b49e\\.com\\/in\\/show\\/",
            "cookies": 0,
            "fingerprinting": 0,
            "subdomains": [
                "53b06a6b24"
            ],
            "apis": {},
            "sites": 29,
            "prevalence": 0.00292,
            "cnames": [],
            "responseHashes": [
                "e3b0c44298fc1c149afbf4c8996fb92427ae41e4649b934ca495991b7852b855"
            ],
            "type": "Image",
            "firstPartyCookies": {},
            "firstPartyCookiesSent": {},
            "exampleSites": [
                "www.porntrex.com",
                "extremescatporn.com",
                "thothub.org",
                "xporn.to",
                "starsessions.sbs",
                "www.xmegadrive.com",
                "thothub.to",
                "fssquad.com",
                "www.frauporno.com",
                "pornovideoshub.com",
                "tube.perverzija.com",
                "fuxporn.com",
                "streamkiste.mom",
                "oncam.me",
                "jungespornovideo.com",
                "www.hitprn.com",
                "forced-porn.net",
                "freescatporntube.com",
                "thethothub.com",
                "titis.org"
            ]
        },
        {
            "rule": "b30674b49e\\.com\\/in\\/show\\/",
            "cookies": 0,
            "fingerprinting": 0,
            "subdomains": [
                "030f323e5c"
            ],
            "apis": {},
            "sites": 2,
            "prevalence": 0.000201,
            "cnames": [],
            "responseHashes": [],
            "type": "Document",
            "firstPartyCookies": {},
            "firstPartyCookiesSent": {},
            "exampleSites": [
                "chaturflix.cam",
                "titis.org"
            ]
        }
    ],
    "categories": [],
    "performance": {},
    "cookies": 0,
    "topInitiators": [
        {
            "domain": "59e5e13578.com",
            "prevalence": 0.6686046511627907
        },
        {
            "domain": "wpushsdk.com",
            "prevalence": 0.3313953488372093
        }
    ],
    "types": {
        "Preflight": 33,
        "XHR": 33,
        "Image": 29,
        "Document": 2
    },
    "nameservers": [
        "dns2.infrapu.sh",
        "dns1.infrapu.sh"
    ]
}