{
    "domain": "18.210.229.244",
    "owner": {},
    "source": [
        "DuckDuckGo-US"
    ],
    "prevalence": 0.00127,
    "sites": 187,
    "subdomains": [],
    "cnames": [],
    "fingerprinting": 0,
    "resources": [
        {
            "rule": "18\\.210\\.229\\.244\\/is",
            "cookies": 0,
            "fingerprinting": 0,
            "subdomains": [],
            "apis": {},
            "sites": 171,
            "prevalence": 0.00117,
            "cnames": [],
            "responseHashes": [
                "37cba87a9e0418ea029cb4b914c5ec6a36cf404421c2bb8ffdc7f6f609d7347c",
                "af89831c2220b9cf6e703e50690d9a1208ba26e5b6f21a6e9747dc48bb85159c",
                "7254824dc2e2c6cb23e4815391bd211a96f066e581e3bb951681232e4a1bf533",
                "4642f32de8c91149ee4d793803d5d26516e65b3a396b99a7e17991984dc593ba",
                "a23202c86419453a5dffcb117cc04051a6dc53d4c9ba7b2465e638b0dec0cded",
                "08d41d509ee6d599e695bb4126ed1e84e3ad7a1fd7ec7e504c8ec8ddcd8df2e4",
                "cec3bc62ceca2dd5b8eee57ae2b289627798080a7fcba0e0326accb1432d3468",
                "d20e6fffd0097c693a7dafd13d87a9b66fef0a89eb43f2b75a9255976b9f23ef",
                "a0c3df6d135f8ccbf1cce54c0ba6e47b646d76d8b5628c1fb5edc9e27463cfe7",
                "9e9c587a49824454d021f0fd8baf95baf4da4944950bb97f4271cdc92a788795",
                "d73ce048c770c5b6816fa63671ceaa62ff596d5c9fbe3ad2b85b13ffc305a94f",
                "addfd80d3a6e4d3b930ad3096c94031d947c5eda62a397829871a9f60dbf558c",
                "91afff357e1db34c5bf32d28d2773c0c44a864fa2ea1c8a585a6d12bba5972b2",
                "f9d890cfd222e7996cad08226cc2d5af3036ab84a64f9eda49dc2440e6107ff4",
                "784452f71dfa604827c1065f9b7c031794941de3655031cd9877233610aa7799",
                "b4b76f25f9f09a5009735cf4508535228c9e4f3ad67b674626cdb4653573dce7",
                "2f6ecfdee6888b46913cc6c23c4b70f23280fdfc73920ab2d7899ffeacc83d8c",
                "fa51b34a930660961b08e55649f7206134ac70aba3cc6e2c56c8172679eb57bc",
                "99c30ec4c127e6e433d63eac5da9c658a07ada44140b5d263d7d200c1d214bec",
                "11eba6c770902e66ee2b240b8e8988ef119fc96733a846dfb65cd5a16f01534d",
                "4db9e2d24871234ce1cfffa53179e584367bc192d74ecd798922d634419e6acf",
                "7eb1b6a98e38c28b4fe6baca4649be5bb40247a30830657960d5bd631a7c60fb",
                "5bf4ab9cd1b559df04cd3da1c25f73237edfe392b0944a7055282078497fc112",
                "2044e590783fc2d2538d58871960772cca2c796df7d06f7a18df89c5d3caedff",
                "7a4faa59689f6a1af7b80587f80f3dd3d2f6d06f434ef0533bc01068eb817907",
                "a54b3801d6393de98c6e9f19d01c2382624e2ef8c65db2fd62c7e1bbf8cc9eee",
                "e5d24b11cb94109cd3209c38b18d71562bfaa6716ed369fbb8058586e69e73a8",
                "95b5735f2c9af6a0d3f04197f51b96c3ce89792e82279c9f190f1b84fc10b954",
                "c5ebcb4dac248480d4d98b26470d3faeb32d34fae7d20e9ec19fdd2b48f738d7",
                "57615f1a9cb575931d6a7cdc22cc26f3f37a4f3d33a90fe14d251bfedb64814f",
                "5fac73af0b0d64be7fec41c6d486a0811cbf4a1c9661d4a843ee5dea40e05a02",
                "a66818937a3257a5c7d5ddfa6b4f8e011667572f3033c826854a9bcec4ae44bd",
                "fe83aec6b49dade10f6678a17d8b28401e7a7200b969410d10607c8279083b9f",
                "feeb777236eadf823c0840717b94d0cc22a197217c9d57c6c401fad83a7c4aa9",
                "ed524393daec58097a7629e7117245318e3e2471da3d75a172715b2784042938",
                "81c425f966bb789e46bbcc1002d82488311253fd8994ca69b85dff475d11fea0",
                "b7d1f3f962de2ccf31b57ddbc289f45dda179660c6ffe82838a5c3b292d3e31c",
                "0bc3a8ffbfe5e5c53123fa69a924c0929c0b6c422882cdf762f2b3a5029139ed",
                "c373a09fc6e4c805614d4b156ef1bcfb951a0681c3e0d5ea8174462c6a5d542b",
                "8190d087b1a4ffdbadbaa2bc7bf93cba8c2e9c567c13a01bf056a809981d9fd9",
                "8f8e3924697d8511e02ae43a959e3e7ab13fc34b5e6cb73e7053483d7fe9036d",
                "f17422bdeeb85bcb5a74eebc99208b4b35654e6d5ef6cb62bb846bb6ce1661db",
                "497b6f612cd10e88ab4ae337d05ad47d764c634c8c83d218dc0fd8b0e3c0a93b",
                "0e6b01acd819b39df0d902d59388e7e317e924368aa9e0f751edd4b6ce8b79a0",
                "9e2edf0f0f342710168d6f9ce8378a45c9b8a4dea679fe5f50ced0dc34ae4b57",
                "260b4654edf8d8d6e06475e8da25e3b6f47aa88a5c120d0842a3646b42c02497",
                "11dcdd6a82efeb269e3accfe8ea612df312820270d4f23af06fe0759641a2a4b",
                "9fd894a9c3c5106f6a8b70e14e46f1d76a8d8d9d6d0abd9652e14047cd4270a0",
                "64bba0bc80d71b3d6b18c9bcaf0134978d9f9c3794fa87270045514391d86252",
                "0a7a77d84e1ab0f1a769b50733ad8006a0da782855e18e92272e627893aba816",
                "1eae3daa2bbfa46911e0f0086815dcf72e3639c0e14ea79ceb4a70deaa050df0",
                "4f8ac9f8b20605e5dfcd55be6d3a68a54aa78fd31db4a1c77bfee16d5aed3044",
                "a45df4e02672bedf9f4f8ea0823a2bcbebdf57a0ccfa15a51e6e9b09d7353eb7",
                "ce3350d8092a1ff4e201e64cffe3097e43f29d0251fbf30c5be9be04b5e39079",
                "5332fe2fb307df513476fefa81260c51f5e0e4ddc7a7b431cdf4cf4ff7030bc5",
                "9237fc846d954ad60a181dcabc8e08d9ec28b4e8ea5a6a0c3c8e33ac5675f1f1",
                "a7b61323697b3881ba27819c774f800d84ec3e8062fcd3a36ad22a466a56a285",
                "dee4a8ec1e87725b346e028fa550f9d6ccd4aa38ae858f32541fcbe25540faf8",
                "49062cb5d4758616790b7484a9bcde0f6125afde9818c016b8c01d5df65d57be",
                "e2a69d00566f748550f612d566499d179a0dd569c5fb3248b1bdbb728a171d51",
                "a3d5f7a893577ed0fa91c7e35293a2925bf294805439d74c8de20c41d8e63006",
                "aed41b580094f235b8641d224048dc93fbab5743c0db24efc10f5961ea7a6a75",
                "3b58aedf56a995005a8fdcceb76c22df7770b8c6b3342ecfed9281178ef8f10a",
                "4dca2ec6ebf0c667f5ca7d121428d6b810dbf578cb55003b53df49c46bd41697",
                "67ccb799ab9400038114bc9226da83fcb25f74bafbeca700609c185b4af3b44b",
                "bc047696b61a6719b9386041f598996fb31653d52e0031d85536785b4af288b8",
                "f68a0026a4324ede8422b13e385b04ecacb640768a5081c57745f2292b500306",
                "1ec69c360b6f295462dfdd733d589501b3499dfb593c40ce5c6b7274971386ed",
                "4131e827032e8c6aa86c5c8194462635cbbba9d4fad1cabf99e01b71ef44d30b",
                "93c961e4de6c0f521af2b6e3db309a07b910b5a703ad895c3d2ff0bb80ed6c9c",
                "7212b5c598aadac3b353613fcb48b491bb1a4db5ff4ffdaf5a01a1b258775168",
                "9bbe5f3540e44763af456603c82b455d6fe265e9934fea5438138dd9a82bf535",
                "f357998e70834a78eaceb3d1d6244143dfd4c08fb16084a1d0a6db976ee953bf",
                "6929b8aa4afd5adbd08fcaa0f9f1fb6f4c4af9cde82fcce9e774deeefeb3d40c",
                "c0fd941383d0cec1ea2565896c735fec58bf0da4a87fe2fa73be50ca588ef573",
                "8cadb30e6f7871c5c605f59ff55950410423d71b5462b8fc41d208a3e56e65a3",
                "3c83dfe0095bb05236f95ee1bdebfc825d4bd5f3b572ef02d5dc5ea37b1c58b8",
                "e44b02ae167b3f250e0a638f37b70471d33894516ed3badb6a9603f6017a9e08",
                "d8835d4e176dbca10a6816c6fa8b947ec52e39a7a40bfce655d983748a684f9a",
                "fe8e78742c20e293e496979e3fa81949191ba750879e6ab09f0d1f8fa38b1217",
                "f33c484c1ca90221f831d22e82f8664819d43643cf5fb474b964abbd2e633eed",
                "d871386fb726f345ef16b68ccb8a683fb5dbcbf88c5a577ff18e31e4a98a4180",
                "84f590e1767ebc636806c5cfb1423c03e10977ff2e1dc572e25a7a58b67c0bb6",
                "582326ef44d54adc2b30084c52985ea4557e6894d2d28c015f6dff1afe2a66e4",
                "6d02fdf9bc97ea2e0e5ec0b3899ad1d5b90125fa8a7189dd0523761c4d153058",
                "947dd7e5b0efa6d51045d54810d04fd405b7d3c373658b68ffaf803bfeb40d04",
                "afd20283501ad61329ebaa8637172c01cad65e92b5bb49a1a7ce6326f7f50076",
                "3c9c5875f9689cad0908d1582cdc50670339271d12d29e82a50862e20efb6553",
                "33ff236a5e625c182ce96bfcc87fa642026e272a5e8fc977559d7d665737e3b4",
