{
    "domain": "18.210.229.244",
    "owner": {},
    "source": [
        "DuckDuckGo-US"
    ],
    "prevalence": 0.00111,
    "sites": 163,
    "subdomains": [],
    "cnames": [],
    "fingerprinting": 0,
    "resources": [
        {
            "rule": "18\\.210\\.229\\.244\\/is",
            "cookies": 0,
            "fingerprinting": 0,
            "subdomains": [],
            "apis": {},
            "sites": 148,
            "prevalence": 0.00101,
            "cnames": [],
            "responseHashes": [
                "4e2b61e2739bdadfce9113d8e41207b9e14c6c8a0ed8008338a82eada517b052",
                "f283d35b97fe66f76542afc7cd3f129f51e9415a46a29e7df7c078120bbbbe23",
                "080f5a2f32c0fb926d00db26244a901efef067148063bc6d02bbe5ba7da8b7d2",
                "30eadac57d7fd4e2995fee42026e00d0a28db83028f609f4144f49fb5b6ecbba",
                "de1cf11287852ea18bd2345614e555ae4d27de1b7bd63804b9e0eee8e4d83615",
                "d41e6f87d8ca092791bb73555d804e2e6180fb144003851eefa6df1ab973a7fd",
                "229e4af0fe4bb93d85df367ce1558928451120d8170c688f692cee31c47d3a22",
                "372d4e3e116164bbf59b091313bad8cbf4a28e59f814622091ea0e50e7a35d39",
                "52728c401bcde376afb4880ff6568e057bbf5352f883a79b0701bb78833d90fb",
                "14bfd980020436a72a2a860dff4bc7db2d5925a5d1774ea1299387077433662f",
                "e28a0dfc1ea5269956448d2d2bd49fb10944a084c00a139828340793fe8ab12b",
                "2be83650cb4bc5a88af0370472049f85c2b093c816744692305712ba9f94f0e2",
                "67c7dbe8da4d05e39306766c2d0678d7d94142e20fe6ce49aec5b90cd38b1edf",
                "04ec9eff6999b30413015ede4d58855df5c725737228693c94277f9c03f298b3",
                "a631892fc5ce228b6cae63ce5a67d00e949ba583cfba080d238070ab6724c100",
                "e05ef10b2a9c3219d37df2d0057909090ac96e6c19c438d9374498fa2b74f3af",
                "34bd2956a7df52ee948fc5b8650788bb273217627ea2bdb9c28902f9da0b8c30",
                "f732651414e2cab0db6c3696fdc1092b66b7737bb29bcd94ec96e2c7bb070739",
                "272ea92eccdfa70183ed808f5011914c7b9f9daf731cc973dc75e9a99dd3ba29",
                "bb8804dd15d1c7b7ce4f5820f0915c1e6c033acecde8c98e03f63634909160a3",
                "12150cc1283c7cd91570f30d7a980495117064f0c0c98b7092d71839d91f7834",
                "8a5cd0d313dfc82fd6d52c1125b6f36bb41087f7a314a1bee14b9d69c44015bc",
                "71639a5d25ad835319a2072eca13bf66befc7f9d6e1f7c8db4bdbc279609f043",
                "233338589f3eaeeef087e0929f1f0a41bbcd7a99197b4196e723d4bd70f7a0f2",
                "8de8a978b6ea88a7f26f7fb90ba626cc936c2ca68dede4fc6dec3e882640df0c",
                "913ec31fe748e60d09b374f5c21fb86ac796c021f357df03a4e84809191f69d2",
                "d6ed7abb55c5d067bc4868d9778e9dfc94577fe74c950f55c1077172cad62017",
                "53db568dfec5ae9c4f7090ad5fe7ad791f45eae88b347da4f40cd0194fdc49db",
                "d37a71925057f4dc8c41a8221ee17a2f50798d122559ff97db8a219d37a26165",
                "90dd2cc847dec72f79d25567cd3d168aabf7adf9ea45cfd088e8d434a3c02947",
                "e116b76b6be20ccb694204e5771fc973a61c405bc15a9f0b15fdb1877405a2bd",
                "557a411d8f779fdb16beae9a6cefabd46e5581d40cf409411947a02ceb3585ca",
                "d279164a7976faf54ae8c26a54d0657a7f5d2d0589b36f8368919afa42d535fd",
                "28ae90de53e4d3070447d8578ef70d6b8315c1451e3c9b5377bc628b87dbf532",
                "daff836b76c72b655a3d7f7adb20cc95c22bd1a678c1e465dca5ee7837464166",
                "2049c809cd037524b412ef3c92ff3a031b9bc33ef349387d809ebe96f7419874",
                "fe65fafcfcd1c9a73edf4e4e3d145306abd8ff30abdb5ba47256e4f3b0316bd6",
                "d40083e0887bd612e41de3ab0c305b44a885d5935486995a542337bea0b5252d",
                "e944d8a6b6d7538eeccb56eeda621af47e8cbe9591fea91cb09d1e62b8606f10",
                "c830f89b6f24ee3d8bbef059ca2ac7071b656e5410176cfea0eede50cb74b27d",
                "f0bf19bc20758d2a7ccd25f77fe971269d3af4d53bfad3663a89d68df1ee25c2",
                "347def1e19dce7eda8c13fa23d18f179d8c530a4121f63eb9a5e0975c3d0baad",
                "2c6c32adb0be8418d9bda4ec5da42fa3bee33ce54e3ee7be60c0046c5e1ac656",
                "602df373c84c9bb0026e06905b6bd03415a2b4d155b0c84cd317eb5b00b60ca5",
                "ef8ff61eade406101587bc71c2fca910c50c78525fbf2d4f559d0130b54ef34d",
                "f5b025d5176a76b5c3f5c5503abebf21c1453a2ad2724ec7209598edb615efd2",
                "13f2c06e129ad233948c34bd14fa8c85b688f53f74830a8f4feea9a54af0fd51",
                "2f27fbc3aefc03e7f90f94a9de08f98dfeffc10c5480d7eaf1868be7c75dde52",
                "7467d4bab8d93921bad82de7d92953b466eb5f032974acac88c38f6863b5ac95",
                "95a5a365da3c38c0794497f56bfe5036a4b6d97fd954e1db6b2f71824ea9a232",
                "4526233de5beda50b0fbcf0ea416c7078f40ed46ac2e6674ef0e52b6007d6287",
                "92c284393ddaa90fac47322ceafe06512e1f56d7d9a1ef9bb813478ce488e27a",
                "78d9966eb8f9d7897bc848b9ed9511d6e44c42edad407d0391b4661a7ad03736",
                "74e91a9e2ed475c5efee4b9234a3138ce60edfc3ca695e44cf8dceb8850a9b50",
                "3ae90f0738269254eb2e0140eaef2d4e508ae7f0a81af4f912caf2d0722572a4",
                "54ba5b4990981376fa26c21bbd18e0d5ad35b5dcfcdbbffd50447c652b786d92",
                "674fc67fa9f3ab658200f85d36682af79bad1323abad5e7919550977d1f18814",
                "94441ffd4a1818ca6839c4afbf10a332c58e7bcc1cc0e167a6898eb16c6f197d",
                "3c4ed6e3741818893a388c727b8c7ceb5d32cec35606b3c9a074d5928eb2029b",
                "562dbf3d8bebe16ec01b8d3a916cedbd532a024a37188093a2fed589b32aa0c5",
                "d6a77ee2bd919b787d45a6aa6e2799e8bdba83ade6dc6697bef17f219077c653",
                "2b07e1fa8eddf02526861b50e86e3c8a5d5fec7a00008bfb2ac45e52d14b1c31",
                "b55ec311ee803fe3b2e0e1d965fa5b9cfb5eb73fbcf23a6fe4cfb2bf9badabf9",
                "f88be286d83946f300c527df98edfe362214eaa794a053dafb5df24431a92e12",
                "7bc2f6aa532029e69aa2b6b10b60bc3e516b52d8e8bd338957784aad3e29108f",
                "820bcd31a611d6b4f79fdc8c59926c0c771a0b3953fb39df1e1b5a005ae6de65",
                "be62dbc597941bce1681e2fe417346da21f0fa2428d38b1627fc526d3c967929",
                "cc40ecd622341c9248e828bfe9937b38e1257e78b7f4ffbd61d14d4940333417",
                "705cbf2e239518797e5bdaa32225b3986411eaa361bedfc61d8f44d753bc4908",
                "01fd40955c2c7db604999d1120c7de09e13aa8a6c10fb5b9d908aa0e623c5304",
                "93b36fd4f94e22e99783a7895a40f6b3b2f0bda24fbff0de42a24ee4582a850c",
                "ab846583618cf3b03303be566af93222c24b31145ab3553f49460a91d9b3f7de",
                "f0712314024b45d6eb299a55b3367f4fc9b23ab4a44145ff2841a26a0fac33a5",
                "42399f2e12374d85a5287cc369b3a7d07ac28616b7a838f591752ad50e9e29ee",
                "edb02a29b1a5464f7deaacbab545bcb51eaf5fe9b20cd317ff8d6105d92e2763",
                "a6d6d1f4379255a4835704e1a19f33a6bfeaab36c0d70a49f65a775fccd130c9",
                "3ecb4f29cada304e7a84849fdcbdad3d5a44872195d711f78d5e2e2f6b7906d4",
                "ca037bd863eabeacb711206d8599a39ae5f1e37fef092afb2a9ed8959ca009ad",
                "781dfd18a5a94fea3672f60b4edde0bb908b4741f07114f786e62f03564bfc8d",
                "51b2131383e3020dc85d5bd48f8e9d15796bc42843984f1392f28933f51563a4",
                "bb459340cc262b912f97092320d0f8723031357ecc24aae88b84085f6c4ecee1",
                "c57e6d3cac94933b9b475a3d941f5060e54c170a0a56cf9bb0f981e368f66e70",
                "42bc68a58d276e7db564d5595ae92fb894efe9eb0682dc5d17e8a8751bd41f6b",
                "c832a9d435e7c359f0b336434321022688f1f163f5ff298cb6907f56d74e92d6",
                "d5e23e5c55461c84975701dfc6bd4faf9102c1b454d33c3537da7b367f8bea89",
                "a65a7d19a16313ad09c203b65b80ef213d24fe36be06417bad4b805fc7a53bb2",
                "1bfdc4ded78c1df0d6c25ccd5f836f4fc978c70d091c9e6c754757d860ae5520",
                "31cc4e33729ca68d823f4f8309e6324ddc74a6f6c2804abe1590000f538a29b1",
                "a8547cfe8bdc276513c7fb5992c467b21bc1dde071ab76360e0a82c9644a8fcc",
