{
    "domain": "1pdata.app",
    "owner": {},
    "source": [
        "DuckDuckGo-US"
    ],
    "prevalence": 0.000143,
    "sites": 21,
    "subdomains": [
        "build"
    ],
    "cnames": [],
    "fingerprinting": 2,
    "resources": [
        {
            "rule": "1pdata\\.app\\/hhtransmute\\.js",
            "cookies": 0.000116,
            "fingerprinting": 1,
            "subdomains": [
                "build"
            ],
            "apis": {
                "Document.cookie getter": 11,
                "Date.prototype.getTime": 11,
                "Document.cookie setter": 11,
                "Navigator.prototype.userAgent": 11,
                "Navigator.prototype.language": 11,
                "Date.prototype.getTimezoneOffset": 11
            },
            "sites": 17,
            "prevalence": 0.000116,
            "cnames": [],
            "responseHashes": [
                "79a05f80871b23a3b87140245c91ae7103ccd3f2eafbb5d5a10dcc908170d27b",
                "b2d660d8e80fabd385aef702f2b7562acb3e883e8d14e56571ab523c34150fa0",
                "e3b586a4790dde4942f0b9e3d0793fdcc770c4c87e3e5d77fdbc7711ec573dbb",
                "44afccfd989baf6fb93e99b5a6d4453de6e24abd0a51c754bfb9739af19ab0db",
                "cceda81e93c5d1b960d557559e986f6a9901cea61ffc267ff31cf715b2f9a114",
                "0708f99743486a50958fd2886a649d4df889264b0185be648f7662171551bf23",
                "a106f49512747e88210a89a4201bb70632be98647a2dc3b17503fd61abb04e6e",
                "4092e4c64972cc2e9d22769c8091b9be3aa4f0e9aeac2f6e92d3894f45015a38",
                "a78ae501cd8111d3a811741328d1b3649c9f41a06472cfce941a18050de08eb6",
                "82fdcd8b22bff870a5b5d8711fae0c26e0c183c8671e7f59963c569ac0f3d88b",
                "379c652852faca3d32599a059d2db7b9ae447013a4dc1a2fdd9785a55c92e48d",
                "9441a51a1c97a6889f696c1e202b83fa50123895bd937325ce63edcc62667aba",
                "bf67dc4d707b7c3ec96a668dee2143a5b7cae4ab2c07498f3f9c47b40ca763d3",
                "6f22dcbff74e1bf28a5cebb3d6bda7e991fc17dcca40ff90ce19c31c996638a7",
                "5a5d89fe20f3ede24e652575ad2a57fff4a340d95f21e5aa185781c85eedc9d0",
                "c3d333164c4c855e924581ccc28d9e2dc6416eba7a41c1e97ef232194177cb8b"
            ],
            "type": "Script",
            "firstPartyCookies": {
                "fullthrottlelims_t2": {
                    "ttl": 630720003,
                    "length": 10,
                    "prevalence": 0.00007498295841854123,
                    "uniqueness": 1
                },
                "r": {
                    "ttl": 7203,
                    "length": 1,
                    "prevalence": 0.00007498295841854123,
                    "uniqueness": 0.09090909090909091
                }
            },
            "firstPartyCookiesSent": {},
            "exampleSites": [
                "emerson.com",
                "insinkerator.emerson.com",
                "mattresswarehouse.com",
                "support.insinkerator.com",
                "www.5starford.com",
                "www.alaskarailroad.com",
                "www.annuity.org",
                "www.asbestos.com",
                "www.collegeofthedesert.edu",
                "www.greencars.com",
                "www.insinkerator.emerson.com",
                "www.kaaltv.com",
                "www.lithia.com",
                "www.masterstransportation.com",
                "www.mitsubishicars.com",
                "www.parkcommunity.com",
                "www.visitpensacola.com"
            ]
        }
    ],
    "categories": [],
    "performance": {},
    "cookies": 0.000143,
    "topInitiators": [
        {
            "domain": "ftlaunchpad.ai",
            "prevalence": 0.5238095238095238
        },
        {
            "domain": "first party",
            "prevalence": 0.38095238095238093
        },
        {
            "domain": "googletagmanager.com",
            "prevalence": 0.09523809523809523
        }
    ],
    "types": {
        "Script": 17
    },
    "nameservers": [
        "ns-1744.awsdns-26.co.uk",
        "ns-818.awsdns-38.net",
        "ns-1277.awsdns-31.org",
        "ns-204.awsdns-25.com"
    ]
}