{
    "domain": "1ts19.top",
    "owner": {},
    "source": [
        "DuckDuckGo-US"
    ],
    "prevalence": 0.000157,
    "sites": 23,
    "subdomains": [],
    "cnames": [],
    "fingerprinting": 0,
    "resources": [
        {
            "rule": "1ts19\\.top\\/show\\.php",
            "cookies": 0,
            "fingerprinting": 0,
            "subdomains": [],
            "apis": {},
            "sites": 12,
            "prevalence": 0.0000818,
            "cnames": [],
            "responseHashes": [
                "76f7f996a8739866abbc20496a28430f9317805829e87846126c57404835d623"
            ],
            "type": "Script",
            "firstPartyCookies": {},
            "firstPartyCookiesSent": {},
            "exampleSites": [
                "attractivemoms.com",
                "charmingmatures.com",
                "charmingtits.com",
                "de.xxxvogue.net",
                "hairycave.com",
                "hairycorner.com",
                "spicyolderwomen.com",
                "tastyspics.com",
                "transpleasure.com",
                "verysexyladies.com",
                "www.sexhubhd.com",
                "xbabe.com"
            ]
        },
        {
            "rule": "1ts19\\.top\\/show_new_auction\\.php",
            "cookies": 0,
            "fingerprinting": 0,
            "subdomains": [],
            "apis": {},
            "sites": 15,
            "prevalence": 0.000102,
            "cnames": [],
            "responseHashes": [
                "b0a7a042184e30b6c9a8870b76dad64169be0e587ae5adda1141d1fed7134d29",
                "c2ac8cfd6ee72f4759f184c32e85a456ec433f33c4330e3605ae275f62b3534a",
                "7823c38efcd703726a302c63056cb65fae3df6f34ad51240cc5d446b5ec5f9ae",
                "8ec39f5b8829e358a4222701397d2fc2da9d6b0484a269a309ee37e467b647eb",
                "3dfe35bfbb184b730d29e03e7a933059423f7f4e4c8d79283e61e2ac7ceef520",
                "9466671dc49ed0f3ad83325ce615feea22f4e8edd88aff1ab11f05bee7b12602",
                "6cbd1bdfdf9004a654ee7d6c4236d659b709e0a0f06f743a368c651d3165ac9e",
                "fa1c5afd5bad14a035a763ebb903175fe62f48635e8bf18cdccf93cb723ecfda",
                "89d430d2975181284c6f53af513c2bfc5604c44284c76f2f09f3dcd01d419873",
                "b11e81f3795d0b07df87f578dfeefa0de2611440a6478a949f1093ef2a9cb335",
                "522f8379d126c020938107f911bbc178fb7e4dd327f6190c3055b6cd9d04221a",
                "97a5911da0152b053f021a88fd40f4b7fe4328faa8c65ce4452a3f61e811e976",
                "8f83a0dec911cd0bf26cc777da3de314ba5e72a1573b0419f38047a2036c3991",
                "1d569244c0a3423109646266820da919656ae4c2fbb8566a0216814e83f167ba"
            ],
            "type": "XHR",
            "firstPartyCookies": {},
            "firstPartyCookiesSent": {},
            "exampleSites": [
                "attractivemoms.com",
                "charmingmatures.com",
                "charmingtits.com",
                "de.xxxvogue.net",
                "hairycave.com",
                "hairycorner.com",
                "spicyolderwomen.com",
                "tastyspics.com",
                "transpleasure.com",
                "verysexyladies.com",
                "www.allsexclips.com",
                "www.brandytube.com",
                "www.realamateurfuck.com",
                "www.sexhubhd.com",
                "xbabe.com"
            ]
        },
        {
            "rule": "1ts19\\.top\\/content\\.php",
            "cookies": 0,
            "fingerprinting": 0,
            "subdomains": [],
            "apis": {},
            "sites": 15,
            "prevalence": 0.000102,
            "cnames": [],
            "responseHashes": [
                "8e5ea69acc65196de7e73b3183cad438bc117134f626dce66a2055af85b4fc77",
                "68dbf3000b7a83f004aa63fabcb8e774852e5b564f4ca353470e3861deaa61ce",
                "f42be5b382ad03de2366bdb166428b87d905c50e67942c4a44597e3af9c8c491",
                "d9224c09d740db8e67758e64e5fe343c0575dc44a51c0230a99ea3d25b0b2b42",
                "6b1b821496d00495837953774f9ee4defa88e77abb3682154ee07e95ccee777a",
                "7edaeced5c1324e099e3f028ab6ddb931e863d43657dc3c604dbf6b525197867",
                "3ae8458695a9b29150d193f1458c44368a7d48bb284f6adc52a5d5f199502562",
                "ba15d66ff2b3ebd225f4fbd3f1274ff5f5985042bbc4d831ff5d0a61f14ae5d8",
                "d39d35ace0eda8973566071b4758441d02f8b693ec4c234f1d79f8d370eaba18",
                "c1f2dec2fb143bf647f698db097b6223b21ca25fcf9154a9f013cacdaf5c165a",
                "de251de5311bd7039f5c3ecef6a85a17a2e3e96b1ecd8efc9ee8b712f890f5ce",
                "29f82092692d8cdcdf7ce2c153d80807c32b59c6f439977d072b85f67a446cec",
                "558bed366e26f50d4584075e827ebf046361a9a2956842cb8e4329267c28018f",
                "6871c7bf2658dea609d48f33a9bee3b402f8fe5ade51c20464b110530bb4f0bd"
            ],
            "type": "Document",
            "firstPartyCookies": {},
            "firstPartyCookiesSent": {
                "_ym_d": 0.000006816632583503749
            },
            "exampleSites": [
                "attractivemoms.com",
                "charmingmatures.com",
                "charmingtits.com",
                "de.xxxvogue.net",
                "hairycave.com",
                "hairycorner.com",
                "spicyolderwomen.com",
                "tastyspics.com",
                "transpleasure.com",
                "verysexyladies.com",
                "www.allsexclips.com",
                "www.brandytube.com",
                "www.realamateurfuck.com",
                "www.sexhubhd.com",
                "xbabe.com"
            ]
        },
        {
            "rule": "1ts19\\.top\\/content\\.php",
            "cookies": 0,
            "fingerprinting": 0,
            "subdomains": [],
            "apis": {},
            "sites": 2,
            "prevalence": 0.0000136,
            "cnames": [],
            "responseHashes": [
                "91139aebfa543656927b46cd755f52dc67afa481386d9ffb11dbeee2a52f2df5"
            ],
            "type": "Stylesheet",
            "firstPartyCookies": {},
            "firstPartyCookiesSent": {},
            "exampleSites": [
                "xxxvogue.net",
                "xbabe.com"
            ]
        }
    ],
    "categories": [],
    "performance": {},
    "cookies": 0,
    "topInitiators": [
        {
            "domain": "getscriptjs.com",
            "prevalence": 0.7558139534883721
        },
        {
            "domain": "first party",
            "prevalence": 0.19767441860465115
        },
        {
            "domain": "exosrv.com",
            "prevalence": 0.03488372093023256
        },
        {
            "domain": "o333o.com",
            "prevalence": 0.011627906976744186
        }
    ],
    "types": {
        "Script": 12,
        "XHR": 15,
        "Document": 15,
        "Stylesheet": 2
    },
    "nameservers": [
        "betty.ns.cloudflare.com",
        "brad.ns.cloudflare.com"
    ]
}