{
    "domain": "2020mustang.com",
    "owner": {
        "name": "ICF Technology, Inc",
        "displayName": "ICF"
    },
    "source": [
        "DuckDuckGo-US"
    ],
    "prevalence": 0.000429,
    "sites": 63,
    "subdomains": [
        "as",
        "m"
    ],
    "cnames": [],
    "fingerprinting": 2,
    "resources": [
        {
            "rule": "2020mustang\\.com\\/as\\/if",
            "cookies": 0.000361,
            "fingerprinting": 1,
            "subdomains": [
                "as"
            ],
            "apis": {
                "Date.prototype.getTime": 53
            },
            "sites": 53,
            "prevalence": 0.000361,
            "cnames": [],
            "responseHashes": [
                "606dc9c13d989a181aa90d4146acd4fee1384bca5fba6f3fcd32e5b3bb70549b",
                "def97e40d34e46a518bd57e3e3828ea79cce86769d135ec70ad8c61845743093",
                "c7d53fd460fd2fc282e2fe439d3c6804cc94cf8c2318fd4001fb1f8e42097beb",
                "96d3bba96db02212d089d932a83aa961d688dedaa88ffcbaa49c283ef1428183",
                "8e1cae4fd50d006667c255b4483ef523f173d2bf0c275f1145137b76af7fe1db",
                "25fe25eddef490d877c9ae1a3e7b00e9510e7d6eace04186751fe37bfbb14acb",
                "87497615c97b5d2f096fd7e8dfcb4486f251986a5a06926d176e249327918811",
                "f935029db908f90fcfb62bf2a1a9214ecec04d373a8f3bf3e2accfa2d5322f9c",
                "1724f72976ac759b42a953be6f7300c3ac2c0e0aceef7be04c4bc12b8492124b",
                "d1019e155c082217b6bed72d305243d7bafc8fcdd77d825758a78231c4b91e4e",
                "3453860643e29660d23dd34510f4afa8be22ad7fb665c8f7f1dac213640653c2",
                "95074388031cdca051856bb5c3ff443561551a345d055ffbbc40b4dce078c590",
                "e55ad977f42aa9ba92ffa77051d4f81e7031053d28cd2ad95df462d41761f234",
                "00dce4b0a9dd12c0e2f167b595507943441e892008c7b6c081ceb17567422998",
                "019a2591a262815d1000d4777b1403e304288bbd52162536720ec232964f6423",
                "dd990df4a0bb49ee4135a4d057c887715848d6fcb048d32c9e7427f9f166a56d",
                "25bc03eab57a8ddab465b2c3c2e75f5acbd095ae33af40032a4c977f1128051b",
                "278af77a89bfcd46e21f9ead434e6439bb10eb60331224254de6a287013da6f2",
                "63a57cf91e80eaba7088db58c3786a04b83e5c69852c6a9d06dc84eda93b8de7",
                "6cb36c773a4cfdda67e9a5a228dfa0f224c0a336c7df98c59481dfcb6bac029e",
                "cc8c9ff83663dc9fff86f55c5f4b16f9db1a83da1e509df96fa6c98b339f6862",
                "4e14ac60ac7549a3198786de5e73aff1c6c4e4d69343096651eaed07d3b96efd",
                "472e68d84d8e84227762df6c61d6e523d0d73a6e74a4e116930df0022f917721",
                "1e64c75a8b32b7fd3095bc859c1322f8029eee37591730b2c4abd6b9ad82bfaa",
                "744871c43f06798287b4e218842042ab02d2d8e836003cea04c0927cd21d0cac",
                "311efabb1ac47e2f517777731a54c74423559ae72c36c186a34a64bea17b9394",
                "85fb3d77ee58307438871b7f89a3cbcfaeeae7633f85b8a52e3b519c5ef95b09",
                "a758e2875bee6a243086018274da1b58f7c3c73fbdc270efa600bd58b9bad76e",
                "4aea66c49ffc6c566172e852e176330fbf2ca5fa240c1418b232b55e8c03dea2",
                "5280062b910fbc28a37f43ca2c7e5abb7b1d1ba1205a53752120c5f7c184372b",
                "4fb70a28b713c48ccac469a9f221d7265e997044f9e167f757a85d289bd1efa3",
                "59b606f3c00f831c2710b99f19923ba3998eef23a5a8fd0575c9e57fa9b87459",
                "75ce70c8ca8330f91e0331c257d149bb1d1802a4c233c41d95710aa5f134ee9a",
                "e7fe2aeaddece47f37d77da78e538eae1d56d4e2e2f6139fbaaec7c33d2aa0a3",
                "8506a170100e02c5ba9fb8d8a37e2cafb83b5c5226e22f77c67ba26415c62a40",
                "a16c257466b6501e055a9f5afbd8633fae9058281f60d072b80a6711a165ffde"
            ],
            "type": "Document",
            "firstPartyCookies": {},
            "firstPartyCookiesSent": {},
            "exampleSites": [
                "m.tnaflix.com",
                "spankbang.com",
                "www.youjizz.com",
                "es.spankbang.com",
                "se.spankbang.com",
                "xvideo.run",
                "www.gayporn.fm",
                "www.hotnakedgirls.net",
                "nsfw.xxx",
                "www.freeporn8.com",
                "realpornclip.com",
                "www.veryladyboy.com",
                "hentairox.com",
                "castingporntube.com",
                "th.spankbang.com",
                "fullporner.com",
                "pornobae.net",
                "netfapx.com",
                "www.hairywomenpics.com",
                "coomer.party"
            ]
        },
        {
            "rule": "2020mustang\\.com\\/jquery-plugins\\/modernizr-2\\.6\\.2-respond-1\\.1\\.0\\.min\\.js",
            "cookies": 0,
            "fingerprinting": 2,
            "subdomains": [
                "m"
            ],
            "apis": {
                "window.indexedDB": 30,
                "HTMLMediaElement.prototype.canPlayType": 30,
                "window.localStorage": 30,
                "window.sessionStorage": 30
            },
            "sites": 51,
            "prevalence": 0.000348,
            "cnames": [],
            "responseHashes": [
                "ce0f70d9e807bb959717d8350c21a107f5b6b7221a774b6d1ed057219468a260"
            ],
            "type": "Script",
            "firstPartyCookies": {},
            "firstPartyCookiesSent": {},
            "exampleSites": [
                "m.tnaflix.com",
                "spankbang.com",
                "www.youjizz.com",
                "fullporner.com",
                "imhentai.xxx",
                "nsfw.xxx",
                "hdporn92.net",
                "es.spankbang.com",
                "realpornclip.com",
                "www.pornhomemade.com",
                "atkingdom.com",
                "th.spankbang.com",
                "www.veryladyboy.com",
                "castingporntube.com",
                "sexu.com",
                "comicporn.xxx",
                "coomer.party",
                "pornobae.net",
                "hentairox.com",
                "hentaizap.com"
            ]
        },
        {
            "rule": "2020mustang\\.com\\/common\\/fontawesome-430\\/font-awesome\\.min\\.css",
            "cookies": 0,
            "fingerprinting": 0,
            "subdomains": [
                "m"
            ],
            "apis": {},
            "sites": 53,
            "prevalence": 0.000361,
            "cnames": [],
            "responseHashes": [
                "c86f7b62a894d5799f1aa0a535efb34ed6f914447f901f1da50c837dee13fa72"
            ],
            "type": "Stylesheet",
            "firstPartyCookies": {},
            "firstPartyCookiesSent": {},
            "exampleSites": [
                "m.tnaflix.com",
                "spankbang.com",
                "www.youjizz.com",
                "hentaizap.com",
                "www.gaymentubexxx.com",
                "18nudeteens.net",
                "www.hairywomenpics.com",
                "atkingdom.com",
                "www.xxxnxxx.world",
                "www.veryladyboy.com",
                "www.freeporn8.com",
                "goodporn.se",
                "fullporner.org",
                "hentaienvy.com",
                "www.grannypornpics.com",
                "hdporn92.net",
                "hentairox.com",
                "imhentai.xxx",
                "es.spankbang.com",
                "de.spankbang.com"
            ]
        },
        {
            "rule": "2020mustang\\.com\\/common\\/videojs\\/videojs\\.min-original-v2\\.css",
            "cookies": 0,
            "fingerprinting": 0,
            "subdomains": [
                "m"
            ],
            "apis": {},
            "sites": 51,
            "prevalence": 0.000348,
            "cnames": [],
            "responseHashes": [
                "063b4a568733054fea7f238a10b384170ce29c136d3194feed44d8c8b451f55d"
            ],
            "type": "Stylesheet",