{
    "domain": "3.212.39.155",
    "owner": {},
    "source": [
        "DuckDuckGo-US"
    ],
    "prevalence": 0.000995,
    "sites": 146,
    "subdomains": [],
    "cnames": [],
    "fingerprinting": 0,
    "resources": [
        {
            "rule": "3\\.212\\.39\\.155\\/is",
            "cookies": 0,
            "fingerprinting": 0,
            "subdomains": [],
            "apis": {},
            "sites": 136,
            "prevalence": 0.000927,
            "cnames": [],
            "responseHashes": [
                "4772ae23ea5b80f98bb17f782fab7ec8c64c8f0c989fc1dda39a8f1e273d4c51",
                "70ceeade838e1488233e487742ef8a00ea262abf8bc15eaabedbf5ab6e6ec13e",
                "37ae7a03ae928de28088e868c9347ef3dbf91a0b86c26e8c9b0d6034a6b3866a",
                "4f18cdf91d4d8c1fcbe48ad82a7a09fa0f4decb269ed7eadfa3cca95500b3340",
                "33f2deb15133bf24ea1a0fbefa858eb1b73688da48bf9fa9892e7532b645de07",
                "c6d429d6b96ae568329946ef08a7d3551cec1013847a53e7b5aab59e76161d33",
                "d10b52016213c1ec804232904dc98b418bda74a8e4e9c545f9fb55f2cfccdbb1",
                "9699dbe90f789a77aaa445227b623950ccb907b400a027360e4bdb2616e6f9e9",
                "840f5e984f41e6355ed06589f6b69b26da25efc254b4d67e86fa5f6e46ab82f6",
                "250c9e2100fb9ced9460831d4921f3b9234266763a3dc88ca29056eaf76dbecf",
                "f3ce8f497de3472c4577f011c18404f8fc27268640fd6b67ce37d92962773b6e",
                "5ca651b89ab61af730a1c5b066af9967ff535a2952d7de152789b8899dfcf901",
                "3b3e54a010404db9dc06a33058c908d5c4353120b2b884f17a8283d5951c0c3a",
                "c1da8927a06a6e6e35e352dc43fdb2636b9afd4c5a92411d39552db6c57c28f9",
                "73652137a62ab96af50017f4ff9efd33f93e5d67b07d6f5ef0b330ea69023803",
                "b96134d7a9a5b27ad8e7bb61bd5e840d8214e0c96b869570d333671e4669a7e0",
                "bc91f152afc420171cf56167e61794f85e031591a67662ccca424c97cb680d71",
                "f033f8540679cea40be57b50b174060e4c68ecf06a74e5e96214af063edd66b4",
                "44e2604716f67aeb2da2e2d7f6457782ca3566591c3cf62d72b1c9b0c3b8097b",
                "a7fd1b530100ab1300117007be9134da8034e16047604447f146ba8506a9c98a",
                "de8c2453cbb3c26066aa1fbfd3c963f3d8c26727da3e7eba8ca734e88a7d2417",
                "029def14e4a96209cb13d56f58bb164095daaa31e1100e1c29a6e2a31d434415",
                "546baa5e0250213446a8ab39b1d1fd5ec9b1c0b13af65ef438bf46748723dada",
                "adcd231139e6f927e37d8e08efbe6df25bfd757127c2d97514f9d77c9d3196f5",
                "8ec1d6207690a8908d1b45a05d665f98df9c5bd464e4ee21c3ac907aef553ce7",
                "0bd8c7d21adff0831b379a597c27290a335105c95926bbbb9d2af09ad339bbb5",
                "192d950a7120013e3ba75da60bf449a38dcfc2b9f91476088e295c5c1d5b6750",
                "a4615a55a784e815628df4f87f4f976301c317336950e2b5842c1bef1771dda2",
                "f017de76f83ff8f695499d33db65e13ecd9fcf3d20a7d8204847c6e9b3d722d7",
                "42f3731ca4ff7553ae8ddc07e87b4e027c669d9181a1019c49712a7fbb953d47",
                "5162a0388521237b59bbb116ead1190622143716daaeaacd617b4e464dceadad",
                "fb55afad9838d64179a4185c37c4ed012396619f5386e891cc79290b32bb3ed8",
                "35c23c8114794bfd67f9c7428245836a394b952759388a84060b93c1bacb7261",
                "4762a046f3ea2a2c87da9eb616167c4b295ac3ae6ff89d68e90705a78cbb3f26",
                "1031ecc2dbe8f5f2f346fc4075acfff0efc49765d07248343dfc999dc407cfea",
                "d607ab8a168e7b4b7c205514e1946351c26f42045b1159c9178b25f7f212c684",
                "e4a708e8bef23e5510ed22080797be24668718f40d860e0dd1f7c576b8529306",
                "bcb291cbe878f7537710c04e67da508e65d2f18651f28299540a6b9adc1c97eb",
                "b1ea360f378330a6584086e8049e2092b6505f9b3acc0dc25bf506cd093b1b2c",
                "0223d0614605bd66345ed37722739b746110cac26cde69205df25f16ce7f32ae",
                "ff6053e7246b6d925f92b32d657e9b79e7919d24223185076ad739be5cc35480",
                "7e995e704922c64c42d4eae22e8255a69adbe6355e5e99b7366c788128234b66",
                "8d3d2e65f990c3cd92eec1c9b2c116a1d3b9935a28a0d20b1dfcdc4e6f4728e3",
                "bdcdd1432b8818f8230a647b2b781ccfdc021780ea46689239daedb601dfd093",
                "4b956193bae50280d61c665fca913cd5a9b5da79e9ec9937b405689cbb3fd37d",
                "c2f5c97db78654ab0ca920edaf3aaca90000523fdf2059b3a78672ca0d27b3f0",
                "35d5a946e994954d1af74c7ed5cb7189b0812aa6b231c6a565af495d6d8e28d8",
                "b61af4469b585fea823b237ea85099fcfc960dd3101f5eeee6c812475b86b886",
                "cf8399aa4a48a0dcb88154b13715d7062483a29d529270e3d3dfcfafaf522782",
                "32383d5f7ff76076be9a850ff4cdff2d3920e92c1756293c0283058951de3401",
                "09bc8efe816cd9fdc298cda9c98fe5da9e46660164433eaee13b9d5996b36279",
                "312999795c8c6264e3b76c63847b1b40bfb6758caaacde8b9368c37788e2cfaf",
                "12b43b1f563d63117e39ef2fc50d6ab2b77f8a26291a04920afbe01793b201d3",
                "44a9f0dbb2f397878a3368f88aaf057481d3c1e3a91048b22574071ed8bd18e3",
                "21c9882338a170ac66f309b2999060016bba7eb4b45095b584f5937c20d0d398",
                "aff087e5359673a959db41fa71ca53557b1f862d61e6b2c3e3f10122516a0a21",
                "2195bfab487d9cb95cb864ffab4f9ac0872520a47d39ccc262cb4e044e89ab44",
                "d1ba8a03a7fa21ffe455943ab5946b1feb225212ec3d10cd4072cf35be45f0b1",
                "b8bca73e35fa1a9d308311a07963d6b5242402612a11a1a4c703f5364e02f7a3",
                "4af3cc08d04b97b9ff3023fe5a22a69cd113342a378a36214bce58b0ee2072d0",
                "affb7be461dc15c904376e5ce52ff07ad278fe2713316826260e2e1962edb148",
                "e036bb5d32d385395f453d1d0cff73c4f7a9bc1289e5741e954dfa13942481ac",
                "d3b11d49494a918666c94b1c3a332caf511eaffb6bfcd820cb3f1ad3a0979fce",
                "12806d26fa2754ee4d057c37731680f391dbe07ff648a05208ad9701e9790048",
                "bae7798df2a7a0abff856b99cfc2ee0567b139c89a74c11b5fb72450846c6c92",
                "8010e2dc8acc17684f7f97d5c7bd0e3751a04fa08a4ad23c68af77aa731f3635",
                "99fe79269086a8cb0c66327f41c5fd03af16f35344eff43561fe5f689c3f9b88",
                "cc9a6ef8de81ead8a9795d9a5454a9f2a9550bbd15c2014afdbd7450d217a374",
                "a1e02a732b2e2a5f50a518b9fdb4214968222a9da5de0ead822a083b2dd7b72d",
                "d7fc6a9f46f5cac4aeb2a30208015cd3c4273f68ba88c2c9e801ce57daaedad9",
                "43de7e64de379feeac02bc60452f5025199577cbc8a3290c7386c44307b8c25e",
                "a98ef4e00ef1a1d1d07153e7bf4e67f7ac5e24ca17e17c9bb64d26f601445713",
                "ce6a2248f77abec9ff95d08a8d4b6be015bd50503193f6f9f8a140f1bca7ee65",
                "a204a0448b8b9dc62916ae2b9b027e2fbe3f538b2335910232cef623cf10c0c7",
                "c1264241f2e72fa3357c55ce2478bcdb92c910812f03b06df852ccd2f8a53e98",
                "6bdf809d4ec11e47b8454214b90bb802996fbfc379661124689201d25229a1f3",
                "0f7f80aa22f99dd56d7eb87bc78a8aaf6f1cd024ad500599b206afa5ee732b75",
                "9b600f14570dc71800cd0821b8ac6e99de89f16050b485b1fe3900439029e2d3",
                "5ec4a42db78276c0dcfaac5b09f0f53e7c9a34ab3207651b0059f0c29f5382d1",
                "62d7211558025a1d799e0e7374cf333593954110cbac5e10f42cfa9054778891",
                "fe07bf3a86b407fc3ab7e3029f27b5221365fa8814360e675c6e3779e44a70cf",
                "026520397f60bd89e02d1cb5a36985c07c8edfb0ae710a9934a89af4b604a3cf",
                "4822be0028a0bfe69c479df47ae2eceeda52cb95842455a2d1f12c6133053516",
                "8f1f730501cf6619aa77725542d062251895f6ccd6b9f83903177e1708bfe312",
                "96e0a4366dde677f72ee6211bf8de9749f56128ea2243c66c286c9af11a0882c",
                "669f7fd06a608c4fb07eadd4794022b6e0f69d4c88754579fa3b5faebe633102",
                "6d7cc53b5d386ee712adb5ad021f962dad775702968e1d870ef8de2f2686b77e",
                "1517aada808079d0737e888f860549f5c3ae528b8023c9bcdaa06412bf0cbfae",
                "01d0a1a4449c01b5f2e7b6f53fe2aade576a0af40c10af0bb025ec66640ddc21",
