{
    "domain": "44.212.189.233",
    "owner": {},
    "source": [
        "DuckDuckGo-US"
    ],
    "prevalence": 0.00119,
    "sites": 175,
    "subdomains": [],
    "cnames": [],
    "fingerprinting": 0,
    "resources": [
        {
            "rule": "44\\.212\\.189\\.233\\/is",
            "cookies": 0,
            "fingerprinting": 0,
            "subdomains": [],
            "apis": {},
            "sites": 164,
            "prevalence": 0.00112,
            "cnames": [],
            "responseHashes": [
                "1c5afe315562fd8c9d913ca1fb50dad31f0024e4cb52b51ed3b558cf7005b80e",
                "554469d93c341c0e007677ce67a3b35cc875159bb1415c412abce7343b45a36d",
                "64e401c8b0f51a6b843eadd906f9c576cf72c77d8a2ee1d746ebf396ddfdc9c1",
                "e2d4d09bee7a691799671811d92254576cbe551cb3962f9e08d5d2efd6568170",
                "b63c136e6b6011510f5a7f345820570cbf1e66876584a4e7d4fbcf5d6b6be35c",
                "1246dcae510ce5b99bb865311a024c4e6ecfff23c1f8706de640c14784a255d4",
                "e6df2f226c6c1b4a10e068675e0766ba83cd30cba44835a191b901f807ed5e88",
                "777d210f25184dadaaa01a071b2676bbf9ee5a441365b6f1d1a4a6b33486915f",
                "a676b9e63f70e91968515cca169536f286740169a57c5984ea09d17d3b6a4be1",
                "10b8448b1592744ce001ea8fad8894889b02ab9e12a0eebe67b1edf004b5ced4",
                "0232fd24f56af50c74fef03a9b2063e22fb02a3ad4bb99ae22522e0098d9c905",
                "2ed8c7e5d6c738f1d301228b2c1fc4302163bc9336aa3fc22d17143d58174553",
                "6e145af02da14170b097b649a07c250ee6ddffc9336c53c012259a51d608396e",
                "86782b6b0a3074beafb98373b6ef7ca624427b5b1c0e8ca10ac22e2e2a805062",
                "a279e9425c567831e1f186c47a59ddb98ab33a364bb757ccc3098f11e5db0bd0",
                "c42745af98702f6d25dc92e6760cb0cc6aa150a08621193f1eca707e8bff0b2f",
                "d2b3bf8d1584df2a1b08ec95a77f1e2e96269f7e81be5a35c9a662bb59f7ed4a",
                "8f1bebae2e642173f3e2fa01cd0c88391bc33a9b61493999002dc462cef4b6ba",
                "a738d331dd162ab74c6868218bbaef981c70640f6ce8a51b42d62bbb81c154c0",
                "883dfe6827ae7c7fb6f4c09ab05662fcafd391f0e8d475b5f39b332b81a4ac7b",
                "f5de27dd7f5cfe51144bfc77e38aecde6fc4eb896381d91f7e1e7cc37a34cb23",
                "e314b449182e4135f22db95297490265d27efabf4118870b8e31aabad04327ad",
                "c0e01e69555d1efde92bff6e1058ad6b40146acc123179ffc6e6eab4baf5a20d",
                "efd3d4a617bf4883f26c3727828045176a1594e0d0dc048cb4c58a33bd2cd253",
                "608b8d2f65a8cd442899e182b63ecf34215c2a90857400f2e9cd4d1eaa3889f2",
                "87b2af1449969a63108455c722b7a124b51bb97502950596e2bb942986d102b6",
                "b30bf6582fe189c9bc353cd0c25cd41b24f1dc42ac824c3d5d24784bce24080b",
                "4ac8e81c1b726990b34c3bb8586b9475ec4e2274193ced5f3fdee6d0406c3435",
                "a1fdb94f76b7427da3f1d9ec280bd64aedd75cf4f602613549bf4f410d7dee81",
                "2728224502c011dfc86cf209f3ac8cdb4e5c09e78eeeebbad489cb6e4f99f784",
                "9c1555b35c929acf8603e439a9e8732b684cd088a276b6a7ee4617892ae0aa42",
                "c46236f7eb3cb160876fe81f9b028974f0fc92ad44a94af4cb01ea9f27018644",
                "e7cfd3d01183b5b96e152e72c2fdf6beda23ab7e5d888373c7c83c02268e8c30",
                "4f7e514c305b598ec186644e8cd66b6709157501a6c8ed0037e40dd78fb3351a",
                "f8fb5b9e5280b18b67080ef006bbfea62775954c5f17d79985bfcd00b657f92f",
                "1c10a53e0370626cacc79dd6aea1a53615e5834241d085f1079424dd83be5ccf",
                "627650a2f55712d4e3d2fe3d28e2976944e1a1a52b7146e6ea5d983ce5dabae0",
                "80bae5b405bce5f46d0197a0289170617b0d1b67d151020f508fb220379a53a9",
                "08f0161d008926bdb89d784eae4395713cbc910bcfae9ec7555eb54b16273f97",
                "559536b5523674a2115327116819ab133cb8c0e52a0138c2031789ede4458918",
                "d9113b4ab0972f4c36adc242497f8f164f480188538eefd34c2e4a6075589ce9",
                "47833f7cfe8a679236e1261c24773e7fffbbcb63d59c2878f74180c18b3cf918",
                "2c48b864602bca230d81ce0eaa0c4c889ce06775ccd365aeda25c9125146dd48",
                "45e48247ca9eca3ee36b11543c2731682755463b2c2309f68470e63feff1dc12",
                "987fe3514e821418902678646596a621ca92a57a24ea34daa60f27b28db7b832",
                "b77a27ad60bd3e9d8cd6a8a9dee3d0082af0d0c8e93739b830f0d9e8cef3bce8",
                "377ad16bf98aa23cd4e529938d118c98ffc5db56609d679733d778c46a8224ff",
                "039daa32b1a40bcbc1edbcf080b01bda96bd5dc6ecc18a7892695096c2579313",
                "8813063f5686f77cb7960b0b18bb584a9b401a7d3ce5b97f7ded78705f022004",
                "01901aeaf1dfcb26ba6e579c90b922d9f014c857513118602981db167252ad60",
                "0076963604a62164d6a4fac4015fd544d99758370333f8999aab8f18cebcf991",
                "811d92b553a005b59d4416392f06e26a7f60a144102e73610523c6f9834ae8e6",
                "c19181c2b47e36ce83cf9d5bbbb66f0b0a3e87c38f60137eea9cad0bfb9c98f6",
                "b7635b3b2a8657e710f2b51435cdff11257d254b6e8735e25b2d41b373bf5107",
                "988bab298d6119a913a486101e8b199f9b63df1a089c2123d2e9c46e509b7d9b",
                "770e9902a4b87a614d882da02e3e8e38dfa19df79db99076826d95da8d6fead0",
                "553d2710f0a32b5e245e0385662eeac8a9a1594ee67c82f006c05440c4823afe",
                "68bcdb37e669cd31360ffff21a7355f0778971a9f7b580800af8385834aa2c2d",
                "f7661f67d3ed8f83a473c0165ab0a47bb8ce2629046b80ca46ea2afe202bb80c",
                "c79c69593b0b2e995e628b670561d1ec22bb1d2190e5fcc64561ed6837387d43",
                "f928c5bbe111825d69f909140c207aa08c65d95bbcb38b6cfa4e68dd01387233",
                "fe20f03ee0bac95d98f8b8c161ab654854ca6df5517290b0f7327fd5a37b8284",
                "c2fd039705aef51ab96d5155456d9f8ccfed363cc130210ffef6859de181d6d2",
                "8d24d37ec069173285e535ebce1f50b24794562b82b607ef27c5c134ba965b0b",
                "5a7a9faf17fffa998bec0caeb4ea853be24d06e67964b72e54395bf4a997cc92",
                "ace9efe28ff040c8d91da7860c726e0b2f2fe5d400b4728bee5f24fa85f1e919",
                "c93877605ba5c7bd2aee01c2f390033ea589a9601d9d12735ef3b7b954ad361f",
                "1be2f22c17d6c8d10155b64b884cea9c849f45c3bcaed16a02b9eebabd85960f",
                "34cf313d18b087f02fe9f5ee74d5cc93f39206b883194e9f06f5570db1292342",
                "b6388720fb4374bdfaddfe0b23c0a10c274bf7917e8b1bbcbe4f81f3f56dec94",
                "58689d18703a8ad2ac6f0f3a01489a495649ac6c12194264efdf553d749caf52",
                "56fa4433fad089971f1dfcc0ab32b05e1df174216a0f3263a3d3367c71e1c270",
                "5d239f9cb11a4dcdd8903b54e7a45487734f2085a59dff8a2a3e1313da75653a",
                "685470efad63e07b37f18f9d1db845d3fecd6174495927c5fbfd2274abfd9624",
                "db86e8b5c6b49e22fae7c4decc8e877c24292f8d0152032987a123d2191868ca",
                "1e6d8dc479d3eb15ea874156b65c83de61bd2339f1550d1d2a556b7f384feac9",
                "0bcf311554e532999a43835541d4fb8b342e5604db43d50bdaa7605a3b70940d",
                "ec0c7b90e5077c726b02618925357d4425998c9fc961ad93e4f368f6b4034297",
                "759c96a86a43f1b23de7e396723fb7a6878c615a7f5f55458b2656024fe74421",
                "90a78e2797538ed798e0dac71f390df57cc9345b8c9c9984a8e5f575b93284d4",
                "bf12a5a25710a0b6b258d130b4ce995a611110a4b2714cec820b595a62da0a63",
                "8194603e5f878584e49f5cb3670dfd86b6de9284513d16b9527bf39396a859cf",
                "7d8544c966ce0c7c992bd14bcd73f17a4f57a3866f072c619d2a34044a464349",
                "edacf7198f306c427831a8e8f032ee723794d0a6e3c0291f309663735f93115c",
                "e8445ba42dd9921a28d39087f8984d00c024a840a587a1496dca28da33a43747",
                "7325c72385b82a951ac3d2ed897b743b3605214adb103471bf2653c88b11d477",
                "3b7f578ddf69c83b37d7de19786b29e6ea7a32a2c2bb9b3935e984c1bf1f4bab",
                "44640afd1e49f5dcc4f062d1d65e5084cf839ddd73409b188f436576c47e7c17",
                "13a7621c18a79e88128ae353f4d5a915ee2b7b5f7f1a5a7292c43690ede6ad2d",
