{
    "domain": "44.212.189.233",
    "owner": {},
    "source": [
        "DuckDuckGo-US"
    ],
    "prevalence": 0.00127,
    "sites": 186,
    "subdomains": [],
    "cnames": [],
    "fingerprinting": 0,
    "resources": [
        {
            "rule": "44\\.212\\.189\\.233\\/is",
            "cookies": 0,
            "fingerprinting": 0,
            "subdomains": [],
            "apis": {},
            "sites": 173,
            "prevalence": 0.00118,
            "cnames": [],
            "responseHashes": [
                "942f4c49f26bd99d2a8c5b67fdb318c81dfed032a0a42d8f40f96b8f34f69417",
                "f6b3a158630340188b822352ab89a417bbcfad1c40e0c8b9e82286980cb42009",
                "50dbaa8629d6386dbf50442e82598d9e7e48a5c988fc5238729f795dfe6ef380",
                "178156132871d4fb056663d7171caf45a3c1e030aa0baba41f8589f9cdbc2a97",
                "95234b0f934669701dc5c446df0e1151aed941d0cdc440686ef2f2c7c366c90d",
                "45104c05399be70ec03ccca16c2e0b26f0caeccaa17d5e508276a6af022cb3eb",
                "3686df9e5239d9d98ffca70058a4176fd1f84cb4eb88ea2d0c66aec871b658aa",
                "cf6f140924257f93907e49cedce2948c6dc6f21021f85ca32fde835a8311a22c",
                "06893dae0b0dd3187498e1b22beb4aeb60eb1a829c652b007ca4299c994c660d",
                "5e403dd932300d51cbef9324ab2d7ad7853544000121258fe38790886ec88fa3",
                "1a879d3a94282e44489977f35f2a026f74faf8f242d8daadd21a654d284f3f8e",
                "1330e7436f3f2892654395ff5bf938131a383ef2d537d9b7cb5802d3347265a9",
                "d88c1e3d33faf8cff5c04c793259b0bdbf0b56717203049000a0e0459ae9b205",
                "6a47ef41dee10ab629d8e0843156ac319bc366fb6344b245513ca1737edce926",
                "564ed91a70b858dfa40b6d5e1a07f9a5b8272703686876a080e868f0ac0bd2b6",
                "bc4ce6c3427ed680c4daa1a0cf8b41006bf7ef5e63e88995a0f698c2ec9470f9",
                "bc2e2a6e6cd2862bd0d602fa218ec4cef7a80e87e050f8e19d0324aa1cf93356",
                "7e820dbd433d00dd85483189dfc9a9f2c2e0c80a27d63568ae8f00e211c68a28",
                "dfd36089732bb9ebdee2834d9cdbae70a6b2096fdc16350a5eca704c3d1c1fc2",
                "187efebeacb25530b615abc9e63c8fd8c83ec0b59e81663394a8df675792b905",
                "a630b975ba1cdef776c383c6f14405e84c690ec58b1a498fe945ad4c360c2ed9",
                "c9f47c19fb6621e9b027b572bdea04a09162bdbe0b9fe668b446cbde052efef7",
                "34046bf92b5d8d2933ee61f4e09981a296757768811ab2a488b307dfac984880",
                "5c21624727ed6b6b2b424281a29fddf6023a7015668ecabdb59d82789922e6ea",
                "173366761d4ffe49c3d7d7eea79c527ecdc5abf948f913b84ac1be2cfcf62c1d",
                "bdc16689b0983ebbb60272dd76855cad1aa4fee4e4296e24aae7310fb77fc880",
                "0f63de901fc2ad1a626dc4fae4b414192a45f2be80b79a74aca45ed9b46d2086",
                "fd9db345ed61423ad46c535e2985a1d331d2d7a27848bd341941c5680a50f0f6",
                "c90dd5fe49ce3117371e02966660415bdbd279728a286c6aa039f2b5dab886fa",
                "4724b624839e765fae18c80e73054da7f2fb061d0dbb7a9cfda8cc43118a2e34",
                "4046de0ade9c2665cde4589652954d0d28e99b0f528e66c506f3b7cc423e1994",
                "c47439c049ec2176573f69cb95317fb2ce57a42817250c859290d17ac429656a",
                "054a05a01a3e1b5214e36e07a695b80ef9489e9253150be8e31d625fc694bbce",
                "60af9c6a87a3830620249cc92b2fbd1d7f02b0241a93131829fed2ff6a9b4b2a",
                "9840209fa6f3f34cbc7489673ad35edc48ea5d1b968c2b798c3e733450fd89b2",
                "6b7cfbe03f27c8d2582c8e5852588214c4a57daa5ff12ddcbdbda5c78d29fd81",
                "2be7512525cbbe96b82c3441dee225a12b6c38a367f7fd34b8dc353bbea9aa50",
                "69fe9dd53221ad47e2253368be9331e360b19075c5a700ce2e8e53692d77afa9",
                "6784104c7aac94e50c5b2e8d7e0b6108da5420a93ea111841f37065fab5e1b50",
                "360dd8d5f908ab594c9ed66971b0f7b25bab612ea4a41ee1a77f1169edf8b877",
                "07c8466e227a578168231a3a0a2d27fc4d3b22a3cf8d7f86522861a4da643567",
                "590c76d6ec7395acf13fb5f465797fb7208eff6ca253bd97aeeb68b1c473fa5a",
                "1409363dae635f99ffd087a2f91766583f4662fb2556d9abd8b08ec0dd0e450c",
                "55fcad7c989f53862f3445328c4114ba01f43f22e9230245472bcb5c4da6ac4e",
                "bafc6e0bd530f43b0f21a5e46d49806463e96c680746045cf5ca143aa2866d47",
                "bdc159441fb4853f840d3d940d87c2000706086771992fa763dd0efae8686a4f",
                "9395ded20390501ab57de13e58848fcd1ac78b7e7ed5a8b3d04a350727d9c6d5",
                "b1bed7cdc45e6255b9bd5ca19597cf63eb05eba22431a889fd21be822c9a18d1",
                "3cbfebd41da929f9879f4c130e49768085338d3ccf052fc8f4319a4010af3f95",
                "569567b6e86e1426eb5cf514ff7c81bc453f3a24bf3ca17e8e668bf6b9b1f71c",
                "6cd1f2a69333e5d44fcd3df4e02419b98b36c07b0dfb26d325b16c73d37631fe",
                "78171e08d32d0c9bd61bd2ecd0334f634d98bb458b9c1e99ab908442a3e239d4",
                "890529635c736ffb78b48e33627d4b081b066f8d40d16ceca73f09e4342eef63",
                "98d666bd5144975c0ca3c1df8ea1cd63e336959b4727a170458c00b3e23bb442",
                "c6f1e845ec2da89a38febe0e38a32e89f5c6ae7a4df22d207b03cf5342ca9a5a",
                "87b18680a12401cd510fc87be33a2c2d93c7041cdadd1ce81cc192e1fd09a611",
                "4d26c2ac9cb2b4822479edb3d711ccf7995d5e93cc16111d4e74e6f0e07c02ee",
                "5df3b94771bf02ca328273729d490e9bee31ad6e41ee16ee277e0bd6df448d77",
                "63d3d2fd254dc36df8a280989c4701ea59757ecb9e9eb9971242a0717c4d0df2",
                "25008aee9f0947263e16a186b1e7bb29741b4c279c83a324ced874ae399e82b3",
                "ea16a56dbe965b921285a2e0bf122dd25d50d5f8eb630e893616b360d874dacd",
                "106e8b59625f33d52ddab1e52dcd865e45b57b466f33a54b79989edf243e4623",
                "6f7e20e96289146398cf0963da2fb7ef38f80ea62578a2d1823e044fbec3fea2",
                "43ecc2bda679296a929d7d56b7ce934d2217d3880fb6b64853b0b20961728af1",
                "7a3d018b7d1f1388357dfbbf09cdeb1aa30952f6a3ba251d0004bbf85f528870",
                "31bd9b414c1fe8ad5565e6b5bd244dda31649fc0097f161613d52a245ad04403",
                "114d8944504c300258562f008e2dc545d1e00b8cec877a17121c4b0e0e4b7abf",
                "e86dc291384e0bc2364c83a69c4891d8a4ba389dc75af6cc33c0a29ddd120f18",
                "10be8906eb2e9f7bcd23a194a1dcf26039fdfed7be7adb831068438622e0ea2f",
                "d504cf518b779988e9b5d6a7cea4a376d30ae06d2b5b65d0c95de01c001451fb",
                "50a3c033ca9e449cc39be843e9788531da0207dab870c052619bc3a40f317f0f",
                "a04d605290ed20315943815d109001301b0400203d316d9cd56b3e7be7794751",
                "812f2322766ed22067aa9c5d7839f009aaba6c4a734fc75c61770aa32edcc746",
                "9800def7e54e32ef73d70e57ead35104aa7b514c1dd2f7ec3af977eee7751ae6",
                "877451a840104a700fea08b33af948fddd82c115abe7876c4fa6e80f79aca8b0",
                "d08e41addb499c04b122cdae12e38518edc4be72624f50b7614b83ec0d669f2e",
                "62a6f3383268f5f4d7f233e2a4d8a3f5ad9d9e72199859cf549bef5b12fea4a3",
                "a43e2f9e6be2cdbf249472834ac2756e091f6fd260bf14cf5522710e8d93503a",
                "5d4a4397a38c30604843db03c78c8618a18c171ef9b5cc7a94f756aa64b38b58",
                "f242fea95b16f222e31142ea6748b270e6dc872a6053744b3942c4ede48af114",
                "661bc93812551721c76eae8f133fa8539f93e98a9720b954cecbbc560c971c3b",
                "fe27f5fcae0020215976a559c236cb7721072bf3f437815fb2ec09b466d65d79",
                "563f7b0f5c2f6b5e7f015af8cd6ef5b8f6b62040356c1c99866c159e380869ca",
                "0f600e63fa7f28be56f257b6ad56c33edb3dfc0547dae7d20a08d31d91f365fa",
                "46b8a2a5fd692e7db8db2b33567fe4885dd68d868b2f936f4ae1307e65f562de",
                "725b0b1aaf3c6b5424fd0891fc4e9c178ccdf4abe2ee5049714f39902036b49f",
                "0a8ca0e20e958d393e2e97a19203e4bcb5bf04632142a912312ed14c6df28c1b",
                "8a23cf2427dc625e9ab9bc4e2e90020254db8d292301944c530d7f436ac3b60b",
                "b6b10277dd431399686a5ad53db916df2a58012d987d2da468b45136c868b9c3",
