{
    "domain": "52.22.50.55",
    "owner": {},
    "source": [
        "DuckDuckGo-US"
    ],
    "prevalence": 0.00136,
    "sites": 199,
    "subdomains": [],
    "cnames": [],
    "fingerprinting": 0,
    "resources": [
        {
            "rule": "52\\.22\\.50\\.55\\/is",
            "cookies": 0,
            "fingerprinting": 0,
            "subdomains": [],
            "apis": {},
            "sites": 180,
            "prevalence": 0.00123,
            "cnames": [],
            "responseHashes": [
                "d03be6b721e17255abd866c515ef144a09aca28abb513fd36bdeea5a2c99b8ad",
                "68dd6c65f88410b9e408bae2dc4257eaa6310273a82fa08f27c4fabfec41f34a",
                "b98fedf3ac0f654fe64c7a99d2e810525d7566f0b9486659643d3cd9bfa10da8",
                "0d5f20e0aca0e65742587a9faac3e9da4e28014db66fb92c44cfefd3a12349a6",
                "84686564e22826bb5d53c03d35b5749d7c81c68a3d10101529453343aa3a03f3",
                "3cd2efc170d73f63a60ed8487f3a15c53993e3d306cc5a96104d1c36f087e07b",
                "986ca9b6f0a8715a3422f0fb8075bb2ad432bb9f9053dc7b04034407344781fc",
                "fa14015b9ec8fdd165cb86ebfae7f3702bbd4bf1c60da7d961a2521b582951b3",
                "c865502212feb213401381ae246d9b60841c50436d0b28b9cdef5f2bc5d40466",
                "55540148cf7ac6adf5b88238f3c6b2efb37f78be4d3f030c670a1c3222de2a10",
                "965b2d3b68da2a37461734637dd9d3482e805a88cbf77395fcb5465de87d39ef",
                "ec593ba22edb94335df0fbe6dada91c7610ec964734e8b202d8a2f36253c9654",
                "c9620c690d46c420ab10b03e00b168c011e359682d1b0163297cd96899229cdc",
                "19d776e3ba4993642107f66eb136aa7b9cb58bf71448a294694f48fd4df6009e",
                "2f74a818f7668013ed00fee4fd97f2b5290bebc23773da894b4fa53e7a17c288",
                "20d819f5a5e1838314b8d1f2505edd3182df8d16e518c2c33e8ad24c18b145a4",
                "53a99a9c4843dc20fd235412cf15d3941140249cde5c44ddf0345840f49ca8ad",
                "1e8130dfd287a7823f48b210e5790272c480e37e847f7f996d304ce4e2c22323",
                "23aa133827113418341b9680de1bf6a3a943b29687271da1c267486be7231077",
                "cfe2b84a63bf887ea6de01394ed57d4adaf93f007e2f935fd075c8f0bd1ec86e",
                "21d0529c139a906c355e6ff1c928a4b3f871b248bebb80e4ac73918280d71161",
                "b247ce1c0b34c85632f732045a18f7cfc9764edbc044209423ee00b67c858f7a",
                "f2893aa74db0b275d31eec7890721dd98edce83b896e40a4bd15fc52df7c09fc",
                "b40ed52e636e5af9b9252a389872003a6a6e620d5599e49e1e9fd69aae8ba49a",
                "29b79386136a8ee67ce050035be54d52484f7836dbffc4440b236e0f106312eb",
                "14059752cf4341fceb5e125c6b766c5a1a5822f8f58a3baf723cc87e9e1c48b7",
                "6373a5b940b14a641731c96857cc1a469d71754b87fd56db8870d56713be4bac",
                "c83bd06e4251db2834ba0c04fbf8cb6111c03d2b5386d578a436c78c93be15c7",
                "aec5c53911a55fa1e9d32eeaafe450362c402297c1b4c08cf05c6e0992f4c528",
                "a3b61be4fd09af2c19d7b52d1afd167daf5374ca3000038c8ae488543f0bb0fc",
                "bc6ba12973deb09ade07f48d6cfb27684e2cd492a3372bfb1169f48cc59ef336",
                "cb86cfefe7dea510ba836f30f81c05f68444751b87c4f58116b18351580bea15",
                "cd5a91b77a6ead6dc2a9693eb018ecb6a203a78f6e64a6bccfbdecb8737e5d7e",
                "51216f02f3f7bd3e4df8896961e9d4670609e771d2850a001ac9b0ed52c0c5a9",
                "3d9f86880b28a588e773fb67657a0b731f785ac7d35f2a377fe59668e5e58db0",
                "8438f4d908525ebae85c856721524a8aad4e1b01cbc44c25df1904d1953c5771",
                "c3e4d6275fba70c3f7a4686493c06eddf31506e3cad8d9f6c17ba1462e459e1c",
                "193392c87887f5b48541c90dcc53d9bd621ce935f15d51e219c2db00ff94a9ab",
                "54fad44cdc783f81c0d9e280974a9e763766c69b8cc3b06ef06c8cd9a9f5f84b",
                "fbea0a70b9eec7e2089eb7690a8d53ff3a5248f8d951b9b5d1d5b5a80d5ad738",
                "9b34f3d532722c1916f22e9f9b6e1a503811ad8d6a40dca9267a7d64dd768204",
                "6be6f93a22fa76f05030c4508709b626452c86405daac631e3c6cbf8fc412e8d",
                "344da6073bb5676daa9b1add16dbc962404a790578e4235e70d12dc30de45425",
                "7b7de3e090cfc9c05274ac2de281a96a6038017dfdb5746d4db7603a357ba162",
                "c58b8de10fc0c5154fcf1771805462756df12e910f655d1a998f63ab0a43f1ac",
                "9da4a81aa81a841a2d48e37399cbe3501277d5dc6f66f998a76fab114c19eb42",
                "5fd19cf16003db0de98749ac58aed366ff05e3d4548882d7349209ccf3d5279f",
                "6b9b3f97138188b58fa70e8f5c58eace0ed709a0c0dad099f39c86274e2427fc",
                "af570f4b39a9e204776a37551dbc46f80e982e60d76935ee094d79fde984cd7f",
                "64b02bd63d6001eee9e3619e3c746d92958a5fc3f7e848f089f5651c54ad58ac",
                "38687700406eba386fd08dfbff6b77f4ff375616bce8f531424fee110376e083",
                "4d6d4441398c83743f14bed7cdfa4b44a818e1266401d32464b167eb5f4e24eb",
                "2f5528e1a841fd371cd9bf3c894f99748a73550e19f5ba2fb54e6774320c20aa",
                "ecb01f8082a26eb4b94de4bd3909e31a691d60f8789baddfc762790a5fd9fee6",
                "4e0b0f27f35366a6aadeb6117e862c2a229885dc328542c0c0e583118e33b162",
                "61dc41cd236cc77d1ba2b3c51527cdc0e01f3ca0191c63be2fdc653f8455a28e",
                "e2b0d8c9489ead3cb52a704b68b796e3a0a142202b105a624c43cc177dd69c57",
                "46249ffb0a3f04585ace940994a68eb652f99f475750e71be5da5589b8f20fc4",
                "a245a8326dbf19629f01295141fa3d3374bbbad9780afc481e4cf7ce6c96de67",
                "3f4ac4fb8f6e1352e5c2f458e4a1c8aa781a017994fa5811c50b1a71f2ddb94c",
                "a4509db0a0b99786a1a706e0d104d2db03ab49564d9d2b2153bc31c5d370ed4b",
                "3f1ff1ba7afad3ffb3e884c85a1029391bf7e554f957a45c5c26cd564100290e",
                "75a7497baf1644b27500bee7599b84f4f761063c8ac4d2c71abad689ace10dd6",
                "c01ba98696708f91cbdf68fb29cfc38419ef8e5677fe35890a9f6e901ede3360",
                "babff73489e373715b671411ff125c17ff4e8695e07d308158ca13d5fc2522e0",
                "68134323e4f2311d3b09350ece501052a0b2a7c6111a6fef4e8ecba5c475c48d",
                "34f2a34935ee4e6e764832dadf9f69b62132e1f690f9172a9becda94e925af39",
                "c7e7a1351ec42de4d73cdf0d41415dc7fc7f613dec9f24b088f891745ad53732",
                "4d3123ec7b5ac0cb0c97daf391a40343b45a5c160a0eeb3b3da2c5e26c24fb88",
                "cbe6049bff5bebe375f8da5ac30beff0ce98e4f79bb66dbefa7021d3bfa21155",
                "13eff41f30146b63edd4eb397968f86d48c52d66a17691f2e00347444f1410e8",
                "9da141eb33c73433416c60ff96786a81eecb7ca9467843cfc8cc4bfafb1f62e9",
                "a4ef6f2daf1a9e0c0555bf34e9bf50730c8a53dd085bc42fd79ed82a447692c3",
                "2aa39303b47f8494515011eee8f5f831b3437c30508acbb325874bed8cb3dddf",
                "18af26a592d019606b242080fd8c652e6dfd75db91bf5235296df005348b4d5d",
                "54aedcecf191dcc843bd51689296150ac8f0b3b77d5dfbc05b24b4d2f4fc8f4b",
                "6bc3331aab475964437023086790efed850690be0675d082955dd1c8d7d104a5",
                "888722a847d531246f72c181399d2e2c7e952e64fbbfab196b27ad90c5bbd4c4",
                "92bbfb5f0d5c92921a4274faf3cd44cf79f809bb2490601a7001daed6b46353d",
                "fdd4f65d483dc44e97d457af45a1a89f18a9641cade4f1ef276e8879883e2f20",
                "8ffea473353102eebe732a9fe4a29e66b2804fba168886117e31723a86a1ea25",
                "17f16f23dc0ee2f38c6ad8ad17b38c31cb30c5226afd63f4d55ae88d2657572c",
                "75f173fd4b58c0e866eeacb5d9052da4c0955f8b5daaf6a604c632a82fba4edc",
                "3862cc64232cae5ed2c49797d7bb5619b7537f25a0392ce1054d551353877ac7",
                "b704571230e31ecda8ddd784a328a10becafcd5c79d25e865ca0de18d3acf6a8",
                "958c83e8c67b2f112f691295a9e9abede6d201afd23981e36574369c42c53471",
                "45f7f43025d6b6d59e04915384620a431ebf7a26d8075df17ee867fe5db14b28",
                "6c9c03625e45982690af8cd94b031b8f99694220a3365949b52487a42663b6ef",
                "c122cf5bcdab31256545a78ff72031c43f035eb5326273000269882255379189",
