{
    "domain": "52.22.50.55",
    "owner": {},
    "source": [
        "DuckDuckGo-US"
    ],
    "prevalence": 0.00117,
    "sites": 171,
    "subdomains": [],
    "cnames": [],
    "fingerprinting": 0,
    "resources": [
        {
            "rule": "52\\.22\\.50\\.55\\/is",
            "cookies": 0,
            "fingerprinting": 0,
            "subdomains": [],
            "apis": {},
            "sites": 159,
            "prevalence": 0.00108,
            "cnames": [],
            "responseHashes": [
                "abf897d00bebc9c42e25fce7e9e8bc0de1dfe5539ce945290f7f0117bb6b297c",
                "0cbd54dc1d1bd3bab8e545337112adee5bc4b44c53830153919e9d6d5fbe83dc",
                "72606895676ead832f6388df4eea3941877aef890b179789b690612a495ef433",
                "9d7d39ed266b8c5c63b812130f62bd89d41cccba2e5559971cab6346ca973774",
                "d503613c785bd9b7798262324665ff9787fd71e86d98f8409db16879edafc7f4",
                "a37cd0925ded61966148bdcca1a20a09a63a60f0620708480b60a2a242bfbee3",
                "79a741afedc17dc00ddfbfbb26eca797a41413ed29fd731bb46335afe563f936",
                "592a782c24bbb188b9162ccd08e33c83c84a86fb5accb38c38b63d709988b8d4",
                "e739f122e96cf44447396ceaa6c32e611115f2bbd07fd6142e45dfa10cfb0141",
                "3d559d8b2525e9eeb8d3ca7fcc84684318db2f54ec55bfddc24531a954346664",
                "710753ee040df1321e63115ead31e64574696f6fe46b377f297d46fcb31aebc7",
                "48a99eb55a5c8a2d7aceb853dbebf7c7e81bcc6a170d9f07b9b0a985ab25e53d",
                "62cdb59b7d4f6aef43cbdce0580417ced0240a100fb7b8d01c01bf945a7d1eae",
                "1ced218dc5f637ce5b1cd60e66180a8b656f187b9c205c63a8de1ee8d28d9943",
                "d816cfeb279d2ad1e5853c1fc6828716b39635f4303848f3b7636424431e014e",
                "f91d76ac139b97536db7970775e16ee1e8336c1220ed8848b8932550ce902b23",
                "619981c67401534eee5ce27d3e6c63bc655fd8848ca19f6be443e1ccddae4975",
                "4b9c5f117f295264c11bbebc191f6233c6877584115ef9a21f7c8f684f0ad26c",
                "478efbc2e600a97054706151e5801a9c2706e09040ca536457754911edbbf5d3",
                "521dab29db023200dc521a70fe42728c319388e527c2aed33cb49efab838b01b",
                "218eb7a0736c630beeb8b8f1844f3d66b94c9e61e797d11e33d2b285ff3aaa23",
                "df7e1728f2c58e3f9e9619838cf449bd5d5cb9aa7da3821ba87f32c12b7841e8",
                "d90ea8c98bef452d7fbeca67147f7558ddc903fba6b8393604f7de7628effa9c",
                "cabb7c7f606e1bfc13466cb0ce4f8f8f8bb61e88b6b72378d4278390ebb68f5a",
                "ac018bbd72a15c4ef54e2ecf0558f24f4815abad8f1e6710244651283ef319a7",
                "4f8605e1867e8e8e37a3ce997d0b0303bd4957c7cef525e056a4a3171e74b1ad",
                "1fc76767827dbb6088ab0fba740bfda705c87516d7ad7cc40d27b625454f0247",
                "124d4cbda2bc4d8f61ae5240a133357d58956a4baad899e7e8d8164614dfd404",
                "25f99430eefaf72d207dad6b9342ae8195ca38853b74572652380ca1a86a32b9",
                "fd5a5019b2aa50c992d1d8756cae8b197c3f86e4edda8d84490ddc8bb043b717",
                "3703038420a3606b8c2a746b6562ccc0e4cb52f21bd97fae8b76b08a77816a10",
                "f8bc85e3ebb547e62b8bcd470a1c84936120eeef0d693a0ecdc94ba53690c5fa",
                "acc8dfd9aa6bb01a53e60181e579e2f111b2775fa227ea22aec5e1d442bb6d5e",
                "8e571d21e4305453f6c52e5aba1b33e5a55e56df36d1f772555622b41f2c4647",
                "fa5b2ee28e4eae2d3beba447f92f649d8b5c1df2bd9316360a786a04c19dbdb4",
                "956a9cf2cfbfd10208673cbb1111a06fedf93e10b915ce032a4d7d5e1044715b",
                "9166160ad504e80beb7f8826c82c4cc465d98a3998145ed127d41cbba202cecf",
                "e85aaeeb64971cb51f71f7ff517b8c4d8da46e5ba28b4e7cd19f787e29271e3f",
                "0914baaa9b401801379397be9cae89225c18d218b4f94f458e961a7a0a4f3642",
                "76580e716b2d0ea397a377563c17e5e110245fd83f90cbae74759d199df3f9a4",
                "f5f68632dcbe9abda8c75fdfce12565307eb2ff73fd6e070ba53f36673da9b83",
                "3a87a5cbba1608b93e63dd451801aeb68dc366b1bf9a61a1b6ccd379385162c0",
                "6225e91bcffe319c446cf46db5d750f26f4a1c02bd6cde959ea000f07af8bf4a",
                "91a8997c587a7e8f82ebb7303ba870ac30a633090e312a7f4c7183148f207978",
                "4c3502b886bf2bcdbe6fd3386490de8d96950c2b6c266f6495e826633dc35734",
                "e46cd99aaf0e1ea9c81085d7851d67b9581d1f385478885820286f7f48c6ef7a",
                "5f93db8e884a660b5b033c40f2ae1f835412ac6bd93792638aa28ae822c5551c",
                "a2ec0784698f0759a5467e3299121270399bf5bfb90ab513b68fe5bfc98f890b",
                "b656ac4c5740eadae5cf646db9082e26e77dc52a830443e4d1555b0a036c1cd9",
                "4a62482c56a87da81a03931e2dc9e17381f653417505e8e634e9ed51f4714c67",
                "f86636336cb30a19070230ece54992aeecba4e732dab5cff2ed43aa821b7a0cd",
                "9aa90798530d50f793dcbe6adb8ce347af4ff404b0994ba3b1c5fe392f5605ac",
                "078adbbb09ddd99e748bccd8780fa7a1386817f96e71913107377da0fee2830a",
                "2090a594a1b2e36221a49a51e6191faa84affa804f76a8764c554a4ca9239afb",
                "893215e55a8dce48bbec8a4f177bb5ddd861452eee8de32cf3c1f393cb42ad51",
                "c7ed7be2b44dbae2ef5e95ce123492922ea35c9c7dc80c9a314d4306dc92efaa",
                "e251d2e4b8a5799bec1e02db38c51958694270be817cc732f3fc57d2f436e435",
                "5281f7ae5248cdc0721b14379b444541f8900e218a41fe3dffebdbe8c0131faa",
                "caf5fa0773edc50aab687c2b4eefa2453481db73319bde3673af9e5d8f2316b3",
                "98075076bd776cb38399b33a3790c7300fda60538391c18cbfa9ebfdbf7e7741",
                "d80e9a6508f4ce1a2f8d9dc749b9fa3f58a28d41f34292158d93b151a52d5877",
                "4b98f1054bb09ef639aa630478043f88447dfafccd0afac6e4f25cb8ae5c17ca",
                "02b6db683c5c64b0e1d7d4cbd10cea50c2423a0c3e3d527c16c10c5c6acc499b",
                "49d5dc3dd991b28c97673d2abbdcbc0cd99e04f46f6b0c130cc8eba4944156f0",
                "2be861c084cd408364a12a80cfd5e234849e6d805499302f74b9c20c72bc1179",
                "cb76162d56694e5e7c999525e7517c4304cd575bc32aed7c44c54db84182adb4",
                "4c662215ca09fc1d56201fd86d0d63436ba51480783a73eae9f6ed6ceec1675f",
                "b1383e46fb615192c024ae31dd822b27b10124c893a80e12e5e7de32d9358a48",
                "aabf3e7ce873d5cbe4a7a9262fa0cb8c5f10ccc92e88b41ba8dab42ccfa4e284",
                "cf7f9c4a766f5d936195cb6719f6568a5881e898a525b9459f56d509660ef22a",
                "b0f2b7d62f8d45fac486887f9c9a2562580044355f73a3eda26f058ad6559e0d",
                "285b8ceec9e0351edc30491f753403b085401d1ffed89f38f105a08ba129a6ad",
                "e5608fb1de268a565c6fa896467422c56aa60e0d2a631d6a5624375b74084627",
                "a8e4d15428809091a0a8c2f94c517d44877e85cc91137f2180929231af40dd7d",
                "12ab8e3251981d69b205ef986ac4a188f52aedb9c5dfc011de5560f7a7d03c90",
                "345b5937c52fb977b2913815f11f4d19bd3bfed1a40e0d220498c3975407ca08",
                "b630736565feee149a1c657c173005fb79717a069b44a8ca48b799e18c08496f",
                "8a3ebe4ceac4214cca0692e5e226688eb8e4803878ebb24efaa2fdc596a0c03d",
                "5d83f0c39e7128a1157e2291855459ea49d6b3a753d632430f4be33a4d45a9f9",
                "ed64b53bf971f62d69d7bf4250b9ab8497baac31ee6d3ab8beadbcaf10c3f250",
                "10bd8e4a6a2ee91b06d1b83b9bc3c1d4e5a7a68587d86d1da04c353612c3ca6f",
                "aacd77e4367aec4c9007a87ab8cbe9473a34bfbb5a8262ef0712b8717b024b9e",
                "0731db83831a4f58dc0c786274b74529e89cd4335ca729c6a98392b442e87916",
                "22367e47a6645c81d67cd3541e9d83fa8aafe918e10010e73d6ab5345415cc5e",
                "b34c40a9b60e6e95b7f0f7eaaf50f06edca80fec741e670e68de74576cb70c91",
                "8d1071256e769e4b639d008809092164e14264818a20619c276bda3330426216",
                "ff5d710050dc644d0207dad7ee05be33de740b35fd2802ae47af712d320e9da5",
                "b9e242d6333b68381063b65d6870f7b20f8b8988f534687db0307892006b7f92",
                "5234e7eedc978424c5c87e489d511567943079b5adf2176b61fcb24b260f3a73",
