{
    "domain": "53kf.com",
    "owner": {},
    "source": [
        "DuckDuckGo-US"
    ],
    "prevalence": 0.0000204,
    "sites": 3,
    "subdomains": [
        "accwww11",
        "www11"
    ],
    "cnames": [],
    "fingerprinting": 2,
    "resources": [
        {
            "rule": "53kf\\.com\\/sendacc\\.jsp",
            "cookies": 0,
            "fingerprinting": 0,
            "subdomains": [
                "accwww11"
            ],
            "apis": {},
            "sites": 3,
            "prevalence": 0.0000204,
            "cnames": [],
            "responseHashes": [
                "70c7cda673633bdfe6dc8c288d7bfa3152b2bb05b030bd2d13661b5ab8dedd15"
            ],
            "type": "Script",
            "firstPartyCookies": {},
            "firstPartyCookiesSent": {
                "site_initializing": 0.000006816353796027429,
                "site_initializing_time": 0.000006816353796027429,
                "53gid2": 0.000020449061388082287,
                "53gid0": 0.000020449061388082287,
                "53gid1": 0.000020449061388082287,
                "53kf_72351991_from_host": 0.000013632707592054858,
                "guest_id": 0.000013632707592054858,
                "53kf_72103601_from_host": 0.000006816353796027429
            },
            "exampleSites": [
                "clevguard.com",
                "www.imyfone.com",
                "www.yoycart.com"
            ]
        },
        {
            "rule": "53kf\\.com\\/kf_new\\.php",
            "cookies": 0.0000136,
            "fingerprinting": 1,
            "subdomains": [
                "www11"
            ],
            "apis": {
                "Document.cookie setter": 2
            },
            "sites": 3,
            "prevalence": 0.0000204,
            "cnames": [],
            "responseHashes": [
                "ca93a2bd3856d97ca9e97ff73e2bf8d6c6f8d54b9b2c8cd90833e2ae61751f2b"
            ],
            "type": "Script",
            "firstPartyCookies": {
                "onliner_zdfq72351991": {
                    "ttl": null,
                    "length": 1,
                    "prevalence": 0.000013632707592054858,
                    "uniqueness": 0.5
                }
            },
            "firstPartyCookiesSent": {
                "site_initializing": 0.000006816353796027429,
                "53gid2": 0.000020449061388082287,
                "53gid0": 0.000020449061388082287,
                "53gid1": 0.000020449061388082287,
                "53kf_72351991_from_host": 0.000013632707592054858,
                "uuid_53kf_72351991": 0.000013632707592054858,
                "guest_id": 0.000013632707592054858,
                "53kf_72103601_from_host": 0.000006816353796027429,
                "uuid_53kf_72103601": 0.000006816353796027429
            },
            "exampleSites": [
                "clevguard.com",
                "www.imyfone.com",
                "www.yoycart.com"
            ]
        },
        {
            "rule": "53kf\\.com\\/kf_ivt_new\\.php",
            "cookies": 0.0000136,
            "fingerprinting": 1,
            "subdomains": [
                "www11"
            ],
            "apis": {
                "Document.cookie setter": 2
            },
            "sites": 2,
            "prevalence": 0.0000136,
            "cnames": [],
            "responseHashes": [
                "ac461ecf6f8fd1a276a859c2239d0496348606f7deec020cff9251a6f43e2308"
            ],
            "type": "Script",
            "firstPartyCookies": {},
            "firstPartyCookiesSent": {
                "site_initializing": 0.000006816353796027429,
                "53gid2": 0.000013632707592054858,
                "53gid0": 0.000013632707592054858,
                "53gid1": 0.000013632707592054858,
                "53kf_72351991_from_host": 0.000013632707592054858,
                "uuid_53kf_72351991": 0.000013632707592054858,
                "guest_id": 0.000013632707592054858
            },
            "exampleSites": [
                "clevguard.com",
                "www.imyfone.com"
            ]
        },
        {
            "rule": "53kf\\.com\\/minkh\\/js\\/jquery-1\\.4\\.2\\.flp\\.js",
            "cookies": 0,
            "fingerprinting": 1,
            "subdomains": [
                "www11"
            ],
            "apis": {
                "Navigator.prototype.userAgent": 2,
                "Date.prototype.getTime": 2
            },
            "sites": 2,
            "prevalence": 0.0000136,
            "cnames": [],
            "responseHashes": [
                "ab7c6819c298fb73eb4c97eb4febccb234faaf83494280d64db41d9dfcdd9778"
            ],
            "type": "Script",
            "firstPartyCookies": {},
            "firstPartyCookiesSent": {},
            "exampleSites": [
                "clevguard.com",
                "www.imyfone.com"
            ]
        }
    ],
    "categories": [],
    "performance": {},
    "cookies": 0.0000204,
    "topInitiators": [
        {
            "domain": "first party",
            "prevalence": 1
        }
    ],
    "types": {
        "Script": 10
    },
    "nameservers": [
        "vip4.alidns.com",
        "vip3.alidns.com"
    ]
}