{
    "domain": "53kf.com",
    "owner": {},
    "source": [
        "DuckDuckGo-US"
    ],
    "prevalence": 0.0000136,
    "sites": 2,
    "subdomains": [
        "accwww11",
        "www11"
    ],
    "cnames": [],
    "fingerprinting": 1,
    "resources": [
        {
            "rule": "53kf\\.com\\/sendacc\\.jsp",
            "cookies": 0,
            "fingerprinting": 0,
            "subdomains": [
                "accwww11"
            ],
            "apis": {},
            "sites": 2,
            "prevalence": 0.0000136,
            "cnames": [],
            "responseHashes": [
                "70c7cda673633bdfe6dc8c288d7bfa3152b2bb05b030bd2d13661b5ab8dedd15"
            ],
            "type": "Script",
            "firstPartyCookies": {},
            "firstPartyCookiesSent": {
                "53gid2": 0.000013633265167007499,
                "53gid0": 0.000013633265167007499,
                "53gid1": 0.000013633265167007499,
                "53kf_72351991_from_host": 0.000013633265167007499,
                "guest_id": 0.000013633265167007499,
                "site_initializing": 0.000006816632583503749
            },
            "exampleSites": [
                "clevguard.com",
                "www.imyfone.com"
            ]
        },
        {
            "rule": "53kf\\.com\\/kf_new\\.php",
            "cookies": 0.0000136,
            "fingerprinting": 1,
            "subdomains": [
                "www11"
            ],
            "apis": {
                "Document.cookie setter": 2
            },
            "sites": 2,
            "prevalence": 0.0000136,
            "cnames": [],
            "responseHashes": [
                "4f20c1da488882c534160d91d83cb01871a18216d44af1c81e9b000bbf28afab"
            ],
            "type": "Script",
            "firstPartyCookies": {
                "onliner_zdfq72351991": {
                    "ttl": null,
                    "length": 1,
                    "prevalence": 0.000013633265167007499,
                    "uniqueness": 0.5
                }
            },
            "firstPartyCookiesSent": {
                "53gid2": 0.000013633265167007499,
                "53gid0": 0.000013633265167007499,
                "53gid1": 0.000013633265167007499,
                "53kf_72351991_from_host": 0.000013633265167007499,
                "uuid_53kf_72351991": 0.000013633265167007499,
                "guest_id": 0.000013633265167007499,
                "site_initializing": 0.000006816632583503749
            },
            "exampleSites": [
                "clevguard.com",
                "www.imyfone.com"
            ]
        },
        {
            "rule": "53kf\\.com\\/kf_ivt_new\\.php",
            "cookies": 0.0000136,
            "fingerprinting": 1,
            "subdomains": [
                "www11"
            ],
            "apis": {
                "Document.cookie setter": 2
            },
            "sites": 2,
            "prevalence": 0.0000136,
            "cnames": [],
            "responseHashes": [
                "b4723b70cde692d6f4a347b8304136a3f08b3bb9622eface2f30e53ec99abad8"
            ],
            "type": "Script",
            "firstPartyCookies": {},
            "firstPartyCookiesSent": {
                "53gid2": 0.000013633265167007499,
                "53gid0": 0.000013633265167007499,
                "53gid1": 0.000013633265167007499,
                "53kf_72351991_from_host": 0.000013633265167007499,
                "uuid_53kf_72351991": 0.000013633265167007499,
                "guest_id": 0.000013633265167007499,
                "site_initializing": 0.000006816632583503749
            },
            "exampleSites": [
                "clevguard.com",
                "www.imyfone.com"
            ]
        },
        {
            "rule": "53kf\\.com\\/minkh\\/js\\/jquery-1\\.4\\.2\\.flp\\.js",
            "cookies": 0,
            "fingerprinting": 1,
            "subdomains": [
                "www11"
            ],
            "apis": {
                "Navigator.prototype.userAgent": 2,
                "Date.prototype.getTime": 2
            },
            "sites": 2,
            "prevalence": 0.0000136,
            "cnames": [],
            "responseHashes": [
                "ab7c6819c298fb73eb4c97eb4febccb234faaf83494280d64db41d9dfcdd9778"
            ],
            "type": "Script",
            "firstPartyCookies": {},
            "firstPartyCookiesSent": {},
            "exampleSites": [
                "clevguard.com",
                "www.imyfone.com"
            ]
        }
    ],
    "categories": [],
    "performance": {},
    "cookies": 0.0000136,
    "topInitiators": [
        {
            "domain": "first party",
            "prevalence": 1
        }
    ],
    "types": {
        "Script": 8
    },
    "nameservers": [
        "vip4.alidns.com",
        "vip3.alidns.com"
    ]
}