{
    "domain": "7m.com.cn",
    "owner": {
        "name": "汕头市同行网络科技有限公司",
        "displayName": "汕头市同行网络科技有限公司"
    },
    "source": [
        "DuckDuckGo-US"
    ],
    "prevalence": 0.00000681,
    "sites": 1,
    "subdomains": [
        "js-live"
    ],
    "cnames": [],
    "fingerprinting": 0,
    "resources": [
        {
            "rule": "7m\\.com\\.cn\\/livedata\\/sxl\\.js",
            "cookies": 0,
            "fingerprinting": 0,
            "subdomains": [
                "js-live"
            ],
            "apis": {},
            "sites": 2,
            "prevalence": 0.0000136,
            "cnames": [],
            "responseHashes": [
                "30e0d3e7962dfa391494508598c6d4d0325dfecdfd49991a4463b1600739e8a1"
            ],
            "type": "Script",
            "firstPartyCookies": {},
            "firstPartyCookiesSent": {
                "Hm_lvt_ed0d5c974af42c3059b9628b90d84901": 0.000006807583648184077,
                "Hm_lpvt_ed0d5c974af42c3059b9628b90d84901": 0.000006807583648184077,
                "Hm_lvt_932263a6975515c67c58a06af5d1b162": 0.000006807583648184077,
                "Hm_lpvt_932263a6975515c67c58a06af5d1b162": 0.000006807583648184077
            },
            "exampleSites": [
                "livescore.red",
                "www.livescore.red"
            ]
        }
    ],
    "categories": [],
    "performance": {},
    "cookies": 0.00000681,
    "topInitiators": [
        {
            "domain": "7msport.com",
            "prevalence": 1
        }
    ],
    "types": {
        "Script": 2
    },
    "nameservers": [
        "vip4.alidns.com",
        "vip3.alidns.com"
    ]
}