{
    "domain": "8proof.com",
    "owner": {},
    "source": [
        "DuckDuckGo-US"
    ],
    "prevalence": 0.000075,
    "sites": 11,
    "subdomains": [
        "cdn"
    ],
    "cnames": [],
    "fingerprinting": 0,
    "resources": [
        {
            "rule": "8proof\\.com\\/app\\/rtbmarkup\\/5111",
            "cookies": 0,
            "fingerprinting": 0,
            "subdomains": [],
            "apis": {},
            "sites": 10,
            "prevalence": 0.0000682,
            "cnames": [],
            "responseHashes": [
                "1762d998f69532f76e37af25bc0c2d92c330acbcd9feed943ba236d786b78401",
                "a38736274cc0bb488d1c275473c292c652bf6f5f1f58d210bdae9dcf2284ccd2",
                "d747838020a9a6faa5b0393a7e7944e0672fefd87ce68231214fee3889ffaaa1",
                "8bcc9d6531f9186e0d103aec5791e9dc22d1840bf48fde5d44f3f7b3b81aaea4",
                "d603d42db26b96b000e585b1f59149e9bc38f48f91e272ceefb2c6c1d1a87593",
                "f8b50f42bef9d8a084357969f636c6704ced1cd086f8a79c49b2544b84c1fa33",
                "a92ccbfccb4c8bc6db15fe0019284f23a9a28122e621933ee430d1e3288a1861",
                "be463d821d5bc07dea2007b3efcdd280c5f0f81f5cfcff7ffaf068116fc3724a"
            ],
            "type": "Document",
            "firstPartyCookies": {},
            "firstPartyCookiesSent": {},
            "exampleSites": [
                "androidmtk.com",
                "blitsy.com",
                "game-solver.com",
                "gamesnostalgia.com",
                "pokemoninfinitefusion.io",
                "returnofrock.com",
                "ward3.com",
                "www.crochetpatterns.in",
                "www.datamentor.io",
                "www.deceptology.com"
            ]
        },
        {
            "rule": "8proof\\.com\\/app\\/win",
            "cookies": 0,
            "fingerprinting": 0,
            "subdomains": [],
            "apis": {},
            "sites": 7,
            "prevalence": 0.0000477,
            "cnames": [],
            "responseHashes": [
                "e3b0c44298fc1c149afbf4c8996fb92427ae41e4649b934ca495991b7852b855"
            ],
            "type": "Image",
            "firstPartyCookies": {},
            "firstPartyCookiesSent": {},
            "exampleSites": [
                "androidmtk.com",
                "blitsy.com",
                "gamesnostalgia.com",
                "pokemoninfinitefusion.io",
                "ward3.com",
                "www.crochetpatterns.in",
                "www.deceptology.com"
            ]
        },
        {
            "rule": "8proof\\.com\\/ads\\/assets\\/fonts\\/montserrat-v25-latin-800\\.woff2",
            "cookies": 0,
            "fingerprinting": 0,
            "subdomains": [
                "cdn"
            ],
            "apis": {},
            "sites": 10,
            "prevalence": 0.0000682,
            "cnames": [],
            "responseHashes": [],
            "type": "Font",
            "firstPartyCookies": {},
            "firstPartyCookiesSent": {},
            "exampleSites": [
                "androidmtk.com",
                "blitsy.com",
                "game-solver.com",
                "gamesnostalgia.com",
                "pokemoninfinitefusion.io",
                "returnofrock.com",
                "ward3.com",
                "www.crochetpatterns.in",
                "www.datamentor.io",
                "www.deceptology.com"
            ]
        },
        {
            "rule": "8proof\\.com\\/ads\\/assets\\/fonts\\/montserrat-v25-latin-600\\.woff2",
            "cookies": 0,
            "fingerprinting": 0,
            "subdomains": [
                "cdn"
            ],
            "apis": {},
            "sites": 10,
            "prevalence": 0.0000682,
            "cnames": [],
            "responseHashes": [],
            "type": "Font",
            "firstPartyCookies": {},
            "firstPartyCookiesSent": {},
            "exampleSites": [
                "androidmtk.com",
                "blitsy.com",
                "game-solver.com",
                "gamesnostalgia.com",
                "pokemoninfinitefusion.io",
                "returnofrock.com",
                "ward3.com",
                "www.crochetpatterns.in",
                "www.datamentor.io",
                "www.deceptology.com"
            ]
        }
    ],
    "categories": [],
    "performance": {},
    "cookies": 0,
    "topInitiators": [
        {
            "domain": "googlesyndication.com",
            "prevalence": 0.7241379310344828
        },
        {
            "domain": "doubleclick.net",
            "prevalence": 0.27586206896551724
        }
    ],
    "types": {
        "Document": 10,
        "Image": 7,
        "Font": 20
    },
    "nameservers": [
        "ns1.dnsmadeeasy.com",
        "ns4.dnsmadeeasy.com",
        "ns3.dnsmadeeasy.com",
        "ns2.dnsmadeeasy.com",
        "ns0.dnsmadeeasy.com"
    ]
}