{
    "domain": "8proof.com",
    "owner": {},
    "source": [
        "DuckDuckGo-US"
    ],
    "prevalence": 0.0000885,
    "sites": 13,
    "subdomains": [
        "cdn"
    ],
    "cnames": [],
    "fingerprinting": 0,
    "resources": [
        {
            "rule": "8proof\\.com\\/app\\/rtbmarkup\\/5111",
            "cookies": 0,
            "fingerprinting": 0,
            "subdomains": [],
            "apis": {},
            "sites": 12,
            "prevalence": 0.0000817,
            "cnames": [],
            "responseHashes": [
                "95d4c07d20f8ed3394e8f89acced6975bda2a24961a225d4240eb580fe1b96bb",
                "0664d6eb63e523a7497d5690685b077ef2b9c0f5a40d46cc4d9a0d3566c995ee",
                "7cc6f721d84197f1e7a665a37a1d067fbb47a2fc1ed9d98885cc6d85484f0885",
                "3f3aa53e81d3b708a7f5892ae2afb8a441b16e4b398c5b172bf1eebc0dd29d31",
                "a33348032f2aa8007521b73b50a7ba011df5964826f3100d2fe18d4b5a20a75f",
                "a5b170356712d2214062a72cfda05e8fb1f8ab2374723cd532035f5a0e30c587",
                "5dcfd9568b9efc00d72c81df237c480e8a6c8d47718e1209f3b7771a48fa435a",
                "64ddd818e0eb23cee592f351addfee8a634abdd01bfe3aa21fccfd3fedcb2068",
                "b4968f035a06faa36eeec4bc7691988193e385beb7daa896e9e0015fde3f2a0c"
            ],
            "type": "Document",
            "firstPartyCookies": {},
            "firstPartyCookiesSent": {},
            "exampleSites": [
                "blitsy.com",
                "game-solver.com",
                "pdfroom.com",
                "returnofrock.com",
                "visaguide.world",
                "ward3.com",
                "wearellison.com",
                "www.brightestgames.com",
                "www.communityheritagemaps.com",
                "www.eclipseaviation.com",
                "www.leicestershirevillages.com",
                "www.schengenvisainfo.com"
            ]
        },
        {
            "rule": "8proof\\.com\\/ads\\/assets\\/fonts\\/montserrat-v25-latin-800\\.woff2",
            "cookies": 0,
            "fingerprinting": 0,
            "subdomains": [
                "cdn"
            ],
            "apis": {},
            "sites": 11,
            "prevalence": 0.0000749,
            "cnames": [],
            "responseHashes": [],
            "type": "Font",
            "firstPartyCookies": {},
            "firstPartyCookiesSent": {},
            "exampleSites": [
                "blitsy.com",
                "game-solver.com",
                "pdfroom.com",
                "returnofrock.com",
                "ward3.com",
                "wearellison.com",
                "www.brightestgames.com",
                "www.communityheritagemaps.com",
                "www.eclipseaviation.com",
                "www.leicestershirevillages.com",
                "www.schengenvisainfo.com"
            ]
        },
        {
            "rule": "8proof\\.com\\/ads\\/assets\\/fonts\\/montserrat-v25-latin-600\\.woff2",
            "cookies": 0,
            "fingerprinting": 0,
            "subdomains": [
                "cdn"
            ],
            "apis": {},
            "sites": 11,
            "prevalence": 0.0000749,
            "cnames": [],
            "responseHashes": [],
            "type": "Font",
            "firstPartyCookies": {},
            "firstPartyCookiesSent": {},
            "exampleSites": [
                "blitsy.com",
                "game-solver.com",
                "pdfroom.com",
                "returnofrock.com",
                "ward3.com",
                "wearellison.com",
                "www.brightestgames.com",
                "www.communityheritagemaps.com",
                "www.eclipseaviation.com",
                "www.leicestershirevillages.com",
                "www.schengenvisainfo.com"
            ]
        },
        {
            "rule": "8proof\\.com\\/app\\/win",
            "cookies": 0,
            "fingerprinting": 0,
            "subdomains": [],
            "apis": {},
            "sites": 6,
            "prevalence": 0.0000408,
            "cnames": [],
            "responseHashes": [
                "e3b0c44298fc1c149afbf4c8996fb92427ae41e4649b934ca495991b7852b855"
            ],
            "type": "Image",
            "firstPartyCookies": {},
            "firstPartyCookiesSent": {},
            "exampleSites": [
                "blitsy.com",
                "wearellison.com",
                "www.brightestgames.com",
                "www.communityheritagemaps.com",
                "www.eclipseaviation.com",
                "www.leicestershirevillages.com"
            ]
        },
        {
            "rule": "8proof\\.com\\/app\\/win",
            "cookies": 0,
            "fingerprinting": 0,
            "subdomains": [],
            "apis": {},
            "sites": 2,
            "prevalence": 0.0000136,
            "cnames": [],
            "responseHashes": [],
            "type": "Fetch",
            "firstPartyCookies": {},
            "firstPartyCookiesSent": {},
            "exampleSites": [
                "game-solver.com",
                "ward3.com"
            ]
        }
    ],
    "categories": [],
    "performance": {},
    "cookies": 0,
    "topInitiators": [
        {
            "domain": "googlesyndication.com",
            "prevalence": 1
        }
    ],
    "types": {
        "Document": 12,
        "Font": 22,
        "Image": 6,
        "Fetch": 2
    },
    "nameservers": [
        "ns0.dnsmadeeasy.com",
        "ns1.dnsmadeeasy.com",
        "ns4.dnsmadeeasy.com",
        "ns2.dnsmadeeasy.com",
        "ns3.dnsmadeeasy.com"
    ]
}