{
    "domain": "a11k.com",
    "owner": {},
    "source": [
        "DuckDuckGo-US"
    ],
    "prevalence": 0.00149,
    "sites": 218,
    "subdomains": [
        "b",
        "bts"
    ],
    "cnames": [],
    "fingerprinting": 1,
    "resources": [
        {
            "rule": "a11k\\.com\\/banner\\/in\\/show\\/",
            "cookies": 0,
            "fingerprinting": 0,
            "subdomains": [
                "b"
            ],
            "apis": {},
            "sites": 161,
            "prevalence": 0.0011,
            "cnames": [],
            "responseHashes": [
                "968b17baf99ffc8097fdbe0d8552113c2f6e7da2a63e3967f24811e2e2e0a312",
                "7be3fdc8923525c35cd5c0f11f78d0b5e2263978371826f7f2599573bb9e9a40",
                "2f6352048449f9f91e5c556e49f81b65df8fcbe2eb15c7ffb6edd37a17c97dfa",
                "b791c36073049f3fa8e4e39ee07af44f78f88a9b7429820dc1d29ace9d15a8fd",
                "c48aba39f82031373ea0249701c8e38438bb0210d94fb76b8c6e81be3ba7b86a",
                "fc7341e69d5c7860bfa5315726b8c6d46fcb418a2a9d918b6d16748df7347309",
                "5a19011e4e3eb34810941624216bd55f6aed63e0d355d8e7e6983f81f9310f3d",
                "1adffadfc7131a5b5b46c9884d418ce6b62e4d4b42b5ccdcf5a1da859b39701e",
                "cb484f7db86ed8b540a738cd3afc378235c8e729cc50ae23cb48618a59aa4107",
                "f1c1adceefd92332307d47dc12d74579a806c705a8416d4577f6ed24c44e86d7"
            ],
            "type": "Document",
            "firstPartyCookies": {},
            "firstPartyCookiesSent": {
                "lotame_domain_check": 0.000013633265167007499
            },
            "exampleSites": [
                "www.zenporn.com",
                "bananamovies.org",
                "lovejav.net",
                "www.xxxcom.asia",
                "www.bokepsin.cam",
                "moviesrush.lat",
                "incestsex.net",
                "zenporn.com",
                "sexhd.porn",
                "kanzenin.xyz",
                "mm.pornodomka.org",
                "www.playcrot.com",
                "playcrot.com",
                "www.avtub.bond",
                "bangpinay.com",
                "bollywoodxxx.pro",
                "the-moms.com",
                "xxxstream.me",
                "videking.com",
                "www.perverzija.com"
            ]
        },
        {
            "rule": "a11k\\.com\\/get\\/",
            "cookies": 0,
            "fingerprinting": 0,
            "subdomains": [
                "b"
            ],
            "apis": {},
            "sites": 26,
            "prevalence": 0.000177,
            "cnames": [],
            "responseHashes": [
                "6ed89d7afe32571af228ca1eb1bf5ee853052d7188f1a2e73ff87100e1dbb5fa",
                "b97276e169fb4f0e153ca497a735c6d267d1f7435e98f36f752c8530d87b744b",
                "fa89eff30e52fb45d3ff8d649c5bb865b2e08a070308d097da8d774f5f36a8e3",
                "0aec41a7d553add381865a6f0fd6c9de4192842c20a6abde5dccb39996ac9ce6",
                "499c74a37e38e846b41058f323e66b690a14707db512652087873aa7a4dc9aee",
                "2585f673eea58a76fecdb2ab039059a62e08fd7530e5b3bc3646079fe86bde7f",
                "d6497eb290804051570f143e0f51d1343f1e5a491614cb592e5cc7085de1ce72",
                "1f9114e88f22969c5bd505f86ed99ba314cd12b03221b1d1216326f9d7ebb4ea",
                "2bd80272dd733f0aee0fc9d8b22b874f08b55e96f29a4abc4b5cb7dc5b27a576",
                "d3aa885885465f9d9f2294ea22863354310fe3c1dff26e3925d790da670ccac2",
                "1931393f97ed77d5800c1e3e6c0b1e54f8f58d3f08e35f449099216813d05930",
                "76be873b3805ef65e9d64afb9df69a29df746c35edc8c7e3c1ef4308279f10e3",
                "780b6c0ca488001e0e0dea3874eb5ee4c6c5e3be8ebec8db779b3f7f396057a5",
                "fe292a749733c9d61c960674f812297fe9ba8c213503e2a6ff4f5e4106195ff4",
                "e2ea3f7fb1d37c41ee6328c35fb6d1be31b908c3e91f300ce28978246150ff80",
                "23fd9be6c9d9d106a9ba73c39f949f4f85d5c017756b2b60685fca99415d6c8a",
                "275018a65d59cfddf8199eef0c2fe2eff696db6185aec22dd655ccdd38860747",
                "8f8528d13e9bfe4facbdd281a7732d52e1f85497cc1b1e2b3c3592260a1dade4",
                "16aaebc56c194ab07fa18b886d327cdddb81f3d6d2224ed9ca400886c8f3d418",
                "51b59d3fe9051e199183938e1f0de3c02147e294732af777852ad9260141f7aa",
                "e4e1307944a3dbc2725df9210c09e64e499d44f33201d07e092677365a2672fe",
                "8fea3c67564835363e26cbbd5dc300e710422b7cd80b64764055a58de15046ca",
                "5d911c163dcd530771beea3c771772449a6587b62b548113b1cc8b1e0c2b05f6"
            ],
            "type": "Document",
            "firstPartyCookies": {},
            "firstPartyCookiesSent": {},
            "exampleSites": [
                "see.xxx",
                "upornia.com",
                "porn555.com",
                "porntop.com",
                "tporn.xxx",
                "pornzog.com",
                "xmilf.com",
                "txxx.com",
                "inporn.com",
                "txxx.tube",
                "tubepornclassic.com",
                "vxxx.com",
                "m.porn555.com",
                "hotmovs.com",
                "vjav.com",
                "javdaddy.com",
                "dporn.com",
                "blackporn.tube",
                "hdzog.com",
                "voyeurhit.com"
            ]
        },
        {
            "rule": "a11k\\.com\\/in\\/2663\\/",
            "cookies": 0,
            "fingerprinting": 0,
            "subdomains": [
                "bts"
            ],
            "apis": {},
            "sites": 8,
            "prevalence": 0.0000545,
            "cnames": [],
            "responseHashes": [
                "6cec033d2559fd459ef228c5d2aa3cf037fe25cd6385c2921ab9745d487973a4",
                "6bf2638b93fd5b76ec7851409a0685f4cd7ba820263fd26d62e8a57530cdfd0e"
            ],
            "type": "Script",
            "firstPartyCookies": {},
            "firstPartyCookiesSent": {},
            "exampleSites": [
                "celebsnews.org",
                "fuckble.com",
                "leakhive.com",
                "nudesleaked.net",
                "slutmesh.net",
                "thotbook.gg",
                "thothub.vip",
                "viralpornhub.com"
            ]
        },
        {
            "rule": "a11k\\.com\\/banner\\/in\\/show\\/",
            "cookies": 0,
            "fingerprinting": 0,
            "subdomains": [
                "b"
            ],
            "apis": {},
            "sites": 2,
            "prevalence": 0.0000136,
            "cnames": [],
            "responseHashes": [
                "1866961a029c65376fefb7f2ba1e6187e09ff50ea58d97dedfd72c197947d002"
            ],
            "type": "Image",
            "firstPartyCookies": {},
            "firstPartyCookiesSent": {},
            "exampleSites": [
                "porntop.com",
                "voyeurhit.com"
            ]
        }
    ],
    "categories": [],
    "performance": {},
    "cookies": 0.00000682,
    "topInitiators": [
        {
            "domain": "rtbrenab.com",
            "prevalence": 0.3826086956521739
        },
        {
            "domain": "first party",
            "prevalence": 0.3515527950310559
        },
        {
            "domain": "cabnnr.com",
            "prevalence": 0.1937888198757764
        },
        {
            "domain": "nv7s.com",
            "prevalence": 0.0484472049689441
        },
        {
            "domain": "rtbbnr.com",
            "prevalence": 0.02360248447204969
        }
    ],
    "types": {
        "Document": 187,
        "Script": 8,
        "Image": 2
    },
    "nameservers": [
        "dilbert.ns.cloudflare.com",
        "asa.ns.cloudflare.com"
    ]
}