{
    "domain": "a11k.com",
    "owner": {},
    "source": [
        "DuckDuckGo-US"
    ],
    "prevalence": 0.000518,
    "sites": 76,
    "subdomains": [
        "b",
        "bts"
    ],
    "cnames": [],
    "fingerprinting": 0,
    "resources": [
        {
            "rule": "a11k\\.com\\/get\\/",
            "cookies": 0,
            "fingerprinting": 0,
            "subdomains": [
                "b"
            ],
            "apis": {},
            "sites": 27,
            "prevalence": 0.000184,
            "cnames": [],
            "responseHashes": [
                "562b6f67f970d010e2522eedb10da02022ae03212c42f53083f539f936f8e816",
                "95c67e85b6365fe0f39480846d4f122a3f93681074439181789616149a063d2e",
                "47e1bf2f4d25991c88c32cf0ebedcf24a422f40ba9defa71b29b94ce524ee140",
                "7bfdf9c67f06a2cdaf41931df0d4f1d0d3f0879584b6d207c878781cf4f2144d",
                "c803bd5c7332ba5920051943f9baf2fede8c4d8d17ebe1703b54b8be214bd74c",
                "4862611364e32c68c0671f2296a16a9d2fe74a2f896e1925d789fe64d261eeb1",
                "00f035e91afb5c4cf5e9ec21bd566d0c3388f91d0f5e96b2127a2add649e770d",
                "d43e28c0ccd1903b0ea8c0fc45272e274c733c43e21d701ae6d4b0093e849d50",
                "5f7da6f5ef50eb92e166d5308f8b3884c91047b8606eb742d735619009bc558c",
                "a354eb70234cde8be4149ab66f8b439f619f8d138757b93c602629c3291c4436",
                "6118f2c85c86d0d702ac663ac2c500914795ebc38edaa4747b8fdb35912a087c",
                "7661a8e7590160d90d8f6b9ae21ddb0ffcc3d3d39b55f44466ef0e2d2002a81e",
                "14cba755995bb275e45365fde1a9e26906b52124abfa80a3612280bea9840e34",
                "bb55af837cb2bc996931b6cf1067a37af13867daacb3cc19f8180707aa7733d9",
                "26bdc2c6e6eeffa948417481e04b2f2b5736a3d86864623d183c3ec5bf4977ed",
                "48ceee04106269fcf1961eb2a986dcffc0c237b36a0beee6d34bc20704afb664",
                "07f85412f2f68e908ad69603c0a9d1e2b56efdcb61f6bbcf8aa6a2d1b244790f",
                "90dee639db7451aa8370d99278b52290920ba4bc7a653c7ff1bfdd6e6cb6d0de",
                "80e39503f0bdee0077496052e6f8fd1098115b7fde0a444c31d6f840d4b31ac5",
                "be4debaf7463606d41149cf397177b3446713a9705b4df1e0ad07e6c80376b09",
                "a83aface9e600c51778c1d5af05af1f5a5a19b9c2d8dd5da13255d68273cf6af",
                "f1283abd93d143c600d5a41a646b316d3548651e9ea53f77bce6829538d34800",
                "879f86a5bc6e3d7a0a80629137c117fd1a62ceccd09ac77b40a069f712d93d58",
                "7fa74a8ab3461394abd6358b8565fbff1d1eb90e3457ea06c4ef1da93d37ce71",
                "ddf7b8705aaeb1f011b0386f083c29a898cf08d2e112f60e6b521fca1f466550"
            ],
            "type": "Document",
            "firstPartyCookies": {},
            "firstPartyCookiesSent": {},
            "exampleSites": [
                "porntop.com",
                "m.see.xxx",
                "hotmovs.com",
                "inporn.com",
                "vxxx.com",
                "m.porn555.com",
                "blackporn.tube",
                "see.xxx",
                "voyeurhit.com",
                "hdzog.com",
                "vjav.com",
                "txxx.tube",
                "javdaddy.com",
                "hclips.com",
                "upornia.com",
                "dporn.com",
                "tubepornclassic.com",
                "desi-porn.tube",
                "porngo.xxx",
                "bdsmx.tube"
            ]
        },
        {
            "rule": "a11k\\.com\\/banner\\/in\\/show\\/",
            "cookies": 0,
            "fingerprinting": 0,
            "subdomains": [
                "b"
            ],
            "apis": {},
            "sites": 27,
            "prevalence": 0.000184,
            "cnames": [],
            "responseHashes": [
                "504d2409f0a707a4162250f3c6480cbd73eee366ecc20905e4bd5b980962e348",
                "8a97a9e10d00eb173830999ade9316058bdb18392f5a9a2d485b0497cecff2b5",
                "d8f7f7c74b760a8e36f38eff6d729596accac70e297e2356735ca3dff2c01cab",
                "6185c113e935a81218248d67e4250150fe0b208234e83b346485e4dd47080d87"
            ],
            "type": "Document",
            "firstPartyCookies": {},
            "firstPartyCookiesSent": {},
            "exampleSites": [
                "bdsmx.tube",
                "tubepornclassic.com",
                "m.porn555.com",
                "tporn.xxx",
                "hotmovs.com",
                "upornia.com",
                "pornzog.com",
                "porntop.com",
                "desi-porn.tube",
                "m.see.xxx",
                "hdzog.com",
                "porn555.com",
                "see.xxx",
                "vxxx.com",
                "blackporn.tube",
                "porngo.xxx",
                "inporn.com",
                "voyeurhit.com",
                "vjav.com",
                "dporn.com"
            ]
        },
        {
            "rule": "a11k\\.com\\/in\\/tishow\\/",
            "cookies": 0,
            "fingerprinting": 0,
            "subdomains": [
                "bts"
            ],
            "apis": {},
            "sites": 38,
            "prevalence": 0.000259,
            "cnames": [],
            "responseHashes": [
                "d3658e01e4622f35fec1fe947d85c9d5525d2800470f5cd7a356ed5b99f35bd5",
                "8f9b81748bfd27146db63c47b42ba7f1290a733f406a76da02ed677385c079e1"
            ],
            "type": "Document",
            "firstPartyCookies": {},
            "firstPartyCookiesSent": {},
            "exampleSites": [
                "www.bokepsin.cam",
                "boomba.club",
                "scatkings.com",
                "www.bokepmesum.sbs",
                "vjav.com",
                "doood.co",
                "xnxxbest.pro",
                "sexhd.porn",
                "pornwithtext.com",
                "zenporn.com",
                "www.playcrot.com",
                "www.mydesi2.net",
                "colmeklink.top",
                "justthegays.com",
                "hotmovs.com",
                "hdzog.com",
                "slutmesh.net",
                "www.bokepsan.net",
                "titis.org",
                "www.bokepmesum.cfd"
            ]
        },
        {
            "rule": "a11k\\.com\\/banner\\/in\\/show\\/",
            "cookies": 0,
            "fingerprinting": 0,
            "subdomains": [
                "b"
            ],
            "apis": {},
            "sites": 4,
            "prevalence": 0.0000273,
            "cnames": [],
            "responseHashes": [
                "1866961a029c65376fefb7f2ba1e6187e09ff50ea58d97dedfd72c197947d002"
            ],
            "type": "Image",
            "firstPartyCookies": {},
            "firstPartyCookiesSent": {},
            "exampleSites": [
                "javdaddy.com",
                "porngo.xxx",
                "see.xxx",
                "voyeurhit.com"
            ]
        }
    ],
    "categories": [],
    "performance": {},
    "cookies": 0,
    "topInitiators": [
        {
            "domain": "first party",
            "prevalence": 0.7017994858611826
        },
        {
            "domain": "rtbrenab.com",
            "prevalence": 0.13881748071979436
        },
        {
            "domain": "nv7s.com",
            "prevalence": 0.10282776349614396
        },
        {
            "domain": "tsyndicate.com",
            "prevalence": 0.028277634961439587
        },
        {
            "domain": "rtbbnr.com",
            "prevalence": 0.02313624678663239
        },
        {
            "domain": "7da3a14504.com",
            "prevalence": 0.005141388174807198
        }
    ],
    "types": {
        "Document": 92,
        "Image": 4
    },
    "nameservers": [
        "dilbert.ns.cloudflare.com",
        "asa.ns.cloudflare.com"
    ]
}