{
    "domain": "a11k.com",
    "owner": {},
    "source": [
        "DuckDuckGo-US"
    ],
    "prevalence": 0.00147,
    "sites": 215,
    "subdomains": [
        "b",
        "bts"
    ],
    "cnames": [],
    "fingerprinting": 1,
    "resources": [
        {
            "rule": "a11k\\.com\\/banner\\/in\\/show\\/",
            "cookies": 0,
            "fingerprinting": 0,
            "subdomains": [
                "b"
            ],
            "apis": {},
            "sites": 156,
            "prevalence": 0.00106,
            "cnames": [],
            "responseHashes": [
                "834c12115b0d032598cf804dd273af22da9af3ff39d4cf6f3ec0636479b89f51",
                "968b17baf99ffc8097fdbe0d8552113c2f6e7da2a63e3967f24811e2e2e0a312",
                "a172e20bb0be4c1beb698a4c25d769ad31ad47bf027de63f31d77eff1d568c44",
                "9dc45bd8c49ae4004a30084bd4dfd00e301b04e9bbd317ef38f122a2a2617ead",
                "d8c1fae37a8e9e2f84dd2757373bb99fa6ce3ab88a6323f7b696e64218458a47",
                "5e1fdb92e313befed1cd4a58d5dbda9795554ccdf514b1fed63772ffe0ec6989",
                "a285de224c7c28f6e34b1efa916f9f149407f6df668b416a095b6e59d8dcf296",
                "79a7d10998c4145760a6f954f3e8709099935a38f44d02e05b851686f149ee7b",
                "c211f9a903da8f06d1819e24ef13f95b263797f6dfb72ef5bf81c80d4ab01ce0",
                "3dd16f766e5dda3acd87b8aa7c6606ae210e53e4f1b069d1738bdb860641a5f5",
                "3d603b2d01f4cf2d449ba340db63b383727a7b2dfe140d9cb2375c240564c720",
                "96390cdf512837657e4b0290d285adcf490c72dc01c9244c1a5c1dd0a2b58b24",
                "fc7341e69d5c7860bfa5315726b8c6d46fcb418a2a9d918b6d16748df7347309",
                "0699cf4fd889148e9de7736956457cd10aa8fb699e5ba56cad92c19e824c7858",
                "f8ad4c939ee6012e0d61582b5cb6f9a7b9ef79a234a438ccb19f2e84b4e14405",
                "2ce3624d8ca8c5203cf410651b4e8623e4e345b28d7ee9c0183bd261f312c13b",
                "c9e9b44b169f4ae72ba48198af5b50ef6d246edf3ac8f9eefa02d13907b2c9ea",
                "711439e6f636ef835cd3741b66559a8ce707f0b03413faff32afd9a1ec8764ed",
                "bd0b96bfa55e6c78878875e8372cfcf9443ff310c9d209b65625b2f2740f762e"
            ],
            "type": "Document",
            "firstPartyCookies": {},
            "firstPartyCookiesSent": {
                "lotame_domain_check": 0.000013635774818814642
            },
            "exampleSites": [
                "vxxx.com",
                "www.voyeur-house.life",
                "www.zenporn.com",
                "playcrot.top",
                "javdaddy.com",
                "www.pornhits.com",
                "tabooporns.com",
                "inporn.com",
                "www.onlyporn.tube",
                "xmilf.com",
                "watchpornx.com",
                "m.porn555.com",
                "www.playcrot.com",
                "zenporn.com",
                "bokepsan.net",
                "vulgarx.com",
                "italianvidxxx.com",
                "v.javhdo.net",
                "www.xmegadrive.com",
                "freescatporntube.com"
            ]
        },
        {
            "rule": "a11k\\.com\\/banner\\/in\\/show\\/",
            "cookies": 0,
            "fingerprinting": 0,
            "subdomains": [
                "b"
            ],
            "apis": {},
            "sites": 6,
            "prevalence": 0.0000409,
            "cnames": [],
            "responseHashes": [
                "1866961a029c65376fefb7f2ba1e6187e09ff50ea58d97dedfd72c197947d002"
            ],
            "type": "Image",
            "firstPartyCookies": {},
            "firstPartyCookiesSent": {},
            "exampleSites": [
                "bananamovies.org",
                "bdsmx.tube",
                "hdzog.com",
                "tubepornclassic.com",
                "voyeurhit.com",
                "zenporn.com"
            ]
        },
        {
            "rule": "a11k\\.com\\/get\\/",
            "cookies": 0,
            "fingerprinting": 0,
            "subdomains": [
                "b"
            ],
            "apis": {},
            "sites": 26,
            "prevalence": 0.000177,
            "cnames": [],
            "responseHashes": [
                "a1205c6c40df68f446dafef758f4c34bb58972eb10bb31375ba861f3da51f6e4",
                "a9efd6a4404b8a3a13c30ae431b22e10909add31b008464f9ed56915ae67aa96",
                "ed9bedd1deddf8c6b100095aceda12440b72bf12314b1f15e0038059a3e70485",
                "fd62b49a5ce969cfb4e051023e9db009cef978c2c5e34f4fa1386d2122de4dfe",
                "edb0402280cf1bdb84cba327ea9536d9c05934f1f6fc6a8e1a4517bebfebfd84",
                "4909fdce0daa8c171850d569e5da8928a5693c1c5084d7de9c1f72e88a803e52",
                "c7458fb54a9e668ea5e802bae18054e74c21fbb070c3850387a21b9b91bb2b52",
                "aa765ed2375e9c6a105789856678bf66ce002c85216d185ab8c4cd4ac1716e7c",
                "f8b93ff9206e0efa04ce78ce0e1853e0e30b07530e9151c112625fea07bed033",
                "1d7cf50a5eabb288e67325395090b690d51670bad7a18320a33fcde1f95420a0",
                "28b444f56b0838e9712c4e7eff941f2eb30d8f71ce0b6ba5b28e10ab04cc3326",
                "2cc793812a62ce503453bf1c3b54d031f7040835c65e9f9059ce1daa6239a1d7",
                "e15f665c3fc180626a3514f455b123d20441f4e633fb914b78aa33e0fb1795b6",
                "b478ac2542a765e310a12955058c3216f110183c141a197de45094a50462d862",
                "ffb43f9279ed815433f7885fc185e2318ccfb9dd13383b76478c08a9c0549e37",
                "390feea4200cf1b5e35d4b4105204141d67e63136f67a9b203e412b92133cc72",
                "8abb18e42e4fa8a94ff088e7bbf995aeb0e8f419ab4934f7ad8d5ca8e322efa0",
                "54bb9636035fbbc901978e9ba555f8dd964462c128c5908297143385d3a0aeec",
                "b7a8bb35e593285a7437f742bab7a6ac06ae583e7747ba8a98bff56a533fc73b",
                "62495571ce1a743d3c194db860373ed561c27f7e6a5c1319fb1b819eb470c7ff",
                "889cf51f59e9121ade46f6e681d7f3c82c6eb04e47f47909be95c8ebde6bb31b",
                "2d621f55791a23c42ee2a5a56b306936512e1e635f565989d67cc3a3c2d9a7d7",
                "58451ed28fba8843f456625d92731b27169244b4b3aa09af89521f2980dac882"
            ],
            "type": "Document",
            "firstPartyCookies": {},
            "firstPartyCookiesSent": {},
            "exampleSites": [
                "vxxx.com",
                "porn555.com",
                "m.porn555.com",
                "tporn.xxx",
                "m.see.xxx",
                "hdzog.com",
                "desi-porn.tube",
                "voyeurhit.com",
                "dporn.com",
                "hotmovs.com",
                "xmilf.com",
                "see.xxx",
                "blackporn.tube",
                "inporn.com",
                "porntop.com",
                "txxx.com",
                "hclips.com",
                "vjav.com",
                "upornia.com",
                "thegay.porn"
            ]
        },
        {
            "rule": "a11k\\.com\\/in\\/2663\\/",
            "cookies": 0,
            "fingerprinting": 0,
            "subdomains": [
                "bts"
            ],
            "apis": {},
            "sites": 6,
            "prevalence": 0.0000409,
            "cnames": [],
            "responseHashes": [
                "6bf2638b93fd5b76ec7851409a0685f4cd7ba820263fd26d62e8a57530cdfd0e"
            ],
            "type": "Script",
            "firstPartyCookies": {},
            "firstPartyCookiesSent": {},
            "exampleSites": [
                "celebsnews.org",
                "leakhive.com",
                "leakhub.vip",
                "nudesleaked.net",
                "slutmesh.net",
                "thotbook.gg"
            ]
        }
    ],
    "categories": [],
    "performance": {},
    "cookies": 0.00000682,
    "topInitiators": [
        {
            "domain": "first party",
            "prevalence": 0.37581274382314694
        },
        {
            "domain": "rtbrenab.com",