{
    "domain": "a47b.com",
    "owner": {},
    "source": [
        "DuckDuckGo-US"
    ],
    "prevalence": 0.00017,
    "sites": 25,
    "subdomains": [
        "aam",
        "ajs",
        "a"
    ],
    "cnames": [],
    "fingerprinting": 2,
    "resources": [
        {
            "rule": "a47b\\.com\\/aam",
            "cookies": 0,
            "fingerprinting": 1,
            "subdomains": [
                "aam"
            ],
            "apis": {
                "Date.prototype.getTimezoneOffset": 16,
                "Date.prototype.getTime": 16
            },
            "sites": 23,
            "prevalence": 0.000157,
            "cnames": [],
            "responseHashes": [
                "9a069d6be947625979f11db076c487e8cbb61416622b83d380be758180b8c476",
                "723801f158c4d0a9060d7b035e341532486719fac21b5867d794d0262c87b4f8",
                "0b773c444a2cc559ef4510eee7723f590982413f01de0985e54fd2d1eccd297b",
                "9ba7505513dde35e73d97c2e8a6f49c7f9e8494c15bf2f82667fde4ad98d3f02",
                "dca69b2736e03a248d9d1a0f0432a18dbf99c95ec27d52f395585bbfc51266a5",
                "4c09ec477a6aa7d51a050258283a684f3465adb5ee83b6b91f11d3cef0fc5474",
                "beb35d9ae89621638bc06ea64f278169726ceeb91813f41fec3a9c252169741f",
                "43c08146ef4712aaea15c277e8e911f132a774e7e9241ad8079e8e70b83b5504",
                "63d6e82237c11ff96bed8d74b8f0d5eea7b52b32fe32ea6785e9e01474d78f85",
                "d47d88a74ef4f6a6f7556840cb8e504ec4923211d35b972869b9c65b965465e9",
                "24aec0e34e13c439fdf3e877bf8866220f10924ac4804dc7818f0477e3b9c2a5",
                "9677d9ad3ac9c4b5d8896fa8ebb09fab375a15c1b7030aa2ff3bc4506349b139",
                "1651b54c7eaa33e0dac89f15a94264026ae53cc8b6d1d7d529f2ba6ba050be57",
                "819cf2f59f5ab00ec28f95eba473e90c71b9a5347d722cd4af90d7f164302208",
                "13940758ff394fe4cde6e2100ccddc5668e4363322bf462f8c5c3c49a3b71e66",
                "2c4fd057857aca816a54019d0408b6de73b77d0fa7421c319b3213af4f303746",
                "bb7a6173e0cd5a922cab393c7d31f46ed16c860671c59821b78e1153917490c8",
                "8c805a835cb5a84e912b43586f37377ee5dcd9b453faf5fe1e8bde99fbdf990e",
                "11ed423581ffa2ae7375a0c773cac1236b94b28d8824fc4995b2e0109a14c164"
            ],
            "type": "Script",
            "firstPartyCookies": {},
            "firstPartyCookiesSent": {},
            "exampleSites": [
                "finance.yahoo.com",
                "www.armytimes.com",
                "www.marinecorpstimes.com",
                "thenerdyfarmwife.com",
                "www.business-standard.com",
                "www.arcamax.com",
                "boards.cruisecritic.com",
                "news.artnet.com",
                "www.askmefast.com",
                "eater.com",
                "www.geschichte-abitur.de",
                "usacrosswordanswers.com",
                "www.navytimes.com",
                "www.architecturaldigest.com",
                "www.militarytimes.com",
                "campify.jp",
                "cruiseline.com",
                "www.airforcetimes.com",
                "www.vegrecipesofindia.com",
                "www.webbkryss.nu"
            ]
        },
        {
            "rule": "a47b\\.com\\/js\\/mntr\\.min\\.2\\.10\\.2\\.js",
            "cookies": 0,
            "fingerprinting": 2,
            "subdomains": [
                "ajs"
            ],
            "apis": {
                "window.innerWidth": 14,
                "window.innerHeight": 14,
                "Navigator.prototype.userAgent": 14,
                "Screen.prototype.availHeight": 13,
                "Screen.prototype.availWidth": 13
            },
            "sites": 19,
            "prevalence": 0.000129,
            "cnames": [],
            "responseHashes": [
                "55430f3af12f8b2d13051a0ebdc3d2f8467b83286abe64101dd6afa78312eaeb"
            ],
            "type": "Script",
            "firstPartyCookies": {},
            "firstPartyCookiesSent": {},
            "exampleSites": [
                "cruisecritic.com",
                "campify.jp",
                "cruiseline.com",
                "finance.yahoo.com",
                "news.artnet.com",
                "nukadeti.ru",
                "thenerdyfarmwife.com",
                "usacrosswordanswers.com",
                "www.airforcetimes.com",
                "www.armytimes.com",
                "www.askmefast.com",
                "www.business-standard.com",
                "www.geschichte-abitur.de",
                "www.marinecorpstimes.com",
                "www.militarytimes.com",
                "www.navytimes.com",
                "www.sporcle.com",
                "www.vegrecipesofindia.com",
                "www.webbkryss.nu"
            ]
        },
        {
            "rule": "a47b\\.com\\/track\\/mntrjsAssessed",
            "cookies": 0,
            "fingerprinting": 0,
            "subdomains": [
                "a"
            ],
            "apis": {},
            "sites": 14,
            "prevalence": 0.0000953,
            "cnames": [],
            "responseHashes": [
                "e3b0c44298fc1c149afbf4c8996fb92427ae41e4649b934ca495991b7852b855"
            ],
            "type": "Image",
            "firstPartyCookies": {},
            "firstPartyCookiesSent": {},
            "exampleSites": [
                "cruisecritic.com",
                "campify.jp",
                "cruiseline.com",
                "finance.yahoo.com",
                "news.artnet.com",
                "nukadeti.ru",
                "usacrosswordanswers.com",
                "www.airforcetimes.com",
                "www.armytimes.com",
                "www.askmefast.com",
                "www.marinecorpstimes.com",
                "www.militarytimes.com",
                "www.navytimes.com",
                "www.webbkryss.nu"
            ]
        },
        {
            "rule": "a47b\\.com\\/track\\/aamjsResponded",
            "cookies": 0,
            "fingerprinting": 0,
            "subdomains": [
                "a"
            ],
            "apis": {},
            "sites": 3,
            "prevalence": 0.0000204,
            "cnames": [],
            "responseHashes": [
                "e3b0c44298fc1c149afbf4c8996fb92427ae41e4649b934ca495991b7852b855"
            ],
            "type": "Image",
            "firstPartyCookies": {},
            "firstPartyCookiesSent": {},
            "exampleSites": [
                "campify.jp",
                "nukadeti.ru",
                "www.geschichte-abitur.de"
            ]
        },
        {
            "rule": "a47b\\.com\\/track\\/aamjsLoaded",
            "cookies": 0,
            "fingerprinting": 0,
            "subdomains": [
                "a"
            ],
            "apis": {},
            "sites": 3,
            "prevalence": 0.0000204,
            "cnames": [],
            "responseHashes": [
                "e3b0c44298fc1c149afbf4c8996fb92427ae41e4649b934ca495991b7852b855"
            ],
            "type": "Image",
            "firstPartyCookies": {},
            "firstPartyCookiesSent": {},
            "exampleSites": [
                "campify.jp",
                "nukadeti.ru",
                "www.geschichte-abitur.de"
            ]
        },
        {
            "rule": "a47b\\.com\\/track\\/mntrjsRequested",
            "cookies": 0,
            "fingerprinting": 0,
            "subdomains": [
                "a"
            ],
            "apis": {},
            "sites": 3,
            "prevalence": 0.0000204,
            "cnames": [],
            "responseHashes": [
                "e3b0c44298fc1c149afbf4c8996fb92427ae41e4649b934ca495991b7852b855"
            ],
            "type": "Image",
            "firstPartyCookies": {},
            "firstPartyCookiesSent": {},