{
    "domain": "aaxads.com",
    "owner": {
        "name": "Acceptable Ads Exchange",
        "displayName": "Acceptable Ads Exchange"
    },
    "source": [
        "DuckDuckGo-US"
    ],
    "prevalence": 0.000832,
    "sites": 122,
    "subdomains": [
        "c"
    ],
    "cnames": [],
    "fingerprinting": 1,
    "resources": [
        {
            "rule": "aaxads\\.com\\/aax\\.js",
            "cookies": 0,
            "fingerprinting": 1,
            "subdomains": [
                "c"
            ],
            "apis": {
                "window.sessionStorage": 55,
                "window.localStorage": 56,
                "window.innerWidth": 31,
                "window.innerHeight": 31
            },
            "sites": 71,
            "prevalence": 0.000484,
            "cnames": [],
            "responseHashes": [
                "bbc4a1d11d6c6d347149158e8708bc1c9c1163c84bc2f2a1255d3856e7fb3615",
                "b17a69e83e339304267f7fa00882739b1f61ab1288a1b2e2ef83b598dbc6adba",
                "295b701d46faa32ab76c523b3a1755192847d3612046b7dc9667925234007878",
                "42964bbae01f9bb82ad52eec130a968fa8d4fad2bf87840d056f968b701595cf",
                "5b133dc3f68915ce2b4ac3716a55c45b80581425908b310c60e2548004a392cf",
                "99cc18123ed30c317e96eb936ad3d56d772dfa4afd5583f493b0a00bc7eb1aee",
                "e3b0c44298fc1c149afbf4c8996fb92427ae41e4649b934ca495991b7852b855",
                "779d646049935e1ce23b17a61393c6e028fd5f74e4f9f5f5d9ef081ec1cd730c",
                "2aac228d30906a55caddd057526b4ab61fac3dac48cce6b19acd63ccd7200e33",
                "5418832805a290d4fd8f827e548f1f07cad0905a28cde0b59164cf18a8692d74",
                "4d9be59c325c15b9623fdc49b7efa50a1be36a241480f0f869e3f0f99360d7e4",
                "e9eee7ee30191a80a76ca4d8e2de6f957bf4b26dc4c5a52f610b7da96c53a7a8",
                "cb45d001ba1cd97cf68a4770a4abb5eea7f935de2fd4531604fcbf00fb9c8a0a",
                "9695dc68abcd109a8a0fba242b86c74dd2fc4cf2c121411fe71b85d44294a298",
                "9e030c85949963f1ad5f53d9d2ec989fcebfc787c606756ef4d45e1eaa33285c",
                "7bb513758a5c3bd884e3d66d08b2e312180a5e82aa697b73fc268964b18e077c"
            ],
            "type": "Script",
            "firstPartyCookies": {},
            "firstPartyCookiesSent": {
                "lotame_domain_check": 0.00010906612133605999,
                "vPortalRef": 0.000006816632583503749,
                "_li_dcdm_c": 0.000006816632583503749
            },
            "exampleSites": [
                "cars.com",
                "www.forbes.com",
                "www.pcworld.com",
                "www.tmz.com",
                "www.zacks.com",
                "www.fox2detroit.com",
                "futures.tradingcharts.com",
                "www.boredpanda.com",
                "www.ktvu.com",
                "i.stuff.co.nz",
                "www.fox26houston.com",
                "dilei.it",
                "www.livenowfox.com",
                "www.techadvisor.com",
                "www.pcforalla.se",
                "www.macworld.com",
                "filehippo.com",
                "www.insidermonkey.com",
                "www.cars.com",
                "www.fox32chicago.com"
            ]
        },
        {
            "rule": "aaxads\\.com\\/aacxc\\.php",
            "cookies": 0,
            "fingerprinting": 0,
            "subdomains": [
                "c"
            ],
            "apis": {},
            "sites": 12,
            "prevalence": 0.0000818,
            "cnames": [],
            "responseHashes": [
                "e3b0c44298fc1c149afbf4c8996fb92427ae41e4649b934ca495991b7852b855"
            ],
            "type": "Image",
            "firstPartyCookies": {},
            "firstPartyCookiesSent": {},
            "exampleSites": [
                "chapmanganato.com",
                "mangaclash.com",
                "novelebook.net",
                "thekisscartoon.com",
                "w1.opomanga.com",
                "w17.readbluelock.com",
                "ww8.read-onepiecemanga.com",
                "www.angelfire.com",
                "www.genyt.net",
                "www.isu.edu",
                "www.mangapill.com",
                "www.mangageko.com"
            ]
        }
    ],
    "categories": [],
    "performance": {},
    "cookies": 0,
    "topInitiators": [
        {
            "domain": "fox.com",
            "prevalence": 0.27611940298507465
        },
        {
            "domain": "first party",
            "prevalence": 0.19402985074626866
        },
        {
            "domain": "admanmedia.com",
            "prevalence": 0.16417910447761194
        },
        {
            "domain": "d1m2oaypgnddv2.cloudfront.net",
            "prevalence": 0.09701492537313433
        },
        {
            "domain": "iolam.it",
            "prevalence": 0.06716417910447761
        },
        {
            "domain": "adobedtm.com",
            "prevalence": 0.05223880597014925
        },
        {
            "domain": "lovelydrum.com",
            "prevalence": 0.029850746268656716
        },
        {
            "domain": "refinery89.com",
            "prevalence": 0.029850746268656716
        },
        {
            "domain": "media.net",
            "prevalence": 0.022388059701492536
        },
        {
            "domain": "filehippo.net",
            "prevalence": 0.014925373134328358
        }
    ],
    "types": {
        "Script": 71,
        "Image": 12
    },
    "nameservers": [
        "anuj.ns.cloudflare.com",
        "anna.ns.cloudflare.com"
    ]
}