{
    "domain": "ad-adapex.io",
    "owner": {},
    "source": [
        "DuckDuckGo-US"
    ],
    "prevalence": 0.0000613,
    "sites": 9,
    "subdomains": [
        "tg1",
        "serv",
        "servr",
        "player"
    ],
    "cnames": [],
    "fingerprinting": 3,
    "resources": [
        {
            "rule": "ad-adapex\\.io\\/api\\/adserver\\/spt",
            "cookies": 0,
            "fingerprinting": 1,
            "subdomains": [
                "tg1"
            ],
            "apis": {
                "Navigator.prototype.userAgent": 5,
                "Navigator.prototype.appVersion": 5
            },
            "sites": 5,
            "prevalence": 0.0000341,
            "cnames": [],
            "responseHashes": [
                "6fb8680424016179fdf89f62c87c2f0e351195e61b3492b761ef58cdd6649b12",
                "087e5935b740e2b4534c458f6328863f512cb326de5279ba181441ce16c249f7",
                "41662af48ffbaf64043257439fc854e530bd76f481544f77c862ec1fc807b29e",
                "45898b181658daecc6d1beb5389f976c363eb97232228e8d4133eb2600ca63a4"
            ],
            "type": "Script",
            "firstPartyCookies": {},
            "firstPartyCookiesSent": {},
            "exampleSites": [
                "greenwichmeantime.com",
                "segmentnext.com",
                "slippedisc.com",
                "www.israel365news.com",
                "www.l-itineraire.com"
            ]
        },
        {
            "rule": "ad-adapex\\.io\\/api\\/adserver\\/tag\\/",
            "cookies": 0.0000273,
            "fingerprinting": 0,
            "subdomains": [
                "serv"
            ],
            "apis": {},
            "sites": 4,
            "prevalence": 0.0000273,
            "cnames": [],
            "responseHashes": [
                "691cdb2700d043baa81987749d8933e2167308293e38cfd3ab1c2e226b3bde54",
                "132af233414445f0b15cb839055fe1279bda1f296f36399682db0346ebd51950",
                "56dc2785d0c84b12a70bc91de41fbb8725709378d2cf41087ceedd255852353e"
            ],
            "type": "XHR",
            "firstPartyCookies": {},
            "firstPartyCookiesSent": {
                "lotame_domain_check": 0.000020449061388082287
            },
            "exampleSites": [
                "segmentnext.com",
                "www.chatzona.org",
                "www.gentechat.net",
                "www.l-itineraire.com"
            ]
        },
        {
            "rule": "ad-adapex\\.io\\/api\\/adserver\\/s2s",
            "cookies": 0,
            "fingerprinting": 0,
            "subdomains": [
                "servr"
            ],
            "apis": {},
            "sites": 6,
            "prevalence": 0.0000409,
            "cnames": [],
            "responseHashes": [
                "e3b0c44298fc1c149afbf4c8996fb92427ae41e4649b934ca495991b7852b855"
            ],
            "type": "Fetch",
            "firstPartyCookies": {},
            "firstPartyCookiesSent": {
                "lotame_domain_check": 0.00003408176898013714
            },
            "exampleSites": [
                "segmentnext.com",
                "slippedisc.com",
                "www.chatzona.org",
                "www.gentechat.net",
                "www.israel365news.com",
                "www.sweetyhigh.com"
            ]
        },
        {
            "rule": "ad-adapex\\.io\\/script\\/6\\.1\\/player\\.js",
            "cookies": 0,
            "fingerprinting": 1,
            "subdomains": [
                "player"
            ],
            "apis": {
                "Navigator.prototype.userAgent": 5,
                "window.innerHeight": 2,
                "window.innerWidth": 2
            },
            "sites": 6,
            "prevalence": 0.0000409,
            "cnames": [],
            "responseHashes": [
                "b4615b270f1614490ade3e656c3a497aaeb725fc218150238d59df0258a0f3c5"
            ],
            "type": "Script",
            "firstPartyCookies": {},
            "firstPartyCookiesSent": {},
            "exampleSites": [
                "slippedisc.com",
                "www.chatzona.org",
                "www.gentechat.net",
                "www.israel365news.com",
                "www.l-itineraire.com",
                "www.sweetyhigh.com"
            ]
        },
        {
            "rule": "ad-adapex\\.io\\/script\\/6\\.1\\/ab5\\/AVmanager\\.js",
            "cookies": 0,
            "fingerprinting": 2,
            "subdomains": [
                "player"
            ],
            "apis": {
                "Navigator.prototype.userAgent": 2,
                "Screen.prototype.orientation": 2,
                "Navigator.prototype.appVersion": 2,
                "Navigator.prototype.vendor": 2,
                "Date.prototype.getTime": 2,
                "Navigator.prototype.language": 2,
                "window.innerHeight": 2,
                "window.innerWidth": 2,
                "Navigator.prototype.doNotTrack": 2,
                "window.localStorage": 2,
                "Screen.prototype.width": 2,
                "Screen.prototype.height": 2,
                "Navigator.prototype.languages": 1
            },
            "sites": 2,
            "prevalence": 0.0000136,
            "cnames": [],
            "responseHashes": [
                "c7a451b1fee1889fa50cb8015955d034ac4f2d0bc0d4bd12ff199fc6beed8228"
            ],
            "type": "Script",
            "firstPartyCookies": {},
            "firstPartyCookiesSent": {},
            "exampleSites": [
                "slippedisc.com",
                "www.israel365news.com"
            ]
        },
        {
            "rule": "ad-adapex\\.io\\/api\\/adserver\\/tag\\/5\\/",
            "cookies": 0.0000136,
            "fingerprinting": 0,
            "subdomains": [
                "serv"
            ],
            "apis": {},
            "sites": 2,
            "prevalence": 0.0000136,
            "cnames": [],
            "responseHashes": [
                "6ac660122402c69a4763b1b504bae9390fcbb863d1911301a8aee4c7d9b96c24"
            ],
            "type": "XHR",
            "firstPartyCookies": {},
            "firstPartyCookiesSent": {
                "lotame_domain_check": 0.000006816353796027429
            },
            "exampleSites": [
                "slippedisc.com",
                "www.israel365news.com"
            ]
        },
        {
            "rule": "ad-adapex\\.io\\/script\\/6\\.1\\/ab5\\/libs\\/prebid\\/avpb7\\.51\\.0\\.js",
            "cookies": 0,
            "fingerprinting": 2,
            "subdomains": [
                "player"
            ],
            "apis": {
                "window.sessionStorage": 1,
                "Date.prototype.getTime": 1,
                "window.innerWidth": 1,
                "window.innerHeight": 1,
                "Navigator.prototype.doNotTrack": 1,
                "Navigator.prototype.userAgent": 1,
                "Navigator.prototype.language": 1,
                "Navigator.prototype.cookieEnabled": 1,
                "window.localStorage": 1,
                "Document.cookie getter": 1
            },
            "sites": 2,
            "prevalence": 0.0000136,
            "cnames": [],
            "responseHashes": [
                "677bab83edbaf28095393d59cebb7929d4d06499ca6ece8081a430f0fd2efa9d"
            ],
            "type": "Script",
            "firstPartyCookies": {},
            "firstPartyCookiesSent": {},
            "exampleSites": [
                "slippedisc.com",
                "www.israel365news.com"
            ]
        },
        {
            "rule": "ad-adapex\\.io\\/script\\/6\\.1\\/ab5\\/libs\\/prebid\\/avpb7\\.51\\.0a0\\.js",
            "cookies": 0,
            "fingerprinting": 2,
            "subdomains": [
                "player"
            ],
            "apis": {
                "Date.prototype.getTime": 1,
                "Navigator.prototype.userAgent": 1,