{
    "domain": "ad-adapex.io",
    "owner": {},
    "source": [
        "DuckDuckGo-US"
    ],
    "prevalence": 0.0000545,
    "sites": 8,
    "subdomains": [
        "tg1",
        "serv",
        "servr",
        "player"
    ],
    "cnames": [],
    "fingerprinting": 3,
    "resources": [
        {
            "rule": "ad-adapex\\.io\\/api\\/adserver\\/spt",
            "cookies": 0,
            "fingerprinting": 1,
            "subdomains": [
                "tg1"
            ],
            "apis": {
                "Navigator.prototype.userAgent": 4,
                "Navigator.prototype.appVersion": 4
            },
            "sites": 4,
            "prevalence": 0.0000272,
            "cnames": [],
            "responseHashes": [
                "c1a2f09996299ca1edaf6df2d28f7b61c7a49fec17ee4f18f57346d01796bc46",
                "63fd5fe0497ce7572019b65821e87fc8cc75ee1967cbc4f169a95c97325c2721",
                "87349b0fa830507e54b133ed16e988c204a657f0fb08a0bf0f6e5177fa1b94b1"
            ],
            "type": "Script",
            "firstPartyCookies": {},
            "firstPartyCookiesSent": {},
            "exampleSites": [
                "segmentnext.com",
                "www.awakenthegreatnesswithin.com",
                "www.iphonelife.com",
                "www.israel365news.com"
            ]
        },
        {
            "rule": "ad-adapex\\.io\\/api\\/adserver\\/tag\\/",
            "cookies": 0.0000477,
            "fingerprinting": 0,
            "subdomains": [
                "serv"
            ],
            "apis": {},
            "sites": 7,
            "prevalence": 0.0000477,
            "cnames": [],
            "responseHashes": [
                "1c0ee691ab25f957aaf464a7045a9bb0b0e0588f80a7bf9f60f286fc50cf2bb7",
                "835970ca888fd6f00048a6ce5842e1ab6ac19161a593596f04a4ec459e7752f0",
                "75385b84a5e32d48cbab3315ab607efad66283b2bacda0be8aaadefe9665fdfb",
                "08ac4537735c93a4f0b4c229d8a4ec453e2d39f50fb40714acd9ebf983af188d",
                "f407a699507d91827a3011dd855f29eed51a37dace4d3c0933bc116545a48993",
                "b76ed1c34799f65972a893a9987d625e5aa548edccc730d39cd95d79b9e6e01b"
            ],
            "type": "XHR",
            "firstPartyCookies": {},
            "firstPartyCookiesSent": {
                "lotame_domain_check": 0.00006126825283365669
            },
            "exampleSites": [
                "segmentnext.com",
                "www.awakenthegreatnesswithin.com",
                "www.chatzona.org",
                "www.filmtv.it",
                "www.gentechat.net",
                "www.iphonelife.com",
                "www.israel365news.com"
            ]
        },
        {
            "rule": "ad-adapex\\.io\\/api\\/adserver\\/s2s",
            "cookies": 0.0000477,
            "fingerprinting": 0,
            "subdomains": [
                "servr"
            ],
            "apis": {},
            "sites": 7,
            "prevalence": 0.0000477,
            "cnames": [],
            "responseHashes": [
                "e3b0c44298fc1c149afbf4c8996fb92427ae41e4649b934ca495991b7852b855"
            ],
            "type": "Fetch",
            "firstPartyCookies": {},
            "firstPartyCookiesSent": {
                "lotame_domain_check": 0.00006126825283365669
            },
            "exampleSites": [
                "segmentnext.com",
                "www.awakenthegreatnesswithin.com",
                "www.chatzona.org",
                "www.filmtv.it",
                "www.gentechat.net",
                "www.iphonelife.com",
                "www.israel365news.com"
            ]
        },
        {
            "rule": "ad-adapex\\.io\\/script\\/6\\.1\\/player\\.js",
            "cookies": 0,
            "fingerprinting": 1,
            "subdomains": [
                "player"
            ],
            "apis": {
                "Navigator.prototype.userAgent": 4,
                "window.innerHeight": 1,
                "window.innerWidth": 1
            },
            "sites": 4,
            "prevalence": 0.0000272,
            "cnames": [],
            "responseHashes": [
                "ab9176da5caad82c490fa4c2a2c457985074080f18bcc0f7935b377551ec8c7c"
            ],
            "type": "Script",
            "firstPartyCookies": {},
            "firstPartyCookiesSent": {},
            "exampleSites": [
                "chatzona.org",
                "www.filmtv.it",
                "www.gentechat.net",
                "www.israel365news.com"
            ]
        },
        {
            "rule": "ad-adapex\\.io\\/script\\/6\\.1\\/AVmanager\\.js",
            "cookies": 0,
            "fingerprinting": 2,
            "subdomains": [
                "player"
            ],
            "apis": {
                "Date.prototype.getTime": 4,
                "window.innerHeight": 4,
                "window.innerWidth": 4,
                "Screen.prototype.width": 4,
                "Screen.prototype.height": 4,
                "Navigator.prototype.userAgent": 4,
                "Navigator.prototype.languages": 3,
                "window.localStorage": 4,
                "Screen.prototype.orientation": 2,
                "Navigator.prototype.appVersion": 3,
                "Navigator.prototype.vendor": 3,
                "Navigator.prototype.language": 3,
                "Navigator.prototype.doNotTrack": 3
            },
            "sites": 4,
            "prevalence": 0.0000272,
            "cnames": [],
            "responseHashes": [
                "d593e198b5d0e23208587e02bae2e4fe12e14fdb46944c6351a5c5ffc58af911"
            ],
            "type": "Script",
            "firstPartyCookies": {},
            "firstPartyCookiesSent": {},
            "exampleSites": [
                "chatzona.org",
                "www.filmtv.it",
                "www.gentechat.net",
                "www.israel365news.com"
            ]
        },
        {
            "rule": "ad-adapex\\.io\\/script\\/6\\.1\\/libs\\/prebid\\/avpb7\\.51\\.0\\.js",
            "cookies": 0,
            "fingerprinting": 2,
            "subdomains": [
                "player"
            ],
            "apis": {
                "window.sessionStorage": 4,
                "Date.prototype.getTime": 3,
                "window.innerWidth": 3,
                "window.innerHeight": 3,
                "Navigator.prototype.doNotTrack": 3,
                "Navigator.prototype.userAgent": 3,
                "Navigator.prototype.language": 3,
                "Navigator.prototype.cookieEnabled": 3,
                "window.localStorage": 2,
                "Document.cookie getter": 2
            },
            "sites": 4,
            "prevalence": 0.0000272,
            "cnames": [],
            "responseHashes": [
                "96be7df1679639a6020ef5973141ff1295cc54ad03ab5e0714c296f9ca434e10"
            ],
            "type": "Script",
            "firstPartyCookies": {},
            "firstPartyCookiesSent": {},
            "exampleSites": [
                "chatzona.org",
                "www.filmtv.it",
                "www.gentechat.net",
                "www.israel365news.com"
            ]
        },
        {
            "rule": "ad-adapex\\.io\\/script\\/6\\.1\\/libs\\/prebid\\/avpb7\\.51\\.0a1\\.js",
            "cookies": 0,
            "fingerprinting": 1,
            "subdomains": [
                "player"
            ],
            "apis": {
                "Navigator.prototype.userAgent": 1,
                "Screen.prototype.width": 1,
                "Screen.prototype.height": 1
            },
            "sites": 3,
            "prevalence": 0.0000204,
            "cnames": [],
            "responseHashes": [
                "01c3a025b0c8fb03bc17b1bfb5d0e40ff081556e844abfb19044728a9fa1310a"
            ],
            "type": "Script",
            "firstPartyCookies": {},
            "firstPartyCookiesSent": {},