{
    "domain": "ad-blender.com",
    "owner": {},
    "source": [
        "DuckDuckGo-US"
    ],
    "prevalence": 0.00017,
    "sites": 25,
    "subdomains": [
        "5e61325266b9437586a6dd675104e9a2-ks",
        "a37ddc3e4af3435c806a6024e3c7f13d-ks",
        "6eef0c50bf6643cc9f0c47478c1cdc17-ks",
        "44bcc0542a14437fb1c1d984f8316236-ks",
        "4dc88842882344db9c631f87808568cb-ks",
        "56741a89f1e5414b997ecf34862ecf3a-ks",
        "5011b82e9229471dac9da09fa116944d-ks",
        "134b2b44788c482e9994b67ae783dfc2-ks",
        "67c2ba3785194e82bb168c7c73d604fa-ks",
        "341173c638404a2387b6dfa2fe2abac4-ks",
        "c77a0a1a6dbc4d0f8605ed586dc4e10b-ks",
        "b530dd1304254fe1a4f1f51304037193-ks",
        "7a87fabfb74249c99bd66d8235635981-ks",
        "f556a736ab73455091b4e8f65d162e53-ks",
        "112962fc63ec42ea842c4da9b0832dc6-ks",
        "3af0ed817a9346ac9c8b0343b47942f2-ks",
        "41278e92af56402aab9ef8114debc82d-ks",
        "bef4139a15814d82903d09c5f399789e-ks",
        "0801bf7f4da2445f87400a42f8c26621-ks"
    ],
    "cnames": [],
    "fingerprinting": 0,
    "resources": [
        {
            "rule": "ad-blender\\.com\\/",
            "cookies": 0,
            "fingerprinting": 0,
            "subdomains": [
                "5e61325266b9437586a6dd675104e9a2-ks",
                "a37ddc3e4af3435c806a6024e3c7f13d-ks",
                "6eef0c50bf6643cc9f0c47478c1cdc17-ks",
                "44bcc0542a14437fb1c1d984f8316236-ks",
                "4dc88842882344db9c631f87808568cb-ks",
                "56741a89f1e5414b997ecf34862ecf3a-ks",
                "5011b82e9229471dac9da09fa116944d-ks",
                "134b2b44788c482e9994b67ae783dfc2-ks",
                "67c2ba3785194e82bb168c7c73d604fa-ks",
                "341173c638404a2387b6dfa2fe2abac4-ks",
                "c77a0a1a6dbc4d0f8605ed586dc4e10b-ks",
                "b530dd1304254fe1a4f1f51304037193-ks",
                "7a87fabfb74249c99bd66d8235635981-ks",
                "f556a736ab73455091b4e8f65d162e53-ks",
                "112962fc63ec42ea842c4da9b0832dc6-ks",
                "3af0ed817a9346ac9c8b0343b47942f2-ks",
                "41278e92af56402aab9ef8114debc82d-ks",
                "bef4139a15814d82903d09c5f399789e-ks",
                "0801bf7f4da2445f87400a42f8c26621-ks"
            ],
            "apis": {},
            "sites": 19,
            "prevalence": 0.00013,
            "cnames": [],
            "responseHashes": [
                "e3b0c44298fc1c149afbf4c8996fb92427ae41e4649b934ca495991b7852b855"
            ],
            "type": "Image",
            "firstPartyCookies": {},
            "firstPartyCookiesSent": {},
            "exampleSites": [
                "usacarry.com",
                "gunsarizona.com",
                "gunwatcher.com",
                "huntinglife.com",
                "loadoutroom.com",
                "news.obozrevatel.com",
                "sinoptik.ua",
                "tsn.ua",
                "ua.sinoptik.ua",
                "www.armslist.com",
                "www.dicocitations.com",
                "www.forgottenweapons.com",
                "www.handgunhero.com",
                "www.imfdb.org",
                "www.obozrevatel.com",
                "www.pewpewtactical.com",
                "www.pravda.com.ua",
                "www.thetruthaboutguns.com",
                "www.ukr.net"
            ]
        }
    ],
    "categories": [],
    "performance": {},
    "cookies": 0,
    "topInitiators": [
        {
            "domain": "armanet.co",
            "prevalence": 0.6538461538461539
        },
        {
            "domain": "adtelligent.com",
            "prevalence": 0.11538461538461539
        },
        {
            "domain": "notsy.io",
            "prevalence": 0.07692307692307693
        },
        {
            "domain": "membrana.media",
            "prevalence": 0.07692307692307693
        },
        {
            "domain": "aruncdn.com",
            "prevalence": 0.038461538461538464
        },
        {
            "domain": "admixer.net",
            "prevalence": 0.038461538461538464
        }
    ],
    "types": {
        "Image": 19
    },
    "nameservers": [
        "pdns03.domaincontrol.com",
        "pdns04.domaincontrol.com"
    ]
}