{
    "domain": "adalyser.com",
    "owner": {
        "name": "OneSoon Ltd",
        "displayName": "OneSoon"
    },
    "source": [
        "DuckDuckGo-US"
    ],
    "prevalence": 0.000327,
    "sites": 48,
    "subdomains": [
        "c5",
        "c0",
        "c1",
        "s1-tracking",
        "c3"
    ],
    "cnames": [],
    "fingerprinting": 1,
    "resources": [
        {
            "rule": "adalyser\\.com\\/adalyser\\.js",
            "cookies": 0.000259,
            "fingerprinting": 1,
            "subdomains": [
                "c5",
                "c0",
                "c1"
            ],
            "apis": {
                "Navigator.prototype.userAgent": 38,
                "Navigator.prototype.language": 38,
                "Date.prototype.getTime": 38,
                "window.localStorage": 38,
                "Document.cookie setter": 38,
                "Document.cookie getter": 38
            },
            "sites": 39,
            "prevalence": 0.000266,
            "cnames": [],
            "responseHashes": [
                "46fb089c2d893c98abcff196a55155e0328a38e2c8a44939c5aea7f5cb14b7ac",
                "250755cc5ede9311a8db013b4c58a45d08c3239af3341c8aa2287cc5e4a9b7b5",
                "ff96aff83ec7f9a4d67cd4c2aa0e29987ebb18a9c60e82ab9193da458523bec3",
                "4a9b6603ef41adb1bea50a3b32b75d3cb2b3b836e78bcbdbcb2b71ac41b882a9",
                "1bc6572b235499e5c3e421508e3be7dd43e670abfdc61b32de3fe2fc03760a85",
                "fd2c07b20d515291e0c7a3dd9f31f1fb211f6e027bfe25559b34e2c10642d4ac",
                "c1b356f3f76ac3ce3f19997f63fa181cb9d05cd531eb1ee612ce69a2a57fa56f",
                "8a8beec5e0c5d2e3d4071a8c532dd315c8a22e30fcdf570946a360e19809aace"
            ],
            "type": "Script",
            "firstPartyCookies": {
                "__adal_ses": {
                    "ttl": 1805,
                    "length": 1,
                    "prevalence": 0.00025226183414807086,
                    "uniqueness": 0.02702702702702703
                },
                "__adal_id": {
                    "ttl": 63072005,
                    "length": 108,
                    "prevalence": 0.00025226183414807086,
                    "uniqueness": 1
                },
                "__adal_ca": {
                    "ttl": 15552005,
                    "length": 97,
                    "prevalence": 0.00025226183414807086,
                    "uniqueness": 0.05405405405405406
                },
                "__adal_cw": {
                    "ttl": 604805,
                    "length": 13,
                    "prevalence": 0.00025226183414807086,
                    "uniqueness": 1
                },
                "__adal_lp": {
                    "ttl": 2592006,
                    "length": 136,
                    "prevalence": 0.000006817887409407321,
                    "uniqueness": 1
                }
            },
            "firstPartyCookiesSent": {
                "gpv_c11": 0.000006817887409407321
            },
            "exampleSites": [
                "www.sykescottages.co.uk",
                "www.duolingo.com",
                "wise.com",
                "www.etoro.com",
                "www.lovehoney.com.au",
                "www.scottishpower.co.uk",
                "www.avast.com",
                "es.duolingo.com",
                "www.kaleidoscope.co.uk",
                "www.eonnext.com",
                "www.thetrainline.com",
                "www.uswitch.com",
                "smolproducts.com",
                "www.simplybusiness.co.uk",
                "celebritycruises.com",
                "www.theiconic.com.au",
                "www.very.co.uk",
                "www.celebritycruises.com",
                "www.fixter.co.uk",
                "support.vodafone.co.uk"
            ]
        },
        {
            "rule": "adalyser\\.com\\/tracking\\/track\\/v3\\/p",
            "cookies": 0,
            "fingerprinting": 0,
            "subdomains": [
                "c5",
                "c0"
            ],
            "apis": {},
            "sites": 37,
            "prevalence": 0.000252,
            "cnames": [],
            "responseHashes": [
                "d346801abbf9bb4e9e9a055239053d4ab5596514304f601a6c70604187acb744"
            ],
            "type": "Image",
            "firstPartyCookies": {},
            "firstPartyCookiesSent": {
                "__adal_cw": 0.00025226183414807086,
                "IR_gbd": 0.000006817887409407321,
                "gpv_c11": 0.000006817887409407321
            },
            "exampleSites": [
                "www.fixter.co.uk",
                "www.pavers.co.uk",
                "smolproducts.com",
                "www.avast.com",
                "www.scottishpower.co.uk",
                "www.theiconic.com.au",
                "support.vodafone.co.uk",
                "de.duolingo.com",
                "www.watchfinder.com",
                "www.rivieratravel.co.uk",
                "www.celebritycruises.com",
                "www.ccleaner.com",
                "www.very.co.uk",
                "www.grapetree.co.uk",
                "www.betfred.com",
                "www.parkdeanresorts.co.uk",
                "wise.com",
                "www.revitive.com",
                "www.ecb.co.uk",
                "www.thetrainline.com"
            ]
        },
        {
            "rule": "adalyser\\.com\\/",
            "cookies": 0,
            "fingerprinting": 0,
            "subdomains": [
                "s1-tracking",
                "c3"
            ],
            "apis": {},
            "sites": 2,
            "prevalence": 0.0000136,
            "cnames": [],
            "responseHashes": [
                "e3b0c44298fc1c149afbf4c8996fb92427ae41e4649b934ca495991b7852b855"
            ],
            "type": "XHR",
            "firstPartyCookies": {},
            "firstPartyCookiesSent": {
                "__adal_first_visit": 0.000006817887409407321,
                "__adal_conversion_window_start": 0.000006817887409407321,
                "__adal_last_visit": 0.000006817887409407321,
                "__adal_session_start": 0.000006817887409407321,
                "__adal_campaign": 0.000006817887409407321
            },
            "exampleSites": [
                "bonmarche.co.uk",
                "www.funkypigeon.com"
            ]
        },
        {
            "rule": "adalyser\\.com\\/tracking\\/track\\/v4\\/p",
            "cookies": 0,
            "fingerprinting": 0,
            "subdomains": [
                "c1"
            ],
            "apis": {},
            "sites": 2,
            "prevalence": 0.0000136,
            "cnames": [],
            "responseHashes": [
                "d346801abbf9bb4e9e9a055239053d4ab5596514304f601a6c70604187acb744"
            ],
            "type": "Image",
            "firstPartyCookies": {},
            "firstPartyCookiesSent": {
                "__adal_cw": 0.000013635774818814642
            },
            "exampleSites": [
                "uswitch.com",
                "www.uswitch.com"
            ]
        }
    ],
    "categories": [],
    "performance": {},
    "cookies": 0.000307,
    "topInitiators": [
        {
            "domain": "googletagmanager.com",
            "prevalence": 0.49056603773584906
        },
        {
            "domain": "first party",
            "prevalence": 0.37735849056603776
        },
        {
            "domain": "cookielaw.org",
            "prevalence": 0.07547169811320754
        },
        {
            "domain": "tiqcdn.com",
            "prevalence": 0.03773584905660377
        },
        {
            "domain": "osano.com",
            "prevalence": 0.018867924528301886
        }
    ],
    "types": {
        "Script": 39,
        "Image": 39,
        "XHR": 2
    },