{
    "domain": "adnpbs.com",
    "owner": {},
    "source": [
        "DuckDuckGo-US"
    ],
    "prevalence": 0.000116,
    "sites": 17,
    "subdomains": [],
    "cnames": [],
    "fingerprinting": 0,
    "resources": [
        {
            "rule": "adnpbs\\.com\\/openrtb2\\/auction",
            "cookies": 0,
            "fingerprinting": 0,
            "subdomains": [],
            "apis": {},
            "sites": 10,
            "prevalence": 0.0000682,
            "cnames": [],
            "responseHashes": [
                "1c08a2f22c8d2410b461163df6ace4c1fa4c63fa03bdd93147e630e771cd8867",
                "0d2c6110b6ba9c4b1a96ce20ed011c034340099dcb2dd3f3b6faba27139a8951",
                "2cd8602cff43c59ff8cecbeca7ab0bd8a6126e90c061d9b96cd22c1768edefd3",
                "abec0ed8c613a45d8c6f52859520a5fa476e30afda8202efa64bd26caf05d752",
                "89fc30ae3cb5a7c37d4355cffa4d3c3b87525c077d6259aeaf28a5946872ae04",
                "a66200eef10a78d6e9a860b86c3dc7118c86af45eb7fb64e84dd1f41f108f637",
                "1a5952ddd163f648b1d6baba183ddb873335e25ad87ad89693528c6712e12933",
                "c476473b820272ff2809f34535e659d8b25fd0439fdfb37f4d470d13c12111b4",
                "7b357ce557b22a5c35aafd206c86f92805318862af601984b24be62fc95f4bb7"
            ],
            "type": "XHR",
            "firstPartyCookies": {},
            "firstPartyCookiesSent": {},
            "exampleSites": [
                "babylonbee.com",
                "huaren.us",
                "myrockshows.com",
                "notthebee.com",
                "returnofrock.com",
                "spacecoastdaily.com",
                "www.corvetteblogger.com",
                "www.morfix.co.il",
                "www.nextbigfuture.com",
                "www.wenxuecity.com"
            ]
        },
        {
            "rule": "adnpbs\\.com\\/cookie_sync",
            "cookies": 0,
            "fingerprinting": 0,
            "subdomains": [],
            "apis": {},
            "sites": 10,
            "prevalence": 0.0000682,
            "cnames": [],
            "responseHashes": [
                "54a7805af580d8fbf1de2df54fb437ece9a1fac85982539d54ae45810297434b",
                "6e7d5a50d58350168ef50c778def4008025918df4f31a747319b06c6897d2e64",
                "ee90485054f89d21a82111ef0e4bdfe2efc92550e2624900a46010b525e465db",
                "877ad0e47f002d46caede15c5a5c0f345a4231bc722c8a781a7a67f1bb6adf94",
                "313a1c9fb86e9d6341ea78bd5f31ad04b795c36ec3f5384fc9df33b406593f11",
                "0e896b0ae4249bbf3ba58945223ab41286d4956bd68159e3db5dedcbc2be5b84",
                "b482b66b112c89c14d5c392ff084be9f62a9a27cc35f71303ca0d574497b9f51"
            ],
            "type": "XHR",
            "firstPartyCookies": {},
            "firstPartyCookiesSent": {},
            "exampleSites": [
                "babylonbee.com",
                "huaren.us",
                "myrockshows.com",
                "notthebee.com",
                "returnofrock.com",
                "spacecoastdaily.com",
                "www.corvetteblogger.com",
                "www.morfix.co.il",
                "www.nextbigfuture.com",
                "www.wenxuecity.com"
            ]
        }
    ],
    "categories": [],
    "performance": {},
    "cookies": 0.00000682,
    "topInitiators": [
        {
            "domain": "azureedge.net",
            "prevalence": 1
        }
    ],
    "types": {
        "XHR": 20
    },
    "nameservers": [
        "ns-1336.awsdns-39.org",
        "ns-1632.awsdns-12.co.uk",
        "ns-366.awsdns-45.com",
        "ns-993.awsdns-60.net"
    ]
}