{
    "domain": "adnuntius.delivery",
    "owner": {},
    "source": [
        "DuckDuckGo-US"
    ],
    "prevalence": 0.000225,
    "sites": 33,
    "subdomains": [
        "ads"
    ],
    "cnames": [],
    "fingerprinting": 0,
    "resources": [
        {
            "rule": "adnuntius\\.delivery\\/i",
            "cookies": 0.000191,
            "fingerprinting": 0,
            "subdomains": [
                "ads"
            ],
            "apis": {},
            "sites": 34,
            "prevalence": 0.000232,
            "cnames": [],
            "responseHashes": [
                "2332fef87b805ccfc4ab2d11c3ad5f5b74b68cea68c508102816f860dcb13e6a",
                "9db4f2ef30c7bbcac9c7d74388ea5a39c583a2d3916f77eb06023b831c13c5a2",
                "ff1c5f6e7104a240aecf645ad8ac91506787e68efdfd4fac16752091e2b22b1e",
                "ad532406a2178f4530f86c6710dfa8ac0afdd6f189bb0270925dd5a77cab82cb",
                "1f8920fac2fd1185aa0aea015d8830349d943bb20d068d034fc4f28c927d225d",
                "2bff16265194546f06c5e64215b9befcd7a34ededc226ec5041aa2fef9fc8d0f",
                "8f60d08bd108beeb5196b3893e04f7d482833d8da7b3a105d3d1c6c28cb0ca6d",
                "fe7e62ae33b00d6ecb5912731eac9a7f3bf41c529861709b3d62369f2eb55d71",
                "cb32d8f09e49eec143ae42a631a543d65013e81b73465ade0ae00d37fd1553de",
                "e048811d827e9ea1b8f7db1a9a823b58e65d07d001873141fbe005abf9f2f105",
                "89f345b04be8bb50feec8871f6dc0ea383a007e69ce3bcf40d96bec77b29aeb6",
                "dbdb60892c9700128072f0ebfc7acf8b47839d74d2227869f139551ea25cbc71",
                "2fc0943225c0aac98d94008ee3e2fddd2e37afa18e3b520d340bb9d82eec3819",
                "567d5d1d0ec782498ae2c744b91ab1cc199e41b163a5a6fc7b5a9de0b4ebdbf3",
                "42525f920cf52c05a989801141606b0ebee8dd12989aae70a1139667dd383f19",
                "fdeaf3797eee76e860b3fbb8dcbc2d90bfecfc6d034fa3295e5352f4d91c0c37",
                "50ead7a05658e4a27f01f89e9def188abde3f8dab2f883a0ba9f23c8a87256fe",
                "dfaea456402b7075ece3fdddc53ff5b90b2e0d9d5fb8d0cf4b45f4d29ebb689b",
                "118131cfe509399e17fbfb7bb9882e976db432ae614f83d80cf7633b02af8c27",
                "aa2e9636510108ac802f52c2aeb806107309133c46f394b2c7157d126a4f592f",
                "7464607f24e327eb90198ad9e966c357f822821678c359f1d32f1b568def7877",
                "b0cfdaef3ebdfc7168587e2767438c82080b1c32d87718f1eaf83bb80302d160",
                "cd090c3dcadd285f762a84466c006037f3fc5e56e337fbe06494e57d6dae00c7",
                "9e4196f75bf4b9f29219a1adf7fc4ef3a6a3d92ee10b6bfdb323154ba32fbd6f",
                "4d89601527e7f86719e7d466ca0ecc169a1c4d7658a3822227c1ed8fc7084634",
                "abfbf5073ed41124f3f05ebece78232f5244d308d4f262f79a6cd0b31244dffc",
                "389616ac315b4843f281c2199174103edddc7135d3241554be0eeae5e24a821c",
                "0d273f99d97adc96860b11394e7fc58ae9b9b0788816ea85fb450221464a8333"
            ],
            "type": "XHR",
            "firstPartyCookies": {},
            "firstPartyCookiesSent": {
                "__cmpconsent10444": 0.000006816632583503749
            },
            "exampleSites": [
                "hot.detik.com",
                "finance.detik.com",
                "www.aperitif.no",
                "www.haustec.de",
                "www.nettavisen.no",
                "travel.detik.com",
                "www.tv2.no",
                "www.dagbladet.no",
                "www.startsiden.no",
                "inet.detik.com",
                "www.dagsavisen.no",
                "www.seher.no",
                "www.lommelegen.no",
                "news.detik.com",
                "www.50plus.de",
                "www.detik.com",
                "www.thairath.co.th",
                "www.abcnyheter.no",
                "www.1881.no",
                "nasional.tempo.co"
            ]
        }
    ],
    "categories": [],
    "performance": {},
    "cookies": 0.000191,
    "topInitiators": [
        {
            "domain": "pubmatic.com",
            "prevalence": 0.2857142857142857
        },
        {
            "domain": "rubiconproject.com",
            "prevalence": 0.26785714285714285
        },
        {
            "domain": "sentry-cdn.com",
            "prevalence": 0.14285714285714285
        },
        {
            "domain": "first party",
            "prevalence": 0.14285714285714285
        },
        {
            "domain": "adnuntius.com",
            "prevalence": 0.05357142857142857
        },
        {
            "domain": "netpoint-media.de",
            "prevalence": 0.05357142857142857
        },
        {
            "domain": "atmng.io",
            "prevalence": 0.017857142857142856
        },
        {
            "domain": "azure.com",
            "prevalence": 0.017857142857142856
        },
        {
            "domain": "lwadm.com",
            "prevalence": 0.017857142857142856
        }
    ],
    "types": {
        "XHR": 34
    },
    "nameservers": [
        "emily.ns.cloudflare.com",
        "major.ns.cloudflare.com"
    ]
}