{
    "domain": "adnuntius.com",
    "owner": {},
    "source": [
        "DuckDuckGo-US"
    ],
    "prevalence": 0.000198,
    "sites": 29,
    "subdomains": [
        "delivery",
        "cdn",
        "tags",
        "limited.delivery",
        "assets"
    ],
    "cnames": [],
    "fingerprinting": 2,
    "resources": [
        {
            "rule": "adnuntius\\.com\\/i",
            "cookies": 0.0000477,
            "fingerprinting": 0,
            "subdomains": [
                "delivery"
            ],
            "apis": {},
            "sites": 11,
            "prevalence": 0.000075,
            "cnames": [],
            "responseHashes": [
                "f42710be41f6e23d31c2380d93b2591ab0423b1cd014f847c7cd76e0a2adbfd5",
                "2049952f3463e983a4c54314f044b1f82f11839987970d4c19521d1352d72a65",
                "043908e98171a199802e428595fba96497e1fea9f646101bc4f015d7be8bcc17",
                "e9a0b482562e2f61931c116aa8d0be10f6061e81afc19534c4b87a43230833f5",
                "2cc6ec64c940431bbebdf5d51908aea3a6bff087008b08a9a18bd36400da60aa",
                "ed16d87f2331388530b71145cd6fee45d727b2cf8b72258df2c9e4e6e8c25ba5",
                "173983c8c74ba9e6fa013a525533f3a87cb0788a1955cd65384c28f89a4495f1",
                "a0163dd2c56d4dfcc99b551569a10aa9bff595cd27369cee533a9d5eadb597e5",
                "69bc2d0db739b8d6d06c5476a5b5ba77a5b77de5584b546265958f7cc829d992",
                "ef8d4860a8883e9d52071031846f8fd423e983736b5d8862674ff861a2d3bbe6"
            ],
            "type": "XHR",
            "firstPartyCookies": {},
            "firstPartyCookiesSent": {
                "cX_P": 0.000006816353796027429
            },
            "exampleSites": [
                "audiophilereview.com",
                "borsen.dk",
                "cosmosmagazine.com",
                "forskning.no",
                "hometheaterreview.com",
                "kart.1881.no",
                "www.aperitif.no",
                "www.lrytas.lt",
                "www.mascus.com",
                "www.mobil.se",
                "www.rtl.lu"
            ]
        },
        {
            "rule": "adnuntius\\.com\\/adn\\.js",
            "cookies": 0,
            "fingerprinting": 2,
            "subdomains": [
                "cdn"
            ],
            "apis": {
                "Date.prototype.getTimezoneOffset": 13,
                "Date.prototype.getTime": 7,
                "window.innerWidth": 11,
                "window.innerHeight": 11,
                "window.localStorage": 12,
                "window.sessionStorage": 12,
                "Document.cookie getter": 10,
                "Element.prototype.getClientRects": 1
            },
            "sites": 26,
            "prevalence": 0.000177,
            "cnames": [],
            "responseHashes": [
                "fc45193ba8274a662a58c5534b15d1799fe96f0bbbc2f4332f2ac63ac58cbdd9"
            ],
            "type": "Script",
            "firstPartyCookies": {},
            "firstPartyCookiesSent": {},
            "exampleSites": [
                "www.meteo.gr",
                "www.nfkino.no",
                "www.rtl.lu",
                "borsen.dk",
                "meteo.gr",
                "www.mascus.com",
                "cosmosmagazine.com",
                "www.aperitif.no",
                "mummum.dk",
                "www.altinget.dk",
                "www.seoghoer.dk",
                "kart.1881.no",
                "audiophilereview.com",
                "www.lrytas.lt",
                "www.collectorsweekly.com",
                "kino.dk",
                "ut.no",
                "www.mobil.se",
                "forskning.no",
                "www.ilmkidunya.com"
            ]
        },
        {
            "rule": "adnuntius\\.com\\/b",
            "cookies": 0.0000477,
            "fingerprinting": 0,
            "subdomains": [
                "delivery"
            ],
            "apis": {},
            "sites": 7,
            "prevalence": 0.0000477,
            "cnames": [],
            "responseHashes": [
                "749fdd88715a50847d47a5725399f2b5045c8e25c78a905862108bb72f46c9e5",
                "e6ee4b392ad4221c3bfc9bd09e4e4a925a585bdbd44aebd7275e72317785b60d",
                "1bda46172f229e0f5edb1fcbe3cde82e142537a64a5619445e72dd9f6bb79b92",
                "7673f0d893bab208a8642c5c56612b776b56e8d096d045c7121d121d94ed9f59",
                "298ad2c63562fe722fba676b1d3a9d6dd2a30ce2f3cba13dcbff6d5856dfc690",
                "5fa45385b1620c202d77392965788bb12cdaa4f7b360f7963f63be2d46e8148f"
            ],
            "type": "XHR",
            "firstPartyCookies": {},
            "firstPartyCookiesSent": {},
            "exampleSites": [
                "audiophilereview.com",
                "forskning.no",
                "hometheaterreview.com",
                "kart.1881.no",
                "www.aperitif.no",
                "www.lrytas.lt",
                "www.mobil.se"
            ]
        },
        {
            "rule": "adnuntius\\.com\\/pb\\/prebid\\.js",
            "cookies": 0,
            "fingerprinting": 2,
            "subdomains": [
                "tags"
            ],
            "apis": {
                "NavigatorUAData.prototype.brands": 2,
                "NavigatorUAData.prototype.platform": 2,
                "window.sessionStorage": 2,
                "Navigator.prototype.appName": 2,
                "Date.prototype.getTime": 3,
                "window.localStorage": 2,
                "window.innerWidth": 2,
                "window.innerHeight": 2,
                "Navigator.prototype.doNotTrack": 2,
                "Navigator.prototype.userAgent": 3,
                "Navigator.prototype.language": 2,
                "Navigator.prototype.cookieEnabled": 3,
                "Screen.prototype.width": 2,
                "Screen.prototype.height": 2,
                "Date.prototype.getTimezoneOffset": 1
            },
            "sites": 3,
            "prevalence": 0.0000204,
            "cnames": [],
            "responseHashes": [
                "3db35ec7fe4ecf4aefc7781faf5d1c961324af21591dbe30ecd037e9c0813872"
            ],
            "type": "Script",
            "firstPartyCookies": {},
            "firstPartyCookiesSent": {},
            "exampleSites": [
                "cosmosmagazine.com",
                "forskning.no",
                "www.mobil.se"
            ]
        },
        {
            "rule": "adnuntius\\.com\\/s",
            "cookies": 0,
            "fingerprinting": 0,
            "subdomains": [
                "delivery"
            ],
            "apis": {},
            "sites": 6,
            "prevalence": 0.0000409,
            "cnames": [],
            "responseHashes": [
                "9c7d6fa760a73ccffc874d58ed0f8700e3786207349fef5babb355b5d4427fda"
            ],
            "type": "XHR",
            "firstPartyCookies": {},
            "firstPartyCookiesSent": {},
            "exampleSites": [
                "forskning.no",
                "hometheaterreview.com",
                "kart.1881.no",
                "www.aperitif.no",
                "www.lrytas.lt",
                "www.mobil.se"
            ]
        },
        {
            "rule": "adnuntius\\.com\\/v",
            "cookies": 0,
            "fingerprinting": 0,
            "subdomains": [
                "delivery"
            ],
            "apis": {},
            "sites": 6,
            "prevalence": 0.0000409,
            "cnames": [],
            "responseHashes": [
                "9c7d6fa760a73ccffc874d58ed0f8700e3786207349fef5babb355b5d4427fda"
            ],
            "type": "XHR",
            "firstPartyCookies": {},
            "firstPartyCookiesSent": {},