{
    "domain": "adoric-om.com",
    "owner": {},
    "source": [
        "DuckDuckGo-US"
    ],
    "prevalence": 0.000225,
    "sites": 33,
    "subdomains": [
        "2686525",
        "54702553",
        "21975121",
        "12890047",
        "69581448",
        "app",
        "78711431",
        "49235799",
        "8450155",
        "71615438",
        "21095649",
        "90396851",
        "95662602",
        "81856753",
        "67280314",
        "56651064",
        "51894884",
        "14647138",
        "76493886",
        "60421001",
        "static"
    ],
    "cnames": [],
    "fingerprinting": 2,
    "resources": [
        {
            "rule": "adoric-om\\.com\\/adoric\\.js",
            "cookies": 0.0000273,
            "fingerprinting": 2,
            "subdomains": [
                "2686525",
                "54702553",
                "21975121",
                "12890047",
                "69581448",
                "app",
                "78711431",
                "49235799",
                "8450155",
                "71615438",
                "21095649",
                "90396851",
                "95662602",
                "81856753",
                "67280314",
                "56651064",
                "51894884",
                "14647138",
                "76493886",
                "60421001"
            ],
            "apis": {
                "Navigator.prototype.userAgent": 23,
                "window.localStorage": 23,
                "window.sessionStorage": 23,
                "Navigator.prototype.platform": 23,
                "Navigator.prototype.vendor": 23,
                "Navigator.prototype.appVersion": 23,
                "Navigator.prototype.languages": 23,
                "Date.prototype.getTimezoneOffset": 25,
                "Date.prototype.getTime": 8,
                "Document.cookie getter": 2,
                "Document.cookie setter": 4,
                "window.innerWidth": 4
            },
            "sites": 25,
            "prevalence": 0.00017,
            "cnames": [],
            "responseHashes": [
                "3b7e72485d422e16e084c44e6e3117081442f7b4ee80aa4ebd67013ae831a10f"
            ],
            "type": "Script",
            "firstPartyCookies": {
                "adoric_popup": {
                    "ttl": null,
                    "length": 4,
                    "prevalence": 0.000027271549637629285,
                    "uniqueness": 0.25
                },
                "entrance_email_capture": {
                    "ttl": 43227,
                    "length": 6,
                    "prevalence": 0.000006817887409407321,
                    "uniqueness": 1
                },
                "entrance_email_capture_counter": {
                    "ttl": 251709964748,
                    "length": 1,
                    "prevalence": 0.000006817887409407321,
                    "uniqueness": 1
                }
            },
            "firstPartyCookiesSent": {},
            "exampleSites": [
                "www.zap.co.il",
                "www.maariv.co.il",
                "www.maytronics.com",
                "www.fullcompass.com",
                "news.walla.co.il",
                "www.vetdepot.com",
                "www.farmandhomesupply.com",
                "www.rest.co.il",
                "nzxt.com",
                "orlybeauty.com",
                "dvcrentalstore.com",
                "top10mattressesonline.com",
                "www.jpost.com",
                "sodastream.com",
                "www.pampers.com",
                "www.payngo.co.il",
                "www.yad2.co.il",
                "www.in.pampers.com",
                "allisrael.com",
                "www.101greatgoals.com"
            ]
        },
        {
            "rule": "adoric-om\\.com\\/v1\\/campaigns\\/",
            "cookies": 0,
            "fingerprinting": 0,
            "subdomains": [
                "app",
                "static"
            ],
            "apis": {},
            "sites": 27,
            "prevalence": 0.000184,
            "cnames": [],
            "responseHashes": [
                "119de0e47a54db59bd5635671cfc389b5c9bb44e9a376c2f7ffec1ef0170fd27",
                "631f461830a2f56fdd4a47b124e65d5042af8cb341611a98130781b448a5b39f",
                "5ce271af5f07369254addaef2806bdf432768facf59f9905ac310a21293e7f52",
                "da26a0e4ff2a8244307cc07971507ebfbd5676c9d3cba9fc78fdb1c85d2ba7db",
                "7c92a77b410cd7357cf52fc005b17aabe4d68fa564b2683d54a8f73ce55d9fa4",
                "c52a561929ea403b54b572b60d1e9ddc3a7bacc306a8d4dea62245c58716fc61",
                "c8ca4a6de812cba590bde94c6ff08e7ab443aae42f67a34904c55db29e72c7f2",
                "8e520ccbeafd8bb3c7305910154cfe832e106770a8b269602e15599aadcafbc7",
                "f0c6818af491e9e33ced32518b32fe6d816de8ce28960e1a9da4e6eff5c60146",
                "37893861311b4df6beff98a2a42ee2fc2b708c308ecb53a74d19eff2fb6143b3",
                "dc14a929f65b69690fd519e5b72c323fe720431ff762e6ae24c41ed18b970ba6",
                "affdff2fad6b969ee42a53f101187eee824f6ec9924c5b793c92802187c686be",
                "fac47ace13e689b1859a3c5b5b0cc52dc0f3d4d6d451fe043a76c787e875b0f5",
                "314f1793f53d5f0b9bf02c1256891fea4b24c17384f52067d88231d150383bdb",
                "6044a5733efb9347842fdd5afa4d99830997afb70db072da5fe86ffb1df67d39",
                "eefb4640119d1f816c6ea757aa10058eb3dfa7677d752ad372dfb963ca946db8",
                "e2e87692b7f5c0196806df2c3e1f0281ebc93affbe0725f568d3d8f58cbc4aa1",
                "d5b03659569e610ad96df7a2664c7dadde2137e144322e7fab3d660ce60b2ebd",
                "05aad88f4e432c4abf98fde54c05f90664553b9bd036bfd69d345688a6b8ea83",
                "3da885cc6a9d914466e2bc918fd6c74a1daa4e62cddd90e0090342b2ab575c3d",
                "624318969951e4304d2b7e6461f2b4efd9c68059647dc8be5d30fa542a402f15",
                "095f9f0476f39eeb3599987b7b8554892b8f7a4bf1b721e4049d86a50db43ab3",
                "1fb5062292b7b8b046ae790a718f066d9cf79d16fd02a429f092da882510060f",
                "23f7d6b68b1f50ee855107965910f49f1529b57e1b97908f40a76ce3950c47f8",
                "c35f9a25c08ede5d5330b9ce24107a26c461e0991d2a12724025276dee430c42",
                "8f81b6f0c117f658f539e2dafabb05e267cb0fdbbb908dbc765e2829192cef00"
            ],
            "type": "XHR",
            "firstPartyCookies": {},
            "firstPartyCookiesSent": {
                "lotame_domain_check": 0.000020453662228221962,
                "IR_gbd": 0.000020453662228221962,
                "dy_fs_page": 0.000006817887409407321,
                "_cb_svref": 0.000006817887409407321,
                "baMet_baEvs": 0.000006817887409407321
            },
            "exampleSites": [
                "www.101greatgoals.com",
                "www.israelhayom.co.il",
                "www.rest.co.il",
                "www.pampers.com",
                "shokz.com",
                "www.vetdepot.com",
                "top10mattressesonline.com",
                "www.jpost.com",
                "www.maytronics.com",
                "www.miraclesuit.com",
                "www.in.pampers.com",
                "www.fullcompass.com",
                "www.yad2.co.il",
                "orlybeauty.com",
                "www.zap.co.il",
                "m.maariv.co.il",
                "www.payngo.co.il",
                "sodastream.com",
                "www.lemonade.com",
                "allisrael.com"
            ]
        },
        {
            "rule": "adoric-om\\.com\\/v1\\/versions\\/html\\/",
            "cookies": 0,
            "fingerprinting": 0,
            "subdomains": [
                "app",
                "static"
            ],
            "apis": {},
            "sites": 13,
            "prevalence": 0.0000886,
            "cnames": [],