{
    "domain": "adoric-om.com",
    "owner": {},
    "source": [
        "DuckDuckGo-US"
    ],
    "prevalence": 0.000211,
    "sites": 31,
    "subdomains": [
        "2686525",
        "54702553",
        "21975121",
        "12890047",
        "69581448",
        "app",
        "78711431",
        "49235799",
        "8450155",
        "71615438",
        "21095649",
        "90396851",
        "95662602",
        "81856753",
        "67280314",
        "51894884",
        "14647138",
        "76493886",
        "60421001",
        "static"
    ],
    "cnames": [],
    "fingerprinting": 2,
    "resources": [
        {
            "rule": "adoric-om\\.com\\/adoric\\.js",
            "cookies": 0.0000409,
            "fingerprinting": 2,
            "subdomains": [
                "2686525",
                "54702553",
                "21975121",
                "12890047",
                "69581448",
                "app",
                "78711431",
                "49235799",
                "8450155",
                "71615438",
                "21095649",
                "90396851",
                "95662602",
                "81856753",
                "67280314",
                "51894884",
                "14647138",
                "76493886",
                "60421001"
            ],
            "apis": {
                "Navigator.prototype.userAgent": 22,
                "window.localStorage": 22,
                "window.sessionStorage": 22,
                "Navigator.prototype.platform": 22,
                "Navigator.prototype.vendor": 22,
                "Navigator.prototype.appVersion": 22,
                "Navigator.prototype.languages": 22,
                "Date.prototype.getTimezoneOffset": 22,
                "Date.prototype.getTime": 6,
                "Document.cookie setter": 6,
                "window.innerWidth": 6,
                "Document.cookie getter": 3
            },
            "sites": 22,
            "prevalence": 0.00015,
            "cnames": [],
            "responseHashes": [
                "d7e2fbc7de982f503e7260215071ba4137098ac7f2c32655a1ea59e9dec18089",
                "3b7e72485d422e16e084c44e6e3117081442f7b4ee80aa4ebd67013ae831a10f"
            ],
            "type": "Script",
            "firstPartyCookies": {
                "adoric_popup": {
                    "ttl": null,
                    "length": 4,
                    "prevalence": 0.000040898122776164575,
                    "uniqueness": 0.16666666666666666
                },
                "adoricShowCampaign": {
                    "ttl": 86412,
                    "length": 4,
                    "prevalence": 0.000006816353796027429,
                    "uniqueness": 1
                },
                "entrance_email_capture": {
                    "ttl": 43222,
                    "length": 6,
                    "prevalence": 0.000006816353796027429,
                    "uniqueness": 1
                },
                "entrance_email_capture_counter": {
                    "ttl": 251708460895,
                    "length": 1,
                    "prevalence": 0.000006816353796027429,
                    "uniqueness": 1
                }
            },
            "firstPartyCookiesSent": {},
            "exampleSites": [
                "www.vetdepot.com",
                "www.in.pampers.com",
                "www.walla.co.il",
                "www.pampers.com",
                "www.maytronics.com",
                "orlybeauty.com",
                "nzxt.com",
                "www.jpost.com",
                "www.farmandhomesupply.com",
                "m.maariv.co.il",
                "www.maariv.co.il",
                "www.zap.co.il",
                "dvcrentalstore.com",
                "www.yad2.co.il",
                "top10mattressesonline.com",
                "www.101greatgoals.com",
                "news.walla.co.il",
                "sodastream.com",
                "www.rest.co.il",
                "www.lemonade.com"
            ]
        },
        {
            "rule": "adoric-om\\.com\\/v1\\/campaigns\\/",
            "cookies": 0,
            "fingerprinting": 0,
            "subdomains": [
                "app",
                "static"
            ],
            "apis": {},
            "sites": 24,
            "prevalence": 0.000164,
            "cnames": [],
            "responseHashes": [
                "119de0e47a54db59bd5635671cfc389b5c9bb44e9a376c2f7ffec1ef0170fd27",
                "3a9502c67b3b44c490721960eb63ff691bfe8638d423a229dd6c85e8e42cbe44",
                "f4fbd71840e27fac11dd1a3ee9ad35ffcbc0b0fdb29cb1ac0007f905c6a93005",
                "da26a0e4ff2a8244307cc07971507ebfbd5676c9d3cba9fc78fdb1c85d2ba7db",
                "7c92a77b410cd7357cf52fc005b17aabe4d68fa564b2683d54a8f73ce55d9fa4",
                "c2c35d5acf3fd3681a9f906b45b4db289f00bde4d123efdf96b3c7e45b63815c",
                "cdcf64d01a21cb4aa66460432b58b2dde54ae8652cc2ab6f52209a0550df5201",
                "db878f095bf718fb20f0b800a5b19f1c3adfdea16f01e7446a4cf33c9413e3e0",
                "43e0e16b8634075af9ad964e4bdc92f59efb9f72dc1c23bba985c94118cf1a17",
                "dc14a929f65b69690fd519e5b72c323fe720431ff762e6ae24c41ed18b970ba6",
                "5b3f001d040d79dc2367131735ad324c81fe470534e25c0a737b4755aa2973cd",
                "707af7bdc2fd2d967d466b8fc8021a3e28d7fab459e2480e16fe7739c7222d80",
                "314f1793f53d5f0b9bf02c1256891fea4b24c17384f52067d88231d150383bdb",
                "c48f9ed886971f8540964754f30fc6a7a04aad3ef9e071dfd4638fc16d04a111",
                "04d7f3f553a34e5876498396ba49f34de93f3dd2aa7ca168c23c9684ba79a1b9",
                "79d4764626a3b199dc87505a5cddd6fc63f8a11c9f565de83279b8fd10534590",
                "6c1d43a90e8c337d7ea7bcb16d442ba1d336cd89ae4d4008094047b79ba7f494",
                "fcaf20fb1af8d6cbf4a5d19965d3f1d6d8e7831872e3f14b4ae1367974c37fd8",
                "095f9f0476f39eeb3599987b7b8554892b8f7a4bf1b721e4049d86a50db43ab3",
                "1fb5062292b7b8b046ae790a718f066d9cf79d16fd02a429f092da882510060f",
                "115a54382246a2c5370b9c72eed76573feecbdfef08181274d4a6cc5688e4704",
                "c35f9a25c08ede5d5330b9ce24107a26c461e0991d2a12724025276dee430c42",
                "9a1c9dbab73ec4e0413c8c0c20745de480f4337993e5b0c74f0e61cf2dacd696"
            ],
            "type": "XHR",
            "firstPartyCookies": {},
            "firstPartyCookiesSent": {
                "lotame_domain_check": 0.000020449061388082287,
                "IR_gbd": 0.000013632707592054858,
                "dy_fs_page": 0.000006816353796027429,
                "_cb_svref": 0.000006816353796027429
            },
            "exampleSites": [
                "www.zap.co.il",
                "sodastream.com",
                "www.farmandhomesupply.com",
                "www.maariv.co.il",
                "allisrael.com",
                "top10mattressesonline.com",
                "dvcrentalstore.com",
                "news.walla.co.il",
                "m.maariv.co.il",
                "www.in.pampers.com",
                "sodastream.de",
                "www.israelhayom.co.il",
                "www.lemonade.com",
                "www.jpost.com",
                "www.rest.co.il",
                "www.fullcompass.com",
                "www.101greatgoals.com",
                "www.maytronics.com",
                "www.pampers.com",
                "www.yad2.co.il"
            ]
        },
        {
            "rule": "adoric-om\\.com\\/v1\\/versions\\/html\\/",
            "cookies": 0,
            "fingerprinting": 0,
            "subdomains": [
                "app",
                "static"
            ],
            "apis": {},
            "sites": 10,
            "prevalence": 0.0000682,
            "cnames": [],