{
    "domain": "adsdefender.com",
    "owner": {},
    "source": [
        "DuckDuckGo-US"
    ],
    "prevalence": 0.0000682,
    "sites": 10,
    "subdomains": [
        "cdn"
    ],
    "cnames": [],
    "fingerprinting": 2,
    "resources": [
        {
            "rule": "adsdefender\\.com\\/oti\\.js",
            "cookies": 0,
            "fingerprinting": 0,
            "subdomains": [
                "cdn"
            ],
            "apis": {},
            "sites": 9,
            "prevalence": 0.0000613,
            "cnames": [],
            "responseHashes": [
                "84e8cb89f53d9287bf658b34ce86618738c2867015859b086276f471666135db",
                "e6300bc27917940b2421990c481d794ba38097030acb85a3646ec165390cdb24",
                "380e9d13a2cd1ae238964501c4ec5d60b2d810d368946a97a0ece7cc4dd30eb4",
                "33afc292fd2bd865950f3eca687d4071d4a1363a0bc456f84acae1c87acc9baa",
                "f860f12f10c0b4b2ba6221a0b222e0a5c765c9a21a7a9e81b1c12a13750662ac",
                "ff7e64ff36e7578e8f00a9a81b01db1ff542fa13350880b108396fb15e6acdeb",
                "02ae1f43338a355367e11c7b5ab9d49cd2e7ff0f7b9ed49b400e05354e753235",
                "3c0b331d587c6a2b79d2e8b085b97dfc1629fb98ba3aa36024d02876d9b6d631"
            ],
            "type": "Script",
            "firstPartyCookies": {},
            "firstPartyCookiesSent": {},
            "exampleSites": [
                "woom.com",
                "www.adlermode.com",
                "www.betten.de",
                "www.bijou-brigitte.com",
                "www.garten-und-freizeit.de",
                "www.gerryweber.com",
                "www.hawesko.de",
                "www.naturzeit.com",
                "www.street-one.de"
            ]
        },
        {
            "rule": "adsdefender\\.com\\/ivy\\.js",
            "cookies": 0.0000613,
            "fingerprinting": 2,
            "subdomains": [
                "cdn"
            ],
            "apis": {
                "Document.cookie getter": 9,
                "Navigator.prototype.language": 9,
                "Navigator.prototype.cookieEnabled": 9,
                "Screen.prototype.height": 9,
                "Screen.prototype.width": 9,
                "Document.cookie setter": 9,
                "Navigator.prototype.webdriver": 9
            },
            "sites": 9,
            "prevalence": 0.0000613,
            "cnames": [],
            "responseHashes": [
                "c597665af5c3ef6ee0980052aed3b6f6835942791a7c6af22b16efa60b184cd5"
            ],
            "type": "Script",
            "firstPartyCookies": {
                "_HCT_": {
                    "ttl": 4,
                    "length": 1,
                    "prevalence": 0.00006134718416424686,
                    "uniqueness": 0.1111111111111111
                },
                "_HC_v5692": {
                    "ttl": 1802,
                    "length": 29,
                    "prevalence": 0.000006816353796027429,
                    "uniqueness": 1
                },
                "_HC_v6278": {
                    "ttl": 303,
                    "length": 31,
                    "prevalence": 0.000006816353796027429,
                    "uniqueness": 1
                },
                "_HC_v6354": {
                    "ttl": 311,
                    "length": 29,
                    "prevalence": 0.000006816353796027429,
                    "uniqueness": 1
                },
                "_HC_v6356": {
                    "ttl": 303,
                    "length": 31,
                    "prevalence": 0.000006816353796027429,
                    "uniqueness": 1
                },
                "_HC_v6228": {
                    "ttl": 305,
                    "length": 29,
                    "prevalence": 0.000006816353796027429,
                    "uniqueness": 1
                },
                "_HC_v6040": {
                    "ttl": 305,
                    "length": 29,
                    "prevalence": 0.000006816353796027429,
                    "uniqueness": 1
                },
                "_HC_v6300": {
                    "ttl": 306,
                    "length": 29,
                    "prevalence": 0.000006816353796027429,
                    "uniqueness": 1
                },
                "_HC_v6208": {
                    "ttl": 305,
                    "length": 29,
                    "prevalence": 0.000006816353796027429,
                    "uniqueness": 1
                }
            },
            "firstPartyCookiesSent": {},
            "exampleSites": [
                "woom.com",
                "www.adlermode.com",
                "www.betten.de",
                "www.bijou-brigitte.com",
                "www.garten-und-freizeit.de",
                "www.gerryweber.com",
                "www.hawesko.de",
                "www.naturzeit.com",
                "www.street-one.de"
            ]
        },
        {
            "rule": "adsdefender\\.com\\/ot",
            "cookies": 0.0000545,
            "fingerprinting": 0,
            "subdomains": [
                "cdn"
            ],
            "apis": {},
            "sites": 9,
            "prevalence": 0.0000613,
            "cnames": [],
            "responseHashes": [
                "a953efc2be8f9d97b39a79c888f9cb6daa3d3b106c3cb780bfeba030690b04b1",
                "bda5493041944f0858757d3d9fc69b3aad8ef23b0e1294ae14d7932c34620643",
                "124ff21d3d8411874aeea771ea49afec1841761cfbbe5cf047e63072f281abd4",
                "559e4ab58991eb280c011f6732ad300bd78d8eb9b7cdea55017886e661abbb30",
                "4140b44da97580314ef57d225c49c3ca2c38867523f476d109e9160b31110adb",
                "541db8054d7403f12fe697060f0bf118b3a773bd8ee19d9d1b1c8c9b9eda56f7",
                "bea1c5bca2a5a2243717c50090ed1c987e5b1582a5c52b994260fa6767257963",
                "7822f0fd3e194ef160b5215b56ef1aa659b3f7a494b7568058af1b230b5fe81f"
            ],
            "type": "Script",
            "firstPartyCookies": {},
            "firstPartyCookiesSent": {},
            "exampleSites": [
                "woom.com",
                "www.adlermode.com",
                "www.betten.de",
                "www.bijou-brigitte.com",
                "www.garten-und-freizeit.de",
                "www.gerryweber.com",
                "www.hawesko.de",
                "www.naturzeit.com",
                "www.street-one.de"
            ]
        }
    ],
    "categories": [],
    "performance": {},
    "cookies": 0.0000682,
    "topInitiators": [
        {
            "domain": "googletagmanager.com",
            "prevalence": 0.8
        },
        {
            "domain": "first party",
            "prevalence": 0.2
        }
    ],
    "types": {
        "Script": 27
    },
    "nameservers": [
        "ns-1847.awsdns-38.co.uk",
        "ns-1234.awsdns-26.org",
        "ns-267.awsdns-33.com",
        "ns-899.awsdns-48.net"
    ]
}