{
    "domain": "adsdefender.com",
    "owner": {},
    "source": [
        "DuckDuckGo-US"
    ],
    "prevalence": 0.0000681,
    "sites": 10,
    "subdomains": [
        "cdn"
    ],
    "cnames": [],
    "fingerprinting": 2,
    "resources": [
        {
            "rule": "adsdefender\\.com\\/oti\\.js",
            "cookies": 0,
            "fingerprinting": 0,
            "subdomains": [
                "cdn"
            ],
            "apis": {},
            "sites": 9,
            "prevalence": 0.0000613,
            "cnames": [],
            "responseHashes": [
                "0f641760e198c17b1341e24aa121bdbdf02ac3474d5b2e48b4ef3041350ae38b",
                "14997458ca1a4fd9c0ab7ed8ebf16644d01f9a74600cd1607e18f81b7f7603e0",
                "72bc9aa528064571be445665910150f62354c96b32ead3de37c8edd3e02537e8",
                "36012c194bfea288d9b6b24e5742f7491494789f4eb45f718466a0d7d96ec73d",
                "164d0ad12671d8767a030490268a2abc44cfe6c5e2dde755850fece52b5ef3bc",
                "5e7399d9d0d505542034f4cbde49f64dc7354d3a94b39a05a7c4556f993d793c",
                "7fad2efc219032b6fc583575c30964c8316a79b979275d980a1306f4e85bb241",
                "91e2010cef5691addb030ea00f10563037078fe929ce39163b91a3ace3d7a8bd"
            ],
            "type": "Script",
            "firstPartyCookies": {},
            "firstPartyCookiesSent": {},
            "exampleSites": [
                "woom.com",
                "www.adlermode.com",
                "www.betten.de",
                "www.cecil.de",
                "www.garten-und-freizeit.de",
                "www.gerryweber.com",
                "www.hawesko.de",
                "www.street-one.de",
                "zattoo.com"
            ]
        },
        {
            "rule": "adsdefender\\.com\\/ivy\\.js",
            "cookies": 0.0000613,
            "fingerprinting": 2,
            "subdomains": [
                "cdn"
            ],
            "apis": {
                "Document.cookie getter": 9,
                "Navigator.prototype.language": 9,
                "Navigator.prototype.cookieEnabled": 9,
                "Screen.prototype.height": 9,
                "Screen.prototype.width": 9,
                "Document.cookie setter": 9,
                "Navigator.prototype.webdriver": 9
            },
            "sites": 9,
            "prevalence": 0.0000613,
            "cnames": [],
            "responseHashes": [
                "3afab3e608be7b6efa472557f4016db9acb70fcbb9543b2f7bd800c1a4cfe3aa"
            ],
            "type": "Script",
            "firstPartyCookies": {
                "_HCT_": {
                    "ttl": 1,
                    "length": 1,
                    "prevalence": 0.00006126825283365669,
                    "uniqueness": 0.2222222222222222
                },
                "_HC_v5692": {
                    "ttl": 1802,
                    "length": 31,
                    "prevalence": 0.000006807583648184077,
                    "uniqueness": 1
                },
                "_HC_v6278": {
                    "ttl": 302,
                    "length": 31,
                    "prevalence": 0.000006807583648184077,
                    "uniqueness": 1
                },
                "_HC_v6354": {
                    "ttl": 303,
                    "length": 31,
                    "prevalence": 0.000006807583648184077,
                    "uniqueness": 1
                },
                "_HC_v6210": {
                    "ttl": 310,
                    "length": 31,
                    "prevalence": 0.000006807583648184077,
                    "uniqueness": 1
                },
                "_HC_v6356": {
                    "ttl": 302,
                    "length": 31,
                    "prevalence": 0.000006807583648184077,
                    "uniqueness": 1
                },
                "_HC_v6228": {
                    "ttl": 302,
                    "length": 31,
                    "prevalence": 0.000006807583648184077,
                    "uniqueness": 1
                },
                "_HC_v6040": {
                    "ttl": 303,
                    "length": 31,
                    "prevalence": 0.000006807583648184077,
                    "uniqueness": 1
                },
                "_HC_v6208": {
                    "ttl": 310,
                    "length": 31,
                    "prevalence": 0.000006807583648184077,
                    "uniqueness": 1
                },
                "_HC_v6246": {
                    "ttl": 302,
                    "length": 31,
                    "prevalence": 0.000006807583648184077,
                    "uniqueness": 1
                }
            },
            "firstPartyCookiesSent": {},
            "exampleSites": [
                "woom.com",
                "www.adlermode.com",
                "www.betten.de",
                "www.cecil.de",
                "www.garten-und-freizeit.de",
                "www.gerryweber.com",
                "www.hawesko.de",
                "www.street-one.de",
                "zattoo.com"
            ]
        },
        {
            "rule": "adsdefender\\.com\\/ot",
            "cookies": 0.0000613,
            "fingerprinting": 0,
            "subdomains": [
                "cdn"
            ],
            "apis": {},
            "sites": 9,
            "prevalence": 0.0000613,
            "cnames": [],
            "responseHashes": [
                "3d0546c2c2bb37dec28bf441df80ffb01ffc9c0d44d9605aee1f1d8c5918b252",
                "f6958ff61019585eeb98763e4731de63130fdf8caa80b747e049e600a1c8bb23",
                "c1e494ff066f72b0f61876748969854a663e17a9f853f1ddcb825e40aa110498",
                "0e031d0902fdf8a6e1e8be8b17ce3d357b6eced916e204861f4839f7793da8ad",
                "3c5f1773c4ae4665c4e49941b6755497331f523cc874f744582d9df99d2683f1",
                "b42c3836411b8376e91dbbe01f6b15824bea99ae952d0c010308eb66b0f89e63",
                "3fbda8e122dcc2f598d6837ccdcc79236c26429b04a86380c817c6123448197a",
                "efd199e8dcd102ce42d62ec324cb2ab60512edfc6610fb5070253f89d89695a5"
            ],
            "type": "Script",
            "firstPartyCookies": {},
            "firstPartyCookiesSent": {},
            "exampleSites": [
                "woom.com",
                "www.adlermode.com",
                "www.betten.de",
                "www.cecil.de",
                "www.garten-und-freizeit.de",
                "www.gerryweber.com",
                "www.hawesko.de",
                "www.street-one.de",
                "zattoo.com"
            ]
        }
    ],
    "categories": [],
    "performance": {},
    "cookies": 0.0000681,
    "topInitiators": [
        {
            "domain": "googletagmanager.com",
            "prevalence": 0.6
        },
        {
            "domain": "first party",
            "prevalence": 0.4
        }
    ],
    "types": {
        "Script": 27
    },
    "nameservers": [
        "ns-267.awsdns-33.com",
        "ns-899.awsdns-48.net",
        "ns-1234.awsdns-26.org",
        "ns-1847.awsdns-38.co.uk"
    ]
}