{
    "domain": "adtcodepurpel.com",
    "owner": {},
    "source": [
        "DuckDuckGo-US"
    ],
    "prevalence": 0.000136,
    "sites": 20,
    "subdomains": [
        "cs11",
        "cs10",
        "cs09"
    ],
    "cnames": [],
    "fingerprinting": 1,
    "resources": [
        {
            "rule": "adtcodepurpel\\.com\\/tanta\\/cyberious\\.js",
            "cookies": 0.000136,
            "fingerprinting": 1,
            "subdomains": [],
            "apis": {
                "window.localStorage": 19
            },
            "sites": 20,
            "prevalence": 0.000136,
            "cnames": [],
            "responseHashes": [
                "0e3732b91408177ec01c2a0c14459e9de4ebb13ab4768f8803c74df4df8d370e",
                "ad0eea92fbeae7eb9140fe3f8702012820cc75a991bc517223e18543b144a0c5",
                "0fe9fc51305e3ca5f6a2c5d589cb2fd57044b1ede626d543e6e0d154426ba35e",
                "97d5c6c39391ed7a0c6654f1e487855239bf0d3529cc4afd8ec8ca4ff9f012d7",
                "cf1eefbea771d524290a9ec3491078b37a7e6f2fb8aa78e4cf540d46104d43ea",
                "3bb2656e7c495f429a8b6ff63b365b9e38f5ba79f7a7ab297251daa60ab31653",
                "199579701e78abad5dfca69bb22c662bf4410662e038ad86870bc8c80f7eb7d1",
                "4a2d8d1bead471567ded03e408a5db468244a2dce41cd4c5d887ee04a1b86c81",
                "2fb2715e58b1a90d413b0d9af54b4f5911fb9241bbb6a07d996c6c3d42f40a87",
                "049b7bc044b6ed1cd8eec4dee95fe6b1de8f0d6761ffaff30c3923d0e44eb938",
                "5dbfadf68c311ae2503b3ccf1c92990ddf772842732862be4c1d63fe3c50fd8f",
                "ffd2aeb21b9da6d64f4bc2f818433e358a6d98c3c5609bc9ff85ca85bd7ea31a",
                "2b93641284bffd11b5574b26d70da708032b8a3088591a5020cf8cb6b955e884",
                "6178503816c2c540a582249c08c4d2d9751238210c3808f2f7343bb195509981",
                "d6f10e201d1006b1267ae0d0328e1504ad3faa636423015d07f47c68662c7791",
                "7a0199577b89bac811fe71c471d55e7dcabefcf99cfbbd413befbd9ad529b721",
                "f915f80cf97f4da9986a444699e523101490c928b7b2ed9b1f7181265d9e6d62",
                "ba756cb54334921c1b0985aeea864e66c734f87b603516e9bea5386247c47a46",
                "f76aa8552699f69cde2a041b1c16dfddf352dea5cea1fa42bfeaa7377155f800"
            ],
            "type": "Script",
            "firstPartyCookies": {},
            "firstPartyCookiesSent": {},
            "exampleSites": [
                "bestweapon.in",
                "bumboobs.net",
                "devahy.org",
                "domashka.link",
                "eropic.cc",
                "pornoanal.top",
                "pornokran.cc",
                "pornopyanie.info",
                "pornopyanie.xyz",
                "pornrusskoe.fans",
                "protinok.click",
                "sex.onporn.fun",
                "sexdom.click",
                "siski.name",
                "the.pornogo.tube",
                "the.zorox.sex",
                "topdevka.com",
                "w2w.pornoboss.tv",
                "xxx.tizam.pw",
                "you-stories.com"
            ]
        },
        {
            "rule": "adtcodepurpel\\.com\\/content\\/58766\\/3415390\\.jpg",
            "cookies": 0,
            "fingerprinting": 0,
            "subdomains": [
                "cs11",
                "cs10"
            ],
            "apis": {},
            "sites": 3,
            "prevalence": 0.0000204,
            "cnames": [],
            "responseHashes": [
                "1e8241586364907addad2a90419be0d6efcf7b0a89cd791b60a6ce1153cef01e"
            ],
            "type": "Image",
            "firstPartyCookies": {},
            "firstPartyCookiesSent": {},
            "exampleSites": [
                "bumboobs.net",
                "sexdom.click",
                "xxx.tizam.pw"
            ]
        },
        {
            "rule": "adtcodepurpel\\.com\\/content\\/58766\\/3415765\\.jpg",
            "cookies": 0,
            "fingerprinting": 0,
            "subdomains": [
                "cs11",
                "cs09"
            ],
            "apis": {},
            "sites": 2,
            "prevalence": 0.0000136,
            "cnames": [],
            "responseHashes": [
                "32a9d630fc0cb6ae037ef120d1248b0ac0e6ed868c6f239a60467f38474c4cd6"
            ],
            "type": "Image",
            "firstPartyCookies": {},
            "firstPartyCookiesSent": {},
            "exampleSites": [
                "bumboobs.net",
                "xxx.tizam.pw"
            ]
        },
        {
            "rule": "adtcodepurpel\\.com\\/content\\/58766\\/3234226\\.gif",
            "cookies": 0,
            "fingerprinting": 0,
            "subdomains": [
                "cs09",
                "cs10"
            ],
            "apis": {},
            "sites": 4,
            "prevalence": 0.0000273,
            "cnames": [],
            "responseHashes": [
                "18413fb7cc7011536d39a9435be26c1d8d0213759185fcbfb75b0c1753291388"
            ],
            "type": "Image",
            "firstPartyCookies": {},
            "firstPartyCookiesSent": {},
            "exampleSites": [
                "bumboobs.net",
                "pornrusskoe.fans",
                "protinok.click",
                "xxx.tizam.pw"
            ]
        },
        {
            "rule": "adtcodepurpel\\.com\\/content\\/58766\\/3415762\\.jpg",
            "cookies": 0,
            "fingerprinting": 0,
            "subdomains": [
                "cs10",
                "cs11"
            ],
            "apis": {},
            "sites": 2,
            "prevalence": 0.0000136,
            "cnames": [],
            "responseHashes": [
                "51c1f16453f6d29a703c1ae7e2fc0d1211578c5a6711d5aab1272106670b208b"
            ],
            "type": "Image",
            "firstPartyCookies": {},
            "firstPartyCookiesSent": {},
            "exampleSites": [
                "bumboobs.net",
                "w2w.pornoboss.tv"
            ]
        },
        {
            "rule": "adtcodepurpel\\.com\\/content\\/58766\\/3415762\\.gif",
            "cookies": 0,
            "fingerprinting": 0,
            "subdomains": [
                "cs10",
                "cs09",
                "cs11"
            ],
            "apis": {},
            "sites": 6,
            "prevalence": 0.0000409,
            "cnames": [],
            "responseHashes": [
                "1addbd0dd37aad614821a6da2f2f7357ff5fa7aedd61bd2fff55a383a63e64ec"
            ],
            "type": "Image",
            "firstPartyCookies": {},
            "firstPartyCookiesSent": {},
            "exampleSites": [
                "bumboobs.net",
                "pornrusskoe.fans",
                "sexdom.click",
                "the.zorox.sex",
                "w2w.pornoboss.tv",
                "xxx.tizam.pw"
            ]
        },
        {
            "rule": "adtcodepurpel\\.com\\/content\\/58767\\/3415766\\.jpg",
            "cookies": 0,
            "fingerprinting": 0,
            "subdomains": [
                "cs11",
                "cs10"
            ],
            "apis": {},
            "sites": 3,
            "prevalence": 0.0000204,
            "cnames": [],
            "responseHashes": [
                "32a9d630fc0cb6ae037ef120d1248b0ac0e6ed868c6f239a60467f38474c4cd6"
            ],
            "type": "Image",
            "firstPartyCookies": {},
            "firstPartyCookiesSent": {},
            "exampleSites": [
                "domashka.link",
                "pornoanal.top",
                "pornopyanie.info"
            ]
        },
        {
            "rule": "adtcodepurpel\\.com\\/content\\/58767\\/3415769\\.gif",
            "cookies": 0,
            "fingerprinting": 0,
            "subdomains": [
                "cs10",
                "cs11",
                "cs09"
            ],
            "apis": {},
            "sites": 7,
            "prevalence": 0.0000477,
            "cnames": [],