{
    "domain": "advertnative.com",
    "owner": {},
    "source": [
        "DuckDuckGo-US"
    ],
    "prevalence": 0.000109,
    "sites": 16,
    "subdomains": [
        "click"
    ],
    "cnames": [],
    "fingerprinting": 0,
    "resources": [
        {
            "rule": "advertnative\\.com\\/loading\\/",
            "cookies": 0,
            "fingerprinting": 0,
            "subdomains": [
                "click"
            ],
            "apis": {},
            "sites": 16,
            "prevalence": 0.000109,
            "cnames": [],
            "responseHashes": [
                "a38674781900de652cc62c2c5d13d7f67929effb0c58597e2acd97c75de98fe2",
                "829f0869cec5f9671f51d1b18ce2dacc62b93827abc23008e0b9cf6b48dfa56e",
                "a25496e65d14c55db92c14c0dcf404282ff1d24ea06c6f5bb5b96a284da12dfa",
                "ef5f214d22778854039df75107dfc21436a025aba28cf7a4bc99e58b2818eff9",
                "32342c3a1445614d5eb6f490c4babc17911a6002c9d2d28c981e83654a9ce329",
                "5be935fdc3080db8e3612f9a283651fa74a6b419e49aaadfc8c82da7c5882dea",
                "95377824f3ff4743b2aaa227b62f28ad89cc9128f8df6267461c585f2fba3dff",
                "d4da6cddefc75b54d8a87409490893f30c7cf8929349bcf1bb23d00d2816f10b",
                "bbae5d3bd3746a7de6850406335b37aeecb75b0231a5011c7a286cf9ec60edc4",
                "813fae50a20f35fa5a44c8ccb103d2f2f52b9b47800f9eb92b0d78dce9836ea9",
                "36a9e7f1c95b82ffb99743e0c5c4ce95d83c9a430aac59f84ef3cbfab6145068",
                "be0d993294ef8841ec8cdc665087e5fe482617719a5922051ef6930abf8a2d37",
                "842f9fff0fa253034fdc52b679c8d35934e6062efa8b5006ae6c9df0b8c5d1d2",
                "8d1797f94ba55f88b79041e260526a0d4078aaa6197a07fdf0770e3a849adce9",
                "e55fec90ef2582158f872656392a5e7085c34feff558da65791111f3812e4128"
            ],
            "type": "Script",
            "firstPartyCookies": {},
            "firstPartyCookiesSent": {},
            "exampleSites": [
                "fajar.co.id",
                "fin.co.id",
                "m.brilio.net",
                "m.jpnn.com",
                "mojok.co",
                "telisik.id",
                "www.axioma.id",
                "www.ayobandung.com",
                "www.brilio.net",
                "www.dailysia.com",
                "www.haibunda.com",
                "www.hitekno.com",
                "www.jawapos.com",
                "www.matakita.id",
                "www.tudepoin.com",
                "www.tvonenews.com"
            ]
        },
        {
            "rule": "advertnative\\.com\\/storage\\/logo\\/all_an_white_4\\.png",
            "cookies": 0,
            "fingerprinting": 0,
            "subdomains": [],
            "apis": {},
            "sites": 14,
            "prevalence": 0.0000954,
            "cnames": [],
            "responseHashes": [
                "eb0d12d2937d2ddc431cae68c1b3133bf500a838940bf287acb620267e9c7d31"
            ],
            "type": "Image",
            "firstPartyCookies": {},
            "firstPartyCookiesSent": {},
            "exampleSites": [
                "fajar.co.id",
                "fin.co.id",
                "m.brilio.net",
                "m.jpnn.com",
                "mojok.co",
                "telisik.id",
                "www.axioma.id",
                "www.ayobandung.com",
                "www.brilio.net",
                "www.dailysia.com",
                "www.haibunda.com",
                "www.jawapos.com",
                "www.matakita.id",
                "www.tudepoin.com"
            ]
        }
    ],
    "categories": [],
    "performance": {},
    "cookies": 0,
    "topInitiators": [
        {
            "domain": "first party",
            "prevalence": 0.8888888888888888
        },
        {
            "domain": "googlesyndication.com",
            "prevalence": 0.05555555555555555
        },
        {
            "domain": "doubleclick.net",
            "prevalence": 0.05555555555555555
        }
    ],
    "types": {
        "Script": 16,
        "Image": 14
    },
    "nameservers": [
        "ns29.domaincontrol.com",
        "ns30.domaincontrol.com"
    ]
}