{
    "domain": "adventive.com",
    "owner": {
        "name": "Adventive, Inc.",
        "displayName": "Adventive"
    },
    "source": [
        "DuckDuckGo-US"
    ],
    "prevalence": 0.000259,
    "sites": 38,
    "subdomains": [
        "ads"
    ],
    "cnames": [],
    "fingerprinting": 2,
    "resources": [
        {
            "rule": "adventive\\.com\\/ad",
            "cookies": 0.000218,
            "fingerprinting": 1,
            "subdomains": [
                "ads"
            ],
            "apis": {
                "Date.prototype.getTime": 21,
                "Screen.prototype.width": 12,
                "Screen.prototype.height": 12,
                "window.name": 8
            },
            "sites": 32,
            "prevalence": 0.000218,
            "cnames": [],
            "responseHashes": [
                "d3c9d2ff37dc6acf9f5e63e6781bdd58cebdbc665f6f4cbbe2341c5b565d9833",
                "13830d98ad4aa3859692ef0a323e88db35b1ee019ffb3851ba0c749278448e07",
                "44e1468a41640ff1ac06f65277ddb09a468847b0544e2c740711fd1c1b36f08a",
                "b99bc42f64d6a5fe39825313078df30e36447d288eaaa7940bdb6aa0261f98d3",
                "ce0096908311c71e21ab8d3e4c9d43cc87a8d5dc975b1fed6e461476db3561ea",
                "ac2574395c015a3ba9eec28bab1805e9120e8b63de90a6f06954e09357a25d92",
                "b9c5e339f30fa5459711c2bcb46e62f90e79fdfacceb224092f9462cf6713189",
                "00eb00ab5f2ab769ca8c67090c2b1ba4f23d31b53d868d99ff0994ea79ecce88",
                "da1a8341f57d7ba157c19796b7e87480e4621633f686ba0038362ebb2cf5d4cc",
                "7e6c504e19060546fc4a511fff2b2a77770350623452325c7b1a18420241a71e",
                "88ced020be94c6e67a7ca77fc6e7f7a7ff808ccdea457e5523a2bf0e0c8a725b",
                "13c5217d3e30b612ccb1ac47f61b74c0e16bd10ce8237bb82ee26f547ab6ebbf",
                "5e75e9f1fd22ec84ad436f9de541639cc3a0a29a22a7cfacd505b353486722f7",
                "0686ad8fd2a9cef5c5eb9e00ff08cff7fe898a323af71c1cbf18b0f1f102f6ef",
                "4f368b1ee2f9049a3e7fd14a646e15d7df943f530678302d84fdbf60d7b46e9d",
                "ab3c56282e2be47b4b59a7b764c0eb33cca7debd3e68ebf0bb7924f62a1e6da4",
                "2d514e1592c5e22a20817163cdd78c16981425bd391deec9b6a6b7abaf2f1443",
                "f6e6502e227c28c5bcf0968e116273c7f0e15443c94eb9a721ce17adb64f3d59",
                "dbb8ddc4a43850cfe32aa3b98eafe1bb9896458dcc8ac5f3f0ea168b0ab8392f",
                "b334686ef64a9e6f27d01d93eb516a8b7d265c3a9ee46b16ab753a46bbe059b8",
                "1afc5bd20f2fa616dfecfcf8203183cb08b6e0dda5b12e519c54d84a18211bc5",
                "05c25affdbc9203311bd47fca40c66abcef13cdbf3cc4980cc901411610e31ae",
                "2dd90cf6c3b2a7fcb2e77b6ccac267aa0646cf05e5d7312804a3eedb99e8b8c8",
                "9eef01c59e00190b54df2e55b216213147d588794786e301c50a929a9d41f601",
                "1600ceccc84779f136d113cdf3a5eb22c9a9e005eb6727ee152ea9f30550e02a",
                "184d82473eb5070b152adabdc077afa0fc5b2675b61406c4664174a1c90c109d",
                "dd24eaa6deb7d7aa37ea9f7071dc09b9c83f6c36e171d93b32d7ae91c4e4eb46",
                "0c29e33493f8a4b3caeaf97a95568b7aea66ddf0ff9ce9c3e8a60e573a4ea202",
                "086a1fbdc336acc192e23515bd7b8c9b3932ab921db872fdfba12bc471c10528",
                "909ec8e3f2acb15ac486a03c7dbade1c2fb227b43000d53f62a63776d46a7d65"
            ],
            "type": "Script",
            "firstPartyCookies": {},
            "firstPartyCookiesSent": {
                "lotame_domain_check": 0.000040898122776164575
            },
            "exampleSites": [
                "www.toledoblade.com",
                "www.pdxmonthly.com",
                "kjzz.org",
                "www.winemag.com",
                "www.thegardenisland.com",
                "www.thefader.com",
                "www.meetings-conventions.com",
                "www.travelweekly.com",
                "www.horseillustrated.com",
                "news.stlpublicradio.org",
                "www.naturallycurly.com",
                "acs.org",
                "www.furnituretoday.com",
                "www.padi.com",
                "www.travelpulse.com",
                "www.wfae.org",
                "www.kuer.org",
                "www.houstoniamag.com",
                "www.seattlemet.com",
                "www.sarasotamagazine.com"
            ]
        },
        {
            "rule": "adventive\\.com\\/api\\/stats",
            "cookies": 0.000204,
            "fingerprinting": 0,
            "subdomains": [
                "ads"
            ],
            "apis": {},
            "sites": 30,
            "prevalence": 0.000204,
            "cnames": [],
            "responseHashes": [
                "f4eef8263281c0b26486637831251059757bc3fdc4c3a48045a8ef8646b36e8f"
            ],
            "type": "Image",
            "firstPartyCookies": {},
            "firstPartyCookiesSent": {
                "lotame_domain_check": 0.000040898122776164575,
                "plsVisitorIp": 0.000006816353796027429
            },
            "exampleSites": [
                "cen.acs.org",
                "www.newbeauty.com",
                "www.thegardenisland.com",
                "www.horseillustrated.com",
                "www.seattlemet.com",
                "www.houstoniamag.com",
                "racer.com",
                "www.wfae.org",
                "www.thefader.com",
                "www.kuer.org",
                "kjzz.org",
                "news.stlpublicradio.org",
                "www.wineenthusiast.com",
                "www.scubadiving.com",
                "www.furnituretoday.com",
                "www.constructionspecifier.com",
                "acs.org",
                "dcist.com",
                "www.sarasotamagazine.com",
                "www.travelpulse.com"
            ]
        },
        {
            "rule": "adventive\\.com\\/ui\\/img\\/tracker\\.php",
            "cookies": 0,
            "fingerprinting": 0,
            "subdomains": [
                "ads"
            ],
            "apis": {},
            "sites": 3,
            "prevalence": 0.0000204,
            "cnames": [],
            "responseHashes": [],
            "type": "Image",
            "firstPartyCookies": {},
            "firstPartyCookiesSent": {},
            "exampleSites": [
                "hypebeast.com",
                "www.naturallycurly.com",
                "www.veterinarypracticenews.com"
            ]
        }
    ],
    "categories": [],
    "performance": {},
    "cookies": 0.000259,
    "topInitiators": [
        {
            "domain": "doubleclick.net",
            "prevalence": 0.576271186440678
        },
        {
            "domain": "googlesyndication.com",
            "prevalence": 0.1694915254237288
        },
        {
            "domain": "adventivecdn.com",
            "prevalence": 0.11864406779661017
        },
        {
            "domain": "geoedge.be",
            "prevalence": 0.06779661016949153
        },
        {
            "domain": "first party",
            "prevalence": 0.05084745762711865
        },
        {
            "domain": "kenilworth.com",
            "prevalence": 0.01694915254237288
        }
    ],
    "types": {
        "Script": 32,
        "Image": 33
    },
    "nameservers": [
        "may.ns.cloudflare.com",
        "igor.ns.cloudflare.com"
    ]
}