{
    "domain": "adxpremium.services",
    "owner": {},
    "source": [
        "DuckDuckGo-US"
    ],
    "prevalence": 0.000845,
    "sites": 124,
    "subdomains": [
        "rtb",
        "s2",
        "s333",
        "user-sync",
        "go-sync"
    ],
    "cnames": [],
    "fingerprinting": 0,
    "resources": [
        {
            "rule": "adxpremium\\.services\\/openrtb2\\/auction",
            "cookies": 0,
            "fingerprinting": 0,
            "subdomains": [
                "rtb"
            ],
            "apis": {},
            "sites": 93,
            "prevalence": 0.000634,
            "cnames": [],
            "responseHashes": [
                "0ce5d7bd9ad6f27732c2072905f2fe645405eb798e124524384f09524dc66920",
                "c77e79fbde1a15b44f8a4678c861a089dbb194aa9d9b90fcf04fa3dd5b94c51f",
                "9e6e4c88872b9f5e614de9caa46a54d6f9fa6b7429ab4adbfb629ecc8700c41f",
                "569c49a5ccfcf592d1abc793dfa2cb637267dcae8d3a11203627cefefbbda5d5",
                "df174eba09b51832996b5b897896c995ca64a81f3f1a7563e1153e448083975d",
                "ac67abd7f1f79d515ba88b0d875ad0cf96c73717aed2f47e8c6fb07b6894b820",
                "f03907994896779c2b2a1e29a79322081285ec993e63b51beb22eed36c9ec229",
                "937a9833b2ad5c29405a761b5d6fcc8b8455e65cf3580b05fa55e36b7c1e704c",
                "9a0cadbbb71abeaceae38baefbe3fdbdff2315e579b7ed9ee82515429d530aa6",
                "0337ee98e2b5498973e5a53a6c9bc9ca8dbe9166f450e5f8a26828db8a580f49",
                "934cce7e37c8e719addf531263a5b6adbf5c99d4e8ee3effb1e83620fe9c4e3d",
                "c52d2eb90e56b81b1495eecb849ce1720ad432fb142bbac8656e300958fa02fc",
                "1cc42fcc1d672ee11c22fdb5514ff19e76f498c5288f1c2eead2207863e1f35a",
                "f3f05b9203fd7fc50b5dc12a8ec4d9332f22bd5f6d7b2271ca58ecf0b96fa9e2",
                "2d30f8a4e86ba8b002b781146eb6127ab654159c0ceea7c9ed3b0b38e52a05f2",
                "b3fc97fe2c585fd3b36a65dbc7579f9dcda7321a5eba7807e44d7e23e425f1e3",
                "dd7cb4de12fd08e2d78ecc14fcabfc8fd32419d54d6d4431fb4751dcd0af36da",
                "919d6483c2da55fbc029c9f36c6d932c1f0f188a3a5053d87ed7b1b8374719aa",
                "42c6c28d45f1b55c3723b9b2bdd3364c53a74482b3d5912da4303f01a4412afd",
                "9d6324a922cb4d1f4082d35381662bc21b4eee7e0cd27ac43405b62fe378d064",
                "a9ba43d642593912ea0d77ec07e58cbc6e6a3739f6fd22a20762eb7cc56eecf4",
                "04d47002d6075c2c43b44a059cb962b8e18e958b7b6a6b6e060421965c4000c9",
                "ae4836047f46aca944bc70d49f0e677829b9ff4d363ad3b86271b6dba919a4ac",
                "d10b518b9d11a2b87c512219f5765d38c33d7f1b09575a9f8230c553dafc38f6",
                "1aaa08d57622e0ce5311b7851f63f9d8ecc01d05615b06253123cad8f6b81c8d",
                "13f021f6bf42a7291d167a934f6077e4445e942c6e84bc340d6f1dddebd8388f",
                "b8ee2d61068fc334a07fad0aeb9088c4e88e858047798ee3bae15344ac8996b9",
                "da3531848b456f81c78965140c699ad998db208c364603b53a3319c79bf30959",
                "ecd423bc62dec2fb5237cc5f89ba63467bacf432bddca04973166c6af8ab0a92",
                "9b40151ea28ede619761c6d0395a9f50e0af36d32c408a35938558a7f40f0580",
                "0334f840624692c8b43dc111a8b13da2f249cd55372d36f14083bd2d0ce948d0",
                "78efdea9e03f3df08724ce70cba4ff2628388b2667c4a2b2e8540d22559cac06",
                "ccca18d000c9ae89d88f684b07e2b6de2485e0b0952a43a09ce848463e6217d8",
                "fc9e7d7a1d567f7190d15b308a120bc16435157c9b914e3b4c2656ab509871cb",
                "993ef370489820a97701c5a6d2f92b80f340eeaa71c6150be620937235ad3fad",
                "00f421b7b4cc90a9e030cbade3a77370f22c10e2dad52dbf19281acd43455867",
                "3306cf25c834948cbf59758b720335358781a4382c766d645a039f3eae940658",
                "f4f8da6187bab8817470161253358c916d39cf508f413e8deda0a3cf7e1c63d6",
                "25e5dff6e56b579a0587fa8f8c1d16b8ef4c8c95dd43449f1681361041972787",
                "8d0c14a728059ef467b94fa33e17dae0aa4a52faf9f15ded59f79939a668b047",
                "6dc43b0f78d4b1ffa9f40dcf81ef764f2412255d6a1a44dba24b3fff1e4a1fc6",
                "18e0a8b0a56a6c5023cd141f0da3e8eba3264ab40caf4e4ecf399bec25247249",
                "4a38366d3935db00a6b92628d83b1cc7fc1dab5e475ca4ed0454701e60235f89",
                "097cdc2781aeec9a3bf974094fc905e77f2bfffcb45a9da7f3b85fa35fdf8559",
                "8956d02d3c24c6e477044c38c700b55f7a473f7a872ffe74629467de9b5ef2d6",
                "28b9440541b6adcc54cee9d81a1bc53af7a2e24c5b82d68e720d5eeac18aff39",
                "e0682f50061337dfc879e0f3176d5c229ecb1901202db040721f287506b19da5",
                "cc4f567fdf7421533e79f822b6074dd6ab2fc21aed44ea3b6680bd3787a32238",
                "34c01e281a005b9d194ae32c3e35938ed78a95125eabf0ad61f64e0610cc53f7",
                "cf0018119a6d0459d39749364a9bef36c1b6b80835117705bb1a2e493bbe4194",
                "e523382f0518f0e13979828eceb53b15f79889f6fdbc380a874c11ef73df3962",
                "5351aa32f632b22af0d87e6e812bb37ac63d532cd1fbf60b7845151183cc57bd",
                "52f7c61a722c1b72479d497d32e27be40ebd2c8b6e86dc683ed0a11c8fdee652",
                "9ceb9f96259e82fcec8c39afdd94a0d3a509453eb8ed6d26fe007242c19144fa",
                "d8cc8937ad9d360f329d4af9f6b773d39e7084c9e383eec0e4ed1a463b5374e5",
                "2e996f2a6701b18c509e69f89497fcfd5da32f62d446611ed8cf39d33ef69f30",
                "4dc29c12c6bce8300fe2688b47958e3febee6012eb0f05e0090f2ece10f45911",
                "af4b9a9c1023751c7f6e535666cf1cbf0809725870785c717442ef543f77876b",
                "9cc90420e11039ca7d46a929cc0d665c21529a5ac7d69db835c319058043f22c",
                "3f2f93bff07410db6cc3a6e0cb1d6c04993857aef9913b61ad0bd1324e6a7074",
                "eb0cd3cad17e8922872bd9f1674dafdd026a84a2ce55d5c17d21cde68b22fa5c",
                "5f6dce7a67ca3e2dfb6908dda1eb1d5f798d5115e35e7bb649d5d89da7376208",
                "9a7f8f450d465f7c94e5ab7f5a08149b415af52970469b5becaaf3672df79a49",
                "36cee438151f7c93fd3d88b894cf92467e55a08b7b33daae50cf663f8c8f3eaf",
                "d1f74c52fcb8a12d85fdad7244393999d86e5801820f71288fe4f92172dcd308",
                "320bd05ef448ba135b638d5a7943f4dbcbd4c05933eedb63d4d6cc8e2b72ec6f",
                "056b5f680cf8521b715a013dd1be198fa5b398a4525d04879f51d44893867edc",
                "2cc054dde65eb79cad517d63ae4d4cd6e80a122002604acb3de9b2a2d310d2ae",
                "e94fc0aa870f46c3ff10d9bf958d7288ce5f45a6279d982ea1001c6318965d2b",
                "b123f86e99d56ed743adf61f9932409349ee644923b3de0631563e7e0f44b080",
                "5f5b5afa57af9d9c5766e6c02b30e36f04de412f017eb750fde790522b2a2470",
                "b445b82438d7c025c3118a6f1740323fe86e4a7f6ed5f6930069d488984d3467",
                "3a68f7b642aeeb76cc482feca772066ddcbe22b7484bd8ac09f8f687a92c31b1",
                "36aa2c5ba8b8c6926d898617f06e0c962f6fc530ce37ef7e9895a43defc62ddd",
                "4081453e406d10a28b515fdee33509e1c571b6c6141a784476e4ed649b24f7f0",
                "31ecba1a608073f0ac124afcd2fbe276e722fcfea6044e632fc58e7a86541955",
                "4c59ddb6df7debed7d0c7c77159c9a2c8eb640b84ceb5516d1f3aff9703f7547",
                "078073865f25860f0af82474826c57972fe0dd1a4921878981960fb4fc32d79d",
                "1691b6e6815f302b10159f6e3929c66f758c11ba0aeafbf0f7fa25d092c44c88",
                "ad6b2c189c8ddc67e3d69baf0f27c578efea05505ab47448df6ee2601afc6cc1",
                "64e7012f79ada31d895235fa9472c2b4676b7b9545dad29d6cba208dde3495eb"
            ],
            "type": "XHR",
            "firstPartyCookies": {},
            "firstPartyCookiesSent": {},