{
    "domain": "afodreet.net",
    "owner": {},
    "source": [
        "DuckDuckGo-US"
    ],
    "prevalence": 0.000245,
    "sites": 36,
    "subdomains": [],
    "cnames": [],
    "fingerprinting": 3,
    "resources": [
        {
            "rule": "afodreet\\.net\\/",
            "cookies": 0.000143,
            "fingerprinting": 0,
            "subdomains": [],
            "apis": {},
            "sites": 21,
            "prevalence": 0.000143,
            "cnames": [],
            "responseHashes": [
                "9d2f9bf5be1fcf2654c8601f8df47a763f405e66d4eb2f5d65bed0af3531195e",
                "9df58f98e5f966186b562fab4fd7720caaefa9e7c9386c8136e4aad2da7d431a",
                "b9cb9a7a6fe29858df5530645e081d1c860a880b43d455f827f1103e02e41596",
                "e162b563d8229acd035336a6240532a0e8d9d2b5d891d2a010cc0dd77efe0c19",
                "7f59e5db75113f7845afee91ef49595b239f5a597570fd3addca4147a3df10af",
                "994780c5152681bf280f9a719a2ac7355b2f807c3a329a73c3f09f5896e2b4fb",
                "80c6ddc9cb30c5d89a6c3570d27fd6b4324db355791674d2fcbacbc615037b90",
                "d629f29005b4854ab1ee0a12924b48bf4d9705d1fa4b6bef58172157e87cefb0",
                "075104507b0618f5fe433b1952b807132e57d9b290a4157899e8a63e3aaac653",
                "1cd499dacafc68aaf9dbc0ed231b8c70fe0176b5aec9d9ae4938aff12909ba3a",
                "6575b6d1753e020527394799c29fe9336be0b9a18564eeccba53a441b7537575",
                "9844c6f05a272b795e93df210a1cdfb38fe7c0663132cbd822ef144a54d8bc22",
                "05a938968fff88cc3bf1d010023c1faaf0e17a0976cf0b07a3781db7d99aad7f",
                "a3c3442e8368b4b5351d8896cd197d9e0e417842769f163a9b0fb711222f6282",
                "d0ba00cb66ec2819045a35c4b13dc36f4336ba5d81bc537dad3efc3afc0bfca0",
                "ab959551608ff91f72a12896d5c8cb2d94d39d5d4ecc4bb1ddfff94b7000fa86",
                "02b0e4540484f6f9cd27dd88dd4f4ce92338f25567e21c933bc8add7fd71712a",
                "dbab25b54ed18b72c695d6d8fbeb6cc620b8f4139a6446f6ac4d805c7007b9eb",
                "7775e671594136a5f590c06083d7dff4931140352a7f89f96663067f7bb76e27",
                "508cd71fd5c66bd34578a4461bf626b881561efec17639581b5981d91bc724bb"
            ],
            "type": "Fetch",
            "firstPartyCookies": {},
            "firstPartyCookiesSent": {},
            "exampleSites": [
                "www.skidrow-games.com",
                "pictolic.com",
                "online-photo-converter.com",
                "welovemanga.one",
                "www.wecima.shop",
                "www.kambistory.com",
                "stream2watch.vip",
                "pojokmanga.net",
                "hesgoal.games",
                "www1.kisscartoon.online",
                "mycima.mx",
                "samchanmanga.com",
                "bimtek.co.id",
                "es.novelcool.com",
                "niadd.com",
                "mirrorkomik.net",
                "www1.pelisgratishd.de",
                "en.novelxo.com",
                "ww2.yifysubtitles.me",
                "nswrom.com"
            ]
        },
        {
            "rule": "afodreet\\.net\\/apu\\.php",
            "cookies": 0.000075,
            "fingerprinting": 2,
            "subdomains": [],
            "apis": {
                "window.localStorage": 1,
                "Screen.prototype.height": 1,
                "Navigator.prototype.userAgent": 1,
                "window.innerHeight": 1,
                "Screen.prototype.availHeight": 1,
                "NavigatorUAData.prototype.getHighEntropyValues": 1,
                "Date.prototype.getTime": 1,
                "Navigator.prototype.mimeTypes": 1,
                "Screen.prototype.width": 1,
                "window.screenX": 1,
                "window.screenY": 1,
                "window.outerWidth": 1,
                "window.outerHeight": 1,
                "window.innerWidth": 1,
                "Navigator.prototype.maxTouchPoints": 1,
                "WebGLRenderingContext.prototype.getExtension": 1,
                "WebGLRenderingContext.prototype.getParameter": 1,
                "window.sessionStorage": 1,
                "Document.cookie getter": 1,
                "Document.cookie setter": 1
            },
            "sites": 11,
            "prevalence": 0.000075,
            "cnames": [],
            "responseHashes": [
                "3ee4049bb703db0f0c40957ab2c9aeb74bce6b895f336d22363db75bd4ab7731",
                "f67694912f506cce7efc7b5d0ad44b23bfcb824f7d85ea8789496dd9a649f704",
                "a6ccefbdf597a487803f8274d43d6a624edbc925f37132d2aa7000676ea7baeb",
                "af91f4e0186e260489b9f93a7feb5e2f211eb06fe3044392aadc85c2fe55512b",
                "8f01927afac284299d5ab05d0325d305151a4c4061f58b9aaff40afb87e5810f",
                "1464e296a614066ec84458398c8064c4d96bcfa064e9b077b580a3d0bd0ae35f",
                "69e052520cf59422814ae8972bce2301504f2d3c72a782cad07658bc482dade2",
                "d22620e4c76c8ed8249e43c32dd8aabb25fd81af212486afc8e3879b26cdfa95",
                "4650b135055dbfcac5883bf7561dc39452a83547c519c682f0f73f4cf9ba59b5",
                "6733bbd39de3635a7dc2c2498ceea077a5c6546701131465d89b8275d6c3d4e1"
            ],
            "type": "Script",
            "firstPartyCookies": {
                "prefetchAd_6184366": {
                    "ttl": 124,
                    "length": 4,
                    "prevalence": 0.000006816353796027429,
                    "uniqueness": 1
                }
            },
            "firstPartyCookiesSent": {},
            "exampleSites": [
                "novelcool.com",
                "harimanga.com",
                "kunmanga.com",
                "manhwaz.com",
                "niadd.com",
                "pesktop.com",
                "readberserk.com",
                "thekisscartoon.com",
                "welovemanga.one",
                "www.officialvds.in",
                "www.wikifeet.com"
            ]
        },
        {
            "rule": "afodreet\\.net\\/5\\/3512690\\/",
            "cookies": 0.0000136,
            "fingerprinting": 0,
            "subdomains": [],
            "apis": {},
            "sites": 2,
            "prevalence": 0.0000136,
            "cnames": [],
            "responseHashes": [
                "5528873f61341744b8ac647c551bbe1e8f34d27deb43dcd52aec001627563768"
            ],
            "type": "XHR",
            "firstPartyCookies": {},
            "firstPartyCookiesSent": {},
            "exampleSites": [
                "hesgoal.games",
                "stream2watch.vip"
            ]
        },
        {
            "rule": "afodreet\\.net\\/5\\/5184296\\/",
            "cookies": 0.0000136,
            "fingerprinting": 0,
            "subdomains": [],
            "apis": {},
            "sites": 2,
            "prevalence": 0.0000136,
            "cnames": [],
            "responseHashes": [
                "b312c4f466a6e061cc2abc49ed42a7d605860f209112ffa18f2492a3ec815d0a"
            ],
            "type": "XHR",
            "firstPartyCookies": {},
            "firstPartyCookiesSent": {},
            "exampleSites": [
                "yifysubtitles.me",
                "ww2.yifysubtitles.me"
            ]
        }
    ],
    "categories": [],
    "performance": {},
    "cookies": 0.000232,
    "topInitiators": [
        {
            "domain": "inklinkor.com",
            "prevalence": 0.6333333333333333
        },
        {
            "domain": "ardslediana.com",
            "prevalence": 0.16666666666666666
        },
        {
            "domain": "dukingdraon.com",
            "prevalence": 0.06666666666666667
        },
        {
            "domain": "iclickcdn.com",
            "prevalence": 0.05
        },
        {
            "domain": "augailou.com",
            "prevalence": 0.016666666666666666
        },
        {
            "domain": "first party",