{
    "domain": "aggle.net",
    "owner": {},
    "source": [
        "DuckDuckGo-US"
    ],
    "prevalence": 0.000225,
    "sites": 33,
    "subdomains": [
        "os"
    ],
    "cnames": [],
    "fingerprinting": 1,
    "resources": [
        {
            "rule": "aggle\\.net\\/js",
            "cookies": 0.0000818,
            "fingerprinting": 0,
            "subdomains": [],
            "apis": {},
            "sites": 12,
            "prevalence": 0.0000818,
            "cnames": [],
            "responseHashes": [
                "d22d53c4caeca72f99994f0d6e0bdb4d35fdcc7995f52e6228d03f848158646c",
                "1446c905fbb6dfbba9295752094976a08e1d5587f7f22494486df516de55635c",
                "215873a1c3746abe361093a19d76a34c1b7754966d53abdc1885f611571e821f",
                "21b9829bc36d285be52e58c3bd3997ee3103f8c3b11aaa8b5bd52064447b9e3b",
                "dad18c0754781c4e1c00bc517e4ec23ddd92c3de81673b370db7e3ca91a1d3be",
                "a06a611fec15260c0cad0632cb6392641a7aeadc9c9ffb73f97b439d85defec5",
                "bda4fcf9045dda06cc4f2ad12e112572badbeb0e26557bc7fe0db3e4b9732f4e",
                "f9aaa9dcd1cfb7779cab0aa58402ce8e674980ef1bef06436e2affb0ffe6d76c",
                "f684858e543a9c1f5e2de00853e16bbc4b28f449b3c9d4650cd1d730a24984dd",
                "fe5b37d8e72ea81c0d42665bf8cabad16b262a9bb027319f4fe28bc62893e344",
                "b40eee351687a462291c1cf5424849dd21e704f2dc3d527cd5e3652e23da6e64"
            ],
            "type": "Script",
            "firstPartyCookies": {},
            "firstPartyCookiesSent": {},
            "exampleSites": [
                "delta8resellers.com",
                "discountvapepen.com",
                "highprofilecannabis.com",
                "homegrowncannabisco.com",
                "northatlanticseed.com",
                "thehempdoctor.com",
                "weed.com",
                "www.binoidcbd.com",
                "www.dynavap.com",
                "www.pax.com",
                "www.stiiizy.com",
                "www.thecbdistillery.com"
            ]
        },
        {
            "rule": "aggle\\.net\\/jsync",
            "cookies": 0.0000818,
            "fingerprinting": 1,
            "subdomains": [],
            "apis": {
                "Date.prototype.getTime": 6
            },
            "sites": 12,
            "prevalence": 0.0000818,
            "cnames": [],
            "responseHashes": [
                "e62bfbf1b15b75265409b6796070974a5e783e1589be9a6c991d7ea672328e94",
                "2d39efa02b11b28bd25b77846fa3fb091e21d3d84b39874ddb6fc201efc1d450",
                "1aa7d9af75c9fc1db02e820b556dc04c1f4ec053d0adee39c5cb237e79ff918f",
                "451813dae4badaaf1ef07226fee4e8f9fb218a090dce3d4c5bcd418b0f3cacea",
                "0fca5b571a15e0f642ef6ff4b13e7db7571482f2735b684246204636cb39f8b8",
                "55421f432d888b2e4a751ddcabede6761ac161294d85f0f227e29b838e847cbd",
                "12d78e308bef7bca633b3a2a91abc4ddf3033a7a38ee332336f43b3fcdf38ea0",
                "6b3bfd9229571bd620e2b1d09729d2969681d3152457b1aeccbac6e193cd0bbc",
                "79df412e34a8d2a3d88d0529da3669e5b040f4ca86e3bc95b75f76ff7fba5b53",
                "af48be3134eefa0a3547816f0900c0d025f57b982045c3ffd5f4b304312745ff",
                "d664ce6f0c4beabeeb3f83cf5382afa43ee3df65abcc51a597c0bd16553f5e0e"
            ],
            "type": "Script",
            "firstPartyCookies": {},
            "firstPartyCookiesSent": {},
            "exampleSites": [
                "delta8resellers.com",
                "discountvapepen.com",
                "highprofilecannabis.com",
                "homegrowncannabisco.com",
                "northatlanticseed.com",
                "thehempdoctor.com",
                "weed.com",
                "www.binoidcbd.com",
                "www.dynavap.com",
                "www.pax.com",
                "www.stiiizy.com",
                "www.thecbdistillery.com"
            ]
        },
        {
            "rule": "aggle\\.net\\/igfad",
            "cookies": 0.0000818,
            "fingerprinting": 0,
            "subdomains": [],
            "apis": {},
            "sites": 12,
            "prevalence": 0.0000818,
            "cnames": [],
            "responseHashes": [
                "f270fff2d0aa5a532546121410ef22b549574a282e52d805ac1eb5dc0c745161"
            ],
            "type": "Image",
            "firstPartyCookies": {},
            "firstPartyCookiesSent": {},
            "exampleSites": [
                "delta8resellers.com",
                "discountvapepen.com",
                "herb.co",
                "homegrowncannabisco.com",
                "northatlanticseed.com",
                "thehempdoctor.com",
                "weed.com",
                "www.binoidcbd.com",
                "www.dynavap.com",
                "www.pax.com",
                "www.stiiizy.com",
                "www.thecbdistillery.com"
            ]
        },
        {
            "rule": "aggle\\.net\\/ossync",
            "cookies": 0,
            "fingerprinting": 0,
            "subdomains": [
                "os"
            ],
            "apis": {},
            "sites": 9,
            "prevalence": 0.0000613,
            "cnames": [],
            "responseHashes": [
                "d00fcede33efa35b6a448c717c2b5211b068269b20b34ea6313eb087d5009315",
                "f331029a3941594bf4ceee8b435e74e56990cea5f0d2e99a98ef8b18307a99c8",
                "97f35c4478e11d4073516c93251b9fbc7bcfbff6dd12db36bb722c2dfedbd218",
                "aae9cf3b36fa98a3bd01360012a53cf1fa79d2173852e4d0066ca30d541b0c4b",
                "e5cb653a15135d63da117005daffc2ecb9ec719a4219bb6ae008d5a1195ce057",
                "9f93230566a6c42370b4cfe3e4520ca4c40c9331cb3a8dc6e99775d678b2356a",
                "e106aff8e921c4d4537d157dd03f0a1711fe5527e18c37c551e1db0ef067df1d",
                "720d48c77b26816135a45951f08cea314dbc01f044336856329acf3cd760b62b"
            ],
            "type": "Fetch",
            "firstPartyCookies": {},
            "firstPartyCookiesSent": {},
            "exampleSites": [
                "herb.co",
                "hoteltechreport.com",
                "min.io",
                "www.beehiiv.com",
                "www.copperfitusa.com",
                "www.daily-harvest.com",
                "www.rhone.com",
                "www.shoplc.com",
                "www.tireagent.com"
            ]
        },
        {
            "rule": "aggle\\.net\\/ossync",
            "cookies": 0,
            "fingerprinting": 0,
            "subdomains": [
                "os"
            ],
            "apis": {},
            "sites": 9,
            "prevalence": 0.0000613,
            "cnames": [],
            "responseHashes": [],
            "type": "Preflight",
            "firstPartyCookies": {},
            "firstPartyCookiesSent": {},
            "exampleSites": [
                "herb.co",
                "hoteltechreport.com",
                "min.io",
                "www.beehiiv.com",
                "www.copperfitusa.com",
                "www.daily-harvest.com",
                "www.rhone.com",
                "www.shoplc.com",
                "www.tireagent.com"
            ]
        },
        {
            "rule": "aggle\\.net\\/osjlog",
            "cookies": 0,
            "fingerprinting": 0,
            "subdomains": [
                "os"
            ],
            "apis": {},
            "sites": 9,
            "prevalence": 0.0000613,
            "cnames": [],
            "responseHashes": [
                "422ed3ad15da2c2647708eb9302934c5494a80e04bd30732dd749956feef331d"
            ],
            "type": "Fetch",
            "firstPartyCookies": {},
            "firstPartyCookiesSent": {},