{
    "domain": "ahcdn.com",
    "owner": {},
    "source": [
        "DuckDuckGo-US"
    ],
    "prevalence": 0.000764,
    "sites": 112,
    "subdomains": [
        "ip167810356",
        "ip167815963",
        "ip167813021",
        "ip163636410",
        "ip167812358",
        "ip266637213",
        "ip167815347"
    ],
    "cnames": [],
    "fingerprinting": 0,
    "resources": [
        {
            "rule": "ahcdn\\.com\\/key=uVez99mhv2J-WrdvW75bKw,s=,end=1692364342,ip=40\\.117\\.150\\.99,limit=2\\/state=ZN9nKHWW\\/buffer=5000000:1652786,4980\\.7\\/speed=28759\\/reftag=0252740865\\/ssd1\\/102\\/6\\/204556426\\/d\\/000\\/015\\/15673\\/15673\\.mp4",
            "cookies": 0,
            "fingerprinting": 0,
            "subdomains": [
                "ip167810356"
            ],
            "apis": {},
            "sites": 2,
            "prevalence": 0.0000136,
            "cnames": [],
            "responseHashes": [
                "102ea624cccf27e688bd4109a1c10ffe56c244b478273eb4d0e8b380d162bf0e"
            ],
            "type": "Media",
            "firstPartyCookies": {},
            "firstPartyCookiesSent": {},
            "exampleSites": [
                "arabicpornvideo.com",
                "www.arabicpornvideo.com"
            ]
        },
        {
            "rule": "ahcdn\\.com\\/key=lWjtYJifpGanUpt0fMboLw,s=,end=1692338184,ip=40\\.117\\.150\\.99,limit=2\\/state=ZN8BKHWW\\/buffer=5000000:165671,206\\.7\\/speed=69457\\/reftag=0208587822\\/ssd1\\/102\\/2\\/241508702\\/d\\/000\\/186\\/186023\\/186023\\.mp4",
            "cookies": 0,
            "fingerprinting": 0,
            "subdomains": [
                "ip167815963"
            ],
            "apis": {},
            "sites": 2,
            "prevalence": 0.0000136,
            "cnames": [],
            "responseHashes": [
                "0acc7680f481f48521850ed5f054d7e9caf1b5ad4c3513a09bec3c0f4303d7b3"
            ],
            "type": "Media",
            "firstPartyCookies": {},
            "firstPartyCookiesSent": {},
            "exampleSites": [
                "iwanktv.pro",
                "www.iwanktv.pro"
            ]
        },
        {
            "rule": "ahcdn\\.com\\/key=4eQNensimw-+KnXZ2tAocA,s=,end=1692343531,ip=40\\.117\\.150\\.99,limit=2\\/state=ZN8VKHWW\\/buffer=5000000:734894,1073\\.9\\/speed=59307\\/reftag=0281747492\\/ssd2\\/102\\/9\\/236367529\\/b\\/000\\/154\\/154936\\/154936\\.mp4",
            "cookies": 0,
            "fingerprinting": 0,
            "subdomains": [
                "ip167810356"
            ],
            "apis": {},
            "sites": 2,
            "prevalence": 0.0000136,
            "cnames": [],
            "responseHashes": [
                "f845d2b37f23e39b6154a4746279a5832dc6baf2f6801034fcc9e25b7b01ae3c"
            ],
            "type": "Media",
            "firstPartyCookies": {},
            "firstPartyCookiesSent": {},
            "exampleSites": [
                "pakistaniporn.tv",
                "www.pakistaniporn.tv"
            ]
        },
        {
            "rule": "ahcdn\\.com\\/key=1nQntq6huJEAh5dfU+gp9w,s=,end=1692374721,ip=40\\.117\\.150\\.99,limit=2\\/state=ZN+PKHWW\\/buffer=5000000:242860,858\\.0\\/speed=24532\\/reftag=0208587737\\/47\\/102\\/5\\/232675065\\/d\\/000\\/160\\/160814\\/160814\\.mp4",
            "cookies": 0,
            "fingerprinting": 0,
            "subdomains": [
                "ip167813021"
            ],
            "apis": {},
            "sites": 2,
            "prevalence": 0.0000136,
            "cnames": [],
            "responseHashes": [
                "4ad88305eea01d20eead01f6f7857940c253c1074f4138409f73f9a3a324f3ae"
            ],
            "type": "Media",
            "firstPartyCookies": {},
            "firstPartyCookiesSent": {},
            "exampleSites": [
                "porndotcom.org",
                "www.porndotcom.org"
            ]
        },
        {
            "rule": "ahcdn\\.com\\/key=TE6ds7pbMIU5RzbY6TQZrg,s=,end=1692361746,ip=40\\.117\\.150\\.99\\/state=ZN9dKHWW\\/buffer=5000000:4583116,1210\\.1\\/speed=328246\\/reftag=0209992131\\/ssd2\\/102\\/3\\/184239283\\/896128_video\\.mp4",
            "cookies": 0,
            "fingerprinting": 0,
            "subdomains": [
                "ip163636410"
            ],
            "apis": {},
            "sites": 2,
            "prevalence": 0.0000136,
            "cnames": [],
            "responseHashes": [
                "c61ef84c0496d232420064dfa068424932bb6ce72c62ba54945deb77b966f3e4"
            ],
            "type": "Media",
            "firstPartyCookies": {},
            "firstPartyCookiesSent": {},
            "exampleSites": [
                "pornharbour.net",
                "www.pornharbour.net"
            ]
        },
        {
            "rule": "ahcdn\\.com\\/key=ucSLV4nHkK4ussf0gDdRsg,s=,end=1692355046,ip=40\\.117\\.150\\.99,limit=2\\/state=ZN9CKHWW\\/buffer=5000000:208316,632\\.0\\/speed=28567\\/reftag=0217215205\\/ssd2\\/102\\/7\\/211381467\\/d\\/000\\/083\\/83097\\/83097\\.mp4",
            "cookies": 0,
            "fingerprinting": 0,
            "subdomains": [
                "ip167812358"
            ],
            "apis": {},
            "sites": 2,
            "prevalence": 0.0000136,
            "cnames": [],
            "responseHashes": [
                "001750e5d4b49d125f657809e75c5ee77c2fba541b38bb816d83a8aa3c3b8e0d"
            ],
            "type": "Media",
            "firstPartyCookies": {},
            "firstPartyCookiesSent": {},
            "exampleSites": [
                "pornodoza.info",
                "www.pornodoza.info"
            ]
        },
        {
            "rule": "ahcdn\\.com\\/key=KIsHDu+zttRO85ee5Dr1dA,s=,end=1692398087\\/state=ZN9CKHWW\\/buffer=742347:822463,480\\.1\\/speed=148469\\/reftag=0291055288\\/31\\/1408\\/2\\/276207442\\/b\\/video13\\/4\\/45\\/06522de3b4da79240ecf6c95948df545\\.mp4",
            "cookies": 0,
            "fingerprinting": 0,
            "subdomains": [
                "ip266637213"
            ],
            "apis": {},
            "sites": 2,
            "prevalence": 0.0000136,
            "cnames": [],
            "responseHashes": [],
            "type": "Media",
            "firstPartyCookies": {},
            "firstPartyCookiesSent": {},
            "exampleSites": [
                "shemaleporntube.tv",
                "www.shemaleporntube.tv"
            ]
        },
        {
            "rule": "ahcdn\\.com\\/key=+dnp3+RDP4koe7UH76YmyA,s=,end=1692352772\\/state=ZN8yKHWW\\/buffer=2001490:14811719,6907\\.0\\/speed=200149\\/reftag=264241223\\/ssd6\\/35\\/9\\/292874029\\/3016390\\.mp4",
            "cookies": 0,
            "fingerprinting": 0,
            "subdomains": [
                "ip167815347"
            ],
            "apis": {},
            "sites": 2,
            "prevalence": 0.0000136,
            "cnames": [],
            "responseHashes": [
                "182328355851d69632f49e9ef4d88b3632e45bd0c94c9f83ef7bb0bc3a7d5548"
            ],
            "type": "Media",
            "firstPartyCookies": {},
            "firstPartyCookiesSent": {},
            "exampleSites": [
                "sunporno2.com",
                "www.sunporno2.com"
            ]
        },
        {
            "rule": "ahcdn\\.com\\/key=Z-K-BcqFmIyQiRvhbv8bYQ,s=,end=1692352774\\/state=ZN8yKHWW\\/buffer=2001490:14811719,6907\\.0\\/speed=200149\\/reftag=264241223\\/ssd6\\/35\\/9\\/292874029\\/3016390\\.mp4",
            "cookies": 0,
            "fingerprinting": 0,
            "subdomains": [
                "ip167815347"
            ],
            "apis": {},
            "sites": 2,
            "prevalence": 0.0000136,
            "cnames": [],
            "responseHashes": [
                "182328355851d69632f49e9ef4d88b3632e45bd0c94c9f83ef7bb0bc3a7d5548"
            ],
            "type": "Media",
            "firstPartyCookies": {},
            "firstPartyCookiesSent": {},