{
    "domain": "aimbase.com",
    "owner": {
        "name": "Avala Marketing Group",
        "displayName": "Avala Marketing Group"
    },
    "source": [
        "DuckDuckGo-US"
    ],
    "prevalence": 0.000402,
    "sites": 59,
    "subdomains": [
        "ws",
        "tiffingroup",
        "marinemaxfans"
    ],
    "cnames": [],
    "fingerprinting": 1,
    "resources": [
        {
            "rule": "aimbase\\.com\\/Scripts\\/awa\\.js",
            "cookies": 0.000259,
            "fingerprinting": 1,
            "subdomains": [
                "ws"
            ],
            "apis": {
                "Document.cookie getter": 30,
                "Date.prototype.getTime": 38,
                "Document.cookie setter": 30
            },
            "sites": 38,
            "prevalence": 0.000259,
            "cnames": [],
            "responseHashes": [
                "8ba68d46893b85bc897c43152f45d90151dcafdd74adfb745dbb934900a614ff",
                "6646bc5f115a392f34b7a69e046e64a38f035b4c5462d1fbd81c69b9f7bb688c",
                "9b1766b9f86d60556583bb12589bcfb1b224dba3d8308c51eeebdfd36d7cc987",
                "7b4d33a559dae06122e69d6ed7673a399bfd4a6902c1df06ab9a5d23e939ffce",
                "6416e724fb2311a8e12c991f8acea754817daa13eb479e3d1d6731bc4bc66128",
                "5e679d253a23ff56f7a8ab5bbf28e57477c9522314d4bac6245fa57957ee5e6e",
                "95196557ababd21f4cc69d02940d52b4ae2bc8f2c307ab36833550ee4b3e3119",
                "703b029c5de89c9bb3b4f85fae3f29ab7d846ddbf159709e567561a41689d28f",
                "7fe9e2e2fa5bffc1059174069e3f7c35eb9c36c5c58b30a7cfe4f326fcb840b2",
                "42e371d0443d8cff148bc405c3370b281d700a85be7353b27286f5837393e3ee",
                "0674b22e60c23b193cfeae804fb9f21bd61a9b56455ab2e717f1219c2f326788",
                "a0e7093190d01fb81bcfdd02b827e018f17d89d54443c4f1acb8d5ff8ab13cd3",
                "1b066ebb96a9a9fbac79d01c3aca41b16cd6b1fea92a93f30536f0296a5bcc9a",
                "d7154c96654892ed76e644335659c97817a0798fee0ffb65fe1efef00aff140a",
                "3dfbeb84ca6614e904605038ef051b723a5114f5784d2e25b4677aaf73bc3770",
                "3c498390f03e78ba41c15c09eb0627025ca17c9de18c281f63a9135da3085793",
                "fb99144524a21328dbf4410fa93d068ade9cd8f649a13eb84477729a8f81d948",
                "6e6e1ee173659f19c5648788e9ba3c794abe793b2db0c798473e3527043eff2d",
                "b54ac5c1bcc834fa06427ba8d86f5002774baf44a92b5fcd426bed58505c2076",
                "fb01b7af73b3b3d980410c996ab40e2a01376a0571e0f39b15af473ee6633af3",
                "d3dd50af81b5938137a7be2f2dbb3eb2173a0a84b592d610ab7aeec260f33d6a",
                "19f1eff4eecec6162bc56281a8fe35a8d6d6eb75159dc96568dc2428d2cbcdd1",
                "bef5e6e7dc5d4186bbfc58c15b02161de117de3c605b21e7e93bc8ee0ba7236c",
                "59890db011fe87d179874594c3938f12bab14dc7bb994408c14f58e882f53c4b",
                "f4259477056ac21f270349b902d457436b1ce29e0a51f0085e67c9412dfa6062",
                "1a507e48f59086cfd4ef1bff403d896ca79a689791ae07d18e147627d511eb0d",
                "0ca724f0a76ea38cddf8e84c026890230f1ea0e3add79e6ac1a1567ad694a338",
                "5f4b3854d4529cb0a3a9571253d499db52c0d222d881a0dd4aefa8e7d33f20d7",
                "5718940f9b124a299995004eaa753174e5fda443782bc89a3b528f19c6d3e37b",
                "c0169f4ac255840728059126ec3af3e0166fc3a095ade310627f86b128e0f60b",
                "b12e9889cfe97878ef57e70b96fa9e42969cfdcd9335d30d2c14da71b8445c31",
                "be95ac05a5d34adee09b21be3a013aba0a0ac2b8a3256199c3bfef5110286376",
                "b1799750308dafe7c5477e142d912eb7174bd13d02539b468dbd97624d93c4aa",
                "862abb1336e6d2a9b59b4800c33419e808247c6497eab30c773bd62dec4f7355",
                "6e0551b1e93d78fa9e185d5662918e6f0027bb2812b90aca327a87e45b52629c",
                "ace29e92d106f8f18f9aefbedb318047e4fc858c925698d09e93fb93adf5ad52",
                "20ab236ffcd3f6082acefb08a558b49590bdb2a4e484c41dada66c4403497845"
            ],
            "type": "Script",
            "firstPartyCookies": {
                "Aimbase.Analytics.Session": {
                    "ttl": 1202,
                    "length": 102,
                    "prevalence": 0.0002042275094455223,
                    "uniqueness": 1
                }
            },
            "firstPartyCookiesSent": {},
            "exampleSites": [
                "www.jdpower.com",
                "www.scarabjetboats.com",
                "www.evergladesboats.com",
                "www.pathfinderboats.com",
                "www.gradywhite.com",
                "cruiserrv.com",
                "www.keystonerv.com",
                "www.starcraftmarine.com",
                "legacy.granddesignrv.com",
                "txtsv.com",
                "www.dutchmen.com",
                "ezgo.txtsv.com",
                "www.beckleysrvs.com",
                "www.shoremaster.com",
                "sylvanmarine.com",
                "www.parkerboats.com",
                "www.pleasurelandrv.com",
                "www.winnebago.com",
                "www.chriscraft.com",
                "www.pursuitboats.com"
            ]
        },
        {
            "rule": "aimbase\\.com\\/api\\/pagevisit",
            "cookies": 0,
            "fingerprinting": 0,
            "subdomains": [
                "ws"
            ],
            "apis": {},
            "sites": 39,
            "prevalence": 0.000265,
            "cnames": [],
            "responseHashes": [
                "07383c96980710a04144e5a39ae59e7f9f74bcfd6462a6932ded48efe6d73bce"
            ],
            "type": "Image",
            "firstPartyCookies": {},
            "firstPartyCookiesSent": {},
            "exampleSites": [
                "www.pathfinderboats.com",
                "www.beckleysrvs.com",
                "www.regulatormarine.com",
                "www.johnsonrv.com",
                "www.rangertugs.com",
                "www.meyersrvsuperstores.com",
                "zeromotorcycles.com",
                "www.fourwinns.com",
                "www.entegracoach.com",
                "www.crossroadsrv.com",
                "tiffinmotorhomes.com",
                "nautique.com",
                "www.chriscraft.com",
                "www.boatlift.com",
                "heartlandrvs.com",
                "legacy.granddesignrv.com",
                "www.pursuitboats.com",
                "www.thormotorcoach.com",
                "ezgo.txtsv.com",
                "www.parkerboats.com"
            ]
        },
        {
            "rule": "aimbase\\.com\\/api\\/pageaction",
            "cookies": 0,
            "fingerprinting": 0,
            "subdomains": [
                "ws"
            ],
            "apis": {},
            "sites": 9,
            "prevalence": 0.0000613,
            "cnames": [],
            "responseHashes": [
                "07383c96980710a04144e5a39ae59e7f9f74bcfd6462a6932ded48efe6d73bce"
            ],
            "type": "Image",
            "firstPartyCookies": {},
            "firstPartyCookiesSent": {},
            "exampleSites": [
                "txtsv.com",
                "arcticcat.txtsv.com",
                "ezgo.txtsv.com",
                "www.beckleysrvs.com",
                "www.exploreusa.com",
                "www.keystonerv.com",
                "www.meyersrvsuperstores.com",
                "www.winnebago.com",
                "zeromotorcycles.com"
            ]
        },
        {
            "rule": "aimbase\\.com\\/scripts\\/reviewwidget\\.js",
            "cookies": 0,
            "fingerprinting": 0,
            "subdomains": [
                "tiffingroup",
                "marinemaxfans"
            ],
            "apis": {},
            "sites": 2,
            "prevalence": 0.0000136,
            "cnames": [],
            "responseHashes": [
                "3fde71d652e0019af03dd82384622f12a6b969398233d970b95c25defe179d88"
            ],
            "type": "Script",