{
    "domain": "air.tv",
    "owner": {},
    "source": [
        "DuckDuckGo-US"
    ],
    "prevalence": 0.0000953,
    "sites": 14,
    "subdomains": [
        "embed",
        "cdn-sp-s3",
        "events",
        "counts"
    ],
    "cnames": [],
    "fingerprinting": 1,
    "resources": [
        {
            "rule": "air\\.tv\\/v1\\/twoview_bootstrap\\.js",
            "cookies": 0,
            "fingerprinting": 1,
            "subdomains": [
                "embed"
            ],
            "apis": {
                "Navigator.prototype.userAgent": 9
            },
            "sites": 9,
            "prevalence": 0.0000613,
            "cnames": [],
            "responseHashes": [
                "8050e744fec8e8d845833e567d9a99454ebf2647442564ce2365e9606c132bb8",
                "9516385c7686ee707f2ab0b67748d7596b8325c7fa493678e4e4dd2b7eccc75f",
                "36d87293628d7676b8a1c2deafcc0b51035a75cf71c1bcc989cb454d61889b8b",
                "5bc1ccad7fd011db90f35ec7395481a7831db5b3637e7d12caabc02e46f3978e",
                "67b172f8e120a490085b3c524da4f3daca29566815175adf59ffd155e24b5a5f",
                "6e3385ec4fb20fdbe466f74131d61cefd44d80850ac236ee124cb90d55f9adf1",
                "6b9aa1151187710eafd28884e757d2aa107a4075d15bc2be12649026781b6fd8",
                "d95ef2740de3f60c8a08ddbb8ce60348c3421b828de9de4aa29dcd82bbcc3d2b"
            ],
            "type": "Script",
            "firstPartyCookies": {},
            "firstPartyCookiesSent": {},
            "exampleSites": [
                "conservativebrief.com",
                "homehacks.co",
                "theclemsoninsider.com",
                "themindcircle.com",
                "trendingpoliticsnews.com",
                "www.americanthinker.com",
                "www.godupdates.com",
                "www.goodnewsnetwork.org",
                "www.ranker.com"
            ]
        },
        {
            "rule": "air\\.tv\\/airtv\\.js\\/v\\/2022-07-07_07-15-41\\/twoview-1\\.0\\.js",
            "cookies": 0,
            "fingerprinting": 1,
            "subdomains": [
                "cdn-sp-s3"
            ],
            "apis": {
                "Navigator.prototype.userAgent": 9,
                "window.localStorage": 9
            },
            "sites": 9,
            "prevalence": 0.0000613,
            "cnames": [],
            "responseHashes": [
                "eb579429c41817bd817305acdadb5e21ca7eca69c30584fb591a3a67066faec2"
            ],
            "type": "Script",
            "firstPartyCookies": {},
            "firstPartyCookiesSent": {},
            "exampleSites": [
                "conservativebrief.com",
                "homehacks.co",
                "theclemsoninsider.com",
                "themindcircle.com",
                "trendingpoliticsnews.com",
                "www.americanthinker.com",
                "www.godupdates.com",
                "www.goodnewsnetwork.org",
                "www.ranker.com"
            ]
        },
        {
            "rule": "air\\.tv\\/script-loads",
            "cookies": 0,
            "fingerprinting": 0,
            "subdomains": [
                "events"
            ],
            "apis": {},
            "sites": 9,
            "prevalence": 0.0000613,
            "cnames": [],
            "responseHashes": [],
            "type": "Preflight",
            "firstPartyCookies": {},
            "firstPartyCookiesSent": {},
            "exampleSites": [
                "conservativebrief.com",
                "homehacks.co",
                "theclemsoninsider.com",
                "themindcircle.com",
                "trendingpoliticsnews.com",
                "www.americanthinker.com",
                "www.godupdates.com",
                "www.goodnewsnetwork.org",
                "www.ranker.com"
            ]
        },
        {
            "rule": "air\\.tv\\/script-loads",
            "cookies": 0,
            "fingerprinting": 0,
            "subdomains": [
                "events"
            ],
            "apis": {},
            "sites": 9,
            "prevalence": 0.0000613,
            "cnames": [],
            "responseHashes": [
                "e3b0c44298fc1c149afbf4c8996fb92427ae41e4649b934ca495991b7852b855"
            ],
            "type": "XHR",
            "firstPartyCookies": {},
            "firstPartyCookiesSent": {},
            "exampleSites": [
                "conservativebrief.com",
                "homehacks.co",
                "theclemsoninsider.com",
                "themindcircle.com",
                "trendingpoliticsnews.com",
                "www.americanthinker.com",
                "www.godupdates.com",
                "www.goodnewsnetwork.org",
                "www.ranker.com"
            ]
        },
        {
            "rule": "air\\.tv\\/social-embed-loads",
            "cookies": 0,
            "fingerprinting": 0,
            "subdomains": [
                "events"
            ],
            "apis": {},
            "sites": 3,
            "prevalence": 0.0000204,
            "cnames": [],
            "responseHashes": [],
            "type": "Preflight",
            "firstPartyCookies": {},
            "firstPartyCookiesSent": {},
            "exampleSites": [
                "trendingpoliticsnews.com",
                "www.americanthinker.com",
                "www.godupdates.com"
            ]
        },
        {
            "rule": "air\\.tv\\/social-embed-loads",
            "cookies": 0,
            "fingerprinting": 0,
            "subdomains": [
                "events"
            ],
            "apis": {},
            "sites": 3,
            "prevalence": 0.0000204,
            "cnames": [],
            "responseHashes": [
                "e3b0c44298fc1c149afbf4c8996fb92427ae41e4649b934ca495991b7852b855"
            ],
            "type": "XHR",
            "firstPartyCookies": {},
            "firstPartyCookiesSent": {},
            "exampleSites": [
                "trendingpoliticsnews.com",
                "www.americanthinker.com",
                "www.godupdates.com"
            ]
        },
        {
            "rule": "air\\.tv\\/v1\\/youtube_embed",
            "cookies": 0,
            "fingerprinting": 0,
            "subdomains": [
                "embed"
            ],
            "apis": {},
            "sites": 2,
            "prevalence": 0.0000136,
            "cnames": [],
            "responseHashes": [
                "5d14d623c9ebe117bb09fe5061e162d2b6b1528c58cf568bc6182c51106cf720"
            ],
            "type": "XHR",
            "firstPartyCookies": {},
            "firstPartyCookiesSent": {},
            "exampleSites": [
                "americanthinker.com",
                "www.godupdates.com"
            ]
        },
        {
            "rule": "air\\.tv\\/social-ad-unit-opps",
            "cookies": 0,
            "fingerprinting": 0,
            "subdomains": [
                "events",
                "counts"
            ],
            "apis": {},
            "sites": 2,
            "prevalence": 0.0000136,
            "cnames": [],
            "responseHashes": [],
            "type": "Preflight",
            "firstPartyCookies": {},
            "firstPartyCookiesSent": {},
            "exampleSites": [
                "americanthinker.com",
                "www.americanthinker.com"
            ]
        },
        {
            "rule": "air\\.tv\\/social-ad-unit-opps",
            "cookies": 0,
            "fingerprinting": 0,
            "subdomains": [
                "events",
                "counts"
            ],
            "apis": {},
            "sites": 2,
            "prevalence": 0.0000136,
            "cnames": [],
            "responseHashes": [
                "e3b0c44298fc1c149afbf4c8996fb92427ae41e4649b934ca495991b7852b855"
            ],
            "type": "XHR",
            "firstPartyCookies": {},
            "firstPartyCookiesSent": {},