{
    "domain": "altmetric.com",
    "owner": {},
    "source": [
        "DuckDuckGo-US"
    ],
    "prevalence": 0.000293,
    "sites": 43,
    "subdomains": [
        "badges",
        "api"
    ],
    "cnames": [],
    "fingerprinting": 0,
    "resources": [
        {
            "rule": "altmetric\\.com\\/",
            "cookies": 0,
            "fingerprinting": 0,
            "subdomains": [
                "badges"
            ],
            "apis": {},
            "sites": 29,
            "prevalence": 0.000197,
            "cnames": [],
            "responseHashes": [
                "cddbb392e1914ee0dd14a0e9d66b5a073d22607fe7587c381e01861d65e32e37",
                "6824d6734279ef472c1e1a9496c985da34e2526744dfc2095251c3ab92ad13b2",
                "14753837d326eaad81bb270bdc79354c400c8b0613afcd53b2b1bdf9169c14e0",
                "c563104046a8f5b11a33f2b72bdf55810908f50f5e7d73dbbcb9c3ec98bd6bee",
                "c3ef84e5849cd743b621fddc3b4ddf5c131505e5d4af290027f1e16221493a12",
                "7cfcffaf01b7601e82e511a89ce82b2769b6f8c5754ee7b4c11dd3c3c85f89c6",
                "66a16394a10f28796d2f9738b44fd3ece06675273024fefd25f47e49b227f45c",
                "9a6b84e5c99e779967d7894a2707acbcd4f7e33aefc6f440692eefe04c55289c",
                "91b827ca2ea818ada0594e4b1c55169a5e4cc31c92b3cbefa9c74ad1db9adb4a",
                "88408603e8acc392b8481229487e4212efbc3b9646728fad164be1f6b15758ab",
                "6a820ee212916343bc62c22bc67bfc8a5d8934f63b02c2338a8e6e5c0031094f",
                "eb1ec034637600612a295954cc9f1441ae33357f9a8bb4005d785f1e88daec9a",
                "c3686720d03ef544ba4d04648db1fcadea6f65ca90affe7d01c5667d392585eb",
                "87283453d66f33e32918e616c9c1c7a77d4ef8d51ccbbe2de6db74f7844dc66c",
                "39221edbff9f3e1b66c95f841de942b14ae896e36b600e3e1324c2e8d40baff4",
                "54cd63526b6e8ef12a5e1c28b82536bc37adb3e9293faa2168bb639e61d7d686",
                "0f4fb756e6339f02eb3fa44158d42f31cb14a12e79222a7cabf0cbc3b2028659",
                "39c2196d2c2f133e6a038e6a9e38da7267dac0f419f43a2be5c6a90dd2cc2633",
                "41fcdf4c8c9d8fb10062259d2d4583fa358b7d60af7c1be1e0afd24d1362ab1f",
                "1421f3dbe03071e0474e6df0905a5c47f81f720910a2fe021f892777aa8b9504",
                "303e38bde820b9ed59eef6b37d29bcb5277ac41816141ed9cb140a3440dea09b",
                "1c21b29cdd921e407b8e2edfe0d7a852e0ba74fc98a035e4f98ff23c06a39803",
                "b55daaf4bd7766661f2d784780baa154d31ce0a1ac2553c4f7d21fc1d53642a9",
                "8ed4a16492c43908e346cae2e9b1b35024a50ec492435626f30aea9f9fc6d8a2",
                "4eed41364aba5b8c38209aec04e23d0a8e9b3b8aa899a71b3d4448eb71422ba4",
                "fb50e855758cfcef4f376cac900a5069a95bc489387f8140fc65232b3077c0a6",
                "55dd81b3c877687748771d33b7ea0833d1a1539e5f02cd55af9e709d0fa9c14f"
            ],
            "type": "Image",
            "firstPartyCookies": {},
            "firstPartyCookiesSent": {},
            "exampleSites": [
                "meridian.allenpress.com",
                "academic.oup.com",
                "www.bmj.com",
                "royalsocietypublishing.org",
                "ashpublications.org",
                "heart.bmj.com",
                "link.aps.org",
                "neuro.psychiatryonline.org",
                "jnnp.bmj.com",
                "www.nature.com",
                "www.tandfonline.com",
                "www.frontiersin.org",
                "read.dukeupress.edu",
                "journals.lww.com",
                "research.monash.edu",
                "bjsm.bmj.com",
                "pubs.aip.org",
                "pubs.asahq.org",
                "www.nps.org.au",
                "publications.aap.org"
            ]
        },
        {
            "rule": "altmetric\\.com\\/v1\\/doi\\/10\\.1371\\/journal\\.pone\\.0014734",
            "cookies": 0,
            "fingerprinting": 0,
            "subdomains": [
                "api"
            ],
            "apis": {},
            "sites": 2,
            "prevalence": 0.0000136,
            "cnames": [],
            "responseHashes": [
                "d95b858283efb0fdc90e3b43fd1e7cfbc36b0d0ab808aba038b8e9be79e9027e"
            ],
            "type": "XHR",
            "firstPartyCookies": {},
            "firstPartyCookiesSent": {},
            "exampleSites": [
                "plos.org",
                "journals.plos.org"
            ]
        }
    ],
    "categories": [],
    "performance": {},
    "cookies": 0,
    "topInitiators": [
        {
            "domain": "d1bxh8uas1mnw7.cloudfront.net",
            "prevalence": 0.5079365079365079
        },
        {
            "domain": "first party",
            "prevalence": 0.48148148148148145
        },
        {
            "domain": "osano.com",
            "prevalence": 0.005291005291005291
        },
        {
            "domain": "cookielaw.org",
            "prevalence": 0.005291005291005291
        }
    ],
    "types": {
        "Image": 29,
        "XHR": 2
    },
    "nameservers": [
        "elaine.ns.cloudflare.com",
        "ruben.ns.cloudflare.com"
    ]
}