{
    "domain": "altmetric.com",
    "owner": {},
    "source": [
        "DuckDuckGo-US"
    ],
    "prevalence": 0.000307,
    "sites": 45,
    "subdomains": [
        "badges",
        "api"
    ],
    "cnames": [],
    "fingerprinting": 0,
    "resources": [
        {
            "rule": "altmetric\\.com\\/",
            "cookies": 0,
            "fingerprinting": 0,
            "subdomains": [
                "badges"
            ],
            "apis": {},
            "sites": 31,
            "prevalence": 0.000211,
            "cnames": [],
            "responseHashes": [
                "e5a5eabeea8e63d00a1d73b351438bbb24f9c93ec573d6d39729c3d705bf909a",
                "18cf332af413f0523eafeb74ff8823064770b458c2de892869f4db78342aca5b",
                "3c89835cbade713261d01b860a494fb798578058a167e9ec340e66a51b5f2d26",
                "7010bbf09d0ecdccba8153c60402e81d92fba0c21fd4765446acda9aa166f20d",
                "1dba07a375440a4a4d93739a1317c1a3efcf1b95d7cfd1658b8ca10e65b9cfea",
                "ebe0367a00688387ce69830a27e006196ca996dfdc6dd84d69cec861e7491c3c",
                "ca0929898de49b5b94e823432859175409779fe5f3f90e405d8523d75e6355ed",
                "7b069a4239d07f67f92e7958673bf322daf4882da2226ceab963d738e7003391",
                "db1b67d0c595d3c2b64ca9343af16cf09242607d0bf93bbec4f929ca8a658f46",
                "cec94b7e0f7d12fc50446dc00dda0300815980d55994d2d66580ffc72fb81837",
                "14e73d4acab9f898b85b0ecf2ce55463b40a446e8112318bbce9e3ef2a36fdc6",
                "5ceeee943813917e89a73af7ea2629f300d71892ed602ada2291755433cdecd6",
                "d613d0fe46903b80220fbf2e8cc3ef8ded0d72e05249fa869a2646744a5c27dd",
                "a667220553d91ec2593236ef2318cf191e4c59be48efe4a8d9012c113428c197",
                "ae1642fe8c455ee54752733aad491545f658c451bca50a24cdd91aa2be1fbeba",
                "608920019295883cc7eb45c3334bfaffcaae916d8366c0edb5441192bc911735",
                "99cbaf065075f4d5456a7bda2cc34d99326e6b9413b2308bfed150274204d3d7",
                "25fbdeb7bfef51747fac81d000bfdc742b595e0cc3d3bee6b70086cd67c23cdb",
                "3de64e4b78bd2b9c793d9f5c963f204cc0ea3179501bb3dbb1f13ab7d3f91662",
                "858b8a3498b49e9bfd12e8e9adf02ecc691c90bde3aa48f4dea64d76913c6b3c",
                "3ef7982a31b5bcada73a5efc23a9f52273375a67c11037da4d5c3ef1b0ac10fa",
                "0346971faca44fe66e037a972ef6de5b7206ef6ae55cb27093ce688c3170ad3d",
                "d652097f082a666a04471cb739e09236c0762e5565752582f1936a3af0a670a3",
                "fbf2e7de67fe5f0af40c7aa09e7151f1a1dee2d9fc535726bc99050424ed77de",
                "453513d7f73a338ad692044ccc4ee45dc59ef6bff6b9d90836fb853b5ea7d042",
                "12f928443c917f75cfeef62326efb21d9d7862515d8e6ebf4567529916626129",
                "3700cc8c808c4d418ebabadb0457baae791f4489682f235445e771b637bac7ef",
                "6c491a5df73389b36e76fdccadaff6db10ac74f9be04d43f4207b177d63eeed6",
                "7e4006470df308b1f3224e81962b1debe264ee37b16f40fd9f43979958316b25",
                "3b9cb8154dedfa7ccf51173aebb8e890635bfd996cad459339101e5f1051066c"
            ],
            "type": "Image",
            "firstPartyCookies": {},
            "firstPartyCookiesSent": {},
            "exampleSites": [
                "researchportal.helsinki.fi",
                "www.bmj.com",
                "pubs.asahq.org",
                "ashpublications.org",
                "www.pnas.org",
                "read.dukeupress.edu",
                "bjsm.bmj.com",
                "www.ajnr.org",
                "pubs.aip.org",
                "www.tandfonline.com",
                "research.monash.edu",
                "journals.physiology.org",
                "meridian.allenpress.com",
                "link.aps.org",
                "casereports.bmj.com",
                "www.mdpi.com",
                "www.nature.com",
                "pubs.rsna.org",
                "www.emerald.com",
                "jnnp.bmj.com"
            ]
        },
        {
            "rule": "altmetric\\.com\\/v1\\/doi\\/10\\.1371\\/journal\\.pone\\.0079213",
            "cookies": 0,
            "fingerprinting": 0,
            "subdomains": [
                "api"
            ],
            "apis": {},
            "sites": 2,
            "prevalence": 0.0000136,
            "cnames": [],
            "responseHashes": [
                "0019dfc4b32d63c1392aa264aed2253c1e0c2fb09216f8e2cc269bbfb8bb49b5"
            ],
            "type": "XHR",
            "firstPartyCookies": {},
            "firstPartyCookiesSent": {},
            "exampleSites": [
                "plos.org",
                "journals.plos.org"
            ]
        }
    ],
    "categories": [],
    "performance": {},
    "cookies": 0,
    "topInitiators": [
        {
            "domain": "first party",
            "prevalence": 0.5230769230769231
        },
        {
            "domain": "d1bxh8uas1mnw7.cloudfront.net",
            "prevalence": 0.4564102564102564
        },
        {
            "domain": "cookielaw.org",
            "prevalence": 0.010256410256410256
        },
        {
            "domain": "osano.com",
            "prevalence": 0.010256410256410256
        }
    ],
    "types": {
        "Image": 31,
        "XHR": 2
    },
    "nameservers": [
        "ruben.ns.cloudflare.com",
        "elaine.ns.cloudflare.com"
    ]
}