{
    "domain": "amagi.tv",
    "owner": {},
    "source": [
        "DuckDuckGo-US"
    ],
    "prevalence": 0.0000136,
    "sites": 2,
    "subdomains": [
        "thefirstd-thefirst-oando-4b1fk"
    ],
    "cnames": [],
    "fingerprinting": 0,
    "resources": [
        {
            "rule": "amagi\\.tv\\/playlist\\/thefirstd-thefirst-oando\\/cb57381e6573648984cb3a66cef84982937b3dcb0e6c886470af4a9765d96208d6e5af87b208b7634ce6419a34567d2c0c34db66bd6c69d7df7ac7503113106d8ae9f23b85cc755ce0a3566e35b679194ffd0805c85e2b46f4c556488934be7c4534ed0a65597bcd9e01ef290f909f0388612995a9d8663e635c5c8f3e0cb3f11cfae0e45e42c66fa7a3084d927a43e2d640c1c918e986d3469f42d323ec1c9a97a39682128685c263a053e0375f0f7817f3e37d9ddd2fd5b0fb3863d41b4245115bf2a69dea71358235393680aaceed32ac16cadb23d13763ec54c81fd461896eff5cf7e714d8c7d3de525106aac5566455cc8fcabef33015b474e8b6ddeb2931f395107143bb2bb2667e69c1abca1187935897e471d6f93d496ac5dc47cb98b3cebab5db1b99279ac3f1cb6b4014276e6f8552ac8e68d53de26ca1da1f242e3e2edcae5dc1c6ff5722715bc6b468943f328ffed1f7b5642ed95f0b48e176d8581c1eaa5e082da860b4a8cd0de35e62049ea0992257b571bed519fbaecfe0027b86cac656fa7c9dcd60b0d823d9a0b8c460c99f025057587590cf6b082270c0449ea2a272a8cd629e9dfaffd35b31093e035d02c9918fc01913a25b7f20e0294e567d02109f0adf68956723657c9b4987fb5b3eedae405c0f863fd8ea56b5e8c84f51d4d5fd5c4c738f625a654b786eb8210c256f9c98884ec201446c7167546e0e5b9008404be699c8aaccce3e8ed449ab3b6b1a77cae31f1a497b7d770f97d045d65da2bc2ef9a38a0d9cd0dc477ad275e320008edcd95bfdefaace5b40c5f9005734c1936fee5b19ea3b986b84db7bddf072031f374f0182ad5ced50b4dad59e78d47ce31b5629bd36edcfa380d76057f5980566605e1b44292019466897e9955c721cbdec18b708d9bc2fee2832143048d98e052ce3c9670c9030040d86a8d984a0cf435d8a41c735f1226482521e25f5c328e0e2eaf7ea5e95dbf39ed129963779cb954293\\/8\\/1920x1080_5253600\\/index\\.m3u8",
            "cookies": 0,
            "fingerprinting": 0,
            "subdomains": [
                "thefirstd-thefirst-oando-4b1fk"
            ],
            "apis": {},
            "sites": 2,
            "prevalence": 0.0000136,
            "cnames": [],
            "responseHashes": [
                "0f7ba248203c7f4f287cc5b4c1cdd4aa7af960ee1aa65695083c74e982258575"
            ],
            "type": "Fetch",
            "firstPartyCookies": {},
            "firstPartyCookiesSent": {},
            "exampleSites": [
                "thefirsttv.com",
                "www.thefirsttv.com"
            ]
        }
    ],
    "categories": [],
    "performance": {},
    "cookies": 0,
    "topInitiators": [
        {
            "domain": "zype.com",
            "prevalence": 0.875
        },
        {
            "domain": "connatix.com",
            "prevalence": 0.125
        }
    ],
    "types": {
        "Fetch": 2
    },
    "nameservers": [
        "ns-38.awsdns-04.com",
        "ns-1309.awsdns-35.org",
        "ns-1753.awsdns-27.co.uk",
        "ns-970.awsdns-57.net"
    ]
}