{
    "domain": "analytics-helper.com",
    "owner": {},
    "source": [
        "DuckDuckGo-US"
    ],
    "prevalence": 0.00017,
    "sites": 25,
    "subdomains": [
        "tag",
        "event"
    ],
    "cnames": [],
    "fingerprinting": 1,
    "resources": [
        {
            "rule": "analytics-helper\\.com\\/ans\\/uuid",
            "cookies": 0.0000204,
            "fingerprinting": 1,
            "subdomains": [
                "tag"
            ],
            "apis": {
                "Document.cookie getter": 17,
                "window.localStorage": 17,
                "Date.prototype.getTime": 3,
                "Document.cookie setter": 3
            },
            "sites": 17,
            "prevalence": 0.000116,
            "cnames": [],
            "responseHashes": [
                "a9b852fe5a4e3f8d0c75c6059421836c466cc0634457aa2b1662221ecbd10ae7",
                "49451e8930b5983f9a07853a2e845a02243291de6e29fa67660fa595230f4709",
                "d7d70a25de48045703f6ec38b4834add32c82ca7559a4d243afcacbb4065c2c5",
                "e08b9cfa204fbe29d2718c5e9fec8611918c0c21f888a3e2961bfbe50955cf92",
                "798d9919e9e2b9550c2e56df0dc5a4e53d12ab623c099bb9d3f8ffe636779838",
                "1c0cd5558e0d1912f6660944a81b34903e6528be28c9c32387982f125e212488",
                "e1cd827dff48dcb8ebb928bfea781faee521a508d8579605c06afaad7a3ad5f9",
                "927606ec1728d679af6932aa69004026f6caa3ebdabd34aab112d5d7489f2f41"
            ],
            "type": "Script",
            "firstPartyCookies": {
                "ga_helper_consent": {
                    "ttl": 31104002,
                    "length": 105,
                    "prevalence": 0.00002042275094455223,
                    "uniqueness": 1
                }
            },
            "firstPartyCookiesSent": {},
            "exampleSites": [
                "lefigaro.fr",
                "avis-vin.lefigaro.fr",
                "entreprises.lefigaro.fr",
                "etudiant.lefigaro.fr",
                "evene.lefigaro.fr",
                "horaires.lefigaro.fr",
                "immobilier.lefigaro.fr",
                "leconjugueur.lefigaro.fr",
                "leparticulier.lefigaro.fr",
                "madame.lefigaro.fr",
                "proprietes.lefigaro.fr",
                "sante.lefigaro.fr",
                "tvmag.lefigaro.fr",
                "www.cadremploi.fr",
                "www.clubic.com",
                "www.lefigaro.fr",
                "www.lyonaeroports.com"
            ]
        },
        {
            "rule": "analytics-helper\\.com\\/ans\\/ga\\/data",
            "cookies": 0,
            "fingerprinting": 0,
            "subdomains": [
                "event"
            ],
            "apis": {},
            "sites": 15,
            "prevalence": 0.000102,
            "cnames": [],
            "responseHashes": [
                "d3731196d092cb55a1aaf42cb4e9286373635c47430bd4d9603b2f4fe0e9dde9",
                "77d319200085132f671820a7816fab8fca41f8f47da2808a9fa87c015d05ff7a",
                "1507fd57cbe995bc4efccc1e264c7fd215a516de5671febda7c9aa5bc66ac64c",
                "5002156b4aec5c765d1b8dbc1209bda374c8b0c349bd525f2de436965b2a70b1",
                "8695dd6efe32dc919e154d36d7bab2e0a7956c43f6385fbab934fdf62252d8b0",
                "f9844239eff0fe62cfee894ef704a3dcf1666016d5f7ff8a66d0083524a2e8b2",
                "f00654af27619ad0bd2c30ff1f99159394d82f2293942634e3fa852bd52f4db5",
                "4858962065974dccc870451b1c98757214aa2843f58c4b2c89032cd56fb97865",
                "b6843bbbb2ce15b14b7decdff7eb3e25775820082dfe038ac407dae264b18c0c",
                "cc8e46892572e5d3fe260424da45576c1234d40d5483129cbdf2b7cfa6742cde",
                "44ad6dc8585aa562b62f762cc097d0362d205e6499f881517d964bb080198b6a",
                "0b56cc16b1fda1371cfd38004bcc881e3b9b9a9f8920373ce5bda417ed4a60d1",
                "4b94bd9cdf5bf42bc7bf22514a6c65633a42a85ab07bb05697d4c55a0f81bfd7",
                "d06eeae2baeb0680b2dab5de3ae79125c6bbfdd09a7c036b76beea05ba4983ec"
            ],
            "type": "XHR",
            "firstPartyCookies": {},
            "firstPartyCookiesSent": {},
            "exampleSites": [
                "lefigaro.fr",
                "avis-vin.lefigaro.fr",
                "entreprises.lefigaro.fr",
                "etudiant.lefigaro.fr",
                "evene.lefigaro.fr",
                "horaires.lefigaro.fr",
                "immobilier.lefigaro.fr",
                "leparticulier.lefigaro.fr",
                "madame.lefigaro.fr",
                "proprietes.lefigaro.fr",
                "sante.lefigaro.fr",
                "tvmag.lefigaro.fr",
                "www.cadremploi.fr",
                "www.lefigaro.fr",
                "www.lyonaeroports.com"
            ]
        },
        {
            "rule": "analytics-helper\\.com\\/g\\/collect",
            "cookies": 0,
            "fingerprinting": 0,
            "subdomains": [
                "event"
            ],
            "apis": {},
            "sites": 12,
            "prevalence": 0.0000817,
            "cnames": [],
            "responseHashes": [
                "e3b0c44298fc1c149afbf4c8996fb92427ae41e4649b934ca495991b7852b855"
            ],
            "type": "XHR",
            "firstPartyCookies": {},
            "firstPartyCookiesSent": {},
            "exampleSites": [
                "lefigaro.fr",
                "entreprises.lefigaro.fr",
                "etudiant.lefigaro.fr",
                "evene.lefigaro.fr",
                "immobilier.lefigaro.fr",
                "leparticulier.lefigaro.fr",
                "madame.lefigaro.fr",
                "proprietes.lefigaro.fr",
                "sante.lefigaro.fr",
                "tvmag.lefigaro.fr",
                "www.cadremploi.fr",
                "www.lefigaro.fr"
            ]
        },
        {
            "rule": "analytics-helper\\.com\\/ans\\/ga",
            "cookies": 0.000034,
            "fingerprinting": 1,
            "subdomains": [
                "tag"
            ],
            "apis": {
                "Document.cookie getter": 6,
                "window.localStorage": 6,
                "Date.prototype.getTime": 5,
                "Document.cookie setter": 5
            },
            "sites": 7,
            "prevalence": 0.0000477,
            "cnames": [],
            "responseHashes": [
                "0981f91bd9aa0cced0f3faed92cec29691b7c997841e1bc1664a3fa911451552",
                "7626bbf73b445ea2a8da613b0df201041455b62c50371461a5ef142afa820a13",
                "7eb896c2064b2f24993ea1285c932858a1e0b7466552c5e4fddc0ff9243cb10b",
                "e499d8dbc90dde7da07d36f9383d8efec69f10c8ab57998efe983662098e3287",
                "92866c25e222aa57d29e099ab22acd7bafa852859a3642f6795b0e3db42b23fc",
                "e6f64e9d667434524ccfb1ada82591ac7805e6f9422a91a1ce141abd10f1d790"
            ],
            "type": "Script",
            "firstPartyCookies": {
                "ga_helper_consent": {
                    "ttl": 31104004,
                    "length": 99,
                    "prevalence": 0.000034037918240920386,
                    "uniqueness": 1
                }
            },
            "firstPartyCookiesSent": {},
            "exampleSites": [
                "cidj.com",
                "www.lyonaeroports.com",
                "www.marseille-tourisme.com",
                "www.mesrecettesfaciles.fr",
                "www.michelin.fr",
                "www.studyrama.com",
                "www.valeursactuelles.com"
            ]
        },
        {
            "rule": "analytics-helper\\.com\\/ans\\/ga\\/forward",
            "cookies": 0,
            "fingerprinting": 0,
            "subdomains": [
                "event"
            ],
            "apis": {},
            "sites": 2,
            "prevalence": 0.0000136,
            "cnames": [],