{
    "domain": "analytics-sm.com",
    "owner": {},
    "source": [
        "DuckDuckGo-US"
    ],
    "prevalence": 0.000436,
    "sites": 64,
    "subdomains": [],
    "cnames": [],
    "fingerprinting": 1,
    "resources": [
        {
            "rule": "analytics-sm\\.com\\/js\\/v1\\/beacon\\.js",
            "cookies": 0.000239,
            "fingerprinting": 1,
            "subdomains": [],
            "apis": {
                "Date.prototype.getTime": 38,
                "Date.prototype.getTimezoneOffset": 38,
                "Document.cookie getter": 36,
                "Document.cookie setter": 35
            },
            "sites": 40,
            "prevalence": 0.000273,
            "cnames": [],
            "responseHashes": [
                "133b0a1570d26f9e1beeecaeb4587a8f449c65bff8c87895cdd7e98879644ba6"
            ],
            "type": "Script",
            "firstPartyCookies": {
                "__t1693900114158": {
                    "ttl": -1693900112,
                    "length": 4,
                    "prevalence": 0.000006816353796027429,
                    "uniqueness": 1
                },
                "sm_uuid": {
                    "ttl": 251708417497,
                    "length": 13,
                    "prevalence": 0.00023857238286096002,
                    "uniqueness": 1
                },
                "__t1693892335330": {
                    "ttl": -1693892332,
                    "length": 4,
                    "prevalence": 0.000006816353796027429,
                    "uniqueness": 1
                },
                "__t1693932431073": {
                    "ttl": -1693932419,
                    "length": 4,
                    "prevalence": 0.000006816353796027429,
                    "uniqueness": 1
                },
                "__t1693886018267": {
                    "ttl": -1693886008,
                    "length": 4,
                    "prevalence": 0.000006816353796027429,
                    "uniqueness": 1
                },
                "__t1693830548090": {
                    "ttl": -1693830538,
                    "length": 4,
                    "prevalence": 0.000006816353796027429,
                    "uniqueness": 1
                },
                "__t1693838420256": {
                    "ttl": -1693838419,
                    "length": 4,
                    "prevalence": 0.000006816353796027429,
                    "uniqueness": 1
                },
                "__t1693833305390": {
                    "ttl": -1693833295,
                    "length": 4,
                    "prevalence": 0.000006816353796027429,
                    "uniqueness": 1
                },
                "__t1693896555839": {
                    "ttl": -1693896549,
                    "length": 4,
                    "prevalence": 0.000006816353796027429,
                    "uniqueness": 1
                },
                "__t1693876997206": {
                    "ttl": -1693876994,
                    "length": 4,
                    "prevalence": 0.000006816353796027429,
                    "uniqueness": 1
                },
                "__t1693821908714": {
                    "ttl": -1693821907,
                    "length": 4,
                    "prevalence": 0.000006816353796027429,
                    "uniqueness": 1
                },
                "__t1693856444359": {
                    "ttl": -1693856440,
                    "length": 4,
                    "prevalence": 0.000006816353796027429,
                    "uniqueness": 1
                },
                "__t1693916059241": {
                    "ttl": -1693916057,
                    "length": 4,
                    "prevalence": 0.000006816353796027429,
                    "uniqueness": 1
                },
                "__t1693913419334": {
                    "ttl": -1693913407,
                    "length": 4,
                    "prevalence": 0.000006816353796027429,
                    "uniqueness": 1
                },
                "__t1693838312116": {
                    "ttl": -1693838311,
                    "length": 4,
                    "prevalence": 0.000006816353796027429,
                    "uniqueness": 1
                },
                "__t1693840132956": {
                    "ttl": -1693840124,
                    "length": 4,
                    "prevalence": 0.000006816353796027429,
                    "uniqueness": 1
                },
                "__t1693893700910": {
                    "ttl": -1693893691,
                    "length": 4,
                    "prevalence": 0.000006816353796027429,
                    "uniqueness": 1
                },
                "__t1693910827142": {
                    "ttl": -1693910823,
                    "length": 4,
                    "prevalence": 0.000006816353796027429,
                    "uniqueness": 1
                },
                "__t1693913614079": {
                    "ttl": -1693913611,
                    "length": 4,
                    "prevalence": 0.000006816353796027429,
                    "uniqueness": 1
                },
                "__t1693888255495": {
                    "ttl": -1693888249,
                    "length": 4,
                    "prevalence": 0.000006816353796027429,
                    "uniqueness": 1
                },
                "__t1693909555031": {
                    "ttl": -1693909550,
                    "length": 4,
                    "prevalence": 0.000006816353796027429,
                    "uniqueness": 1
                },
                "__t1693822633463": {
                    "ttl": -1693822626,
                    "length": 4,
                    "prevalence": 0.000006816353796027429,
                    "uniqueness": 1
                },
                "__t1693886564513": {
                    "ttl": -1693886561,
                    "length": 4,
                    "prevalence": 0.000006816353796027429,
                    "uniqueness": 1
                },
                "__t1693825848374": {
                    "ttl": -1693825839,
                    "length": 4,
                    "prevalence": 0.000006816353796027429,
                    "uniqueness": 1
                },
                "__t1693896439217": {
                    "ttl": -1693896435,
                    "length": 4,
                    "prevalence": 0.000006816353796027429,
                    "uniqueness": 1
                },
                "__t1693886305042": {
                    "ttl": -1693886302,
                    "length": 4,
                    "prevalence": 0.000006816353796027429,
                    "uniqueness": 1
                },
                "__t1693881868647": {
                    "ttl": -1693881865,
                    "length": 4,
                    "prevalence": 0.000006816353796027429,
                    "uniqueness": 1
                },
                "__t1693856363438": {
                    "ttl": -1693856358,
                    "length": 4,
                    "prevalence": 0.000006816353796027429,
                    "uniqueness": 1
                },
                "__t1693877617945": {
                    "ttl": -1693877616,
                    "length": 4,
                    "prevalence": 0.000006816353796027429,
                    "uniqueness": 1
                },
                "__t1693883312653": {
                    "ttl": -1693883302,
                    "length": 4,
                    "prevalence": 0.000006816353796027429,
                    "uniqueness": 1
                },
                "__t1693847488051": {
                    "ttl": -1693847481,
                    "length": 4,
                    "prevalence": 0.000006816353796027429,
                    "uniqueness": 1
                },
                "__t1693856620573": {
                    "ttl": -1693856619,
                    "length": 4,