{
    "domain": "anglerfox.com",
    "owner": {},
    "source": [
        "DuckDuckGo-US"
    ],
    "prevalence": 0.000075,
    "sites": 11,
    "subdomains": [
        "cd"
    ],
    "cnames": [],
    "fingerprinting": 1,
    "resources": [
        {
            "rule": "anglerfox\\.com\\/app\\/script\\/load_script\\.php",
            "cookies": 0.0000545,
            "fingerprinting": 1,
            "subdomains": [
                "cd"
            ],
            "apis": {
                "window.sessionStorage": 8,
                "Document.cookie getter": 8,
                "window.localStorage": 8,
                "Date.prototype.getTime": 8,
                "Document.cookie setter": 8,
                "Event.prototype.timeStamp": 8,
                "Navigator.prototype.userAgent": 7
            },
            "sites": 8,
            "prevalence": 0.0000545,
            "cnames": [],
            "responseHashes": [
                "9e53ce869adecfb7dd248cf3a183dd59e9b179501bdb01182ed84c2a821d56f6",
                "c63ba689c6b78c1bc98e504f5266eb720eb99c104a422b43eb18805eba8eeb44",
                "96a6b14e8263cfa9c2bb9187571ee7fc659895715bac96bc3c30985e1b4fe6ed",
                "0ebe0a8597caf3ab8593e31397604bf8bfd111c77779845c8c350c77e71d4d90",
                "dcaba919e905d528fe18761319e778a02ea1fa8e20a23caf8d932994b9bb1320",
                "c77a6f8acecc6799512291fef8e53e9a207f403395f341a11ae6f29859d660ee",
                "1720748b235e5e55734f9ec765f7c7fcfa206806ce2b450289246708fc9a80de"
            ],
            "type": "Script",
            "firstPartyCookies": {
                "af_cd_conversion_format": {
                    "ttl": 3,
                    "length": 4,
                    "prevalence": 0.00005453083036821943,
                    "uniqueness": 0.125
                },
                "af_current_currency": {
                    "ttl": 3,
                    "length": 4,
                    "prevalence": 0.00005453083036821943,
                    "uniqueness": 0.125
                }
            },
            "firstPartyCookiesSent": {
                "ebDomainName": 0.000006816353796027429
            },
            "exampleSites": [
                "designeroptics.com",
                "growerssolution.com",
                "heavensharvest.com",
                "readywise.com",
                "runnin4tacos.com",
                "siliconelovers.com",
                "www.boat-lifestyle.com",
                "www.velotricbike.com"
            ]
        }
    ],
    "categories": [],
    "performance": {},
    "cookies": 0.000075,
    "topInitiators": [
        {
            "domain": "first party",
            "prevalence": 1
        }
    ],
    "types": {
        "Script": 8
    },
    "nameservers": [
        "ns43.domaincontrol.com",
        "ns44.domaincontrol.com"
    ]
}