{
    "domain": "apiip.net",
    "owner": {},
    "source": [
        "DuckDuckGo-US"
    ],
    "prevalence": 0.00015,
    "sites": 22,
    "subdomains": [
        "rtbdemand"
    ],
    "cnames": [],
    "fingerprinting": 0,
    "resources": [
        {
            "rule": "apiip\\.net\\/api\\/check",
            "cookies": 0,
            "fingerprinting": 0,
            "subdomains": [
                "rtbdemand"
            ],
            "apis": {},
            "sites": 16,
            "prevalence": 0.000109,
            "cnames": [],
            "responseHashes": [
                "3974f53260f63634cbf9dd1ca4a3fd9e3325ecc69ec7068e96133a75fe7c5fa1",
                "2e184f3d39b44c45eaf0a51aad64b403d1021ddb53633645562c58aba5afc445",
                "154895b03354b3e0926ecb97e329cf55091153bdfd9916ed892e4155f22d21ca",
                "a16b377f00ffbf6e598dec2970b3df2bfa2f2f58c114c3fcd7e28a7cdb261016",
                "6b871f411b3b6a8007bb3c15434dd9eddbed550de5ad8931cfb50547ee7c7319",
                "fe0dc846f65aa56d85ff007956098e9cd8f1e40ef20dee4a73873c18fd9c0d55",
                "32200975f2b6e31e6ac87bbfd1ae1467c44eb30246182251a351ddbfbce51db7",
                "0bf46490a4b6117b399bdc8571f160e241fb8f74fb4eb2f7d8fab83ecc84cec0",
                "4e38491e664a0c72c0886f96d4df486ccbbe55eba6ddbe16a9139074f595ca5b",
                "e08d3b620e485c4e4943060f24f7c13660a119e4016be42ccd61fd70d45cd52b"
            ],
            "type": "Fetch",
            "firstPartyCookies": {},
            "firstPartyCookiesSent": {},
            "exampleSites": [
                "detik.com",
                "gulfnews.com",
                "hot.detik.com",
                "sport.detik.com",
                "std.stheadline.com",
                "www.asiaone.com",
                "www.baby-kingdom.com",
                "www.businessinsider.in",
                "www.gmanetwork.com",
                "www.hk01.com",
                "www.indiatimes.com",
                "www.khaleejtimes.com",
                "www.malaymail.com",
                "www.moneycontrol.com",
                "www.thairath.co.th",
                "www.thestar.com.my"
            ]
        }
    ],
    "categories": [],
    "performance": {},
    "cookies": 0,
    "topInitiators": [
        {
            "domain": "andbeyond.media",
            "prevalence": 0.5454545454545454
        },
        {
            "domain": "ajax.googleapis.com",
            "prevalence": 0.36363636363636365
        },
        {
            "domain": "first party",
            "prevalence": 0.09090909090909091
        }
    ],
    "types": {
        "Fetch": 16
    },
    "nameservers": [
        "kelly.ns.cloudflare.com",
        "archer.ns.cloudflare.com"
    ]
}