{
    "domain": "apiip.net",
    "owner": {},
    "source": [
        "DuckDuckGo-US"
    ],
    "prevalence": 0.00017,
    "sites": 25,
    "subdomains": [
        "rtbdemand"
    ],
    "cnames": [],
    "fingerprinting": 0,
    "resources": [
        {
            "rule": "apiip\\.net\\/api\\/check",
            "cookies": 0,
            "fingerprinting": 0,
            "subdomains": [
                "rtbdemand"
            ],
            "apis": {},
            "sites": 19,
            "prevalence": 0.000129,
            "cnames": [],
            "responseHashes": [
                "9ed573366e85f3a167b5eafb29894425f213b2a87aa0a9955f7b271d3fa59d71",
                "0a44ccee3959a0b39fe191962f407be47714a2bc3d8e2b76e7ac9b2aa85fbb7d",
                "5c07c6ead70c5778e5c0ecea8bd5fa7e730a9e60d77859300ee3a4ab11c2f239",
                "9e81ffa910b7ec5925b5bda7709d25bc6bf010d14791bc6aa09c96dfec3a57b8",
                "a1ed4b2b9ea99f56f3367bcdf4b1f69cd4eaaf30eac2337f9c344c75790002bd",
                "a9323ff216c4a1f9a90458e6fbcf4251c3eaa447179d33533675180e04800054",
                "5f944dac5704df38b925887bb1edf255664ee6176576c7f734adb78852e94ee3",
                "0b9d54ca583c717bd14c765197784cf7e4804b54f06211cff361ea0183dc35e3",
                "d1d585174de6f0b3dc4895904c12eb4e81cc11d7fc5e9af156721186c9f39409",
                "66b7aa095502bc89294bbd03bc682b745b4188c44f834e5bd043e04594fba15f",
                "80471174e273b0efc7a9393448c0196832504f1b9debd44fc39fa08cbe5c85d2",
                "d750a4d38eeae3ea8fdfe5d9d7ed632a124bdf57374ca6e8cd56de409046ddad",
                "c063e0346c552df80caaed1af09385a02951ed49ae9e89ba962e1e007a4b8454",
                "0902430a4a5c3d2297fd98f810d604869480ed0fa987c96cc7c10802f9f78871"
            ],
            "type": "Fetch",
            "firstPartyCookies": {},
            "firstPartyCookiesSent": {},
            "exampleSites": [
                "detik.com",
                "game8.co",
                "gulfnews.com",
                "hot.detik.com",
                "m.indiatimes.com",
                "std.stheadline.com",
                "wolipop.detik.com",
                "www.asiaone.com",
                "www.baby-kingdom.com",
                "www.businessinsider.in",
                "www.detik.com",
                "www.gmanetwork.com",
                "www.hk01.com",
                "www.indiatimes.com",
                "www.khaleejtimes.com",
                "www.malaymail.com",
                "www.moneycontrol.com",
                "www.thairath.co.th",
                "www.thestar.com.my"
            ]
        }
    ],
    "categories": [],
    "performance": {},
    "cookies": 0,
    "topInitiators": [
        {
            "domain": "andbeyond.media",
            "prevalence": 0.48
        },
        {
            "domain": "ajax.googleapis.com",
            "prevalence": 0.4
        },
        {
            "domain": "first party",
            "prevalence": 0.12
        }
    ],
    "types": {
        "Fetch": 19
    },
    "nameservers": [
        "archer.ns.cloudflare.com",
        "kelly.ns.cloudflare.com"
    ]
}