{
    "domain": "apiture.com",
    "owner": {},
    "source": [
        "DuckDuckGo-US"
    ],
    "prevalence": 0.000075,
    "sites": 11,
    "subdomains": [
        "banking",
        "sbmcuca.banking",
        "u4zacuta.banking",
        "x2zsmbpm.banking",
        "enbepa.banking",
        "szfsbsa.banking",
        "gbbmptx.banking",
        "mbilin.banking",
        "pfpntn.banking",
        "ssbomd.banking",
        "cnbmcmd.banking"
    ],
    "cnames": [],
    "fingerprinting": 1,
    "resources": [
        {
            "rule": "apiture\\.com\\/piles\\/fxweb\\.pile\\/custom_login",
            "cookies": 0.000075,
            "fingerprinting": 1,
            "subdomains": [
                "banking",
                "sbmcuca.banking",
                "u4zacuta.banking",
                "x2zsmbpm.banking",
                "enbepa.banking",
                "szfsbsa.banking",
                "gbbmptx.banking",
                "mbilin.banking",
                "pfpntn.banking",
                "ssbomd.banking",
                "cnbmcmd.banking"
            ],
            "apis": {
                "Date.prototype.getTime": 2,
                "Navigator.prototype.vendor": 1
            },
            "sites": 11,
            "prevalence": 0.000075,
            "cnames": [],
            "responseHashes": [
                "8862f78ed3c3a10fc063c6c94ebe6683cef5ed9fb2503d03cfa51846d5e5cda4",
                "bd46be5ac102c59d575d0ff580dc6b66e8196d2634ba8486c17636d4b0be9def",
                "57e5bc7d1a08088d77b89cddfe1647f9aa5697e3590310666335fded8c75f2b0",
                "9790901e019064ba2f2c40d3390fe00d21bd49c9b1973f6a248d222287d340c4",
                "0632c119f70e13961c7913b1c66d709790cdf1ef36241e1e0a764a2940a3fc5f",
                "bb2585ffa00660469b26a0ff8c6f7e2247c2e92243cbe8f695e6f89c649e7e10",
                "3e540248f75901559d32006456458c100850f567bc9f5a03f27a014b7b39fe51",
                "e40ab9b84664440bb2abf4f843bd25a524973a991d0804abf6c0fb75fd66a376",
                "62786b0db4338b52feed11aa13890076503337370797e24acd28cd8a5d242e5b",
                "c7e85cd443e1536a6fc3abdcbba53008214877a1236b72944051284934ce84d7"
            ],
            "type": "Document",
            "firstPartyCookies": {},
            "firstPartyCookiesSent": {},
            "exampleSites": [
                "listerhill.com",
                "savingsbank.com",
                "www.alabamacu.com",
                "www.bankwithsouthern.com",
                "www.epnb.com",
                "www.fsbank.com",
                "www.gnty.com",
                "www.merchantsbankofindiana.com",
                "www.pnfp.com",
                "www.sandyspringbank.com",
                "www.shoreunitedbank.com"
            ]
        },
        {
            "rule": "apiture\\.com\\/piles\\/fxweb\\.pile\\/Guaranty%20Bank%20&%20Trust%20Online%20Banking%20Sign%20In_files\\/dhj0vsc\\.css",
            "cookies": 0.0000136,
            "fingerprinting": 0,
            "subdomains": [
                "gbbmptx.banking"
            ],
            "apis": {},
            "sites": 2,
            "prevalence": 0.0000136,
            "cnames": [],
            "responseHashes": [
                "98f928979e737cddcb22e872a5f26a724fa4759477b999089a61a5eaf4e776f7"
            ],
            "type": "Stylesheet",
            "firstPartyCookies": {},
            "firstPartyCookiesSent": {},
            "exampleSites": [
                "gnty.com",
                "www.gnty.com"
            ]
        }
    ],
    "categories": [],
    "performance": {},
    "cookies": 0.000075,
    "topInitiators": [
        {
            "domain": "first party",
            "prevalence": 1
        }
    ],
    "types": {
        "Document": 11,
        "Stylesheet": 2
    },
    "nameservers": [
        "ns-1762.awsdns-28.co.uk",
        "ns-67.awsdns-08.com",
        "ns-1027.awsdns-00.org",
        "ns-715.awsdns-25.net"
    ]
}