{
    "domain": "apprefaculty.pro",
    "owner": {},
    "source": [
        "DuckDuckGo-US"
    ],
    "prevalence": 0.000116,
    "sites": 17,
    "subdomains": [],
    "cnames": [],
    "fingerprinting": 3,
    "resources": [
        {
            "rule": "apprefaculty\\.pro\\/c\\.DI9k6\\/bU2c5vl_SaWXQw9\\/NZDqQdypNMz_ATzrN\\/ym0z0\\/N\\/DKIN3MM\\/DxMw4-",
            "cookies": 0.000102,
            "fingerprinting": 3,
            "subdomains": [],
            "apis": {
                "Date.prototype.getTime": 15,
                "Navigator.prototype.userAgent": 15,
                "Document.cookie setter": 15,
                "Document.cookie getter": 15,
                "window.localStorage": 15,
                "window.name": 13,
                "window.innerWidth": 13,
                "window.innerHeight": 13,
                "window.screenX": 13,
                "window.screenY": 13,
                "window.outerWidth": 13,
                "window.outerHeight": 13,
                "window.devicePixelRatio": 13,
                "window.screenLeft": 13,
                "window.screenTop": 13,
                "window.indexedDB": 13,
                "window.sessionStorage": 13
            },
            "sites": 15,
            "prevalence": 0.000102,
            "cnames": [],
            "responseHashes": [
                "0419796a03f77936dd90db15b4e5621f8f4233a185f52328b28c299b8275be59",
                "1ecbd2a860078ed86bc0f119446d694b5476fa866999481a773be8dee4b990d7",
                "d66a0b784622d45e47d082ada0978cba23d9dffd85d50f314d0b77ec70c2430b",
                "379b82f9d9fe5955abc20eb4dc0d476ffd8d32fe2d3e45d4bfbdad2f16058e7e",
                "9c7d03cfd52009c2f3342a2c885393ebdae69307f8f6b7d4fe6403f160d86eb6",
                "124971494fa21d77ae6b23ec871f597b30a40eca887ec3069a8bf4deefaff49d",
                "167e76bb193df16c34c450f4e613907ddbcce36bf469f7cd900a63841284c165",
                "faee09012324b3aa843eb907bd60d080e55d66ac4d6f4d2a788a0ff716e7c099",
                "ce21cb7e4d83dcdba2012c874d3df487031e5d5f3892a98b0699e75fa494a0f7",
                "caa93fa33588b5e2c20204522dd899828dfed8323656e3b8a81beba7480563ac",
                "799d1f19215cf494055acedfe939ba7dd0c63aeba214483ce7b530db483cf10f",
                "b1e9d867eae9e48282c67a5246b2da3885b095ae531cf9e88b4ef99ffa7b2660",
                "8fd3fbe5351c9ad1abdb9f7f3c504b0d9051a3b8610f4d72d5f02fea0e27eed7",
                "d3f9d411cdf22c694ca7ac02a4c0591ab21fca0bb80ded6382dcdd88fbb91400"
            ],
            "type": "Script",
            "firstPartyCookies": {
                "cookietest": {
                    "ttl": -1692498270,
                    "length": 1,
                    "prevalence": 0.00010224948875255624,
                    "uniqueness": 0.06666666666666667
                }
            },
            "firstPartyCookiesSent": {},
            "exampleSites": [
                "albumgirls.com",
                "albumporn.com",
                "fapmash.com",
                "fappedia.com",
                "jihadcelebs.com",
                "leakshemale.com",
                "sex-scene.com",
                "sexy.center",
                "thefappers.com",
                "thegirlgirl.com",
                "thepornpic.com",
                "thepornstory.com",
                "thesexscene.com",
                "xchannelx.com",
                "yespornpic.com"
            ]
        },
        {
            "rule": "apprefaculty\\.pro\\/c\\/D-9Y6Eb\\.2O5slxSnWjQw9_N-D\\/Ur3IOHT\\/I\\/w\\/NKiI0f0XNMT\\/cf5DMBj\\/Ar3Y",
            "cookies": 0.0000136,
            "fingerprinting": 3,
            "subdomains": [],
            "apis": {
                "Date.prototype.getTime": 2,
                "Navigator.prototype.userAgent": 2,
                "Document.cookie setter": 2,
                "Document.cookie getter": 2,
                "window.localStorage": 2,
                "window.name": 2,
                "window.innerWidth": 2,
                "window.innerHeight": 2,
                "window.screenX": 2,
                "window.screenY": 2,
                "window.outerWidth": 2,
                "window.outerHeight": 2,
                "window.devicePixelRatio": 2,
                "window.screenLeft": 2,
                "window.screenTop": 2,
                "window.indexedDB": 2,
                "window.sessionStorage": 2
            },
            "sites": 2,
            "prevalence": 0.0000136,
            "cnames": [],
            "responseHashes": [
                "f8503d7922f8d94f5ae9883313fdad48b7f3077094a1fe1e5ede57658b8028b0"
            ],
            "type": "Script",
            "firstPartyCookies": {
                "cookietest": {
                    "ttl": -1692503581,
                    "length": 1,
                    "prevalence": 0.000013633265167007499,
                    "uniqueness": 0.5
                }
            },
            "firstPartyCookiesSent": {},
            "exampleSites": [
                "lectorhentai.com",
                "www.comic-reader.net"
            ]
        }
    ],
    "categories": [],
    "performance": {},
    "cookies": 0.000116,
    "topInitiators": [
        {
            "domain": "adsxyz.com",
            "prevalence": 0.7647058823529411
        },
        {
            "domain": "first party",
            "prevalence": 0.11764705882352941
        },
        {
            "domain": "adsexo.com",
            "prevalence": 0.11764705882352941
        }
    ],
    "types": {
        "Script": 17
    },
    "nameservers": [
        "ns61.constellix.net",
        "ns31.constellix.com",
        "ns41.constellix.net",
        "ns51.constellix.net",
        "ns11.constellix.com",
        "ns21.constellix.com"
    ]
}