{
    "domain": "ar732.com",
    "owner": {},
    "source": [
        "DuckDuckGo-US"
    ],
    "prevalence": 0.000123,
    "sites": 18,
    "subdomains": [
        "s",
        "a"
    ],
    "cnames": [],
    "fingerprinting": 0,
    "resources": [
        {
            "rule": "ar732\\.com\\/css\\/wm\\.css",
            "cookies": 0,
            "fingerprinting": 0,
            "subdomains": [
                "s"
            ],
            "apis": {},
            "sites": 6,
            "prevalence": 0.0000409,
            "cnames": [],
            "responseHashes": [
                "425ada380ee0eea11f25db022a49856977415561b9728b9add91e5a79edd10e3"
            ],
            "type": "Stylesheet",
            "firstPartyCookies": {},
            "firstPartyCookiesSent": {},
            "exampleSites": [
                "avgle.com",
                "jav.wine",
                "kisscos.net",
                "tojav.net",
                "www.papalah.com",
                "www.vintagepornfun.com"
            ]
        },
        {
            "rule": "ar732\\.com\\/ad",
            "cookies": 0,
            "fingerprinting": 0,
            "subdomains": [
                "a"
            ],
            "apis": {},
            "sites": 12,
            "prevalence": 0.0000818,
            "cnames": [],
            "responseHashes": [
                "d2a2ce8aaf42b59844bcf8a2ee72b875461510c84e3f95d511e3be8027330fd6",
                "b0424ec724bdbd369ec95f6c4ca65d7bfffad90f4e6cf963a18aee155163ceb4",
                "3b6b6621bd9f27c72fb7f563fcc1676ecd282560a5e462d45674f9c016921f9c",
                "55f388474bd2f987214b173e086d1af0ae63a098d1944ea29c3ac96e8d6dafde",
                "a483d2b7edaec8dd2b48ea4d069c30c73c4d8ec66b9b7388150c62559a07844e",
                "8b3f8528f7a4a13eddcc285cf111c2b6e2ec9cad306e4c7b4eff4ef494c9fe95",
                "41e21ad4095e3b207cd30c2b4ae88230b92c7c7f2ba884b7bff28e3d74f94502",
                "f0e1da94e00f628edbf2a65a41ad3273980a5f10764110f6461b910b53e53204",
                "b5702732712dde00650e0718b99b1dd6e996281a620e56e7391f6994f59f9d17",
                "44d2cae5683408e1409526329d6120ddebc97ddfa7806c9b05f98a83ebdbfbb1",
                "420d23ec2190187578efbd41072aa417c3196192ceb788dbca1f655ca1981e00"
            ],
            "type": "Document",
            "firstPartyCookies": {},
            "firstPartyCookiesSent": {
                "_ym_d": 0.000006816632583503749
            },
            "exampleSites": [
                "jav.wine",
                "javhd.moe",
                "javrave.club",
                "javraveclub.com",
                "kisscos.net",
                "mycomicsxxx.com",
                "pemersatudotfun.com",
                "porndude.tv",
                "tojav.net",
                "www.papalah.com",
                "www.povaddict.com",
                "www.vintagepornfun.com"
            ]
        }
    ],
    "categories": [],
    "performance": {},
    "cookies": 0,
    "topInitiators": [
        {
            "domain": "adxadserv.com",
            "prevalence": 1
        }
    ],
    "types": {
        "Stylesheet": 6,
        "Document": 12
    },
    "nameservers": [
        "ns.anycastns1.org",
        "ns.anycastns2.org"
    ]
}