{
    "domain": "ar732.com",
    "owner": {},
    "source": [
        "DuckDuckGo-US"
    ],
    "prevalence": 0.000129,
    "sites": 19,
    "subdomains": [
        "s",
        "a"
    ],
    "cnames": [],
    "fingerprinting": 0,
    "resources": [
        {
            "rule": "ar732\\.com\\/css\\/wm\\.css",
            "cookies": 0,
            "fingerprinting": 0,
            "subdomains": [
                "s"
            ],
            "apis": {},
            "sites": 6,
            "prevalence": 0.0000408,
            "cnames": [],
            "responseHashes": [
                "425ada380ee0eea11f25db022a49856977415561b9728b9add91e5a79edd10e3"
            ],
            "type": "Stylesheet",
            "firstPartyCookies": {},
            "firstPartyCookiesSent": {},
            "exampleSites": [
                "avgle.com",
                "jav.wine",
                "kisscos.net",
                "muchohentai.com",
                "watchmdh.to",
                "www.vintagepornfun.com"
            ]
        },
        {
            "rule": "ar732\\.com\\/ad",
            "cookies": 0,
            "fingerprinting": 0,
            "subdomains": [
                "a"
            ],
            "apis": {},
            "sites": 12,
            "prevalence": 0.0000817,
            "cnames": [],
            "responseHashes": [
                "90ea91a64b6ce7d998b672e467995bb5df50155943691c84d313200259b6744b",
                "a698133db4dbc326b3df575b707b3e8a866e8a738f77a6073add80ccd7d955b0",
                "ec4415338e3f0d5c5f9a580c91a13439ffe28175d939fc4530c203f6c05950b5",
                "2adff9baa71447b09febe7350a8bd0bfc2f1afb337fdc95528a656d7745292ce",
                "2f6b2a26ac3c9d7803b060a2be029f7ef84f3e064c62cde0a5ae4065fd36b45f",
                "8bc754e5d185080807910cf6fd811ca5049badb2783a1d9216b10936186b77a6",
                "6b380064654ccf7e5cca53ef1c7e2a39470ae4a6ba7ec3b57ed92ed5e14fa4d6",
                "a154525f97ce2838241929fe564395f1810552c3cb0e3d3a46564a181184cae0",
                "f77474e5df815dd91be041f34c27fe962e3bdb3e3b53c2878c19dc11137f1a3b",
                "9c00f2b9cfa15238ab5c459e01f5d8d7a5939620f467457447be02ce190e84f8",
                "37a923d2d518b61b205ceb8fb5806fb41b7a75c6dd928d0f5c2098b99f12d931"
            ],
            "type": "Document",
            "firstPartyCookies": {},
            "firstPartyCookiesSent": {},
            "exampleSites": [
                "jav.wine",
                "javhd.moe",
                "javrave.club",
                "javraveclub.com",
                "kisscos.net",
                "muchohentai.com",
                "mycomicsxxx.com",
                "pemersatudotfun.com",
                "porndude.tv",
                "watchmdh.to",
                "www.povaddict.com",
                "www.vintagepornfun.com"
            ]
        }
    ],
    "categories": [],
    "performance": {},
    "cookies": 0,
    "topInitiators": [
        {
            "domain": "adxadserv.com",
            "prevalence": 1
        }
    ],
    "types": {
        "Stylesheet": 6,
        "Document": 12
    },
    "nameservers": [
        "ns.anycastns1.org",
        "ns.anycastns2.org"
    ]
}