{
    "domain": "arc-cdn.net",
    "owner": {},
    "source": [
        "DuckDuckGo-US"
    ],
    "prevalence": 0.000483,
    "sites": 71,
    "subdomains": [
        "tronc-config-prod.api",
        "gray-config-prod.api",
        "910mediagroup-config-prod.api",
        "bostonglobe-config-prod.api",
        "coxohio-config-prod.api",
        "elfinanciero-config-prod.api",
        "pmn-config-prod.api",
        "irishtimes-config-prod.api",
        "opb-config-prod.api",
        "cmg-config-prod.api",
        "bostonglobe-prod.video",
        "lescoopsdelinformation-le-soleil-prod.api",
        "gray-prod.video"
    ],
    "cnames": [],
    "fingerprinting": 1,
    "resources": [
        {
            "rule": "arc-cdn\\.net\\/video\\/v1\\/ansvideos\\/findByUuid",
            "cookies": 0,
            "fingerprinting": 0,
            "subdomains": [
                "tronc-config-prod.api",
                "gray-config-prod.api",
                "910mediagroup-config-prod.api",
                "bostonglobe-config-prod.api",
                "coxohio-config-prod.api",
                "elfinanciero-config-prod.api",
                "pmn-config-prod.api",
                "irishtimes-config-prod.api",
                "opb-config-prod.api",
                "cmg-config-prod.api"
            ],
            "apis": {},
            "sites": 67,
            "prevalence": 0.000456,
            "cnames": [],
            "responseHashes": [
                "0acfb1d1fcc79a6fe47ff69ac2633a9a2a84ecb751b4c5e4b3a6c88a0a981fa1",
                "798f625560aed2747dda362833f6c2f8ef24f0f2328cb2e1440e0b72589cdb41",
                "13b08035715edff6d8eb911afa20214a4a5bdbf1ad5e62d4aa966fa22f705320",
                "2e2631aaeca50f38d64b94d41c3839774b614079ad444ac6e729ceddcebab218",
                "efb60a54a5ebd801f671df29ec741dbbe1e7f8156c435ed91ec665ae767ba470",
                "743578b4620d1e660a715d95cb772fb1f4d7c56a385ec1c5e9b7d6dda7bbd359",
                "22b2545764896142e94c9bf9459aed71a3edee0c6f9bde656590699349057c1b",
                "49f9a2f818097e482d3630130a555021f57fa5d9272c591594fabc0e2b5fd030",
                "6016efa7d3dd2496bb1b086a065935f9d7467f7fcba3dd35b7403ccad2f7f060",
                "d1697563078a0f8c86f766af787c139813512e6e9858d944188900c9cad9e6ac",
                "b0f03345c8686b0e160efbb9f8383017ab06e59ece433e5cbd31be8c1f787df4",
                "897080f33b6fba864067ea2e4dfa284de6390114d8aa3e218df3073b1167292c",
                "5db9477b461d80a269eee393c95959858578f263d836460a3c6778ff1f35bcac",
                "285dc94d4dd88fc43b20bd4a148a4303d56d693c1556f33305074ab2c007e8c2",
                "99143f77924c497de844b58ee3a6b5dd975f415671b3b29c0842105f0d80eb5e",
                "936da8564792a86cbe0d2f8719adccded8483a117725f674e6f4ab9793ab2401",
                "fbd98fdbd123f1a6a5574f80df66593946cfde6756971fb24bf2d2fe490d853f",
                "f7e3c0aa7c1b85fc693ed16bcf0441837b7cb0a37fd83806059612e76c911f9b",
                "64232fb29d00e99d7e27129c2dec2c4b6920643be0104650a2bffefa269b11c4",
                "b073d7272d770934d07bef076012e242af35bcf749fc790c1c8d2a9cf8810aea",
                "94734c1fae0a4e82b4404c50be67906ac6675201c0c73138079d7d8004b5e1ac",
                "a82ff0236cb521553fbd394313ec1c08d02424022792985a3d168012a05b71be",
                "a5d285d21ef96af14bbaf2125109dff62cde92c0226b9006f0f5540004cab620",
                "fb454c8ea743080817f5228bfbb9c3a181fb9b3cd17bd533c9ec5f856081dfbc",
                "24e06c9030b91456a81b2e520fd35eaec0ce16b2df523b5f8069922ba88bd5e6",
                "58a600ba01de1a7b5f42a628faec3863dfe3f4d19793e67eaad80de317defc59",
                "4a79f124b34ab9342ba63b54b3f578847755c4d6e8ee402a26b616add5a14de4",
                "ae3f5488fe7ade2f5a7c78291c5f8255f931271c37be7d58bbf2d53c1a0c1eb5",
                "160ebddc4c91342da4090a855d326967d5192574fae94993d988a451fad1ebc8",
                "0df602ef2671610e9122fb5a39bffd9e85d7764bac2f199bf846cf5217198c04",
                "63c7cd55ea8f439aa3fad118f6fc6a39cb1c8a4a4d7a3c33debf3a5323a2543a",
                "e80052a2eb0f25e679c926054e53782c3c836c94f7f64e0954805c68902120b0",
                "fd2635883f65b77a3ad2354ba14e65f1eeb6cc166d5a2c482a1f716c27c6b54e",
                "4c9ba2880a65355e4fa81922d6f84eeea912acec332da38f225c59ed0695013f",
                "172e7b29dbb8ea8aef9000d979d3c03b7a86d616ae1aceabbfddaeacdb0b315a",
                "a7773b806b0c3e14e88d9a8f67fe7ecba5cf3457d84617ce23931300f5a4155c",
                "4e722605d72d417f44972bb92b7ea3724b41635bbd6c57cfb36dc91e4d88585d",
                "9d6824314847e059c9be7c966db71ee3d423fd74fbb2dbc3f4c2aa4fda180d8e",
                "99f7efbb4218008fb01f6f21cf4321d12bd2029ac76a55908a0c66e0baaaf79d",
                "c595cd074e83a25d43aecba627b07a0877116ada3425602e65b63762dc6c1f7b",
                "eaa2b6bc32d93ee724cbb8716d3d2957b69b45d7a45103b85bc3078599810ba0",
                "dd5206643f78afc44215aed71c1a08aec5c69532fdadeaa025e0b37d156e5726",
                "98842ec9b01a164a4a778d0a692c5fbf11683a902bfc168143b1b159bd116f80",
                "b91b8b9941337bd58c13737815c4823ea34c7f4a7f37c83d1cae29b8801c1fcf",
                "5ce5cde9620de3c0ffb51091e7470d21f0e910bf4e93ac96b654271ca6b528a7",
                "9c8fa8167612bfd42049dac0cbef30cd99895aa8dfb6b73979957c22e73a3f8a",
                "5f5c96bf1ff479e788c0732de10215a00e17376dd61575a007d05644c10d22e6",
                "e0f81c2c4f83f4df83025b83abcd0b5ecb7240b46f8069ed857a6327cba442f3",
                "f00d2f3932b74e471c375512d137d6a945a962f6220560b921cb3b66e66e22a4",
                "648bedde6be554cf1a4a701dc57c11881226766044ed99e14b6ae656e283747c",
                "062a492a7135ee2a0ccd119dadef8db313037b62e3da3b45e6a94accdb2a58a2",
                "4e4398e05a2aaeeb61f6c224f771b0556d2bc6533a2b7413e83809d17588ded6",
                "808decd02b5bf60bd27799e23d474f27acd43fef78fcf9fe18c1158d90ca0475",
                "37c9aafa01c592b680e7000750b5cab10d405ab3808c822eeb42f9b7b2ff9e70",
                "35b89ee1ec19152def59889e973954a584506ab9890f2f76437c0dbfccf4f7d7",
                "e27bfc1a480fcd541b0fbf39ccf2e619a42882d43407e6e1b9a2e2aa59e481ba",
                "7277aa312061fd2afe6f485b55b0c0e9026626b929101700c4484ffa0a14893a",
                "9833a6e92345d159f05ca2882a1653d9bc50825017e824dbc27ec522bccdf447",
                "30dde7f25cd1d4b4a5c0f2cd062991ecca09c050dde6ee016619a267961b9612",
                "139541255b10a2e72b55ed3ea6b774d7f494574430f649b2341bccd717cbb1c5",
                "66db7a8638cd2f32d71b6287e42494b091f34d30c5f2e0d70ae54686d2333d05",
                "185cd1518d0db203a76dc213a0f7b03516aff8dd419e68f3371b1c9aa68a926f",
                "6a879bf0b9d7a208ee1c3429225dde0ad317edd229888f0ed08fd37d28bc0aa1"
            ],
            "type": "XHR",
            "firstPartyCookies": {},
            "firstPartyCookiesSent": {},
            "exampleSites": [
                "www.live5news.com",
                "www.wdam.com",
                "www.9and10news.com",
                "www.elfinanciero.com.mx",
                "www.irishtimes.com",
                "www.hawaiinewsnow.com",
                "www.inquirer.com",
                "www.wtvm.com",
                "www.wbko.com",
                "www.wilx.com",
                "www.kwtx.com",
                "www.ksla.com",
                "www.keyc.com",
                "www.wifr.com",
                "www.valleynewslive.com",
                "www.wcax.com",
                "www.wnem.com",
                "www.wave3.com",
                "chicagotribune.com",
                "www.wtap.com"
            ]
        },
        {
            "rule": "arc-cdn\\.net\\/wp-bostonglobe\\/20230714\\/64b183938b945f33a26a52ac\\/t_468b2ba277464943a5630e8c6a24b772_name_BGS_07_14_23_FullEpisode_A_BLOCK_FTP\\/file_854x480-1200-v3_1\\.mp4",
            "cookies": 0,
            "fingerprinting": 0,
            "subdomains": [
                "bostonglobe-prod.video"
            ],
            "apis": {},