{
    "domain": "ardslediana.com",
    "owner": {},
    "source": [
        "DuckDuckGo-US"
    ],
    "prevalence": 0.0000886,
    "sites": 13,
    "subdomains": [],
    "cnames": [],
    "fingerprinting": 3,
    "resources": [
        {
            "rule": "ardslediana\\.com\\/",
            "cookies": 0.0000545,
            "fingerprinting": 0,
            "subdomains": [],
            "apis": {},
            "sites": 8,
            "prevalence": 0.0000545,
            "cnames": [],
            "responseHashes": [
                "08a8e14260cad47284ae578a481881f89c418c7c0f3c52dc2132240dabba10ae",
                "3730fbe06a6a696bf2bf53edfda105021d48194cef9263c14ed285adc04d0f93",
                "b568be4627c90472ccd3897fe622d4b05024abc7f23e4b0b283693e9592b5a91",
                "906109c45706bd818d04e41e2f61bd5b3d2f4459fb33db522da6e07a4b22dad3",
                "48d33e41e9c3f17da53b9ad8d7d788f88f06e5b6acf0d90770e5e51c764d4bb9",
                "9482eb47ebb4e37c994d7dd7b4666db43fc2ea4519b9005d0d5b31ccf0e06742",
                "6cf76d9e6e9644acf725fa2dcd755085739083d2064e87a2d7862711b4f8e0aa"
            ],
            "type": "Fetch",
            "firstPartyCookies": {},
            "firstPartyCookiesSent": {},
            "exampleSites": [
                "harimanga.com",
                "kissasian.mx",
                "kunmanga.com",
                "manhwaz.com",
                "pesktop.com",
                "readberserk.com",
                "thekisscartoon.com",
                "www.wikifeet.com"
            ]
        }
    ],
    "categories": [],
    "performance": {},
    "cookies": 0.0000886,
    "topInitiators": [
        {
            "domain": "bedodrioer.com",
            "prevalence": 0.5263157894736842
        },
        {
            "domain": "vooodkabelochkaa.com",
            "prevalence": 0.42105263157894735
        },
        {
            "domain": "optyruntchan.com",
            "prevalence": 0.05263157894736842
        }
    ],
    "types": {
        "Fetch": 8
    },
    "nameservers": [
        "ns-712.awsdns-25.net",
        "ns-385.awsdns-48.com",
        "ns-1738.awsdns-25.co.uk",
        "ns-1196.awsdns-21.org"
    ]
}