{
    "domain": "asian-xxx-videos.net",
    "owner": {},
    "source": [
        "DuckDuckGo-US"
    ],
    "prevalence": 0.000123,
    "sites": 18,
    "subdomains": [],
    "cnames": [],
    "fingerprinting": 0,
    "resources": [
        {
            "rule": "asian-xxx-videos\\.net\\/myvids\\/mltbn2\\/asian-xxx-videosnet-multi-exo4\\.php",
            "cookies": 0,
            "fingerprinting": 0,
            "subdomains": [],
            "apis": {},
            "sites": 8,
            "prevalence": 0.0000545,
            "cnames": [],
            "responseHashes": [
                "581e0210f4b08d446b3e0043dce09529b28c486958a06d9c4738b37d5c1807b2"
            ],
            "type": "Document",
            "firstPartyCookies": {},
            "firstPartyCookiesSent": {},
            "exampleSites": [
                "bhabhixxxvideos.com",
                "hindipornhd.com",
                "lesbitube.net",
                "momhdporn.com",
                "newsexvideos.net",
                "pornoxxx.pro",
                "xvideos.rest",
                "xxxsexxx.net"
            ]
        },
        {
            "rule": "asian-xxx-videos\\.net\\/myvids\\/exofall\\/exofb\\.php",
            "cookies": 0,
            "fingerprinting": 0,
            "subdomains": [],
            "apis": {},
            "sites": 18,
            "prevalence": 0.000123,
            "cnames": [],
            "responseHashes": [
                "c3834987dc8091c5f1f102c835a54b02e9bc37e92e317ce76de9faa3db334e00",
                "05d0ca8250619962b8757dbe6695612d39e9e682d29273336e7d132d3253afd0",
                "483301cf2fc69d4957ccb44caefefee5b5ebcedb4c4f06e48ae6ffffc83ca4fe",
                "4b2f998a52ef8f3bda0caee17866de249a5b4aa92cb5d200af50ad77a299f872",
                "f4f13d8f07933338700f9718af1d864f8de9a117abbb091bd6e09907b296f47e",
                "433c1eef24f8ea788be3c272495d35174ac92b1833149512bb36e21b065be05f",
                "58ece9e0136864f76b54f0e246bbb6b929e4d17befb1b5c318dfad7f548fd283",
                "c3014d530e4ef0d1736144e9e88a805bcf0f62015f9a71f5eb6e8c9698edb957",
                "1657869b5caf98d209391e6096d7d11f08d40172519e19bca7185f321d2dd560",
                "78acfb63cf7e43fff2b884a256b1fa7bf10e865a4683bd4a2ed3b6fa71fe1d99",
                "d33210b9af835938312f69d980618d2cdaa5a223bc95e6d5653e88670f7835ac",
                "eddee6f81cae3220512b7a2a11689542262925335d0511b8bc9869cdcfc2fb4d",
                "01e87c47002eff137d2951bf2e6385f8806502440f1bb3779df862e8771ba62c",
                "4a7af6608ac48932ebf31374c72a95123683893dbae6a5b4eec1f9838cc7c10f",
                "3c10f7ff5a8535910e89e5bab322c7dd843a6233236708b2df0bc69d3f4a4bd1",
                "c4cd4faf44f8b9c6bc68aa0251bffb3e323dd301ffaa00a9ddf08aeed1f37b9e"
            ],
            "type": "Document",
            "firstPartyCookies": {},
            "firstPartyCookiesSent": {},
            "exampleSites": [
                "bhabhixxxvideos.com",
                "desisex.su",
                "girlsporn.pro",
                "hdxxx.su",
                "hindipornhd.com",
                "hotmomxxx.net",
                "indiaporn.su",
                "indianxxx.su",
                "japaneseporn.su",
                "koreanporn.su",
                "lesbitube.net",
                "momhdporn.com",
                "momvideos24.com",
                "newsexvideos.net",
                "pornoxxx.pro",
                "xvideos.rest",
                "xxxnxx.tv",
                "xxxsexxx.net"
            ]
        },
        {
            "rule": "asian-xxx-videos\\.net\\/myvids\\/mltbn2\\/asian-xxx-videosnet-multi-exo2\\.php",
            "cookies": 0,
            "fingerprinting": 0,
            "subdomains": [],
            "apis": {},
            "sites": 8,
            "prevalence": 0.0000545,
            "cnames": [],
            "responseHashes": [
                "993909686b27046ba36c23e7178d0423c88c71675797784ebe2dbceb0d113240"
            ],
            "type": "Document",
            "firstPartyCookies": {},
            "firstPartyCookiesSent": {},
            "exampleSites": [
                "desisex.su",
                "girlsporn.pro",
                "hdxxx.su",
                "hotmomxxx.net",
                "indiaporn.su",
                "japaneseporn.su",
                "momhdporn.com",
                "pornoxxx.pro"
            ]
        },
        {
            "rule": "asian-xxx-videos\\.net\\/myvids\\/mltbn2\\/asian-xxx-videosnet-multi-exo1\\.php",
            "cookies": 0,
            "fingerprinting": 0,
            "subdomains": [],
            "apis": {},
            "sites": 6,
            "prevalence": 0.0000409,
            "cnames": [],
            "responseHashes": [
                "bfebc23115b21a1afb48d88dd43af1399419e1d9232ccb7dad920f3506229617"
            ],
            "type": "Document",
            "firstPartyCookies": {},
            "firstPartyCookiesSent": {},
            "exampleSites": [
                "girlsporn.pro",
                "hdxxx.su",
                "indiaporn.su",
                "japaneseporn.su",
                "momvideos24.com",
                "xxxnxx.tv"
            ]
        },
        {
            "rule": "asian-xxx-videos\\.net\\/myvids\\/mltbn2\\/asian-xxx-videosnet-multi-exo3\\.php",
            "cookies": 0,
            "fingerprinting": 0,
            "subdomains": [],
            "apis": {},
            "sites": 4,
            "prevalence": 0.0000273,
            "cnames": [],
            "responseHashes": [
                "bdd24ee3f00bcd64bee2ab61f9217cd07f9ded390bbd60a2ddbc712c23b96e3d"
            ],
            "type": "Document",
            "firstPartyCookies": {},
            "firstPartyCookiesSent": {},
            "exampleSites": [
                "indiaporn.su",
                "indianxxx.su",
                "koreanporn.su",
                "lesbitube.net"
            ]
        }
    ],
    "categories": [],
    "performance": {},
    "cookies": 0,
    "topInitiators": [
        {
            "domain": "first party",
            "prevalence": 0.5185185185185185
        },
        {
            "domain": "magsrv.com",
            "prevalence": 0.48148148148148145
        }
    ],
    "types": {
        "Document": 44
    },
    "nameservers": [
        "ns1.hostiservices.com",
        "ns2.hostiservices.com"
    ]
}