{
    "domain": "aspire-ebm.com",
    "owner": {},
    "source": [
        "DuckDuckGo-US"
    ],
    "prevalence": 0.000225,
    "sites": 33,
    "subdomains": [
        "scorpia.graphql",
        "picon.graphql",
        "cablinginstall-aerilon.graphql",
        "gemenon.graphql",
        "dentaleconomics-aerilon.graphql",
        "dentistryiq-aerilon.graphql",
        "militaryaerospace-aerilon.graphql",
        "ogj-aerilon.graphql",
        "rdhmag-aerilon.graphql",
        "waterworld-aerilon.graphql"
    ],
    "cnames": [],
    "fingerprinting": 0,
    "resources": [
        {
            "rule": "aspire-ebm\\.com\\/",
            "cookies": 0,
            "fingerprinting": 0,
            "subdomains": [
                "scorpia.graphql",
                "picon.graphql",
                "cablinginstall-aerilon.graphql",
                "gemenon.graphql",
                "dentaleconomics-aerilon.graphql",
                "dentistryiq-aerilon.graphql",
                "militaryaerospace-aerilon.graphql",
                "ogj-aerilon.graphql",
                "rdhmag-aerilon.graphql",
                "waterworld-aerilon.graphql"
            ],
            "apis": {},
            "sites": 26,
            "prevalence": 0.000177,
            "cnames": [],
            "responseHashes": [
                "1e6dad33a7c42f823cd9a0cd3519de4056bb7d89056577491426322f93793ccd",
                "7a698c15b0fa79391b9db5b33266dc95e504b574986f003ad7d042949b55208d",
                "90422c21367396b61d6a1945bd175a16e781d171504c994f2f17f11ec84ce160",
                "869512be3ed1955aa3148fc70d153a1714cb4a44fa624e3c39c8c9d31e44cce1",
                "211e01330ebf011a3dd79132065c132588d3a6c4b242ae6594926334eea32084",
                "56ebafb55a8d6be0d8417dd74e406cca54f5e92d5b4d867634203fcb83e4d471",
                "b464d4ced98aea1ced6392d555baaf5ef41598b5c188cdc76c48dedde5bd0103",
                "86a56255446510983577bad6e633311157859545e0c7ed70ebf1e45c4fd63779",
                "4c7e7492609c12331894a357551d0a45fea598d1d4e283fa29e007e1a14b25df",
                "041700f80f17d74fbbee14228a391829c0b74ff5e04943713864b4930186df5e",
                "4d4d9847c84a8771d65b814a61f5f1ee501c957d0ca9bea3bd3bcab9d18a9c87",
                "5a15bd24a9f1f972222c8a152b16352e16ad7650b894ab0035b3269e57a506d6",
                "cf65d3badc02c2277ebd65d74534ee3d7fac8941779845f900d7869a0c22f318",
                "3c6f8f5001a533541946b0c35afdc103f8a8d2eea2349e6f1f4971297308a56d",
                "24ccc2eabd8ceecad1f8f4e642d5db0fc70e06c7188f3ff51b8b9a6ad5c8ce79",
                "261518f4414a83d3bb9632328fb81eabcc2414297c77e3419889cf46166c2cdf",
                "0ab73f53f059a686809a639966c9b773270b50a5573a6b546d20c1a2ff9350de",
                "b3d7aa38324b71623f000cdf72cabe0a74113bed2fd02951bbb518348059b8f6",
                "5069debfe1bba7d6e3baed3232dd646f52d495173777780684cbc2460585db3e",
                "0769160ebd3096962450488c082f6b4061e1272e73ea80acbd8db09b371ebf0d",
                "227893ece7b4e8307890946f31a14006effb53f8a07081126e37db37206fb8b8",
                "77176ceefbe96c99f561922758b250a72c5d8730a387b647245b56d50070dbc7",
                "cf41d9b326e9dc05e9d89cad89fd22a25d117159137f523ab596a2708a511652",
                "fb5f006a8d1d1bc0200c73250b9fe2ba5505a6a7bfcea4da3c1e67e8e993c2b9",
                "1d6194f692c4bf7f94ae8411306bb702403a78001850dd894f6edabf0575b9af"
            ],
            "type": "Fetch",
            "firstPartyCookies": {},
            "firstPartyCookiesSent": {},
            "exampleSites": [
                "www.constructionequipment.com",
                "www.fleetowner.com",
                "www.industryweek.com",
                "www.ecmweb.com",
                "www.machinedesign.com",
                "www.dentaleconomics.com",
                "autoserviceprofessional.com",
                "www.cablinginstall.com",
                "www.militaryaerospace.com",
                "www.masstransitmag.com",
                "www.aviationpros.com",
                "www.firehouse.com",
                "www.waterworld.com",
                "www.securityinfowatch.com",
                "www.contractingbusiness.com",
                "www.tdworld.com",
                "www.locksmithledger.com",
                "www.rdhmag.com",
                "www.dentistryiq.com",
                "www.ogj.com"
            ]
        },
        {
            "rule": "aspire-ebm\\.com\\/",
            "cookies": 0,
            "fingerprinting": 0,
            "subdomains": [
                "scorpia.graphql",
                "picon.graphql",
                "cablinginstall-aerilon.graphql",
                "gemenon.graphql",
                "dentaleconomics-aerilon.graphql",
                "dentistryiq-aerilon.graphql",
                "militaryaerospace-aerilon.graphql",
                "ogj-aerilon.graphql",
                "rdhmag-aerilon.graphql",
                "waterworld-aerilon.graphql"
            ],
            "apis": {},
            "sites": 26,
            "prevalence": 0.000177,
            "cnames": [],
            "responseHashes": [],
            "type": "Preflight",
            "firstPartyCookies": {},
            "firstPartyCookiesSent": {},
            "exampleSites": [
                "www.dentistryiq.com",
                "www.firehouse.com",
                "www.ehstoday.com",
                "www.electronicdesign.com",
                "www.contractingbusiness.com",
                "www.securityinfowatch.com",
                "www.aviationpros.com",
                "www.fleetowner.com",
                "www.ecmweb.com",
                "www.waterworld.com",
                "www.militaryaerospace.com",
                "autoserviceprofessional.com",
                "www.constructionequipment.com",
                "www.machinedesign.com",
                "www.rdhmag.com",
                "www.locksmithledger.com",
                "www.masstransitmag.com",
                "www.tdworld.com",
                "www.officer.com",
                "www.vehicleservicepros.com"
            ]
        }
    ],
    "categories": [],
    "performance": {},
    "cookies": 0,
    "topInitiators": [
        {
            "domain": "first party",
            "prevalence": 1
        }
    ],
    "types": {
        "Fetch": 26,
        "Preflight": 26
    },
    "nameservers": [
        "ns-229.awsdns-28.com",
        "ns-569.awsdns-07.net",
        "ns-1657.awsdns-15.co.uk",
        "ns-1414.awsdns-48.org"
    ]
}