{
    "domain": "aspire-ebm.com",
    "owner": {},
    "source": [
        "DuckDuckGo-US"
    ],
    "prevalence": 0.000204,
    "sites": 30,
    "subdomains": [
        "picon.graphql",
        "aerilon.graphql",
        "scorpia.graphql",
        "gemenon.graphql"
    ],
    "cnames": [],
    "fingerprinting": 0,
    "resources": [
        {
            "rule": "aspire-ebm\\.com\\/",
            "cookies": 0,
            "fingerprinting": 0,
            "subdomains": [
                "picon.graphql",
                "aerilon.graphql",
                "scorpia.graphql",
                "gemenon.graphql"
            ],
            "apis": {},
            "sites": 23,
            "prevalence": 0.000157,
            "cnames": [],
            "responseHashes": [
                "b78e27e842244eb04b29181c9c10f158803c54eb5475b14c7b1927f052354c86",
                "2b308aa0b7ab1e5734f8fde256df1474ba4f9c46fc146305583274de2da7a03a",
                "7fe29fe6442c318e7f087d4b05dfcd6f197c9470d5a6720f18b39f577bd1b3a9",
                "211e01330ebf011a3dd79132065c132588d3a6c4b242ae6594926334eea32084",
                "ea249427a3e5c2412cfea6391e6b0a9200980c43991fd94a9e2cde7f4e5bea16",
                "041ce4d8a76258c0c2da73cd51c9674990aa7a07b00dc282d8359816a87d1f22",
                "dac7c8e57f898aa42c8bbe2c19077de812fd8eea21445860beb165bd7978d101",
                "f7ec3a7f0ff9952bc6d65e27167f2bc2f8d9fe42f32e69b291c52f085a86f9f6",
                "a3c47b2dffef84911c085b2c39cc7ca99ac0e400e5ef0aa4d3bfd1ead43d1821",
                "6d73b98e5588ff6daa99dc9d8cc9dbd1af1b13ac8472730b6fb0e3d5983f7dc9",
                "2fabb9b3f81a8c32a62da17b0a7f4914fd0c699e910a597ed8c9268d52bd6d0d",
                "4ec1d29d3c9f950ee14bc6713a0fd6585a9b30b87b5afd094774d921a6d9482b",
                "d1c582e92aa51b714a6bc787906228a96ad4d0d8af8bea523cca85def66ab520",
                "d78bbd88a3dbf8adf47410ea540a621f16dffdb04ac0759f217d23f212ae88f2",
                "79a32ea51d80adf0baa79dd1fd8f41f60d746666d3ec358c90db0404e9701c6f",
                "cec1a096ef9de9c4a555d9074a01d9b8339ee78b2121fcdb8713cdb72a41c9f4",
                "b765ac4afe5f57eb235990cec96dc784a7c79b6ea9bec0d90db5daa018450985",
                "c1f9ddcbe426ea8d05693ecbd7ec530be4f98b27ba318c05034db673452cf883",
                "87d3183481699fa497fec40ff802e15ddb2db0189eb8c6d01340bae3b0238d45",
                "65dc8539f150e85e039a68dabfdc90d54e439b3f811739e7959a10002d638c6d",
                "a77c096beed8f500b57d1f0cef9675e9ce85901560f77a86af4882917237d35e",
                "04a310c63589430ea8decf70de77c3f03221f49ca45f87f01de685e46040fcdd"
            ],
            "type": "Fetch",
            "firstPartyCookies": {},
            "firstPartyCookiesSent": {},
            "exampleSites": [
                "www.firehouse.com",
                "www.cablinginstall.com",
                "www.waterworld.com",
                "www.tdworld.com",
                "www.ecmweb.com",
                "www.aviationpros.com",
                "www.machinedesign.com",
                "www.ogj.com",
                "aviationpros.com",
                "www.contractormag.com",
                "www.securityinfowatch.com",
                "www.contractingbusiness.com",
                "www.vehicleservicepros.com",
                "www.dentistryiq.com",
                "www.officer.com",
                "www.constructionequipment.com",
                "www.rdhmag.com",
                "www.fleetowner.com",
                "www.industryweek.com",
                "www.electronicdesign.com"
            ]
        },
        {
            "rule": "aspire-ebm\\.com\\/",
            "cookies": 0,
            "fingerprinting": 0,
            "subdomains": [
                "picon.graphql",
                "aerilon.graphql",
                "scorpia.graphql",
                "gemenon.graphql"
            ],
            "apis": {},
            "sites": 23,
            "prevalence": 0.000157,
            "cnames": [],
            "responseHashes": [],
            "type": "Preflight",
            "firstPartyCookies": {},
            "firstPartyCookiesSent": {},
            "exampleSites": [
                "www.cablinginstall.com",
                "www.electronicdesign.com",
                "www.fleetowner.com",
                "www.ecmweb.com",
                "www.firehouse.com",
                "www.aviationpros.com",
                "www.rdhmag.com",
                "www.powermotiontech.com",
                "www.vehicleservicepros.com",
                "www.contractormag.com",
                "www.dentistryiq.com",
                "www.ehstoday.com",
                "www.officer.com",
                "www.securityinfowatch.com",
                "aviationpros.com",
                "www.industryweek.com",
                "www.ogj.com",
                "www.contractingbusiness.com",
                "www.constructionequipment.com",
                "www.machinedesign.com"
            ]
        }
    ],
    "categories": [],
    "performance": {},
    "cookies": 0,
    "topInitiators": [
        {
            "domain": "first party",
            "prevalence": 1
        }
    ],
    "types": {
        "Fetch": 23,
        "Preflight": 23
    },
    "nameservers": [
        "ns-1414.awsdns-48.org",
        "ns-569.awsdns-07.net",
        "ns-1657.awsdns-15.co.uk",
        "ns-229.awsdns-28.com"
    ]
}