{
    "domain": "autoid.com",
    "owner": {},
    "source": [
        "DuckDuckGo-US"
    ],
    "prevalence": 0.0000954,
    "sites": 14,
    "subdomains": [
        "ai"
    ],
    "cnames": [],
    "fingerprinting": 2,
    "resources": [
        {
            "rule": "autoid\\.com\\/pixel",
            "cookies": 0.0000682,
            "fingerprinting": 1,
            "subdomains": [
                "ai"
            ],
            "apis": {
                "window.localStorage": 5
            },
            "sites": 10,
            "prevalence": 0.0000682,
            "cnames": [],
            "responseHashes": [
                "8f5c0f7b9179cd320de106e4a3350579bef9f43d8a1b3a8044f9fb39cf716e12",
                "7c65e54b9cdb80142615366be1b222ca6bbee458324402e64a427fe137ffde1d",
                "bb756b32f7235d8c8822d947a143a7ae0611b6e6669e03ef59721e2ba52d7d88",
                "2e2d450b30f9b8ffaee05c6df918b2fdcae3d36d44532e3d9b5fcd44d5ffa5a0",
                "85b0d39c0d91368e1e38412d54234fbb15bf678c7b57c492f174fe9f013cbdfa",
                "4c82b5400632ff6a5b8ea53316a01ec86b368a0b07f53662f40d91ab58a57ced",
                "9cf312014b42af381639daca00096d1af1ffc568e6ae47b7d264347e42ec2ea0",
                "8c37d5732c8e26078fec88907bf51cbeaea36813d493668798a0c9031e7ecf96",
                "bbd6eafe42f1cca788dba009356b48ddc671330f6c3c0da81a0874634b998253"
            ],
            "type": "Document",
            "firstPartyCookies": {},
            "firstPartyCookiesSent": {
                "lotame_domain_check": 0.000027265415184109715
            },
            "exampleSites": [
                "aviscarsales.com",
                "www.aviscarsales.com",
                "www.championwindow.com",
                "www.classicchevrolet.com",
                "www.davesmith.com",
                "www.echopark.com",
                "www.generalrv.com",
                "www.koonstoyotatysonscorner.com",
                "www.mountainstatestoyota.com",
                "www.windownation.com"
            ]
        },
        {
            "rule": "autoid\\.com\\/update_aip",
            "cookies": 0.0000682,
            "fingerprinting": 0,
            "subdomains": [
                "ai"
            ],
            "apis": {},
            "sites": 10,
            "prevalence": 0.0000682,
            "cnames": [],
            "responseHashes": [],
            "type": "Fetch",
            "firstPartyCookies": {},
            "firstPartyCookiesSent": {},
            "exampleSites": [
                "aviscarsales.com",
                "www.aviscarsales.com",
                "www.championwindow.com",
                "www.classicchevrolet.com",
                "www.davesmith.com",
                "www.echopark.com",
                "www.generalrv.com",
                "www.koonstoyotatysonscorner.com",
                "www.mountainstatestoyota.com",
                "www.windownation.com"
            ]
        },
        {
            "rule": "autoid\\.com\\/ai",
            "cookies": 0,
            "fingerprinting": 0,
            "subdomains": [
                "ai"
            ],
            "apis": {},
            "sites": 10,
            "prevalence": 0.0000682,
            "cnames": [],
            "responseHashes": [
                "ef1ec33746804fc0e141c22d0563fc87b60232a6dffe128c2a25561b7ee731e2",
                "4443a9520d249b37db255316b71b7113f61459f19c2a2d4f986d771d7b9d8b7d",
                "655f89274276ebf90249e457c2a6efbe515d3aca8a5a0e149e367e49c76fb292",
                "66908b57b5b353bacc1d5eb1716bcc4c9c5bfb141c622180bbfc51d2fec68f35",
                "cef960851262d2f39b8210cc392e86056f4f69312e5fe875a7d6a1ce53d034db",
                "07a40a40edaeb65ed2d05fa78aaabe653a067613431eb37fb038787cbdf91619",
                "60862366228c605a295fbc2481b116136042554b3234c237ae1be6c4651fc343",
                "c863cbc342e252a5ffe7403032116c70635976647ba9ddf77b4fafe537904357",
                "2acb0808bdced28a8e5d289bbcca3fd910d0b9523b73b5de70ddccd343c5b63a"
            ],
            "type": "Fetch",
            "firstPartyCookies": {},
            "firstPartyCookiesSent": {},
            "exampleSites": [
                "aviscarsales.com",
                "www.aviscarsales.com",
                "www.championwindow.com",
                "www.classicchevrolet.com",
                "www.davesmith.com",
                "www.echopark.com",
                "www.generalrv.com",
                "www.koonstoyotatysonscorner.com",
                "www.mountainstatestoyota.com",
                "www.windownation.com"
            ]
        },
        {
            "rule": "autoid\\.com\\/ai",
            "cookies": 0,
            "fingerprinting": 0,
            "subdomains": [
                "ai"
            ],
            "apis": {},
            "sites": 10,
            "prevalence": 0.0000682,
            "cnames": [],
            "responseHashes": [],
            "type": "Preflight",
            "firstPartyCookies": {},
            "firstPartyCookiesSent": {},
            "exampleSites": [
                "aviscarsales.com",
                "www.aviscarsales.com",
                "www.championwindow.com",
                "www.classicchevrolet.com",
                "www.davesmith.com",
                "www.echopark.com",
                "www.generalrv.com",
                "www.koonstoyotatysonscorner.com",
                "www.mountainstatestoyota.com",
                "www.windownation.com"
            ]
        },
        {
            "rule": "autoid\\.com\\/ucc",
            "cookies": 0,
            "fingerprinting": 0,
            "subdomains": [
                "ai"
            ],
            "apis": {},
            "sites": 9,
            "prevalence": 0.0000613,
            "cnames": [],
            "responseHashes": [
                "565339bc4d33d72817b583024112eb7f5cdf3e5eef0252d6ec1b9c9a94e12bb3"
            ],
            "type": "Fetch",
            "firstPartyCookies": {},
            "firstPartyCookiesSent": {},
            "exampleSites": [
                "aviscarsales.com",
                "www.aviscarsales.com",
                "www.championwindow.com",
                "www.classicchevrolet.com",
                "www.echopark.com",
                "www.generalrv.com",
                "www.koonstoyotatysonscorner.com",
                "www.mountainstatestoyota.com",
                "www.windownation.com"
            ]
        },
        {
            "rule": "autoid\\.com\\/ucc",
            "cookies": 0,
            "fingerprinting": 0,
            "subdomains": [
                "ai"
            ],
            "apis": {},
            "sites": 9,
            "prevalence": 0.0000613,
            "cnames": [],
            "responseHashes": [],
            "type": "Preflight",
            "firstPartyCookies": {},
            "firstPartyCookiesSent": {},
            "exampleSites": [
                "aviscarsales.com",
                "www.aviscarsales.com",
                "www.championwindow.com",
                "www.classicchevrolet.com",
                "www.echopark.com",
                "www.generalrv.com",
                "www.koonstoyotatysonscorner.com",
                "www.mountainstatestoyota.com",
                "www.windownation.com"
            ]
        },
        {
            "rule": "autoid\\.com\\/ai\\.js",
            "cookies": 0.0000273,
            "fingerprinting": 2,
            "subdomains": [
                "ai"
            ],
            "apis": {
                "Date.prototype.getTime": 4,
                "Document.cookie getter": 4,
                "Document.cookie setter": 4,
                "Navigator.prototype.cookieEnabled": 4,
                "window.sessionStorage": 4,
                "Navigator.prototype.userAgent": 4,
                "Screen.prototype.height": 4,
                "Screen.prototype.width": 4,
                "Screen.prototype.colorDepth": 4,