{
    "domain": "aweprt.com",
    "owner": {
        "name": "DOCLER IP S.A R.L.",
        "displayName": "Docler IP"
    },
    "source": [
        "DuckDuckGo-US"
    ],
    "prevalence": 0.0000886,
    "sites": 13,
    "subdomains": [],
    "cnames": [],
    "fingerprinting": 1,
    "resources": [
        {
            "rule": "aweprt\\.com\\/embed\\/natlf",
            "cookies": 0.0000613,
            "fingerprinting": 1,
            "subdomains": [],
            "apis": {
                "window.localStorage": 9,
                "Navigator.prototype.userAgent": 9,
                "window.innerWidth": 9,
                "window.innerHeight": 9
            },
            "sites": 9,
            "prevalence": 0.0000613,
            "cnames": [],
            "responseHashes": [
                "34d2237dc529f9bd88ee2f954a3f31c177b730fffd37c02fdbfd7704efd162f9",
                "c5002ccb7e3363b28b4dc849dc98effb58925e36a477220693315dbde72de1a0",
                "f1423ab471b6a8f9de2689ab07d6519ea60c80522e0198129bc19b9b134abd93",
                "fbddedd912cdbcf61eabca0c51e0688729e7f52942ab2328a6e211b0b75f3047",
                "7cb02039cc6fe3cd26c6bfd1313119232d3af9bac37ac449b98a677a3db9bcca",
                "3a8be4df887f2c38d3bcd994abb801acfe447977efd94e3edcd54a41048a1c72",
                "c9a96bb3cc33d64439935a5eb6b1530ece8205b5f3604da6ad0310e1078b3d1a",
                "4270b1014706fb19ed00fc2fdfc53941f9ab7d85617c94608816b14c047f0f44"
            ],
            "type": "Script",
            "firstPartyCookies": {},
            "firstPartyCookiesSent": {},
            "exampleSites": [
                "bigo.video",
                "j2j.kz",
                "pornzara.com",
                "sexosintabues30.com",
                "skymoviehd.net",
                "spankwire1.com",
                "tickzoo.tv",
                "wankgod.com",
                "www.lolteentube.com"
            ]
        }
    ],
    "categories": [],
    "performance": {},
    "cookies": 0.0000886,
    "topInitiators": [
        {
            "domain": "first party",
            "prevalence": 0.6
        },
        {
            "domain": "smopy.com",
            "prevalence": 0.26666666666666666
        },
        {
            "domain": "oklivetv.com",
            "prevalence": 0.13333333333333333
        }
    ],
    "types": {
        "Script": 9
    },
    "nameservers": [
        "ns4.eurodns.com",
        "ns3.eurodns.com",
        "ns2.eurodns.com",
        "ns1.eurodns.com"
    ]
}