{
    "domain": "bangcreatives.com",
    "owner": {},
    "source": [
        "DuckDuckGo-US"
    ],
    "prevalence": 0.000157,
    "sites": 23,
    "subdomains": [
        "www"
    ],
    "cnames": [],
    "fingerprinting": 0,
    "resources": [
        {
            "rule": "bangcreatives\\.com\\/multi\\/950-250-niche",
            "cookies": 0,
            "fingerprinting": 0,
            "subdomains": [
                "www"
            ],
            "apis": {},
            "sites": 9,
            "prevalence": 0.0000614,
            "cnames": [],
            "responseHashes": [
                "f11fd6c830915f989831b1c08c4bae0a7dd7a545d434f30b2a9b05ebac4816a3",
                "9d139303a222cb803ffeadf9bb0493d88f205bcbfd1ced0cd851c0ad43e734f8",
                "81d2e1198b465e8cf3f707fd80f541a05ea3908c3631598f5bab78b0ef4ace37",
                "3f24f3c8a0e27097cc0f6acd86b404b14fbb32b6eb377ef95a68094bcdce6128",
                "70b0d886fd7bde9dce0cb6e21a129a7b5de2af94c10fbef57a9b6aff7399a3ff",
                "10977b3f9ed0ce87d94f75f5c6d2a0097a1bba399d130e374e376166b06fcfd5",
                "d18ace0beaa67c17f38d8b505d6f2cbdb653672e51e69970746a7757f35d97a9",
                "96076bc17afb749c5d401eec10bfdd49b627932482b0da87ae061ed0769020ab"
            ],
            "type": "Document",
            "firstPartyCookies": {},
            "firstPartyCookiesSent": {},
            "exampleSites": [
                "redtube.com",
                "es.redtube.com",
                "fr.redtube.com",
                "it.redtube.com",
                "jp.redtube.com",
                "pl.redtube.com",
                "ru.redtube.com",
                "www.redtube.com.br",
                "www.redtube.com"
            ]
        },
        {
            "rule": "bangcreatives\\.com\\/multi\\/900-250-niche",
            "cookies": 0,
            "fingerprinting": 0,
            "subdomains": [
                "www"
            ],
            "apis": {},
            "sites": 5,
            "prevalence": 0.0000341,
            "cnames": [],
            "responseHashes": [
                "fee62787aecd16db4b2730b8a3bea697b7c87e0ba8ba11985bf7a277f6a0cbce",
                "874a5371823030ec4a8e10a67894b666b27fa601ad7b87941b69903f51b386f8",
                "30387fb1d9512623ada2330f70adaa4eafc95a57101cfc3600abb269875302f6",
                "41d614e16b6d11fdc7681d1d019573aa56a9bcd08c11c04c0a1d752682216b34"
            ],
            "type": "Document",
            "firstPartyCookies": {},
            "firstPartyCookiesSent": {},
            "exampleSites": [
                "youporn.com",
                "es.youporn.com",
                "it.youporn.com",
                "www.you-porn.com",
                "www.youporn.com"
            ]
        },
        {
            "rule": "bangcreatives\\.com\\/multi\\/300-250-preview",
            "cookies": 0,
            "fingerprinting": 0,
            "subdomains": [
                "www"
            ],
            "apis": {},
            "sites": 6,
            "prevalence": 0.0000409,
            "cnames": [],
            "responseHashes": [
                "bc6fd383d24cac619f8fc8fef8a4cf632e95ad3805e702294f25c3e04ae56395",
                "80d75057b473cd8f5f4611feab27fc2e93b6d6dc1fe9994476e74bdc705744f2",
                "094f4cbe92d5784d66d1497efba90138b44161708bf190f7ddb7e7c34aace9b8",
                "816c5856b974869aa06b05d0f9c10d5adc52e8b1bc17cae2e50016b9142d6a50",
                "237f71d20c2b7c3f3c9de35f2a3307fc84547287fb082c5227778931dd1d7e43"
            ],
            "type": "Document",
            "firstPartyCookies": {},
            "firstPartyCookiesSent": {},
            "exampleSites": [
                "freeporn8.com",
                "www.freeporn8.com",
                "www.nursexfilme.com",
                "xxxvideo.link",
                "youjizz.digital",
                "youngpussy.pics"
            ]
        },
        {
            "rule": "bangcreatives\\.com\\/bower_components\\/font-awesome\\/css\\/font-awesome\\.min\\.css",
            "cookies": 0,
            "fingerprinting": 0,
            "subdomains": [
                "www"
            ],
            "apis": {},
            "sites": 6,
            "prevalence": 0.0000409,
            "cnames": [],
            "responseHashes": [
                "799aeb25cc0373fdee0e1b1db7ad6c2f6a0e058dfadaa3379689f583213190bd"
            ],
            "type": "Stylesheet",
            "firstPartyCookies": {},
            "firstPartyCookiesSent": {},
            "exampleSites": [
                "freeporn8.com",
                "www.freeporn8.com",
                "www.nursexfilme.com",
                "xxxvideo.link",
                "youjizz.digital",
                "youngpussy.pics"
            ]
        },
        {
            "rule": "bangcreatives\\.com\\/assets\\/images\\/overlays\\/realteens_ad-overlays_sm_seemore3\\.png",
            "cookies": 0,
            "fingerprinting": 0,
            "subdomains": [
                "www"
            ],
            "apis": {},
            "sites": 3,
            "prevalence": 0.0000205,
            "cnames": [],
            "responseHashes": [
                "43fc5f8534bfe9827cec0541e7d9616d11f3369c90fdad354699abb4e0a0ef2b"
            ],
            "type": "Image",
            "firstPartyCookies": {},
            "firstPartyCookiesSent": {},
            "exampleSites": [
                "freeporn8.com",
                "youjizz.digital",
                "youngpussy.pics"
            ]
        },
        {
            "rule": "bangcreatives\\.com\\/assets\\/images\\/overlays\\/yngr_sm_see_more_v2\\.png",
            "cookies": 0,
            "fingerprinting": 0,
            "subdomains": [
                "www"
            ],
            "apis": {},
            "sites": 3,
            "prevalence": 0.0000205,
            "cnames": [],
            "responseHashes": [
                "f00f479b170329a460251642cac254ab608e1442d22cd40346cd8660ae40cba6"
            ],
            "type": "Image",
            "firstPartyCookies": {},
            "firstPartyCookiesSent": {},
            "exampleSites": [
                "nursexfilme.com",
                "xxxvideo.link",
                "youngpussy.pics"
            ]
        }
    ],
    "categories": [],
    "performance": {},
    "cookies": 0,
    "topInitiators": [
        {
            "domain": "bangkazza.com",
            "prevalence": 1
        }
    ],
    "types": {
        "Document": 20,
        "Stylesheet": 6,
        "Image": 6
    },
    "nameservers": [
        "jeremy.ns.cloudflare.com",
        "melinda.ns.cloudflare.com"
    ]
}