{
    "domain": "bannersnack.com",
    "owner": {},
    "source": [
        "DuckDuckGo-US"
    ],
    "prevalence": 0.000109,
    "sites": 16,
    "subdomains": [
        "cdn",
        "stats"
    ],
    "cnames": [],
    "fingerprinting": 2,
    "resources": [
        {
            "rule": "bannersnack\\.com\\/iframe\\/embed\\.js",
            "cookies": 0,
            "fingerprinting": 1,
            "subdomains": [
                "cdn"
            ],
            "apis": {
                "Navigator.prototype.userAgent": 2
            },
            "sites": 11,
            "prevalence": 0.000075,
            "cnames": [],
            "responseHashes": [
                "56588d27873c81cf322f4aa1dc7a3ec636ed8bc7712ec9db11b57b733787c264"
            ],
            "type": "Script",
            "firstPartyCookies": {},
            "firstPartyCookiesSent": {},
            "exampleSites": [
                "21stcenturywire.com",
                "abc-7.com",
                "abc17news.com",
                "keyt.com",
                "ktvz.com",
                "kvia.com",
                "localnews8.com",
                "metrovoicenews.com",
                "nbc-2.com",
                "www.audiogon.com",
                "www.qiez.de"
            ]
        },
        {
            "rule": "bannersnack\\.com\\/info\\/",
            "cookies": 0,
            "fingerprinting": 0,
            "subdomains": [
                "stats"
            ],
            "apis": {},
            "sites": 12,
            "prevalence": 0.0000818,
            "cnames": [],
            "responseHashes": [
                "bcbc46f885aa860a0caa3bafb2a3d42d7292e5ea188d6bf94b999a1b78d2873a",
                "2b9cc5dc54d14f5bb6ee444eeea211460efc026df7320a6f7595669a7bc51ef2",
                "2d8e3f26e94cdb008433e4d8b6f0ccf752f498b8cb8cbdab2a2744aae189324f",
                "ba8ca814936c54dd1b42d24ea01ec6643e30faa65ef759b20a974bcd6d1e44ff",
                "f42d444dc62ef5f23c98c5d8ab2a67a85af39c51354ccec942bbc4acd8ad4ac7",
                "62bbe79c77c2167666c8f11cc7a1a986b6ba15ea1fd902fc49ba873b0e305d23",
                "2503dd94dfd97dc17955de732786e50e0c915212b34441a88cdde69f78b91f7b",
                "e091fd26774f15eba7fd2ce9de76d4c38b79ecc10f691f9b09c5c4f8d0fe5d0d",
                "9b5a9b9dd62ec77d3f8cd9eeecae70a9941459910e1157ad57cdcd810633765a",
                "bf671260b92f3a9ad4f3d5ae32afdea24168c34c8570051a8d90b505b07eb9f5",
                "eb1d5a2d52366854890f0be47ac99ff235518a6d8a0618666c0467f15981a8ff"
            ],
            "type": "Script",
            "firstPartyCookies": {},
            "firstPartyCookiesSent": {},
            "exampleSites": [
                "21stcenturywire.com",
                "abc-7.com",
                "abc17news.com",
                "keyt.com",
                "ktvz.com",
                "kvia.com",
                "localnews8.com",
                "metrovoicenews.com",
                "nbc-2.com",
                "www.audiogon.com",
                "www.autometaldirect.com",
                "www.qiez.de"
            ]
        },
        {
            "rule": "bannersnack\\.com\\/iframe\\/embed_float\\.js",
            "cookies": 0,
            "fingerprinting": 1,
            "subdomains": [
                "cdn"
            ],
            "apis": {
                "Navigator.prototype.userAgent": 2,
                "window.localStorage": 2,
                "window.innerWidth": 2
            },
            "sites": 2,
            "prevalence": 0.0000136,
            "cnames": [],
            "responseHashes": [
                "979cdac19caa1bb28513da112cec5c533ac38943d0b3a0f0390e344ccddf6068"
            ],
            "type": "Script",
            "firstPartyCookies": {},
            "firstPartyCookiesSent": {},
            "exampleSites": [
                "krdo.com",
                "kvia.com"
            ]
        },
        {
            "rule": "bannersnack\\.com\\/banners\\/bzcfosl3x\\/embed\\/index\\.html",
            "cookies": 0,
            "fingerprinting": 0,
            "subdomains": [
                "cdn"
            ],
            "apis": {},
            "sites": 2,
            "prevalence": 0.0000136,
            "cnames": [],
            "responseHashes": [
                "41d2176dc0e33a88022e8928e7f90342a3622d5d04cf285d79e4d5fc6c3f4e9f"
            ],
            "type": "Document",
            "firstPartyCookies": {},
            "firstPartyCookiesSent": {},
            "exampleSites": [
                "qiez.de",
                "www.qiez.de"
            ]
        },
        {
            "rule": "bannersnack\\.com\\/embed\\/js\\/EmbedCanvas\\.js",
            "cookies": 0,
            "fingerprinting": 2,
            "subdomains": [
                "cdn"
            ],
            "apis": {
                "Navigator.prototype.userAgent": 2,
                "Navigator.prototype.appName": 2,
                "Navigator.prototype.appVersion": 2,
                "window.devicePixelRatio": 2,
                "Screen.prototype.width": 2,
                "Screen.prototype.height": 2,
                "window.innerWidth": 2,
                "window.innerHeight": 2,
                "Date.prototype.getTime": 2
            },
            "sites": 2,
            "prevalence": 0.0000136,
            "cnames": [],
            "responseHashes": [
                "cc8aa547f821273d8ffe7bbfbf1deefbaa51e0776c47098228bb0cf8e93517d3"
            ],
            "type": "Script",
            "firstPartyCookies": {},
            "firstPartyCookiesSent": {},
            "exampleSites": [
                "qiez.de",
                "www.qiez.de"
            ]
        },
        {
            "rule": "bannersnack\\.com\\/embed\\/css\\/index\\.css",
            "cookies": 0,
            "fingerprinting": 0,
            "subdomains": [
                "cdn"
            ],
            "apis": {},
            "sites": 2,
            "prevalence": 0.0000136,
            "cnames": [],
            "responseHashes": [
                "48a93c92157fa51c7e0a4e207cc35b8d9ab45d35a98e283f0c799982335d27ba"
            ],
            "type": "Stylesheet",
            "firstPartyCookies": {},
            "firstPartyCookiesSent": {},
            "exampleSites": [
                "qiez.de",
                "www.qiez.de"
            ]
        },
        {
            "rule": "bannersnack\\.com\\/banners\\/bzcfosl3x\\/embed\\/images\\/7950ff895c9a2a96048f89b754984cb8\\.jpg",
            "cookies": 0,
            "fingerprinting": 0,
            "subdomains": [
                "cdn"
            ],
            "apis": {},
            "sites": 2,
            "prevalence": 0.0000136,
            "cnames": [],
            "responseHashes": [
                "065c210f00c341bd7e80d1f338913be806e2aa863b293bacf0718b51d01bc11d"
            ],
            "type": "Image",
            "firstPartyCookies": {},
            "firstPartyCookiesSent": {},
            "exampleSites": [
                "qiez.de",
                "www.qiez.de"
            ]
        },
        {
            "rule": "bannersnack\\.com\\/banners\\/bzcfosl3x\\/embed\\/images\\/9147b270cf99639b76632ba88dcb0730\\.svg",
            "cookies": 0,
            "fingerprinting": 0,
            "subdomains": [
                "cdn"
            ],
            "apis": {},
            "sites": 2,
            "prevalence": 0.0000136,
            "cnames": [],
            "responseHashes": [
                "d34766c4ec7dd4b8a0e98b5a4833702a7a07f91011beb66c7d3c58feae7466cc"
            ],
            "type": "Image",
            "firstPartyCookies": {},
            "firstPartyCookiesSent": {},
            "exampleSites": [
                "qiez.de",
                "www.qiez.de"
            ]
        }
    ],
    "categories": [],
    "performance": {},
    "cookies": 0,
    "topInitiators": [
        {
            "domain": "first party",