{
    "domain": "bbrdbr.com",
    "owner": {},
    "source": [
        "DuckDuckGo-US"
    ],
    "prevalence": 0.000409,
    "sites": 60,
    "subdomains": [
        "go",
        "creative"
    ],
    "cnames": [],
    "fingerprinting": 1,
    "resources": [
        {
            "rule": "bbrdbr\\.com\\/api\\/goToTheTag",
            "cookies": 0.00013,
            "fingerprinting": 0,
            "subdomains": [
                "go"
            ],
            "apis": {},
            "sites": 19,
            "prevalence": 0.00013,
            "cnames": [],
            "responseHashes": [],
            "type": "Document",
            "firstPartyCookies": {},
            "firstPartyCookiesSent": {},
            "exampleSites": [
                "bananamovies.org",
                "dooooood.live",
                "javdaddy.com",
                "m.porn555.com",
                "m.see.xxx",
                "pandamovies.pw",
                "porn555.com",
                "pornwatch.ws",
                "pornwiss.com",
                "see.xxx",
                "speedporn.net",
                "streamporn.pw",
                "thegay.porn",
                "watchpornx.com",
                "www.hindixxx.club",
                "xtapes.me",
                "xxxparodyhd.net",
                "youwatchporn.com"
            ]
        },
        {
            "rule": "bbrdbr\\.com\\/api\\/models\\/vast",
            "cookies": 0.000136,
            "fingerprinting": 0,
            "subdomains": [
                "go"
            ],
            "apis": {},
            "sites": 20,
            "prevalence": 0.000136,
            "cnames": [],
            "responseHashes": [
                "1bd4e58b7c0d37ceef726cbcb161fc03ba6feb22f1865824b69955d0a5d60e94",
                "3bb59aad98679431ff63776c980425b6532eb68b1f2a443e6025a1f981c3afe9",
                "d312a569267f654be701e41027de28ce3352465fd1f4e9bc9426016ed5b90cf3",
                "6ad97159c639729df8a2b9577bdcc709acb03dad489d36900aa1bc3c672a68e7",
                "e1d78127bcd3406c977be0d768b16943880e994a2a046e4cdf123fc5cb107d0c",
                "68c198beb0782c152067547ff841709b5db4a8f628b3955c928bf63efc43c0cc",
                "772f2b37153cf7229c582b935187651dd41a97ce84d9f8c18728cf2a2afc50cf",
                "4a84d1015ee25665dd775f3453705e758fb32e919fcad899857a7678da0cf489",
                "7f390fd03939e0eb08bf6cbab0a9c334318d98a9847e54ec2ebb353a05435424",
                "8d55f8dd38c59a375461575863eca1f987ef8470678ca1a54677b8ef901d2863",
                "7f526d18b33a8c0b652b08d0e8008b423bec55d209717ada9a6a63b4957edc42",
                "0c888e66dd55ef913da06086543d744257d2f9e92b9e56e303ad259dc743bfce",
                "4245bcd69e1dddce997195398e77a59b6f13b5a4fb05f6e49ac73afe70aaca6c",
                "fdb46f2ea0c16b77de4086fcbe03fb0ce8776681810cefea72392c2801483b2a",
                "6f1e814756a807255ba3fe2602988a7cc6e36663c75aa434074d45306ea7b788",
                "050c6ecb0a8f0291bbfe00bc0217c3555154bdbcbce37a5081079dd986781982",
                "8b3dfc8c2c423d6a247e38080f31f7e2f46b4b123422ca3013f936e569f457c7",
                "bae5de5c034c9df75f2ce1587cb930ece8857262f5afc3097cc9010513bb53dc",
                "d6d21a6c8ea7670538f722d5a188d670f4c444ee2473bb7b2dea5cca82166d78"
            ],
            "type": "Fetch",
            "firstPartyCookies": {},
            "firstPartyCookiesSent": {},
            "exampleSites": [
                "blackporn.tube",
                "hog.tv",
                "homemade.xxx",
                "ixnxx.tv",
                "jizzbunker.com",
                "justthegays.com",
                "nastyvideotube.com",
                "sexu.com",
                "teenhd.porn",
                "teenxporn.tv",
                "www.fapguru.com",
                "www.nastyvideotube.com",
                "www.porntry.com",
                "www.privateporn.tv",
                "www.veryfreeporn.com",
                "www.xozilla.com",
                "www.xozilla.xxx",
                "www.xtits.com",
                "www.xxxfiles.tv",
                "xxxdan.com"
            ]
        },
        {
            "rule": "bbrdbr\\.com\\/config",
            "cookies": 0.00000682,
            "fingerprinting": 0,
            "subdomains": [
                "go"
            ],
            "apis": {},
            "sites": 4,
            "prevalence": 0.0000273,
            "cnames": [],
            "responseHashes": [
                "58865b38d2780f9376df9b9ad59531b1133a2aedeef444a25cfb322d9c208cc0",
                "0aae8803ce260dcf34df1a01d50e14af5371453802725800725368a04e11ea00",
                "ff68fc9e5da005ca17ecd9ab20e0240c23d24c3a8c7117608cf274a7726df7e6"
            ],
            "type": "Fetch",
            "firstPartyCookies": {},
            "firstPartyCookiesSent": {},
            "exampleSites": [
                "chyoa.com",
                "thotsflix.com",
                "vipergirls.to",
                "www.cutscenes.net"
            ]
        },
        {
            "rule": "bbrdbr\\.com\\/api\\/models",
            "cookies": 0.0000204,
            "fingerprinting": 0,
            "subdomains": [
                "go"
            ],
            "apis": {},
            "sites": 3,
            "prevalence": 0.0000204,
            "cnames": [],
            "responseHashes": [
                "7aeef158a80f01ab146228bd183b66bc17ca9779bacd819894f3329c95dce3ce",
                "3de0c6fd34dbb68a2c24122d77b5d8500059b88492b5c7440574770672fce59c"
            ],
            "type": "Fetch",
            "firstPartyCookies": {},
            "firstPartyCookiesSent": {},
            "exampleSites": [
                "chyoa.com",
                "vipergirls.to",
                "www.cutscenes.net"
            ]
        },
        {
            "rule": "bbrdbr\\.com\\/abc\\.gif",
            "cookies": 0.00000682,
            "fingerprinting": 0,
            "subdomains": [
                "go"
            ],
            "apis": {},
            "sites": 4,
            "prevalence": 0.0000273,
            "cnames": [],
            "responseHashes": [
                "e3b0c44298fc1c149afbf4c8996fb92427ae41e4649b934ca495991b7852b855"
            ],
            "type": "Image",
            "firstPartyCookies": {},
            "firstPartyCookiesSent": {},
            "exampleSites": [
                "chyoa.com",
                "thotsflix.com",
                "vipergirls.to",
                "www.cutscenes.net"
            ]
        },
        {
            "rule": "bbrdbr\\.com\\/thumbs\\/view",
            "cookies": 0.0000136,
            "fingerprinting": 0,
            "subdomains": [
                "go"
            ],
            "apis": {},
            "sites": 2,
            "prevalence": 0.0000136,
            "cnames": [],
            "responseHashes": [
                "5de88587cd73453e1a4e4a54030bf3e038facc37a7200f1e2f6d0493c17c2207"
            ],
            "type": "Fetch",
            "firstPartyCookies": {},
            "firstPartyCookiesSent": {},
            "exampleSites": [
                "chyoa.com",
                "www.cutscenes.net"
            ]
        },
        {
            "rule": "bbrdbr\\.com\\/checkDomainResult",
            "cookies": 0.0000136,
            "fingerprinting": 0,
            "subdomains": [
                "go"
            ],
            "apis": {},
            "sites": 2,
            "prevalence": 0.0000136,
            "cnames": [],
            "responseHashes": [
                "e3b0c44298fc1c149afbf4c8996fb92427ae41e4649b934ca495991b7852b855"
            ],
            "type": "Fetch",
            "firstPartyCookies": {},
            "firstPartyCookiesSent": {},
            "exampleSites": [
                "chyoa.com",
                "www.cutscenes.net"
            ]
        },
        {
            "rule": "bbrdbr\\.com\\/widgets\\/v4\\/Universal",
            "cookies": 0.00000682,
            "fingerprinting": 0,