{
    "domain": "bebasads.com",
    "owner": {},
    "source": [
        "DuckDuckGo-US"
    ],
    "prevalence": 0.00015,
    "sites": 22,
    "subdomains": [],
    "cnames": [],
    "fingerprinting": 0,
    "resources": [
        {
            "rule": "bebasads\\.com\\/ads\\/alds\\.php",
            "cookies": 0,
            "fingerprinting": 0,
            "subdomains": [],
            "apis": {},
            "sites": 22,
            "prevalence": 0.00015,
            "cnames": [],
            "responseHashes": [
                "378b9a8f4c80effb7c9d09846f459709a99be5b128c24cb8422a82e776547892",
                "07466a06b63a9820e54d9b660bdbba293634d6106c49a7773a5b258d645325b4",
                "b776a286a9fcb181d93158994dd8e147a1f4faf12ac8b5f4c8faeb85ae2e911d",
                "3e49757ef78d7b9971c6f7fba1c8e51f4a307840fbbbf9ddfd2e717a59de3aa0",
                "6fdf035b8fa5058d9c9d0ddd6221aad463eb9b9437e30b833476720a7f2d7160",
                "83be0a9fdf0bf3c0501f63c0b3d0e9867fdb7e93ff4abdcd74288d21cd551fd0",
                "e3b0c44298fc1c149afbf4c8996fb92427ae41e4649b934ca495991b7852b855",
                "6818a0ccee3f7cf7565c4ee487f03719be4a8dc29d4ad51bba104c408bc89566",
                "e28b4814e7af67b59d8d3443157f87b3d17f805426456dacedcc0d24a0ca15ab"
            ],
            "type": "XHR",
            "firstPartyCookies": {},
            "firstPartyCookiesSent": {},
            "exampleSites": [
                "ceritabokepindonesia.com",
                "ceritabokepindonesia.net",
                "ceritabokepindonesia.org",
                "ceritakiss.com",
                "ceritasexindonesia.com",
                "ewe69.com",
                "istritetangga.com",
                "photomemek.com",
                "putri78.com",
                "www.artikelbokep.com",
                "www.photomemek.com",
                "www.putri77.com"
            ]
        },
        {
            "rule": "bebasads\\.com\\/ads\\/728crita\\.php",
            "cookies": 0,
            "fingerprinting": 0,
            "subdomains": [],
            "apis": {},
            "sites": 2,
            "prevalence": 0.0000136,
            "cnames": [],
            "responseHashes": [
                "24610633f6fe5369524f2ffaa0b89f138c9fbf1e0cfa001add332e590f654955"
            ],
            "type": "XHR",
            "firstPartyCookies": {},
            "firstPartyCookiesSent": {},
            "exampleSites": [
                "www.artikelbokep.com"
            ]
        }
    ],
    "categories": [],
    "performance": {},
    "cookies": 0,
    "topInitiators": [
        {
            "domain": "first party",
            "prevalence": 0.9787234042553191
        },
        {
            "domain": "ajax.googleapis.com",
            "prevalence": 0.02127659574468085
        }
    ],
    "types": {
        "XHR": 24
    },
    "nameservers": [
        "greg.ns.cloudflare.com",
        "tricia.ns.cloudflare.com"
    ]
}