{
    "domain": "bestcontentsite.top",
    "owner": {},
    "source": [
        "DuckDuckGo-US"
    ],
    "prevalence": 0.000327,
    "sites": 48,
    "subdomains": [
        "a",
        "b"
    ],
    "cnames": [],
    "fingerprinting": 0,
    "resources": [
        {
            "rule": "bestcontentsite\\.top\\/warp\\/4787103",
            "cookies": 0,
            "fingerprinting": 0,
            "subdomains": [
                "a"
            ],
            "apis": {},
            "sites": 2,
            "prevalence": 0.0000136,
            "cnames": [],
            "responseHashes": [
                "cfc43a25984119f478267add2f4ca92de44eeeaee5c64488704336efb0c3809c"
            ],
            "type": "Script",
            "firstPartyCookies": {},
            "firstPartyCookiesSent": {},
            "exampleSites": [
                "gay9.com",
                "www.nakedgaypics.com"
            ]
        },
        {
            "rule": "bestcontentsite\\.top\\/loader",
            "cookies": 0,
            "fingerprinting": 0,
            "subdomains": [
                "b"
            ],
            "apis": {},
            "sites": 40,
            "prevalence": 0.000273,
            "cnames": [],
            "responseHashes": [
                "bf38b20a6037f9d4758462937935fdde0df54025bbb407dc1baa4bf51b47da05",
                "01f7ba40cb1464c62b97c0260bdf7b1e412c54eb4814cfe82f127553272bea16",
                "41e369d59ccf79cf18d4481a65112035d8a4bd91a99d633bdc18ca26b11ceff7",
                "370c77d6b773db7c2e1f7c7c8cf5c79ed8e52364bd9f2ae399f346a043c0efa6",
                "7522d794e1bf2489b2822875c5f90d681b9c07c0aee9d3a6887eef8fdf76f269",
                "b06500eb03fcff9e390f1a627ffe704c6a266be232114b136d3b9201d1b820a6",
                "7f38edb7982f3d8a28cc80d9df73bdb4be30ec8d190f5ecfcdfaaab5816928dc",
                "796aab04982c9482fc2c5aaea128338254273e2b338ecb5e1e87c3becb460ce6",
                "b831bd8f641a3168f4bcb92cc62ae14aaed002c6b1344bfdb5e1fe4bb39cd7f2",
                "601a4e19ec8442737d25b308b0070cb8ba6e605b69ebce26a58933a31bf78df1",
                "312041e5454a2e6060957a90f5ffafabe419cc24b55d16954f84f233b45d439a",
                "d196669392f952a30b80239c26a08e2fbcfd40cdd72a496c8fe6ea8ff178ad08",
                "f1f34c2b0100c03d63e383fde7e69076d013c5fb8810f8921247d1ce2ba9d1f1",
                "d17e1ac6f5b37eaff11302a746e5b3366bc793382e70e629ad1f1c3ec346dd45",
                "8a93875356b481459df741b356eeba8f8b6d41b011b2d65ebc83a77b5c4244ce",
                "33bdffc084e67960f28cd8eafaca4df35c3db16594f79d3b1aa8124ed599e49b",
                "17b3bd7530aff74d1b34e27bd316d81b036438e4ebf155f8d951d3ab73ac07d2",
                "cf43d2a9b3c408c0b89bc6c3247b5fad1f1c6c4073eab40c0494494e4688062d",
                "3ffb00bbb40fb588cdbfdde1f573568a7fe2a68ac17b46b3d40f6f50d983f9b6",
                "e1523a2a54a8ccd60af624e40a137de14227e96fedda31115c22bb60eabf8938",
                "5516d1f2f3ba352f849879cd176b971a6056d0d6f81e57df8c5dc64cfdac6755",
                "58dec844575f0c7c438efdfc4dbf7b1a0fa2b0b0b7c00eee11fb58934a098622",
                "dfe705dd1e5eef311b70c87df260f75529336153b6cbf94235ffce367fb6771e",
                "0d9c6e77237b4f5f8c11919167218475fad0fb3c17626992d3b8b6878c9113dc",
                "60de566b1d826e7cab823ff7f76ab8f23654d3545d8f43dbf27a5e31fce3fba6",
                "4aa6223cda582ba82f05b3c4179cd24b2a27c4d4d8292d380c17058c05daa9fc",
                "7fc3f551a079a443b177306904f769a6471c9404fc55c470a4397ea4a43b499f",
                "cb37a6bb459d472a9916b59c4d11a73b576bb512c2255302003fb145d3d023d5",
                "7b7f066195277ad6dca8d24bcd70ebb150c38bee45467d0dd935c22374334b22",
                "716a17f495cf64ae83cd38b528a68ead609b581e7f8ac3140d089048785a69ae",
                "558e43a69d72ee538001bda349c667725b2a78507f86fbb27eb021b7623c2337",
                "3f6aebfd1e424af1d4398a7afb6497bceb5b764f72b2daa90b3c8a3cdcf68f9f",
                "258a7a77ffd35a4a0435bd7edb1483a010434868e8c1f97345fc60dc807b71c6",
                "e025ae1a12ff78a770e462bfc9f5367b55c7d8c5bc7a5b68ba73bacb818291d0",
                "6fb3189e3dcb0e8847bd4f29b120e763a29647e1be938cdb6c13dd2298e819ce",
                "24dbadab1cdd34786bd0096a8eafbd3af6a73b6e3c630319945f12b82a2f585f",
                "ff852e470fb0758b5149b0adcc13fd998cb88b9847e0929b5f8c0a31962c4e46",
                "5eae1f605593fcc42dd271cbf8a2332a19b7a36c541364268b0ff7d5d63358a4",
                "e0a59b03ccf688817d02039458e951a6b88d65e6429b1e102146c9515514b9ea"
            ],
            "type": "Document",
            "firstPartyCookies": {},
            "firstPartyCookiesSent": {},
            "exampleSites": [
                "maturepussy.pics",
                "zzztube.tv",
                "www.niceoldpussy.com",
                "www.shemaleporntube.tv",
                "www.hotnudespics.com",
                "sexymilfspics.com",
                "perfecttitspics.com",
                "xvideo.party",
                "www.grannypussy.pics",
                "www.blackshemalevideo.com",
                "perkyboobs.net",
                "www.ourladyboys.com",
                "gay9.com",
                "www.nakedblackpics.com",
                "www.shemaletube.tv",
                "www.xxxnxxx.world",
                "www.sexvideo.name",
                "youngpussy.pics",
                "youngtinypussy.com",
                "www.xxnxx.sex"
            ]
        },
        {
            "rule": "bestcontentsite\\.top\\/i",
            "cookies": 0,
            "fingerprinting": 0,
            "subdomains": [
                "b"
            ],
            "apis": {},
            "sites": 9,
            "prevalence": 0.0000613,
            "cnames": [],
            "responseHashes": [
                "e3b0c44298fc1c149afbf4c8996fb92427ae41e4649b934ca495991b7852b855"
            ],
            "type": "Image",
            "firstPartyCookies": {},
            "firstPartyCookiesSent": {},
            "exampleSites": [
                "gay9.com",
                "www.gayporn.fm",
                "www.gaypornarchive.com",
                "www.gayporno.fm",
                "www.gold-gay.com",
                "www.nakedgaypics.com",
                "www.veryladyboy.com",
                "www.xxxnxxx.world",
                "zzztube.tv"
            ]
        },
        {
            "rule": "bestcontentsite\\.top\\/warp\\/6192",
            "cookies": 0,
            "fingerprinting": 0,
            "subdomains": [
                "a"
            ],
            "apis": {},
            "sites": 14,
            "prevalence": 0.0000954,
            "cnames": [],
            "responseHashes": [
                "b347cc6aa5657aa45a53770769d5278130bbd303df39531f1d7fb44718d7ef32"
            ],
            "type": "Script",
            "firstPartyCookies": {},
            "firstPartyCookiesSent": {},
            "exampleSites": [
                "maturepussy.pics",
                "nicetitties.net",
                "perfecttitspics.com",
                "perkyboobs.net",
                "sexymilfspics.com",
                "www.candymilfs.com",
                "www.grannypussy.pics",
                "www.hotnudespics.com",
                "www.milfspics.com",
                "www.nakedblackpics.com",
                "www.niceoldpussy.com",
                "www.perfecttitspics.com",
                "youngpussy.pics",
                "youngtinypussy.com"
            ]
        },
        {
            "rule": "bestcontentsite\\.top\\/r",
            "cookies": 0,
            "fingerprinting": 0,
            "subdomains": [
                "b"
            ],
            "apis": {},
            "sites": 33,
            "prevalence": 0.000225,
            "cnames": [],
            "responseHashes": [
                "e3b0c44298fc1c149afbf4c8996fb92427ae41e4649b934ca495991b7852b855"
            ],
            "type": "Image",
            "firstPartyCookies": {},