{
    "domain": "bestcontentcost.top",
    "owner": {},
    "source": [
        "DuckDuckGo-US"
    ],
    "prevalence": 0.00032,
    "sites": 47,
    "subdomains": [
        "a",
        "b",
        "cdn3"
    ],
    "cnames": [],
    "fingerprinting": 0,
    "resources": [
        {
            "rule": "bestcontentcost\\.top\\/loader",
            "cookies": 0,
            "fingerprinting": 0,
            "subdomains": [
                "a",
                "b"
            ],
            "apis": {},
            "sites": 36,
            "prevalence": 0.000245,
            "cnames": [],
            "responseHashes": [
                "529352a66b40120e5377f84753f90efc6b76074d00ae98ba49ce58f1f60bb1a2",
                "38c6f7f9d06094b5988610a90da72e98c74eb4e114fc2486d6ea03a5f2417772",
                "d2effa5e0322e1800237540500c175efe274e50ffa7b231abb68900da4dfb5e2",
                "4a2fa6f7969d33fbc71b05963924e21a4943e226f13e0274afe4881890b23709",
                "6864dfe331e7529359674c384e7f6b0dbc27c36292618d793ae9338d6834404a",
                "d76aeb95303677e7633f59fd36f02e6cccecc8056a6370986c582a0cbddc929f",
                "4ef69328cbd9cba725b1165b5c4164c8effcf871cdb2978b9e01d0ce6445580b",
                "06f85514433359a205459946cb7ef9b6229eb68e40cb8c08528aa09c459a3000",
                "0872f4fd00a0d413875231fa99bee30889957e5f4ea934a929b9efba32803918",
                "87c93caa354d5c0fea325c520d0b99ded86e8317cfe0c4fd2f1a0783b5e1bb62",
                "dc50a1eb7efbf1e4965cffad46d53d7b8d8e6bd0bee601b4c83c2b0bf835b8b6",
                "00200a8b24974b27d037980e879b211168654c1ca18e3f06d85861b0ebde54eb",
                "f15e963f0d215d44a4a444acf0143ed1248f5000f32cab94c45cc0187ddf86c6",
                "d0e29a1fe94df4f07a0da5e316632644d062ba21f3214769b9b817f4a41809a6",
                "6d9a781c77241f237034a5db2e5c1f47c829d34259ebbf67b58c20e747a05412",
                "2db5f71ce58f9a9743bc2d6f47d9ade5918a4ed7f0ce774c35dd1c1f7ee13417",
                "c8fa8848da30b2b3df4eadda1d6e68f39bb7fa4d9e5edf87cd37e4d9e4c2c3ce",
                "be7d20e453869ed5ed40bb9f5dd315852a5a1529b1a1676ad2a67f44ce6d4b9f",
                "c7cd243f5cf33ceab41ae8efb67c05fcade61c75281f7366509ab045fc4dd759",
                "3f008b0856ff9c7dc031a43dafe8d2c55f08fdfdc8164b2cf7f681d719385ade",
                "f0524971f3b07ddfcf92ea245e0dcc21c555081fa6c1a1084e2d58648156e3ec",
                "b5d3c6e6b34a55fd60148b05e1ca2049ffd9ae2681cc4babe2ebd29f9a47c3d1",
                "08c65237c2c619c117dd0fad240b9c236686250084bfd332981a68b136c244e6",
                "82071321c5b23bbbc6bb995599aab4b061e1f6a910d82ffdac4c190ac43d7cb5",
                "2de0181decca33aa4b4c882c0d049ecf82b202a425b1adc530805e5ebeffd27d",
                "41d65a56c7efba559211e459bd807d8383a6bea3148ea3d1ffbedacb03f8ee56",
                "33cb8d89c8a47486698f4438e85e57f5e26d5f627f3e9d663b212fa2251aac9a",
                "a3636bf56964dca92e6492f68120569290ab3b0b5b1a05262c5f77a2db8764b5",
                "4a7683e2f43d291fef5930ce0fb78ab26f79f962822790f957c399fe5e04e4c2",
                "dfd9de59507938b99826c2af76b8e14b4b4afef1e3e4f23e5dfdfceeb6052fd4",
                "1d3c9bcd9bd34d44d25c7ebab4c9238476cfe97c44b68fff915aad097f1bec97",
                "fa5692130bbccb0351c6d9ec579a0bccaebbee06390f8e6001705fe25d9b4222",
                "188acc9d01abf6acc0fc3bb9ce58f1c6288b3adced37927ecf00f93305f44d33",
                "8e7290b4bd7dee226dec4ae5f0d9c9f0f9e62fe2bda281fdf1b21037197bc72c",
                "0cf52788005d0d717ff86a536abcba70e2f7efe223f7c09d88292abaaca71e2b"
            ],
            "type": "Document",
            "firstPartyCookies": {},
            "firstPartyCookiesSent": {},
            "exampleSites": [
                "www.verygayboys.com",
                "www.gaymenring.com",
                "www.xgaytube.tv",
                "www.onlydudes.tv",
                "sexygirlspics.com",
                "allcumshotpics.com",
                "www.gayfuckporn.com",
                "www.meatyhunks.com",
                "www.gayporno.tv",
                "hotmilfpics.com",
                "www.goldgay.tv",
                "viewgals.com",
                "www.gayporn.fm",
                "hairytouch.com",
                "bbwpictures.com",
                "www.onlygaymen.com",
                "www.gold-gay.com",
                "www.gayporno.fm",
                "www.machotube.tv",
                "www.go-gaytube.com"
            ]
        },
        {
            "rule": "bestcontentcost\\.top\\/r",
            "cookies": 0,
            "fingerprinting": 0,
            "subdomains": [
                "b"
            ],
            "apis": {},
            "sites": 25,
            "prevalence": 0.00017,
            "cnames": [],
            "responseHashes": [
                "e3b0c44298fc1c149afbf4c8996fb92427ae41e4649b934ca495991b7852b855"
            ],
            "type": "Image",
            "firstPartyCookies": {},
            "firstPartyCookiesSent": {},
            "exampleSites": [
                "www.goldgay.tv",
                "www.gayporno.tv",
                "www.gaymaletube.name",
                "www.gayporno.fm",
                "www.meatyhunks.com",
                "www.machotube.tv",
                "www.gold-gay.com",
                "allcumshotpics.com",
                "analpics.com",
                "coedpictures.com",
                "alloldpics.com",
                "shavedpics.com",
                "www.gaymenring.com",
                "hairytouch.com",
                "www.go-gaytube.com",
                "www.onlydudes.tv",
                "www.good-gay.tv",
                "bbwpictures.com",
                "www.kingtwinks.com",
                "www.gaymentubexxx.com"
            ]
        },
        {
            "rule": "bestcontentcost\\.top\\/i",
            "cookies": 0,
            "fingerprinting": 0,
            "subdomains": [
                "b"
            ],
            "apis": {},
            "sites": 17,
            "prevalence": 0.000116,
            "cnames": [],
            "responseHashes": [
                "e3b0c44298fc1c149afbf4c8996fb92427ae41e4649b934ca495991b7852b855"
            ],
            "type": "Image",
            "firstPartyCookies": {},
            "firstPartyCookiesSent": {},
            "exampleSites": [
                "chubbygirlpics.com",
                "coedpictures.com",
                "hotmilfpics.com",
                "idealmilf.com",
                "sexygirlspics.com",
                "viewgals.com",
                "www.boy18tube.com",
                "www.boymoviedome.com",
                "www.brutalgays.net",
                "www.gayfuckporn.com",
                "www.gayporn.fm",
                "www.gaypornarchive.com",
                "www.gold-gay.com",
                "www.kingtwinks.com",
                "www.machotube.tv",
                "www.meatyhunks.com",
                "www.xgaytube.tv"
            ]
        },
        {
            "rule": "bestcontentcost\\.top\\/1c\\/fb\\/271112\\/00005327675\\.png",
            "cookies": 0,
            "fingerprinting": 0,
            "subdomains": [
                "cdn3"
            ],
            "apis": {},
            "sites": 2,
            "prevalence": 0.0000136,
            "cnames": [],
            "responseHashes": [
                "02db9e1f17eeb7c4315ade15ed9bb1ddc7784d0d03fc9e934c017bc9a6595b0b"
            ],
            "type": "Image",
            "firstPartyCookies": {},
            "firstPartyCookiesSent": {},
            "exampleSites": [
                "chubbygirlpics.com",
                "idealmilf.com"
            ]
        },
        {
            "rule": "bestcontentcost\\.top\\/1c\\/fb\\/271112\\/00005327676\\.png",
            "cookies": 0,
            "fingerprinting": 0,
            "subdomains": [
                "cdn3"
            ],
            "apis": {},
            "sites": 2,
            "prevalence": 0.0000136,
            "cnames": [],