{
    "domain": "bidgear.com",
    "owner": {},
    "source": [
        "DuckDuckGo-US"
    ],
    "prevalence": 0.000286,
    "sites": 42,
    "subdomains": [
        "platform",
        "imp9",
        "demand",
        "imp-dsp"
    ],
    "cnames": [],
    "fingerprinting": 1,
    "resources": [
        {
            "rule": "bidgear\\.com\\/ads\\.php",
            "cookies": 0,
            "fingerprinting": 1,
            "subdomains": [
                "platform"
            ],
            "apis": {
                "window.innerWidth": 1
            },
            "sites": 31,
            "prevalence": 0.000211,
            "cnames": [],
            "responseHashes": [
                "b4611a78ce8d1498d63b9899678aa81641ec815edb380535189f378d45fcfc92",
                "3484c6262ed7a45bfe84d7088d40efc3d49c2da711135f33b25792cfa9774625",
                "302dae9ebdf997be66e2ab5814c42543798d15b843bc13c3e630bc54832f918b",
                "4b853a4fdcd49c022a7211eb102bd6eab22a038176a566944e89a297103bf058",
                "a21d25e3f4edafff1d7704a2cbe5e49c337a2070941e4739e28adeaefa01309b",
                "39b58b5a3e2cce2142d52520c38330732485d54dd57b40f6581aae94091a6c2c",
                "7d623ff8c8a6877474d571fce4e5c59b1e494aa85aae674d2d4ecd141e026d0b",
                "2f133df3d151ec3f04912212315b061b63db2214bbe966323ce1a3bbf40febd3",
                "fe441933d5c642ad4b116370b8500f687824b3a0d14b3070bdc33b968067f83e",
                "824306ed515e7a7963010159346636aa2ff42180839d10aa39cd8f4188ca902d",
                "552d095978aa66500b5dd6e4fd3dada467f1348e67c690423d879e58a80d3405",
                "07f4838a3f9c21d6aeb1f12f905093707b043bd9df43a382949a01658ecd905b",
                "902e1a97f57e3e3a4cd9bd61c6ca2ddb697b32c26fce2d950a6a962c1d25ad11",
                "2a66ab61780df199288ea53a18c1db27d7df23a7903a2f1e18bfb2ef51ee1108",
                "c46a9bb035dad71ddebeb71b2e2626ecd61a2a88a6d9c9ec5e16ca46d61d0164",
                "14bfd58524009276a2d78adc997fc2dbe1d7555a1e7b6522e5d4715af842153b",
                "18ecad227488044eb41e7aa2e89f7818a1b304c83c0663a50b9ec64cb163c16f",
                "d7844f90dbf4e26f0b377d2ed07d9fc9589bddb9ea1d23fa9659a7fd688c7f9d",
                "3bb76239e0c1e5dfa36f2a1e376934165645cf655a80570af7b53e33ab577b47",
                "9d1f6ea2be6c0f81ab3b06472ea4d9a2efa9ce9e1debdbe0d5c801d3d68fba10",
                "33883c55891b362ccc5284a6481f1abfdd9d9203442c773a055e01c1a215e433",
                "4a2c9fb08ef30115d066cb86905cb60b2fbeb3eaef11d9bb5475dad8882deaa2",
                "dfe66da3ede5ad60bc7bc68d7a65bd30d00493631d8bb7c72c370146c73571c5",
                "f3e050d60a6ed10a5c91f63c6f0994624b1fe9a24af107dd73bbd4ad1afb6e18",
                "e0a58e97458da52dd7393bbce5a8f0cf1f6cbaf3c172dcb636a16e7c32ca93dc",
                "7ede81fbc977f1cdd0e6428dff10c6c1db80e6532c725abd8c340a558affdeb1",
                "ee68a15266d579f51b3cb51325843452f1411e3d0c859cf50884f6f6bd517823",
                "5b03857d0894fac453f705f3a1a001303165fea49e4a7a32314d6b3e3fad629d"
            ],
            "type": "Script",
            "firstPartyCookies": {},
            "firstPartyCookiesSent": {},
            "exampleSites": [
                "animesuge.to",
                "mangabtt.com",
                "www12.cuevana3.ch",
                "whatreallyhappened.com",
                "www.angelfire.com",
                "ww9.readonepiece.com",
                "realmscans.xyz",
                "androidadult.com",
                "mangakatana.com",
                "kissasian.pe",
                "myasiantv.cx",
                "mangaclash.com",
                "mangapuma.com",
                "readcomiconline.li",
                "www.mangapill.com",
                "www.wcostream.org",
                "comiconlinefree.net",
                "flamescans.org",
                "fr-scan.cc",
                "ww2.readjujutsukaisen.com"
            ]
        },
        {
            "rule": "bidgear\\.com\\/rec",
            "cookies": 0,
            "fingerprinting": 0,
            "subdomains": [
                "imp9"
            ],
            "apis": {},
            "sites": 33,
            "prevalence": 0.000225,
            "cnames": [],
            "responseHashes": [
                "cbd4fc27d8d80c381d827912340b6d7b2337adbf4c9b2ff5300a09707a2c1c6e"
            ],
            "type": "Image",
            "firstPartyCookies": {},
            "firstPartyCookiesSent": {},
            "exampleSites": [
                "readberserk.com",
                "ww3.readkingdom.com",
                "kissasian.mx",
                "tcbscans.com",
                "whatreallyhappened.com",
                "www7.gogoanime.me",
                "mangaclash.com",
                "comiconlinefree.net",
                "flamescans.org",
                "readcomiconline.li",
                "animesuge.to",
                "www12.cuevana3.ch",
                "kissasian.pe",
                "www.primewire.tf",
                "realmscans.xyz",
                "www.mangapill.com",
                "manhuascan.com",
                "mangabtt.com",
                "manhuaplus.com",
                "v5.voiranime.com"
            ]
        },
        {
            "rule": "bidgear\\.com\\/async\\.php",
            "cookies": 0,
            "fingerprinting": 0,
            "subdomains": [
                "platform"
            ],
            "apis": {},
            "sites": 8,
            "prevalence": 0.0000545,
            "cnames": [],
            "responseHashes": [
                "9f701bc2020a4dbd50cf370cd7ece276dd5de3d089181ed0474a6c7733dc5125",
                "aebf59ca1903c96f986a3181cf9757cdf379edcc4c661505a5775212bff3df93",
                "e25946779c5acba2948fc9dd27f0b7c6e576d8fbcc8c36a3d60ca82aca48fd42",
                "a2c24c65ccb9d95fd1272581ad956fdafcf9b508dcba3300392e5317519e6db4",
                "8084099e2d4724c4282cc9e323cf05b54c35835b862c28eaf38209dbf676fe34",
                "4da5c42beaa098c3ecafe71f645de02a2458b9367b8ddd6d1cfd702443314390"
            ],
            "type": "Script",
            "firstPartyCookies": {},
            "firstPartyCookiesSent": {},
            "exampleSites": [
                "animesuge.to",
                "mangapuma.com",
                "readberserk.com",
                "v5.voiranime.com",
                "www.hentaisaturn.tv",
                "www.primewire.tf",
                "www12.cuevana3.ch",
                "yoturkish.app"
            ]
        },
        {
            "rule": "bidgear\\.com\\/tag",
            "cookies": 0.0000204,
            "fingerprinting": 0,
            "subdomains": [
                "demand"
            ],
            "apis": {},
            "sites": 3,
            "prevalence": 0.0000204,
            "cnames": [],
            "responseHashes": [
                "afa63b8c68b958da01ba9b145781101c6cf68e20dd12edc84e3412519935b2a5",
                "e47616e3a5a2f0f3df2e043624ebb09b0a3831ce2b1c30fcae06c4c1342eb417"
            ],
            "type": "Script",
            "firstPartyCookies": {},
            "firstPartyCookiesSent": {},
            "exampleSites": [
                "animesuge.to",
                "mangapuma.com",
                "www.mangapill.com"
            ]
        },
        {
            "rule": "bidgear\\.com\\/css\\/ad\\/ad\\.20190411\\.2\\.css",
            "cookies": 0,
            "fingerprinting": 0,
            "subdomains": [
                "demand"
            ],
            "apis": {},
            "sites": 3,
            "prevalence": 0.0000204,
            "cnames": [],
            "responseHashes": [
                "6313344c507f0378d28522c77ebe113e4307c3d454ece7d0a71c4eb3f5faa930"
            ],
            "type": "Stylesheet",
            "firstPartyCookies": {},
            "firstPartyCookiesSent": {},