{
    "domain": "bloomerang.co",
    "owner": {},
    "source": [
        "DuckDuckGo-US"
    ],
    "prevalence": 0.000116,
    "sites": 17,
    "subdomains": [
        "api",
        "crm"
    ],
    "cnames": [],
    "fingerprinting": 1,
    "resources": [
        {
            "rule": "bloomerang\\.co\\/v1\\/WebsiteVisit",
            "cookies": 0.0000613,
            "fingerprinting": 1,
            "subdomains": [
                "api"
            ],
            "apis": {
                "Document.cookie setter": 9
            },
            "sites": 9,
            "prevalence": 0.0000613,
            "cnames": [],
            "responseHashes": [
                "771cf41c4115f476ba597ab327f26143569fc7ef43fe762db6da3a31b6cc167b",
                "686ee74375c62ce7f50e41b89e668137264454ca9e0f761b7e10b106c83845aa",
                "194af5c52b75c7fcd0fa5873d59414d8cc2a538c5621a29200b2e45ebff6d720",
                "9c9d9455d41a8cf9ed693699270bc9b3b625752f10ce466568fb7256f9195dbb",
                "2a1a2a2da044b69f9fb4fe670165516eac5c559e48181a8fe029186e7b29eb1b",
                "c25dd53c6694a83d69c8ede88ffd8ff417f7122550963e01aed7b8a7eb877ba1",
                "ebd5e3f585aeb25b4c68b382f4f02430dc967f47475cf4cf5650ceb985f9c265",
                "d1be73cd8611e251fb298f12f25e42047d63e61fcccbc51b2249db7d0d5fd418"
            ],
            "type": "Script",
            "firstPartyCookies": {
                "bloomerangConstituent": {
                    "ttl": 452020724,
                    "length": 36,
                    "prevalence": 0.00006134718416424686,
                    "uniqueness": 1
                }
            },
            "firstPartyCookiesSent": {},
            "exampleSites": [
                "aflegal.org",
                "buckslib.org",
                "capitalresearch.org",
                "discovergoodwill.org",
                "torah.org",
                "www.foundationforpn.org",
                "www.longspark.org",
                "www.monroeinstitute.org",
                "www.strongtowns.org"
            ]
        },
        {
            "rule": "bloomerang\\.co\\/Content\\/Scripts\\/Api\\/Bloomerang-v2\\.js",
            "cookies": 0,
            "fingerprinting": 1,
            "subdomains": [
                "crm"
            ],
            "apis": {
                "Document.cookie getter": 9,
                "Navigator.prototype.userAgent": 10
            },
            "sites": 11,
            "prevalence": 0.000075,
            "cnames": [],
            "responseHashes": [
                "f6c28edbbaa2efb41f1d68be999005cb2fbfb9ae86efc71ad14fd41b3d58c2f9"
            ],
            "type": "Script",
            "firstPartyCookies": {},
            "firstPartyCookiesSent": {},
            "exampleSites": [
                "aflegal.org",
                "buckslib.org",
                "capitalresearch.org",
                "discovergoodwill.org",
                "llli.org",
                "maritime.org",
                "torah.org",
                "www.foundationforpn.org",
                "www.longspark.org",
                "www.monroeinstitute.org",
                "www.strongtowns.org"
            ]
        },
        {
            "rule": "bloomerang\\.co\\/Content\\/Scripts\\/Lib\\/accounting\\.min\\.js",
            "cookies": 0,
            "fingerprinting": 0,
            "subdomains": [
                "crm"
            ],
            "apis": {},
            "sites": 11,
            "prevalence": 0.000075,
            "cnames": [],
            "responseHashes": [
                "ec8e2929277658d918b53d1d03853d33efa78dbd89f3e4f2e08d7dfe0d330555"
            ],
            "type": "Script",
            "firstPartyCookies": {},
            "firstPartyCookiesSent": {},
            "exampleSites": [
                "aflegal.org",
                "buckslib.org",
                "capitalresearch.org",
                "discovergoodwill.org",
                "llli.org",
                "maritime.org",
                "torah.org",
                "www.foundationforpn.org",
                "www.longspark.org",
                "www.monroeinstitute.org",
                "www.strongtowns.org"
            ]
        },
        {
            "rule": "bloomerang\\.co\\/v1\\/WebsiteVisit\\/",
            "cookies": 0,
            "fingerprinting": 0,
            "subdomains": [
                "api"
            ],
            "apis": {},
            "sites": 9,
            "prevalence": 0.0000613,
            "cnames": [],
            "responseHashes": [
                "a62043591a66e6df3266eb5c1bf1d51d834c5cc5432f62b682dbc4611e1fe670",
                "66ae114b74cc7ff3b02fa90542ec9b8869be18920cb7af1116c3c78197168409",
                "981b8b903e1a50ca7abb795dafa6601f31a11f1a8570dd25b3da7aac4143e1a0",
                "ca567efb96ca8d01f97e7bf16ac5168438c99e062746fbd1ac8fe24644722a9f",
                "58ba373adf9893a53f960595d24cd50f94909c8437221ba82f73f569cb22f7b8",
                "a989a106d0d1467c8a8bb66f255f465bab37fd5c6340eea7cd3c1c02d6758620",
                "0f1b3d8b5b1f629dae949cf36859e2dfe77c428e03ccf886db95dac587ac560d",
                "39c1de48303da00683b72035928ab07fd61b6edf938d8b31485ac7d89e40096b"
            ],
            "type": "XHR",
            "firstPartyCookies": {},
            "firstPartyCookiesSent": {},
            "exampleSites": [
                "aflegal.org",
                "buckslib.org",
                "capitalresearch.org",
                "discovergoodwill.org",
                "torah.org",
                "www.foundationforpn.org",
                "www.longspark.org",
                "www.monroeinstitute.org",
                "www.strongtowns.org"
            ]
        },
        {
            "rule": "bloomerang\\.co\\/v1\\/WebsiteVisit\\/",
            "cookies": 0,
            "fingerprinting": 0,
            "subdomains": [
                "api"
            ],
            "apis": {},
            "sites": 9,
            "prevalence": 0.0000613,
            "cnames": [],
            "responseHashes": [],
            "type": "Preflight",
            "firstPartyCookies": {},
            "firstPartyCookiesSent": {},
            "exampleSites": [
                "aflegal.org",
                "buckslib.org",
                "capitalresearch.org",
                "discovergoodwill.org",
                "torah.org",
                "www.foundationforpn.org",
                "www.longspark.org",
                "www.monroeinstitute.org",
                "www.strongtowns.org"
            ]
        }
    ],
    "categories": [],
    "performance": {},
    "cookies": 0.000102,
    "topInitiators": [
        {
            "domain": "first party",
            "prevalence": 0.7878787878787878
        },
        {
            "domain": "bloomerang.co",
            "prevalence": 0.06060606060606061
        },
        {
            "domain": "googletagmanager.com",
            "prevalence": 0.06060606060606061
        },
        {
            "domain": "ajax.googleapis.com",
            "prevalence": 0.06060606060606061
        },
        {
            "domain": "aspnetcdn.com",
            "prevalence": 0.030303030303030304
        }
    ],
    "types": {
        "Script": 31,
        "XHR": 9,
        "Preflight": 9
    },
    "nameservers": [
        "ns12.domaincontrol.com",
        "ns11.domaincontrol.com"
    ]
}