{
    "domain": "bngdyn.com",
    "owner": {},
    "source": [
        "DuckDuckGo-US"
    ],
    "prevalence": 0.000143,
    "sites": 21,
    "subdomains": [],
    "cnames": [],
    "fingerprinting": 1,
    "resources": [
        {
            "rule": "bngdyn\\.com\\/promo\\.php",
            "cookies": 0,
            "fingerprinting": 1,
            "subdomains": [],
            "apis": {
                "Navigator.prototype.userAgent": 12
            },
            "sites": 19,
            "prevalence": 0.000129,
            "cnames": [],
            "responseHashes": [
                "a380e34fac1fedad8fbae1c5f1c52e98860b145c6d96c4b36ab44b55845b4da7",
                "58ac0cce34ec12adeeb1092b61d712e842b127bb8aefd6573592cec3171c93b5",
                "db253d71c75ebc886b3f7ef8f42bf9e3d24185346e3e70972405de7ee68486fc",
                "ca73eb5540330c5543543dd5f3685ed3eb59b7516493a8d1d130a1d017ec41f5",
                "90866256801d22b3b0b386996dc35e0ac62949713685824850e7c03ea557fdbc",
                "fc752502785ffde5e7589b0ac215f8a661f209ad692f776ad2d9ad5069fcb36b",
                "737264ee8fb69d6c97da84e1ef7e92eb5cd65477589f9bed2b28a76bf1357e16",
                "f80043c78a81cd30708082491d7b3b348db41672a08899601b073d875eee7eca",
                "33ac24f8adc32c214ba95af93fb98ffd9419e3b699ecf99c1cefc994fac39747",
                "a33ce360fbfd8325c14f00fc87c25d50f7d8c7b0558dfe9c779992947cffbc85",
                "3de6ae08748e6b71a65437bf4d06580c4e6946265f686351fba24d9e009d6deb",
                "1d6f63b5d3cf1164bea234219403886ae0eb2eec57f30edc32ef0a1efe0f47c0",
                "e88e22dcdc86e5589902a3ef17188172c040d2600e0c6a4452ea7534deefdb46",
                "709074314f94d7c49695c2e810a098d5841e1f2090429cb90fee3a1aac8c6c05",
                "d0e21c6753f006f42eb8d1da8d0e5a8854427f1bc1759775635f33ba310a354e",
                "08992ed147e4f957de2676f1b3fe1a211eb774c34100f8528468240eb11b586b",
                "5b5cf217f785483e046114e899b852dbe11efbbb6f443a371b350eb30fac972c",
                "91717080f96dd90a80865c478bd16c2595e16b26bf8635c161cfee46f930116b"
            ],
            "type": "Document",
            "firstPartyCookies": {},
            "firstPartyCookiesSent": {},
            "exampleSites": [
                "adultcomix.club",
                "cuntlick.net",
                "desi-sex-video.com",
                "fap-nation.com",
                "hd.xtapes.to",
                "it.thisvid.com",
                "kittyporntube.com",
                "megavirt.com",
                "pizdoliz.net",
                "pornomamki.ru",
                "sexteller.com",
                "urlgalleries.net",
                "v.xtapes.to",
                "www.erotischegeschichten.net",
                "www.thisvid.com",
                "www.titti.co.il",
                "xstory.top",
                "xtapes.to",
                "young-kitty.com"
            ]
        }
    ],
    "categories": [],
    "performance": {},
    "cookies": 0,
    "topInitiators": [
        {
            "domain": "first party",
            "prevalence": 0.5483870967741935
        },
        {
            "domain": "juicyads.com",
            "prevalence": 0.3225806451612903
        },
        {
            "domain": "extanalytics.com",
            "prevalence": 0.06451612903225806
        },
        {
            "domain": "jads.co",
            "prevalence": 0.03225806451612903
        },
        {
            "domain": "bngprm.com",
            "prevalence": 0.03225806451612903
        }
    ],
    "types": {
        "Document": 19
    },
    "nameservers": [
        "ns1.bng-ns.com",
        "ns4.bng-ns.com",
        "ns2.bng-ns.com",
        "ns3.bng-ns.com"
    ]
}