{
    "domain": "bngdyn.com",
    "owner": {},
    "source": [
        "DuckDuckGo-US"
    ],
    "prevalence": 0.000136,
    "sites": 20,
    "subdomains": [],
    "cnames": [],
    "fingerprinting": 1,
    "resources": [
        {
            "rule": "bngdyn\\.com\\/promo\\.php",
            "cookies": 0,
            "fingerprinting": 1,
            "subdomains": [],
            "apis": {
                "Navigator.prototype.userAgent": 14
            },
            "sites": 19,
            "prevalence": 0.00013,
            "cnames": [],
            "responseHashes": [
                "4e5bece309f765d3003625fe113064049bb3684ee52b11aac1dd5ca7afd52445",
                "536abd3cadfacbec6780dc718f2952ad23ffa2fbd7630ccf74c9ab03fc0487fd",
                "cea357ecd2f99f1d14a333f1b59577db49d46abb1bab2705fde83df76b1cb1f5",
                "25de403091cfaec8994c44fe6c3ed03f502919b0ed07bf9dbffda14ff14fb088",
                "1925eb7c29d4dd7abaafe566f5e92c2590f3fdeb168980f501457fde8b11c9aa",
                "19c7d3262ec4507ff0a59f6733179e46ee74b8c2e9b86ab9be8f50e6a164b2ba",
                "01772dfd7b468c2c3cc3287aff567b82e60bf31c8c6eb9acbde9773eef7afcdc",
                "7416c3e2b2f24673ea41bdd71c14aae193cd1338e18533ba097b39f373a1b893",
                "38def7e0b45091bc5da0bf67180aa1b91a673437cb7014e8df975bd0bb26df8b",
                "16cd475e9d1f82acaa7eaf030823b67f2fb149de22d2cbac18ec4825aa2816ab",
                "6684e4ba6aa9f38749966ad85aac5d01e9289c6703c64794c1db73a7165e2e62",
                "98f0d90ed7b9448d984a6534c496619458ce89881a22246ec56bf6f59c51464a",
                "b7d7951d5b49938aaffc6ba1c538115dac4ff02494a56408cbdeb239174d97e1",
                "daf6c1365b006cdc731f3c4135e0e781ee8617c2f3e1500a416f27e888512d07",
                "ebf0470bcbe6f950ea4d6eb4c43315c7019845edafbe2f1eeac1964244b47fec",
                "10469ddc55d175f73f1dbb743520b4f3603955575a0803e74db477fd89c00198",
                "a02b603751987c33c7ec0067e9ca1bc138e88d464a7079f97ae577e3d579c47c",
                "b975d09fca2090a9fc4856c1b36714a2e2ae21e0a570cf11cf4488c2d1b4fa3e"
            ],
            "type": "Document",
            "firstPartyCookies": {},
            "firstPartyCookiesSent": {},
            "exampleSites": [
                "adultcomix.club",
                "celebxxx.top",
                "desi-sex-video.com",
                "g.xtapes.to",
                "gap3xy.com",
                "hd.xtapes.to",
                "hypnotube.com",
                "kittyporntube.com",
                "megavirt.com",
                "pornomamki.ru",
                "ru.thisvid.com",
                "sexteller.com",
                "v.xtapes.to",
                "www.erotischegeschichten.net",
                "www.hotzxgirl.com",
                "www.influencersgonewild.tube",
                "www.titti.co.il",
                "xlib.info",
                "xtapes.to"
            ]
        }
    ],
    "categories": [],
    "performance": {},
    "cookies": 0,
    "topInitiators": [
        {
            "domain": "juicyads.com",
            "prevalence": 0.5957446808510638
        },
        {
            "domain": "first party",
            "prevalence": 0.3191489361702128
        },
        {
            "domain": "jads.co",
            "prevalence": 0.0425531914893617
        },
        {
            "domain": "extanalytics.com",
            "prevalence": 0.02127659574468085
        },
        {
            "domain": "bngprm.com",
            "prevalence": 0.02127659574468085
        }
    ],
    "types": {
        "Document": 19
    },
    "nameservers": [
        "ns3.bng-ns.com",
        "ns4.bng-ns.com",
        "ns1.bng-ns.com",
        "ns2.bng-ns.com"
    ]
}