{
    "domain": "boabijihum.com",
    "owner": {},
    "source": [
        "DuckDuckGo-US"
    ],
    "prevalence": 0.000163,
    "sites": 24,
    "subdomains": [],
    "cnames": [],
    "fingerprinting": 0,
    "resources": [
        {
            "rule": "boabijihum\\.com\\/",
            "cookies": 0.000143,
            "fingerprinting": 0,
            "subdomains": [],
            "apis": {},
            "sites": 21,
            "prevalence": 0.000143,
            "cnames": [],
            "responseHashes": [
                "cdb06fe910b8dfcba2d958238fdda935af6fccba06ce9bb00a21ba018ff10311",
                "25a4828e52609a14aad20b260bfbe37e43098610afed23d13b9e07160f46bd79",
                "82d557d259fd358260e3d536d31f630a0abf3a0a545c737fc3fab424c9ae214e",
                "07423fcdf0e212f43c1a8bbee326d6b920840db6375ffc70022db2761e1c2c13",
                "21d593b3d786b3e43703ecbd898766211b245afda598827d9441c50411311518",
                "18973ab710be718982a129df3258b5e22395c28e76caa48f997181ee99c64d9f",
                "3154b4446514dde8d73d3600577df9c8996a2b82a6d431a69b98c45b06cfe07e",
                "af96d9781bfa056908b684e47af7fdf31d38236c5644a36e9b4fb1d92c962d68",
                "ca9769183de24288ee1a54258bc0d266db42693cbf5b7ed4afcd5052061cb682",
                "68a87be9050104b0ab545977f411a5c5da7c28d52745cc771eb211a87b274056",
                "a7423bda307d66deca069d3ccebc5390a54fa7abeaec740fae2f6dd928e069ca",
                "564f6a7c0b5292dd3585b9a8c9408390521f0fe0fe0febf962db2ad55d80d33b",
                "ba5c2cc7cfb7bb023427f6a077cb6ab41ef1661bcbd89529abe1ca97f6c5e3c2",
                "540e2acf4ca7640de3e4364099a07a7c519041c05443db047593bcc302da6616",
                "8662856b1f3829e9d52646614e542517a90c6e122fd095d2be6163b263debd4b",
                "a88685798612596e6cc1111430c5e37da8b80aa2e61fae1271d57b1def95c82f",
                "576c4b25bbbf4dcb49f644f3258b466e9bb484756695194840cfbb60eee2a5e5",
                "316cfb912b411a5574bb146499c716f3b6769a0cfad0885a466486f0ceb97979",
                "1e67ac66c0b81d8244176fc72c7077241e39bcfb03cdf6da8ac0ed14230972b3",
                "c3914377252c8ae60dc82a3e422957a1ef16b244ce0518e4d5ca5b2abf84ac6d"
            ],
            "type": "Fetch",
            "firstPartyCookies": {},
            "firstPartyCookiesSent": {
                "c_ref_4749365": 0.000006807583648184077,
                "__PPU___PPU_SESSION_URL": 0.000006807583648184077
            },
            "exampleSites": [
                "www.readermaster.com",
                "ww2.putlocker-to.com",
                "5movies.bid",
                "vipbox.to",
                "wikibioinsider.com",
                "simontok-bocil.blogspot.com",
                "akw.to",
                "www.vfscan.com",
                "tennistream.com",
                "online-photo-converter.com",
                "www.my-egybest.space",
                "simontok-video.blogspot.com",
                "www.group-telegram.com",
                "mp3-skulls.com",
                "bimtek.co.id",
                "www1.kisscartoon.online",
                "123-series.com",
                "masstamilan.dev",
                "www.cima4uu.com",
                "vedimuthu.com"
            ]
        }
    ],
    "categories": [],
    "performance": {},
    "cookies": 0.000163,
    "topInitiators": [
        {
            "domain": "inklinkor.com",
            "prevalence": 0.7692307692307693
        },
        {
            "domain": "iclickcdn.com",
            "prevalence": 0.07692307692307693
        },
        {
            "domain": "phaurtuh.net",
            "prevalence": 0.038461538461538464
        },
        {
            "domain": "first party",
            "prevalence": 0.038461538461538464
        },
        {
            "domain": "zuphaims.com",
            "prevalence": 0.038461538461538464
        },
        {
            "domain": "meenetiy.com",
            "prevalence": 0.038461538461538464
        }
    ],
    "types": {
        "Fetch": 21
    },
    "nameservers": [
        "ns-644.awsdns-16.net",
        "ns-115.awsdns-14.com",
        "ns-1478.awsdns-56.org",
        "ns-1682.awsdns-18.co.uk"
    ]
}