{
    "domain": "booking.com",
    "owner": {
        "name": "Booking.com B.V.",
        "displayName": "Booking.com"
    },
    "source": [
        "DuckDuckGo-US"
    ],
    "prevalence": 0.000355,
    "sites": 52,
    "subdomains": [
        "www"
    ],
    "cnames": [],
    "fingerprinting": 1,
    "resources": [
        {
            "rule": "booking\\.com\\/flexiproduct\\.html",
            "cookies": 0.000225,
            "fingerprinting": 1,
            "subdomains": [
                "www"
            ],
            "apis": {
                "Date.prototype.getTime": 4,
                "Screen.prototype.width": 2,
                "Screen.prototype.height": 2
            },
            "sites": 34,
            "prevalence": 0.000232,
            "cnames": [],
            "responseHashes": [
                "e76c739621ba9f5839366cb3becd4380d895b7bda823142074934a8a3d7e0395",
                "7d26825701e040fa9ba7c9a9eb6320778dc105367f1c72df4a2c4cdc32b3c4ae",
                "acbeca53bad39c8f7d3388277c276d91bb4706c1bc7ffac41ee62b1ac36dd402",
                "2231fbf5e90754fa053749cd5f72af3fb5686e14e34e444c09d6d19fbb20bb70",
                "43c8796cb04273d72f6b01b0646c8ec574da543a71410bad8e7a36c68abb0b7e",
                "96ae5173176cbe126a4c12164feea4914487c0946c5242b3abc0d1bb8da78b92",
                "079707ad4cd82fced6a9c1118b7f644473ebc7dbea6a6ceb1d9a259bc798006d",
                "5de796be42baf7aaba72cc22fcc176c01bcd205531241a5ff1bedc74a09c84be",
                "891f03599a11533a8c332ba4c6f4019680d40dded2074f9c4c10d4250fdfb5ce",
                "a300d0384d0efc35952057f104ca7179a6cb07d316d59a92a13a0b075f5f0eb8",
                "519ea128c9bb7401965d9fc882593e2af457e26fcadd94fc1874f5ab873f523b",
                "362157e9efd42311e02c253f6a102e423ea55c1419ddfca33854b2815ea79c3a",
                "949b11d9e1ed79350d4b55a1916b95531e2853f2f97d28ac71a154f9b65224c9",
                "df3d0bd252bf5160fa9411db74817235f5ca834ad16a7797367dda8d75a4f0b6",
                "1746553ca517c93dfe8e42ccfe10df265d4bd8aa24d8e55929f8e087faca9e8c",
                "2e76b10cbe357fc05355a701b9eb2bf2a6ff4af461b7062f1cb505a94d8f74fe",
                "149d7fcae4a46af83c864467b29e3dc99374229bef0fb0b80c84fb5bb6148876",
                "1fe654f9f6a9d2ca96b0c4f112eab71be7a3cbfa18b112991c0835c40679e2e2",
                "499cccc53cf7668d1a2c974ff48e6084638f6b4a39bd13b79ea28ae69fe47e67",
                "6856151888ac4e29239ffc8a74c7830b3b5282dcd9f33d1358a98bc2779204d4",
                "5a9764d88f68a590237fc7ce9645e55f4b282ab18579fd010e7d5b116fd4d0f9",
                "efb84f29982917aa1975a6237a25b11bcb562b5990cfecc27bfc31eaa52ae355",
                "d8b4a5f8afcc4ea4db8ef76c50654839b9ee25e76e1748e4e20256d0ed37b7b0",
                "9d97cb34c86d79662137ebe9805af28ac2a4469cb28bccf73a05c50017b96752",
                "3a1f3e5ad3de05ca1a77162e06ab59b94c08020e874d15d24448288f70f99f7d",
                "5bcd5550bf2dc793ef79f7c6334e2fbae8671b5fa2ccbad1e44cbb4ae0c312d7",
                "fb4d29d47d0614eba6e307a6f325157b91fac0b763ce8916f13bc3986ffcc8c5",
                "c40b3d8e152d5112ff69cf2c4b8ce89760755f0062410781c67d87cf43dae9a6",
                "7b05f9d021883e894ffaace5d486238b2047b384d44a1dbc2f9a353c8fb83227",
                "5f955bdafaf593d99f85926fad4309abe3753de8feea8bd7c347c08fe2f13592",
                "cee77aa982503d0f152e5677f7cc65e57cba23bf61bd5a8c25286745ce2b48a7"
            ],
            "type": "Document",
            "firstPartyCookies": {},
            "firstPartyCookiesSent": {},
            "exampleSites": [
                "www.visitmt.com",
                "www.world-of-waterfalls.com",
                "www.bretagne.com",
                "www.sftravel.com",
                "hikersbay.com",
                "www.airbaltic.com",
                "www.jakarta100bars.com",
                "speisekartenweb.de",
                "www.andalucia.com",
                "www.todocanada.ca",
                "ardennen.nl",
                "www.cinqueterre.eu.com",
                "belgique.heures.info",
                "www.citydirectory.us",
                "snorkelaroundtheworld.com",
                "budgettravelbuff.com",
                "www.kamnavylet.sk",
                "stateparks.com",
                "www.visitingvienna.com",
                "www.eventiesagre.it"
            ]
        },
        {
            "rule": "booking\\.com\\/flexiproduct\\.html",
            "cookies": 0.0000341,
            "fingerprinting": 0,
            "subdomains": [
                "www"
            ],
            "apis": {},
            "sites": 5,
            "prevalence": 0.0000341,
            "cnames": [],
            "responseHashes": [
                "cacd28d01f9280ddf60e960f04d5e165df40c96974eb2ef8474c97a999282391",
                "5cfc1f1db9148697f9d80db798133537426cfcf69263676c8ebeb96168fbb805",
                "f634c6e3be39a3baf3c462cf381ef572821896d7133963ecabec3aeb3aac06af",
                "1025b74d67eb742f70856d67148e3910cc1ebeb7295f55cdadb090c6824824a8"
            ],
            "type": "XHR",
            "firstPartyCookies": {},
            "firstPartyCookiesSent": {},
            "exampleSites": [
                "japanwondertravel.com",
                "blog.japanwondertravel.com",
                "hikersbay.com",
                "snorkelaroundtheworld.com",
                "www.todocanada.ca"
            ]
        },
        {
            "rule": "booking\\.com\\/affiliate\\/fp_view",
            "cookies": 0.0000273,
            "fingerprinting": 0,
            "subdomains": [
                "www"
            ],
            "apis": {},
            "sites": 4,
            "prevalence": 0.0000273,
            "cnames": [],
            "responseHashes": [
                "587fa9763e3d74ded3b64a843905f5541690582aad4976207e03743a7fb5f70e"
            ],
            "type": "XHR",
            "firstPartyCookies": {},
            "firstPartyCookiesSent": {},
            "exampleSites": [
                "japanwondertravel.com",
                "hikersbay.com",
                "www.visitingvienna.com",
                "www.visitmt.com"
            ]
        },
        {
            "rule": "booking\\.com\\/affiliatewidget\\.html",
            "cookies": 0.000075,
            "fingerprinting": 1,
            "subdomains": [
                "www"
            ],
            "apis": {
                "Date.prototype.getTime": 6,
                "Screen.prototype.width": 4,
                "Screen.prototype.height": 4
            },
            "sites": 11,
            "prevalence": 0.000075,
            "cnames": [],
            "responseHashes": [
                "a8523d6365cb3708967383f21fc76b9060f68ae7fff4f29e4da0a771122dc18b",
                "ad5dd36084b403b6a448904adfba7a45034d77180107e2f7fd84f779aff6a760",
                "c5dcf2343be6a03975a621ac437edc168fa378061d53c52aabf481cc67104211",
                "3b3c07336124f760a71f0a4c62242db7e724dd2bff5e7fb178c157bc0c4fe385",
                "5d4d91d6aac6bd8fe47bcd75d5e13ef0bf5998fd6df8f646ceed06331ecda0f6",
                "d8c3df8e8d6e9eb9ecc699df17d3c3222de6e7ab6218b9fecb29bc89470e8312",
                "8620052fd04c061313a3d4d2bb2f5f79ffb6c3498231014c49be1e88235060d4",
                "91bdbb2c64ed171dae0ff314299996b5c1f6585f22baf741ac1b7e414c20ae41",
                "cd9e42b12eac9e144753a0ce384f7b75b7daef86847a2afa273951420cf356e9",
                "dcab1b7ddd488d2dd64ba23f0a5310b9626365267c65ad8658ef33d81e230f96"
            ],
            "type": "Document",
            "firstPartyCookies": {},
            "firstPartyCookiesSent": {},