{
    "domain": "boost-next.co.jp",
    "owner": {},
    "source": [
        "DuckDuckGo-US"
    ],
    "prevalence": 0.000218,
    "sites": 32,
    "subdomains": [
        "edayo",
        "js",
        "cs"
    ],
    "cnames": [],
    "fingerprinting": 2,
    "resources": [
        {
            "rule": "boost-next\\.co\\.jp\\/yie\\/ld\\/jsk",
            "cookies": 0,
            "fingerprinting": 1,
            "subdomains": [
                "edayo"
            ],
            "apis": {
                "window.innerWidth": 28,
                "window.innerHeight": 28,
                "window.name": 3,
                "Navigator.prototype.userAgent": 3
            },
            "sites": 31,
            "prevalence": 0.000211,
            "cnames": [],
            "responseHashes": [
                "9a754bce2a7565d646ef3a152a5cb66bad0ebd3f3da009002cebf790b4521cbd",
                "2cac32035cd14bf9673d1c4294b204b400c0fe948f92de837026a636fdc3ca71",
                "d97f2542990f08673b7b29191f6066f5cb4e29074d63fbca986dab1829a85728",
                "99b5e57224fe4018f2d38feec094e3fa70e3a69aaba8b0b76123536175087fd7",
                "62fb10ddfd82a82452c3aa0abcc42793e07ac5359b20f6aae456a1d1e2ab217b",
                "7e7aaa3919493ac03c34bc248608947e17d45fbb8bdceae50afe22c071aeebe0",
                "2fa22a4caa91c8ea46e5512ebd1e6f1068f713ebf385c23cc47ce7c7d3cd3952",
                "3b4b34472439d8cbb025c0fed7ce347852a51fa07dd86a97cf2b363bb31e3bd1",
                "d58995606894a9f1920294e68373cacf2cb5bfc43cafcd6fcd1cd5456f9b0e69",
                "136358bd3e984067afbbcc2b80cc5708b0f4d22285ee17c1905c2695fe77f13d",
                "0f712a5e459156aa20f12976998bbdb91ed0064d7f2c28d8c2e40b20ce642432",
                "c281d0b8a91f0521153b81e52b9b1a1aabac12e33c20280c215d5c89c6aa1d37",
                "18ef4354e8cb1a6ab308a33e744cce9fede205ddd0888b9f92eccd23d6876cb9",
                "4cb2c7db5c4ea0a8b0410c1a42f9523142de4fc61732c380b6c26a1b4bdabba9",
                "5324ae154ed812cdf49b2afedc1f5c8c2e2172606bfc6f2d781713f644020fb4",
                "e12492fc791375a74a221eae1a4e47ee551ef4da22f8ca4d3363c2da00b3bda7",
                "027bb92e03d3cd36f6b3f8e220191eb080c89962637e3afec82d679a1c3b407a",
                "89fe24de60535d7bc1830365af1e6c30a85f406750b3c344206396a0ff6bddba",
                "f87517c7dcb7807335f264ce06132230d2686d20f300110f7f07674a595accee",
                "bbfa3e121e04b5b68b97390f2a14f4fcefa6ddc01584c1e761d1a4792950b5d6",
                "83b3486c69312aa4c17bbb8467d6e6979d83a704717843c10bf2d4101950f0bd",
                "39bcc3da2a41346b0c0812e6e48a5d603c5616517f79b7aef478d0aeaaff1264",
                "2939e69659658d77bd8f841cf22d210f971e28efb7f38009e54b0e760fb7d382",
                "6ffed3f2a1c8134a0c318941567cd7351b371b60a81dea6b89b0137b51624e2d",
                "4f10d3e285c6bd97e13fcc9c2f670928e6c5f9ca68cfb112a08bbcaa0238c646",
                "bd6d675bf73ce7bc8f2f700c60f88ca08d48c87c5b7605b154b161656a49b527",
                "2fa3520b9aae0b1249fac261527106faaa3d2609c9fe7ca3ccc0fb128d284bef",
                "8f3846ac7a4ee715cbce2954700f94dcf95f9bfe050e48e3740fd8e0852ca341",
                "41e54876738387ac48633b9d02f9777468bd88d1f78c928a67a6da4fa12e3c7a",
                "fba92110d4a000de8a7141ff3dc48e7312e44b5279cac65a477ad2a484109ab8"
            ],
            "type": "Script",
            "firstPartyCookies": {},
            "firstPartyCookiesSent": {},
            "exampleSites": [
                "minkch.com",
                "nukemanga.com",
                "www.2d-erocafe.com",
                "doujinantena.top",
                "eroyakuba.com",
                "oppaisan.com",
                "eropasture.com",
                "momon-ga.com",
                "anime.eroterest.net",
                "twivideo.net",
                "eroterest.net",
                "ero-gazou.jp",
                "ero-comic-hunter.net",
                "nyahentai.re",
                "erogazou.gallery",
                "eromanga-life.com",
                "hvideos.net",
                "eromanga-cafe.com",
                "openloadpro.com",
                "www.po-kaki-to.com"
            ]
        },
        {
            "rule": "boost-next\\.co\\.jp\\/j\\/gnvp\\.tagrd\\.20200115\\.js",
            "cookies": 0,
            "fingerprinting": 1,
            "subdomains": [
                "js"
            ],
            "apis": {
                "window.innerWidth": 11,
                "window.innerHeight": 11
            },
            "sites": 11,
            "prevalence": 0.000075,
            "cnames": [],
            "responseHashes": [
                "46e0156e2fed2b78b2b91f8759d3ffd0e2f14191255ccc2456874835cbc02373"
            ],
            "type": "Script",
            "firstPartyCookies": {},
            "firstPartyCookiesSent": {},
            "exampleSites": [
                "eroterest.net",
                "anime.eroterest.net",
                "ero-gazou.jp",
                "erokan.net",
                "eropasture.com",
                "eroyakuba.com",
                "ivfree.me",
                "javfan.one",
                "www.2d-erocafe.com",
                "www.h-ken.net",
                "xvideo-jp.com"
            ]
        },
        {
            "rule": "boost-next\\.co\\.jp\\/yie\\/ld\\/mcs",
            "cookies": 0,
            "fingerprinting": 0,
            "subdomains": [
                "cs"
            ],
            "apis": {},
            "sites": 33,
            "prevalence": 0.000225,
            "cnames": [],
            "responseHashes": [
                "77b1d2c0857d4e95d4c2ae7aa0abc5aaafa6bd4581b31203d1592759c26f5c44"
            ],
            "type": "Image",
            "firstPartyCookies": {},
            "firstPartyCookiesSent": {},
            "exampleSites": [
                "eroterest.net",
                "momon-ga.com",
                "eromanga-life.com",
                "eromanga-cafe.com",
                "xvideo-jp.com",
                "www.anige-sokuhouvip.com",
                "nurumayu.net",
                "www.twidouga.net",
                "twivideo.net",
                "erogazou.gallery",
                "openloadpro.com",
                "nyahentai.re",
                "anime.eroterest.net",
                "eropasture.com",
                "www.po-kaki-to.com",
                "nukemanga.com",
                "erogazou-pinkline.com",
                "javfan.one",
                "www.h-ken.net",
                "oppaisan.com"
            ]
        },
        {
            "rule": "boost-next\\.co\\.jp\\/m\\/9_1569293712\\.json",
            "cookies": 0,
            "fingerprinting": 0,
            "subdomains": [
                "js"
            ],
            "apis": {},
            "sites": 8,
            "prevalence": 0.0000545,
            "cnames": [],
            "responseHashes": [
                "5d4746b60e13bc91357173a722c892c255008ad5686299b7c6b5601c4d6b7be5"
            ],
            "type": "XHR",
            "firstPartyCookies": {},
            "firstPartyCookiesSent": {},
            "exampleSites": [
                "eroterest.net",
                "anime.eroterest.net",
                "erokan.net",
                "eropasture.com",
                "eroyakuba.com",
                "ivfree.me",
                "javfan.one",
                "www.2d-erocafe.com"
            ]
        },
        {
            "rule": "boost-next\\.co\\.jp\\/j\\/gnvp\\.20190822\\.min\\.js",
            "cookies": 0,
            "fingerprinting": 2,
            "subdomains": [
                "js"
            ],
            "apis": {
                "Navigator.prototype.connection": 11,
                "Navigator.prototype.userAgent": 11,
                "Navigator.prototype.appVersion": 11,
                "Navigator.prototype.platform": 11,
                "window.innerHeight": 9,
                "window.innerWidth": 9
            },
            "sites": 11,