{
    "domain": "breadgateway.net",
    "owner": {},
    "source": [
        "DuckDuckGo-US"
    ],
    "prevalence": 0.000259,
    "sites": 38,
    "subdomains": [
        "api.pp-prod-ads.ue2"
    ],
    "cnames": [],
    "fingerprinting": 0,
    "resources": [
        {
            "rule": "breadgateway\\.net\\/api\\/featureflag\\/evaluation\\/bulk",
            "cookies": 0,
            "fingerprinting": 0,
            "subdomains": [
                "api.pp-prod-ads.ue2"
            ],
            "apis": {},
            "sites": 9,
            "prevalence": 0.0000613,
            "cnames": [],
            "responseHashes": [
                "eab03e062cb5162bc77baef86ed03f57dc9a1605c96c546c9d84594084165bbc"
            ],
            "type": "Fetch",
            "firstPartyCookies": {},
            "firstPartyCookiesSent": {},
            "exampleSites": [
                "apelectric.com",
                "metalcloak.com",
                "sense.com",
                "starforgesystems.com",
                "www.hodgesmarine.com",
                "www.mishimoto.com",
                "www.moon-audio.com",
                "www.nikonusa.com",
                "www.penguinchillers.com"
            ]
        },
        {
            "rule": "breadgateway\\.net\\/api\\/shopify-plugin-backend\\/messaging-app\\/cart\\.js",
            "cookies": 0,
            "fingerprinting": 0,
            "subdomains": [
                "api.pp-prod-ads.ue2"
            ],
            "apis": {},
            "sites": 24,
            "prevalence": 0.000163,
            "cnames": [],
            "responseHashes": [
                "a87e90b7d041887026e1f000e9d04bb03fe820757574d5fbbd0576cbbde1da10",
                "b891cdd8ec07e7b6656d571db2ce9bf3439118e7eddc953df6f72f82bf537119",
                "3b8c58a3fd15ea39d0403f1015bd73f831b81f7a312d4dfab42c6c57698312ab",
                "47f6cc11ac4c2f74c393af129cf0a0e0800129a15f4cec548b618b58c439f743",
                "6b47522e5489b1b9c0ea6a1826490b03b0440abeaefc493d6d243721752a74cb",
                "f2633df631bf282b37da166e7609bd9f4d9ea9ced97bb299a89c5225e9d6d23b",
                "90d673ae811cd7c7efcb0a6a2f50af1ec3c266f5b3f652c8c01edd26fd5382f6",
                "67af49b3f8791709e6cd022c2f087800dc307de6ca6ddf563de108c7aeeec907",
                "aaa06c7c4f91806243f054a3326dffe99c0ae3bbb12fb2a5fbb78a75cb59a877",
                "85afd59fdfb58153a16e7f7a74f4671278a3f081adfdd2248834d47afe8380e1",
                "0809fa59308714da8eece0b7009c7282aa30f930d6718649a75bf269b709789b",
                "8888f5d4ac9460b638530314b531e8ba68573bbed113686208a1803316db892d",
                "c54593ddf3d5dc810ef2b2b44a43dcf5cfb0a8e84e22d2370641264e11e5fb26",
                "7575ba43f901953fa33a0f76f4a254ccbd14b07b5db17d3dc8c0e83fc1f7a5f7",
                "a9a4e84b87e2e052ae0c0147f6373a4d953365c8743b6f201394d1308e10073a",
                "1691a40ffafcce474970bb75a1281e825547eecf4e6dfc99566e1d17bee05887",
                "121aa2bce796f8bd4904352a8c529fe8d5f3c5c6c6960ba2bfc84ea913d5a547",
                "0279132f7ef65bf983f763b9e7dd9a400c06a6a54c4e9370d41786b93006b0bf",
                "507c5dcb72d0380166221f9830375829999e9341ec702c694537d1899893b87c",
                "9135ec504900cd3c3e5f506f7565e40b73204dcafcbb09e5453e09ca1649fb20",
                "ada6c061b3b00135ecc6572b0522a4f134b80c512da6d49d59f1fcbfc21deb1f",
                "11af733b5ef3cdae22f340adc0020745bc8b8448467bf2f1c6e760da95b1217b",
                "e30d5381883b794ef48ea4e8c87b8f88454ea7d8a9a6391a65544f7b03d9378c"
            ],
            "type": "Script",
            "firstPartyCookies": {},
            "firstPartyCookiesSent": {},
            "exampleSites": [
                "www.libertysafe.com",
                "offroadtents.com",
                "strengthwarehouseusa.com",
                "optcorp.com",
                "upscaleaudio.com",
                "www.realwatersports.com",
                "rainorshinegolf.com",
                "lonestargrillz.com",
                "www.winkbeds.com",
                "www.goalzero.com",
                "www.modularclosets.com",
                "www.statebicycle.com",
                "senior.com",
                "www.prioritybicycles.com",
                "www.blackboxmycar.com",
                "buildredux.com",
                "www.polyandbark.com",
                "prxperformance.com",
                "starforgesystems.com",
                "subimods.com"
            ]
        }
    ],
    "categories": [],
    "performance": {},
    "cookies": 0,
    "topInitiators": [
        {
            "domain": "first party",
            "prevalence": 0.6956521739130435
        },
        {
            "domain": "breadpayments.com",
            "prevalence": 0.13043478260869565
        },
        {
            "domain": "yottaa.com",
            "prevalence": 0.06521739130434782
        },
        {
            "domain": "bigcommerce.com",
            "prevalence": 0.043478260869565216
        },
        {
            "domain": "mavenoid.com",
            "prevalence": 0.043478260869565216
        },
        {
            "domain": "d33a6lvgbd0fej.cloudfront.net",
            "prevalence": 0.021739130434782608
        }
    ],
    "types": {
        "Fetch": 9,
        "Script": 24
    },
    "nameservers": [
        "ns-721.awsdns-26.net",
        "ns-216.awsdns-27.com",
        "ns-1331.awsdns-38.org",
        "ns-1713.awsdns-22.co.uk"
    ]
}