{
    "domain": "browser-intake-us3-datadoghq.com",
    "owner": {},
    "source": [
        "DuckDuckGo-US"
    ],
    "prevalence": 0.0000682,
    "sites": 10,
    "subdomains": [
        "rum",
        "session-replay"
    ],
    "cnames": [],
    "fingerprinting": 0,
    "resources": [
        {
            "rule": "browser-intake-us3-datadoghq\\.com\\/api\\/v2\\/rum",
            "cookies": 0,
            "fingerprinting": 0,
            "subdomains": [
                "rum"
            ],
            "apis": {},
            "sites": 8,
            "prevalence": 0.0000545,
            "cnames": [],
            "responseHashes": [
                "2c5c7240b1500568f3190772bd32cfbe62825f741815bdb5856dd0bdcaf058d8",
                "7dd10ef6cdfedaa91dcf83315818f817f24a6c5ed3402d0b0c839f17eda2bf8c",
                "b0067daf8e328920c40421e91d1e778656822f2adcb934e2b15f8b73b7b96b47",
                "cf829251f29895ada8815eeed2aa596f78a194a80d8817366e830f6a9e45a3b7",
                "06aa085ef28d437011c5dd126b870a1c00aa23eced15f1148494b14c984f8622",
                "f598c856e8e1f732d91f00a2a96b66c1569397723118e5c7172bbbf665859891",
                "b8f7547254db6b1e7a90c5d6058edd5740896e022b14e766a75ac96f44efcba4"
            ],
            "type": "Fetch",
            "firstPartyCookies": {},
            "firstPartyCookiesSent": {
                "IR_gbd": 0.000006816353796027429
            },
            "exampleSites": [
                "cannacabana.com",
                "skyzone.com",
                "spanx.com",
                "www.ayahealthcare.com",
                "www.kchilites.com",
                "www.mec.ca",
                "www.skyzone.com",
                "www.trainerroad.com"
            ]
        },
        {
            "rule": "browser-intake-us3-datadoghq\\.com\\/api\\/v2\\/rum",
            "cookies": 0,
            "fingerprinting": 0,
            "subdomains": [
                "rum"
            ],
            "apis": {},
            "sites": 3,
            "prevalence": 0.0000204,
            "cnames": [],
            "responseHashes": [
                "fff6fffbdaa45eefe64f6291f76db08c7d37479f30bb4a6642ccfae92388c0ba",
                "4f70d2c82216eee70ce25da1291bb44342d3d6ef36168aa7ef9ec674185355dd"
            ],
            "type": "XHR",
            "firstPartyCookies": {},
            "firstPartyCookiesSent": {
                "IR_gbd": 0.000006816353796027429
            },
            "exampleSites": [
                "cannacabana.com",
                "spanx.com",
                "www.kchilites.com"
            ]
        },
        {
            "rule": "browser-intake-us3-datadoghq\\.com\\/api\\/v2\\/replay",
            "cookies": 0,
            "fingerprinting": 0,
            "subdomains": [
                "session-replay"
            ],
            "apis": {},
            "sites": 4,
            "prevalence": 0.0000273,
            "cnames": [],
            "responseHashes": [
                "3e16d9a0c05d73a99d1cc7a88e0ae6656ea666cdc0f513e336482d4a97ad393e",
                "827118dd0d06e1168726edc7e269db39874cb6db97a4f4251bd069a703e5f08c",
                "ff2a991b81648a4b6a20cb83b8b114b5719b6deb16a805d4eff30651987e0053"
            ],
            "type": "XHR",
            "firstPartyCookies": {},
            "firstPartyCookiesSent": {},
            "exampleSites": [
                "cannacabana.com",
                "skyzone.com",
                "www.ayahealthcare.com",
                "www.kchilites.com"
            ]
        }
    ],
    "categories": [],
    "performance": {},
    "cookies": 0,
    "topInitiators": [
        {
            "domain": "first party",
            "prevalence": 0.7564102564102564
        },
        {
            "domain": "datadoghq-browser-agent.com",
            "prevalence": 0.24358974358974358
        }
    ],
    "types": {
        "Fetch": 8,
        "XHR": 7
    },
    "nameservers": [
        "ns1-08.azure-dns.com",
        "ns2-08.azure-dns.net",
        "ns3-08.azure-dns.org",
        "ns4-08.azure-dns.info"
    ]
}