{
    "domain": "ca-richimage.com",
    "owner": {},
    "source": [
        "DuckDuckGo-US"
    ],
    "prevalence": 0.0000409,
    "sites": 6,
    "subdomains": [
        "richmedia"
    ],
    "cnames": [],
    "fingerprinting": 0,
    "resources": [
        {
            "rule": "ca-richimage\\.com\\/ViewerDelivery\\/productXmlService",
            "cookies": 0,
            "fingerprinting": 0,
            "subdomains": [
                "richmedia"
            ],
            "apis": {},
            "sites": 5,
            "prevalence": 0.0000341,
            "cnames": [],
            "responseHashes": [
                "2641d1b629c4a2229f862a09831637a133c27022524a4612a8b181f38b9faeab",
                "82858e1e24d6c7caa16260a40a74fe74a1f216d11b3b5cdc409d549e0ff006ab",
                "9054fec74c06d5f8bb12d2696693afa4f920494e0c99e90c97d2289e7bfd9046",
                "827f8b7a9f0c0fa50a0d8e895cbc262ef0b09c41a6c96688d9eec484216fd874"
            ],
            "type": "Script",
            "firstPartyCookies": {},
            "firstPartyCookiesSent": {},
            "exampleSites": [
                "costco.ca",
                "www.costco.ca",
                "www.costco.com",
                "www.costcobusinesscentre.ca",
                "www.costcobusinessdelivery.com"
            ]
        },
        {
            "rule": "ca-richimage\\.com\\/ImageDelivery\\/imageService",
            "cookies": 0,
            "fingerprinting": 0,
            "subdomains": [
                "richmedia"
            ],
            "apis": {},
            "sites": 7,
            "prevalence": 0.0000477,
            "cnames": [],
            "responseHashes": [
                "4b6de6f52de8474f4d0125ce49c49bc2db646b0c0e7adbe522e6eadfb22aa669",
                "904621ac8ce694ed2ad031a7c4de221117e37636e2bb40526cce0b0495e654e2",
                "3f90e590e88ca1ef4c52ef21fa72f8d4595dfc43df1e5454457c192c1b4c08d2",
                "36e102440858502fda1e401a94b3e554c905e9c36d8aa1847dfa0abf03138e76",
                "4bf2f3048835b2f8a0aa2fdea1423210de694ee6e34c95736afe5312a954546e",
                "6194f6fc181fb90d0cc753ef9634b036e11813aaef508fb9460ee1b31cfa3e0e"
            ],
            "type": "Image",
            "firstPartyCookies": {},
            "firstPartyCookiesSent": {},
            "exampleSites": [
                "costco.ca",
                "www.costco.ca",
                "www.costco.com",
                "www.costcobusinesscentre.ca",
                "www.costcobusinessdelivery.com",
                "www.marylandsquare.com",
                "www.shoemall.com"
            ]
        }
    ],
    "categories": [],
    "performance": {},
    "cookies": 0,
    "topInitiators": [
        {
            "domain": "first party",
            "prevalence": 0.8053097345132744
        },
        {
            "domain": "costco-static.com",
            "prevalence": 0.168141592920354
        },
        {
            "domain": "costcobusinessdelivery.com",
            "prevalence": 0.02654867256637168
        }
    ],
    "types": {
        "Script": 5,
        "Image": 7
    },
    "nameservers": [
        "ns-911.awsdns-49.net",
        "ns-1352.awsdns-41.org",
        "ns-275.awsdns-34.com",
        "ns-1953.awsdns-52.co.uk"
    ]
}