{
    "domain": "cctm.xyz",
    "owner": {},
    "source": [
        "DuckDuckGo-US"
    ],
    "prevalence": 0.000232,
    "sites": 34,
    "subdomains": [
        "401765",
        "395957",
        "395537",
        "379706",
        "99194",
        "379043",
        "392204",
        "208169",
        "53665",
        "394583",
        "28319",
        "398672",
        "27692",
        "390617",
        "246128",
        "402218",
        "92102",
        "132797",
        "401186",
        "386834"
    ],
    "cnames": [],
    "fingerprinting": 1,
    "resources": [
        {
            "rule": "cctm\\.xyz\\/t\\.js",
            "cookies": 0.00013,
            "fingerprinting": 1,
            "subdomains": [
                "401765",
                "395957",
                "395537",
                "379706",
                "99194",
                "379043",
                "392204",
                "208169",
                "53665",
                "394583",
                "28319",
                "398672",
                "27692",
                "390617",
                "246128",
                "402218",
                "92102",
                "132797",
                "401186"
            ],
            "apis": {
                "Document.cookie getter": 15,
                "Navigator.prototype.userAgent": 14,
                "window.localStorage": 15,
                "Date.prototype.getTime": 15,
                "Document.cookie setter": 14,
                "window.innerWidth": 3,
                "window.innerHeight": 3
            },
            "sites": 19,
            "prevalence": 0.00013,
            "cnames": [],
            "responseHashes": [
                "73499874caa71bc48e12325969eb63a4635e3a7c3b0e2ce50fed760e92227101",
                "419f8e5c128d906142674433f511074602a96376c83cfb74758dbda0832bb26d",
                "01ba4719c80b6fe911b091a7c05124b64eeece964e09c058ef8f9805daca546b",
                "0e66c598ffb6b2c5efd277c8bc8f4d110cccd02d364d885702fbf10808cdf0af",
                "d6040c2cd5367ad493cc590f161af92b3764e4462e882d0708ed63a5cc06ae8b",
                "a01d5ec42e7fc026ff2c1ace6abc35c88be2846213c180255cf1c0c9033caf02",
                "3ab97f4f91afcdf17be1a6ac94134c7aa6cf40b07d4f1dcbc856afe718228fd6",
                "9ba9708c6982db17a6aa1bec91c447223c83ccbae1a0726e0f25c09cc6f76f0e",
                "f4aa4b1759d781bfb2a1b19a695be5e0f6ebf17522f6f5e6a6cd7e4b624ba5ca",
                "7a56b511484243f7333fbb8b3b35018df4a2b49b4449c9e3147d93fee9458afe",
                "ec34835694d1cd01935c3603d9c1bf885be799e3fddd3226a4efae1bc7835dc6",
                "175dfd5af5d2d61a270bfdc09c13fc32e6b7b276140aff189afe24e4d5e1eab1",
                "5d04b62e5c4ac1dc01ca01b37df08133a54b894370812b787d822ee41add93a6",
                "e3d3776ae63e9262975f7183fe0cd7a1c1a746483ce14f0e7b1462a551194555",
                "068df79851f83a8d9d97db49a45d8d69aa994c2da981ee661b37ca96d685f7a2",
                "e8bea1d0ea57ae32d0babf6f249fd773bee72b1233e472f9b81c82bdb008d057",
                "2cbcb4c603bb562c388bf7f13fb5ac3de6c6cd14fcd79794a9ae6f53f9fefe27"
            ],
            "type": "Script",
            "firstPartyCookies": {
                "__ctmid": {
                    "ttl": 2592005,
                    "length": 24,
                    "prevalence": 0.00009543285616905249,
                    "uniqueness": 1
                },
                "_cl_30": {
                    "ttl": 2592001,
                    "length": 25,
                    "prevalence": 0.000006816632583503749,
                    "uniqueness": 1
                }
            },
            "firstPartyCookiesSent": {},
            "exampleSites": [
                "gallagher.com",
                "countrylifefoods.com",
                "fherehab.com",
                "greenhealthdocs.com",
                "reverse.mortgage",
                "sleepopolis.com",
                "store.lci1.com",
                "veterinaryemergencygroup.com",
                "www.banyantreatmentcenter.com",
                "www.electricwheelchairsusa.com",
                "www.galpinford.com",
                "www.homeserve.com",
                "www.lifespan.io",
                "www.neighborsfcu.org",
                "www.smarty.com",
                "www.streetsideclassics.com",
                "www.suffolkcu.org",
                "www.theparkcatalog.com",
                "www.viewrail.com"
            ]
        },
        {
            "rule": "cctm\\.xyz\\/e\\.js",
            "cookies": 0.0000273,
            "fingerprinting": 1,
            "subdomains": [
                "386834"
            ],
            "apis": {
                "Document.cookie getter": 3,
                "Navigator.prototype.userAgent": 4,
                "window.localStorage": 4,
                "Date.prototype.getTime": 4,
                "Document.cookie setter": 3,
                "window.innerWidth": 3,
                "window.innerHeight": 3
            },
            "sites": 4,
            "prevalence": 0.0000273,
            "cnames": [],
            "responseHashes": [
                "2d05b264d7152de471bbf2c6f7d22fe797962adab84459a51a174aabbb30f943",
                "35dce46427523a1bc1fe321cc53f36835963b17141ab9cd72f8dc4f0f614839a",
                "2f21f028ecff0f0677d8b85ff0f177b982b988168e101ef709c3ae8ad8006842"
            ],
            "type": "Script",
            "firstPartyCookies": {
                "__ctmid": {
                    "ttl": 2592001,
                    "length": 24,
                    "prevalence": 0.000020449897750511246,
                    "uniqueness": 1
                }
            },
            "firstPartyCookiesSent": {},
            "exampleSites": [
                "bedrockrecoverycenter.com",
                "springhillrecovery.com",
                "www.addictionresource.net",
                "www.arkbh.com"
            ]
        },
        {
            "rule": "cctm\\.xyz\\/p\\.js",
            "cookies": 0.0000682,
            "fingerprinting": 0,
            "subdomains": [
                "386834",
                "395537",
                "99194",
                "208169",
                "27692",
                "132797",
                "401186"
            ],
            "apis": {},
            "sites": 10,
            "prevalence": 0.0000682,
            "cnames": [],
            "responseHashes": [
                "63723d3418bdfe611f10233f7b7cd7017e94a3f0f969d26622e4a1ddefacbf08",
                "6cef830b5b3f258d69fa5ff174082c4b00d01d2310812a0fa26c035a24964482",
                "6ee00c23b7f23a2bc0499ce21f3f4e2aa582bc8fa4465f5320164feeec795a29",
                "ca74be2014a9e1149e24f98e892e47737396ca4023f05b4960ef17a24857e3f0",
                "ae89cc7a1ad00aced4e6b1d82a1f0b1ef684a6c07842621941720c1d5b9e5160",
                "9ef5564c416a988dd2e5302eb33152e8c20acfaee34273589804d73bd9cd88cb",
                "b971eb1ed7873112e04b371bae323d275af682d9b1ca831684304e21e3cf3a8b",
                "3b28bac8aaf47db8456412b1841f6db52fb9bde9323d88b305ace57d6980dce9",
                "134b161b0170e7993a44328ba7f427bb2105c0690389b89c272cfc49a104ae92"
            ],
            "type": "Script",
            "firstPartyCookies": {},
            "firstPartyCookiesSent": {
                "__ctmid": 0.000054533060668029995
            },
            "exampleSites": [
                "bedrockrecoverycenter.com",
                "fherehab.com",
                "reverse.mortgage",
                "springhillrecovery.com",
                "veterinaryemergencygroup.com",
                "www.addictionresource.net",
                "www.arkbh.com",
                "www.lifespan.io",
                "www.theparkcatalog.com",
                "www.viewrail.com"
            ]
        },
        {
            "rule": "cctm\\.xyz\\/x\\.json",
            "cookies": 0,
            "fingerprinting": 0,