{
    "domain": "cctm.xyz",
    "owner": {},
    "source": [
        "DuckDuckGo-US"
    ],
    "prevalence": 0.000218,
    "sites": 32,
    "subdomains": [
        "386834",
        "395537",
        "99194",
        "208169",
        "402008",
        "401186",
        "395957",
        "379706",
        "373658",
        "379043",
        "392204",
        "53665",
        "394583",
        "398672",
        "246128",
        "402218",
        "92102"
    ],
    "cnames": [],
    "fingerprinting": 1,
    "resources": [
        {
            "rule": "cctm\\.xyz\\/e\\.js",
            "cookies": 0.0000272,
            "fingerprinting": 1,
            "subdomains": [
                "386834"
            ],
            "apis": {
                "Document.cookie getter": 4,
                "Navigator.prototype.userAgent": 4,
                "window.localStorage": 4,
                "Date.prototype.getTime": 4,
                "Document.cookie setter": 4,
                "window.innerWidth": 3,
                "window.innerHeight": 3
            },
            "sites": 4,
            "prevalence": 0.0000272,
            "cnames": [],
            "responseHashes": [
                "35489858ed0033f4053ac66a4590fde2b18bc33f1bbe4986d86418c54c0c26ec",
                "64d57fc3348fe9c76ee158e4e76d43568ba479063cc01b0b31bcbf75ec807a28",
                "6b76b4638fdbd3ab23af73d64c9f0646223bd1d7a516433d81402b5966bad787"
            ],
            "type": "Script",
            "firstPartyCookies": {
                "__ctmid": {
                    "ttl": 2592001,
                    "length": 24,
                    "prevalence": 0.000027230334592736308,
                    "uniqueness": 1
                }
            },
            "firstPartyCookiesSent": {},
            "exampleSites": [
                "bedrockrecoverycenter.com",
                "springhillrecovery.com",
                "www.addictionresource.net",
                "www.arkbh.com"
            ]
        },
        {
            "rule": "cctm\\.xyz\\/p\\.js",
            "cookies": 0.0000613,
            "fingerprinting": 0,
            "subdomains": [
                "386834",
                "395537",
                "99194",
                "208169",
                "402008",
                "401186"
            ],
            "apis": {},
            "sites": 9,
            "prevalence": 0.0000613,
            "cnames": [],
            "responseHashes": [
                "f78d7894dfd97c0f67b8c7ccc8ba38e337242e3104ca7e9e0dd60714b0eedb8f",
                "6cef830b5b3f258d69fa5ff174082c4b00d01d2310812a0fa26c035a24964482",
                "2008cb90c6ba7cba934d636ac7a99cd64ef8930e72b5a604c7e742b9227ab084",
                "39ffd6229c2202de30f9dac05d5ef6f6f9a2845f20dd1921e3031b7e56cbbcb6",
                "8e84b05130a3241c81ec077ccd126ffe8c5c5ed1939a86a749f8fced569b38ed",
                "885c66837bb2dc863ae081a04536e033dd1f41256df6fae435021a8fa9a67045",
                "c68e3cd3ec9279d6fa9707bda980e2635872f3da00385106c90fd8f098696815",
                "ce2404a13fa1ac1c505c8dbb7e049aa1f67cf2efc4cde7a68a14d4bb92d49a02"
            ],
            "type": "Script",
            "firstPartyCookies": {},
            "firstPartyCookiesSent": {
                "__ctmid": 0.000054460669185472616
            },
            "exampleSites": [
                "bedrockrecoverycenter.com",
                "fherehab.com",
                "reverse.mortgage",
                "springhillrecovery.com",
                "veterinaryemergencygroup.com",
                "www.addictionresource.net",
                "www.arkbh.com",
                "www.southwestexteriors.com",
                "www.viewrail.com"
            ]
        },
        {
            "rule": "cctm\\.xyz\\/x\\.json",
            "cookies": 0,
            "fingerprinting": 0,
            "subdomains": [
                "386834",
                "395537",
                "402008"
            ],
            "apis": {},
            "sites": 5,
            "prevalence": 0.000034,
            "cnames": [],
            "responseHashes": [
                "e3b0c44298fc1c149afbf4c8996fb92427ae41e4649b934ca495991b7852b855"
            ],
            "type": "XHR",
            "firstPartyCookies": {},
            "firstPartyCookiesSent": {},
            "exampleSites": [
                "bedrockrecoverycenter.com",
                "fherehab.com",
                "springhillrecovery.com",
                "www.addictionresource.net",
                "www.southwestexteriors.com"
            ]
        },
        {
            "rule": "cctm\\.xyz\\/x\\.json",
            "cookies": 0,
            "fingerprinting": 0,
            "subdomains": [
                "386834",
                "395537",
                "402008"
            ],
            "apis": {},
            "sites": 5,
            "prevalence": 0.000034,
            "cnames": [],
            "responseHashes": [],
            "type": "Preflight",
            "firstPartyCookies": {},
            "firstPartyCookiesSent": {},
            "exampleSites": [
                "bedrockrecoverycenter.com",
                "fherehab.com",
                "springhillrecovery.com",
                "www.addictionresource.net",
                "www.southwestexteriors.com"
            ]
        },
        {
            "rule": "cctm\\.xyz\\/t\\.js",
            "cookies": 0.000109,
            "fingerprinting": 1,
            "subdomains": [
                "395957",
                "395537",
                "379706",
                "373658",
                "99194",
                "379043",
                "392204",
                "208169",
                "53665",
                "394583",
                "398672",
                "246128",
                "402008",
                "402218",
                "92102",
                "401186"
            ],
            "apis": {
                "Document.cookie getter": 11,
                "Navigator.prototype.userAgent": 11,
                "window.localStorage": 12,
                "Date.prototype.getTime": 12,
                "Document.cookie setter": 11,
                "window.innerWidth": 2,
                "window.innerHeight": 2
            },
            "sites": 16,
            "prevalence": 0.000109,
            "cnames": [],
            "responseHashes": [
                "247dcd216b7d816a8bb3debb7397bee309f231f32c8f7614fa08b9fc7bc34cb9",
                "01ba4719c80b6fe911b091a7c05124b64eeece964e09c058ef8f9805daca546b",
                "157a062afe408cce2e9170ef7c52626faf51055d879a8474d11994a300cb469f",
                "e1130c67a189175dda340da95a11db29966b1cdae2ed7661e5ff603fc192165a",
                "7babe6112f720a545f40f0fb21ab59a02a64416837633df18314f829f5a56bf7",
                "9cbfcf032d7ed0ca74bdd58eda8e4a5d9b417bde0f19db761986c8b73e8e502f",
                "5398ddced0fe4852aa97c3cf92e60d9a3344433312347b34d4b057b3114e80ff",
                "75fb28cd9ed9d912fadc29397bf1b8ba6a61a71ed4a4aa67bc93cb9e2a2bd932",
                "41eb258c6677144481f7ac398182089dd9373f36c8ebaacf5ec359ee2508009d",
                "db22e9feab4a263341d9073d7cc1c68a6117d39c09148ee8bd665ee84d6f3df1",
                "76f00b2743101ca7ba83f5567ebb6a99afe35e02eea7bac4a2945e353caef8a9",
                "997a05d94877edf8d6f667808477c8179bf9420006c9e5d492981887fb92f182",
                "c0bd97b6b5384f4046e5a8ddd96b9cdf796cf75c65b3b6d541037a2cbb28a31f",
                "317308856c3807c8e91993d7a2593f914b7a7e1646267552fcc33d5e82070ed6"
            ],
            "type": "Script",
            "firstPartyCookies": {
                "__ctmid": {
                    "ttl": 2592005,
                    "length": 24,
                    "prevalence": 0.00007488342013002485,
                    "uniqueness": 1
                }
            },
            "firstPartyCookiesSent": {},