{
    "domain": "cdctwm.com",
    "owner": {},
    "source": [
        "DuckDuckGo-US"
    ],
    "prevalence": 0.000374,
    "sites": 55,
    "subdomains": [
        "pt"
    ],
    "cnames": [],
    "fingerprinting": 1,
    "resources": [
        {
            "rule": "cdctwm\\.com\\/natlf\\/lf\\/ch\\/",
            "cookies": 0.0000545,
            "fingerprinting": 1,
            "subdomains": [
                "pt"
            ],
            "apis": {
                "window.innerHeight": 7,
                "window.innerWidth": 7,
                "Date.prototype.getTime": 3
            },
            "sites": 8,
            "prevalence": 0.0000545,
            "cnames": [],
            "responseHashes": [
                "4440c52c6ab0d9be87e837a2b06e2c4f9061887aba571e1786bece463395800f",
                "a3945c2c41439fba187a809dd841c43c1892d47d40f2acc602f9b864a6206051",
                "bdab9d192fe495b249cb9fdbd43674c27aa65a66e00da3608ba43b462756cfb1",
                "f9f05016ae52fc710b24784556f407b0f857322cb77e0d3f03ceacf29cc5b1a0",
                "3a77c22d7b9639b60163cb882309c5e4e866b8ec57ce1c09e7d7263646cdc94b",
                "f17f11dd20031f3dfa1fb9411fa6cee3f422b3ad03c072eee32d3c695d3fd307",
                "3434075f2bf962600e84ee21f4d26abd81964cbe83e7fd0479ce7d94ae7e3a4b"
            ],
            "type": "Document",
            "firstPartyCookies": {},
            "firstPartyCookiesSent": {},
            "exampleSites": [
                "bigo.video",
                "celebfeet.wiki",
                "colegialasreales.com",
                "faglife.com",
                "pornzara.com",
                "sexosintabues30.com",
                "wankgod.com",
                "www.lolteentube.com"
            ]
        },
        {
            "rule": "cdctwm\\.com\\/live-stream\\/",
            "cookies": 0.0000477,
            "fingerprinting": 1,
            "subdomains": [
                "pt"
            ],
            "apis": {
                "Date.prototype.getTime": 7,
                "window.innerHeight": 7,
                "window.innerWidth": 7
            },
            "sites": 7,
            "prevalence": 0.0000477,
            "cnames": [],
            "responseHashes": [
                "12ebbc226ab1c25637367cfdb054db054236b7b1f6655a8a1614026e485e6b02",
                "1e3d5151ed3d7134bf268e177b642b8bbcc2280310910e532dc644371c6335ce",
                "e8fab201f38460c4a45b98f53918f5ba09572fdea87a3ae893d4eeb6dd1e645e",
                "54d4564d0bc7ac636382c7a732b6fa0304f1c49e3d2bd013da47b5e0d9cda492",
                "5b0660195277ab73e1eaf9fa355f12dd80d580a8c2bf4aa1bec5f6f2d87cc081",
                "727a5ea6fb1af39e3a5058ade5a09a9d20f425c021419acf9dee902bb9b237a9"
            ],
            "type": "Document",
            "firstPartyCookies": {},
            "firstPartyCookiesSent": {},
            "exampleSites": [
                "celeb-stalker.com",
                "odir.org",
                "pornstarbyface.com",
                "www.boundhub.com",
                "www.crazywebcams.com",
                "www.famousboard.com",
                "www.shemalewiki.com"
            ]
        },
        {
            "rule": "cdctwm\\.com\\/cifra",
            "cookies": 0.000129,
            "fingerprinting": 1,
            "subdomains": [
                "pt"
            ],
            "apis": {
                "Date.prototype.getTime": 19,
                "Navigator.prototype.maxTouchPoints": 1,
                "window.innerHeight": 18,
                "window.innerWidth": 18
            },
            "sites": 19,
            "prevalence": 0.000129,
            "cnames": [],
            "responseHashes": [
                "033826e8f4462fbdce50c751d4b83f2f593bb123317d649fa42492b2912b749c",
                "c9f64609a5a09712f078e0dae8e2cabc63d70dbd4c8b9b3ec466df8ad63d463c",
                "6bff8a78e3f7d58711adf0d95685aeb5490fa984a8319a5fcb5eb1fba96b6d39",
                "291ea096401e2c8c12e7493248299bdc2795f056de6bb822c87c919c70faf7ab",
                "261138cbc275a9f7be8e358cf067a9056df3cb8a8676d60f1976e0c2f1789a2b",
                "c49cdb63acfbac60bc4ce3e6e7892abae8a1e00f060ff261390b09c3662117bb",
                "713b0bf01038eefb167f22547d0cf9bf8e92677c1befddaa2bcd3c06f50e1723",
                "f32d5402736e7b4f623f7b0d7c5d9c943c0edd05a812b56faec33b44252fcb76",
                "9a44ab21fce130c426bd37dc6d32facb0d71be6cccf83867cea14a7534b1aba6",
                "7884b41390aa9c35c17453fbd56ec2c2e70f8b486dabbb8cbe8cefe49a76491c",
                "635785c9f350b41d597a01b2a4fd6a6f93c583630f5c1a560fef24b9e12ea2ec",
                "31afb7923151bca7a642cbf681e20c495c1e813570589363f9ef99ccfd62f755",
                "96f3064e14f752a759bc220eedf5be4262b3a282da2221e396c2a467ca4f203b",
                "0021b5255508f94ccc5ed7870e9e4443cbb7e91beeb25890fa9171d700ef56d8",
                "93b890d49ee18b59d6d15d705400a43f020c79367fd27ae1bf66ca83c795def2",
                "5da9ffac12305ac1e8b97790d122b2ab5ad06e44e70d5454dae807b124f5d414",
                "50d3d502cc24d1313936ff35ab72d7d0d0f2d50b5dc697c93e3fcd2ef5104d5c",
                "49ab5f5fc7ec33021537fd92bb7541f6ea97d1492ebc261a16714d939cf23d50"
            ],
            "type": "Document",
            "firstPartyCookies": {},
            "firstPartyCookiesSent": {},
            "exampleSites": [
                "eporner.com",
                "de.ok.xxx",
                "de.pornhat.com",
                "de.perfektdamen.co",
                "es.eporner.com",
                "fr.eporner.com",
                "hello.porn",
                "it.eporner.com",
                "max.porn",
                "ok.porn",
                "ok.xxx",
                "pl.eporner.com",
                "pornstars.tube",
                "pt.eporner.com",
                "www.eporner.com",
                "www.perfectgirls.xxx",
                "www.perfektdamen.co",
                "www.pornhat.com",
                "www.pornhat.one"
            ]
        },
        {
            "rule": "cdctwm\\.com\\/cifra\\/script",
            "cookies": 0.000129,
            "fingerprinting": 0,
            "subdomains": [
                "pt"
            ],
            "apis": {},
            "sites": 19,
            "prevalence": 0.000129,
            "cnames": [],
            "responseHashes": [
                "61eba190c2156d7889039a7b326219aa70c941b30a83717cb831406c7c60b416",
                "7ed332b746b57b75c527174f753dae7035db484c4f34471ccee3ed01977acb46",
                "1bff3367acdc246e4db8cff7af49667bf29e572a8f8c829e2aa609766f68167e"
            ],
            "type": "Script",
            "firstPartyCookies": {},
            "firstPartyCookiesSent": {},
            "exampleSites": [
                "eporner.com",
                "de.ok.xxx",
                "de.pornhat.com",
                "de.perfektdamen.co",
                "es.eporner.com",
                "fr.eporner.com",
                "hello.porn",
                "it.eporner.com",
                "max.porn",
                "ok.porn",
                "ok.xxx",
                "pl.eporner.com",
                "pornstars.tube",
                "pt.eporner.com",
                "www.eporner.com",
                "www.perfectgirls.xxx",
                "www.perfektdamen.co",
                "www.pornhat.com",
                "www.pornhat.one"
            ]
        },
        {
            "rule": "cdctwm\\.com\\/avb\\/straight\\/hardcore\\/montage",
            "cookies": 0.0000204,
            "fingerprinting": 1,
            "subdomains": [
                "pt"
            ],
            "apis": {
                "Date.prototype.getTime": 3,
                "window.innerHeight": 3,
                "window.innerWidth": 3
            },
            "sites": 3,
            "prevalence": 0.0000204,
            "cnames": [],