{
    "domain": "cdn-net.com",
    "owner": {},
    "source": [
        "DuckDuckGo-US"
    ],
    "prevalence": 0.000157,
    "sites": 23,
    "subdomains": [
        "six",
        "www",
        "uk"
    ],
    "cnames": [],
    "fingerprinting": 3,
    "resources": [
        {
            "rule": "cdn-net\\.com\\/6\\.js",
            "cookies": 0,
            "fingerprinting": 0,
            "subdomains": [
                "six"
            ],
            "apis": {},
            "sites": 15,
            "prevalence": 0.000102,
            "cnames": [],
            "responseHashes": [
                "84b9aed8d1aca447a96b17ddc7f37bda98baf0c88b9339584a2a2572e65fe9d9",
                "24f1c744246e0eeb23197dddb479f5ada917b595042419bce431e34a6c93035b",
                "b3a08018f2e0cfd7a506eb7a60e9c1e5a934cf5dea5061d00bbfac1a71064c47",
                "e0a4a04f9012013ac6d0ba6d58882e7e4b6b6e5eb98678ebdd07ac8d62997c1b",
                "2fe8c295620068c09718ad3a35f54bcb1d2d580c8ad18e83f6597005643f2861",
                "c0a393a6e55dae470715a07d9eddcd15f92f9400489b7f98ffab912c4f167d49",
                "c78346d81d0033c45d7b6e6f8b8358f3ae0221726a4e12c40e11d4f13bc8f476",
                "a15a9fbcc1fb38c3217032a41b8af0bba85477ed69e659ed22c2b6e79fd35100",
                "4501b424e56cf2c1f6a347c35957385162990f1e01d2fcd70fd529dd03b3ff0c",
                "193c565fd1f170aa9cad064e06dbe52760cd3f6e3873a7eb970b4dfb723ea5b3",
                "47d093f031f6f1f53b584e1d97ba3dc96304c0fff96497e9051fe7cf984cda28",
                "9413ac4efb80fdf206925ef0e75b022d0d06adc459970f06152809c54deaf84a",
                "ee6100201a05d909b20fa0f55bd69f7c911f4d6ed7e914992c928c79a57d7ffb"
            ],
            "type": "Script",
            "firstPartyCookies": {},
            "firstPartyCookiesSent": {},
            "exampleSites": [
                "capitalone.com",
                "drivers.uber.com",
                "jcpenney.com",
                "m.uber.com",
                "verified.capitalone.com",
                "www.capitalone.com",
                "www.currys.co.uk",
                "www.currys.ie",
                "www.eastwestbank.com",
                "www.grubhub.com",
                "www.marylandsquare.com",
                "www.ryanair.com",
                "www.shoemall.com",
                "www.sportsbet.com.au",
                "www.target.com.au"
            ]
        },
        {
            "rule": "cdn-net\\.com\\/cc\\.js",
            "cookies": 0.000109,
            "fingerprinting": 3,
            "subdomains": [
                "www",
                "uk"
            ],
            "apis": {
                "RTCPeerConnection.prototype.constructor": 12,
                "Document.cookie getter": 12,
                "Date.prototype.getTime": 12,
                "Document.cookie setter": 12,
                "Date.prototype.getTimezoneOffset": 12,
                "window.localStorage": 12,
                "window.sessionStorage": 12,
                "Navigator.prototype.appVersion": 12,
                "Navigator.prototype.appName": 12,
                "Navigator.prototype.product": 12,
                "Navigator.prototype.platform": 12,
                "Navigator.prototype.language": 12,
                "Navigator.prototype.userAgent": 12,
                "Navigator.prototype.cookieEnabled": 12,
                "Navigator.prototype.appCodeName": 12,
                "Navigator.prototype.vendor": 12,
                "Navigator.prototype.productSub": 12,
                "Navigator.prototype.hardwareConcurrency": 12,
                "Navigator.prototype.deviceMemory": 11,
                "Navigator.prototype.connection": 12,
                "Navigator.prototype.getBattery": 12,
                "Navigator.prototype.maxTouchPoints": 12,
                "Navigator.prototype.webdriver": 11,
                "Navigator.prototype.doNotTrack": 12,
                "NavigatorUAData.prototype.brands": 12,
                "NavigatorUAData.prototype.platform": 12,
                "NavigatorUAData.prototype.getHighEntropyValues": 12,
                "Screen.prototype.colorDepth": 12,
                "Screen.prototype.pixelDepth": 12,
                "window.devicePixelRatio": 12,
                "Screen.prototype.height": 12,
                "Screen.prototype.width": 12,
                "Screen.prototype.availHeight": 12,
                "Screen.prototype.orientation": 12,
                "window.matchMedia(\"prefers-color-scheme\")": 12,
                "Navigator.prototype.plugins": 11,
                "CanvasRenderingContext2D.prototype.measureText": 12,
                "HTMLCanvasElement.prototype.toDataURL": 12,
                "WebGLRenderingContext.prototype.getSupportedExtensions": 12,
                "WebGLRenderingContext.prototype.getExtension": 12,
                "WebGLRenderingContext.prototype.getParameter": 12,
                "DeviceOrientationEvent.prototype.absolute": 12,
                "DeviceOrientationEvent.prototype.alpha": 12,
                "DeviceOrientationEvent.prototype.beta": 12,
                "DeviceOrientationEvent.prototype.gamma": 12,
                "RTCPeerConnectionIceEvent.prototype.candidate": 11,
                "OfflineAudioContext.prototype.constructor": 8,
                "AudioBuffer.prototype.getChannelData": 8
            },
            "sites": 16,
            "prevalence": 0.000109,
            "cnames": [],
            "responseHashes": [
                "943de93d7787cbcd0df02df7fdec13ce0f761c5630da1c6fa27f820c19c4b6d5",
                "bbea87f79c5cf1f8454d3f2b41fc8f549f106cebfd6cec882028c7f8709a3dd8",
                "625506a882c90b34fbff83ef8fcd6f21fd5cc660cf3375569bd49349d4340743",
                "445d4da1131f9b7c25c293b3d753103fcade72380df1c055430961cc60e44248",
                "d1897f3ef23416a2ef3863cbc859c25e7a2c0282b549e7fca00bc0f82bd31e77",
                "a58c2bf6ce8d367907fece38aab2055eccbed92ee7fef1ddd14a37b6c7ea583e",
                "93e6d6f868ec0581926abdab368fb98015ac1087a529187a2f65ac6e0d5b24b9",
                "5ce37c97b1ebf34db636f8fc29d32167daca8c64b82677a49aaafb756a210945",
                "bc53b803f1dcb67f5f49e4f8c710aa76ff9ed0dc6dd3eed4d09fcc58b641d3ba",
                "864436ffa6416d2853429992bb3000f0aad8959f45e8b47f6b60923cb8d531e2",
                "04706509bfa70733595c4c3c8ae833091a9eac73c7bd3146bc01b4ce3f9116c4",
                "db1e7ce6e22e6d3ae1bfcfbdc868dbf3f491203c29a9b5b760ffa9a8a15160c0",
                "b1043acd1c5078ab39792b5a072c7e6eb1e8f2a03f237d6f803bdbf47333ea24",
                "3bdc6694879ff2f544029d3b6a6083ab127eccdafb92dccdd5e34ac2ff694be2",
                "cbae9f9510b439b115af2ef72422bbf0e6e16e862d48fa69e3d40f1755a19e2d"
            ],
            "type": "Script",
            "firstPartyCookies": {
                "_cc": {
                    "ttl": 31536004,
                    "length": 25,
                    "prevalence": 0.00008179624555232915,
                    "uniqueness": 1
                },
                "_cid_cc": {
                    "ttl": 31536004,
                    "length": 25,
                    "prevalence": 0.00008179624555232915,
                    "uniqueness": 1
                }
            },
            "firstPartyCookiesSent": {},
            "exampleSites": [
                "uber.com",
                "jcpenney.com",
                "m.uber.com",
                "www.currys.co.uk",
                "www.currys.ie",
                "www.eastwestbank.com",
                "www.firstchoiceliquor.com.au",
                "www.grubhub.com",
                "www.liquorland.com.au",
                "www.marylandsquare.com",
                "www.qvc.com",
                "www.ryanair.com",
                "www.seamless.com",
                "www.shoemall.com",
                "www.sportsbet.com.au",
                "www.target.com.au"
            ]
        },
        {
            "rule": "cdn-net\\.com\\/et\\.js",