{
    "domain": "cdngcloud.com",
    "owner": {},
    "source": [
        "DuckDuckGo-US"
    ],
    "prevalence": 0.000116,
    "sites": 17,
    "subdomains": [
        "us-west1"
    ],
    "cnames": [],
    "fingerprinting": 3,
    "resources": [
        {
            "rule": "cdngcloud\\.com\\/api\\/spots\\/41050",
            "cookies": 0.000102,
            "fingerprinting": 1,
            "subdomains": [
                "us-west1"
            ],
            "apis": {
                "Document.cookie setter": 1,
                "Document.cookie getter": 1
            },
            "sites": 15,
            "prevalence": 0.000102,
            "cnames": [],
            "responseHashes": [
                "a21967f9b31cd7dcd2456cd8ad12d3eb6601d61d1b3251a9e7da1096f6adb2d6",
                "3a1ec6ee21db8952fa2875d7bf9abd74c64f2d15344ec6b2bb6fc5ea316bb954",
                "59ef2169c1ff6879b1fc3412488b4684d30865f1469423f1830370572e4ca3ff",
                "f6f0d2147f63041b20d59d30a77006f1824509e8cb1d12685305bc52cfa013c3",
                "16951f0b3bd374ac92c9d83f812249e38e4dcf4f381834e4db2a0bc35c1b197b",
                "5a8c835c3a09c3837fe2980e4011ff0948e9131fe1c99ea1076991fbdf879aba",
                "1ad34f965770479450b8cb52115521ea46f037df611ea2d825d6f69c11603984",
                "56559008c51b6462f13180e84e2d7ef279245630b2990d16bdaa681d66683cd6",
                "e454edd9fc80309fbb6907c7c4d430994bc1b584660be5a7a1f99dfd4486031c",
                "829a3b37cb33d837234c8694b231a145bd63b054f1cfa6c29e419415d936c27f",
                "f6de4a2b62e0879aea34d4a57a380d9f15cab1b0a439091c06616f9de2862f74",
                "876e531277ec2ae8464d6b7e234ae5cde3145bc859001ea43c9aed09e97b7d15",
                "75b7e3dddbe0caad44c4e800c851dc50906a64f5ae98c4e55f7ee53f6b859ab2",
                "00b223d5f2c21491ccbccf76251a6436cad57b5d3d278570a50dcfa43e680700"
            ],
            "type": "Document",
            "firstPartyCookies": {
                "asgfp": {
                    "ttl": 31622402,
                    "length": 32,
                    "prevalence": 0.000006817887409407321,
                    "uniqueness": 1
                }
            },
            "firstPartyCookiesSent": {},
            "exampleSites": [
                "asexclips.com",
                "goldendesi.com",
                "indianpornhq.com",
                "indianpornzone.com",
                "japxtube.com",
                "justindiansex.com",
                "lesbiancloud.com",
                "topchineseporn.com",
                "www.easianporn.com",
                "www.onejapanese.com",
                "www.porn4e.com",
                "www.tryasianporn.com",
                "xtubeindian.com",
                "xxxfilm.pro",
                "xzxxtube.com"
            ]
        },
        {
            "rule": "cdngcloud\\.com\\/api\\/spots\\/77669",
            "cookies": 0.0000136,
            "fingerprinting": 0,
            "subdomains": [
                "us-west1"
            ],
            "apis": {},
            "sites": 3,
            "prevalence": 0.0000205,
            "cnames": [],
            "responseHashes": [
                "5039623e3d9375b0f417feea8c60fdf11d5a327a43ccb1dff12ff3ff031c49d2",
                "77c9ae2c3ead6955c35f82af6e522baf625dba2bf0dae15b21619b434cfb3491"
            ],
            "type": "Fetch",
            "firstPartyCookies": {},
            "firstPartyCookiesSent": {},
            "exampleSites": [
                "goldendesi.com",
                "indianpornzone.com",
                "www.porn4e.com"
            ]
        },
        {
            "rule": "cdngcloud\\.com\\/api\\/spots\\/41136",
            "cookies": 0.000075,
            "fingerprinting": 1,
            "subdomains": [
                "us-west1"
            ],
            "apis": {
                "Document.cookie setter": 1,
                "Document.cookie getter": 1
            },
            "sites": 15,
            "prevalence": 0.000102,
            "cnames": [],
            "responseHashes": [
                "ce2b18b175c9e19b61bff314bf2d596dfb22cd8d97047084ed462fec5c6aae1a",
                "e4d10c53de5de89d13912c4bc983073541570134f5e045bc77f59f3193f57385",
                "beff1d15a693499263dfbf8d427be5bfed9dcae28b2c3797e32a61e9b775f26b",
                "33cc213c54a64adacfaaf5e2a45f507f99979645f0e3602d4f5aa39785cd1d8e",
                "730d27c7dacba1f6ddd9dbac46f2a0e8d2bf3cd2ee7e4daabd0a55eb92321e13",
                "529736f7648c380bdf58ae3b228a889cf6ce4a524d4552311172df995fee58a2",
                "320665f00987057eb00a8cc5c37cd2fb052e5de4ea174ca1ce78a9d50cb8c85a",
                "180e8f7dff20cb243a07bcd4b413ff86c84d15552dff64308b9692976f0f9b7a",
                "b013dc4f8ce763ca3cab7900b4828c1cbf6ae31d2aaca707b64450fc08ca7596",
                "e6bf06303558e9d27d15513b9041f9e1d0db7831773460378c6c9559f3353fab",
                "231796897c5a106fd55e3107e6c7684e2dd56e51c9be4767cf2f8c69eaf37432",
                "ff23866002dc955076aa3b31a7be8affb50f207168528875db90fb064c6ed776",
                "a277a2c9044e0f1d18c746fd27ad59168134a0dd471fee1e692a5758955a898a",
                "6363eab562e3c6808ba78d022a93b27c89cf6be6d652723aa057734f47303356"
            ],
            "type": "Document",
            "firstPartyCookies": {
                "asgfp": {
                    "ttl": 31622402,
                    "length": 32,
                    "prevalence": 0.000006817887409407321,
                    "uniqueness": 1
                }
            },
            "firstPartyCookiesSent": {},
            "exampleSites": [
                "goldendesi.com",
                "indianpornhq.com",
                "indianpornzone.com",
                "japxtube.com",
                "justindiansex.com",
                "lesbiancloud.com",
                "topchineseporn.com",
                "www.easianporn.com",
                "www.holloporn.com",
                "www.onejapanese.com",
                "www.porn4e.com",
                "www.tryasianporn.com",
                "xtubeindian.com",
                "xxxfilm.pro",
                "xzxxtube.com"
            ]
        },
        {
            "rule": "cdngcloud\\.com\\/api\\/spots\\/41054",
            "cookies": 0.0000614,
            "fingerprinting": 1,
            "subdomains": [
                "us-west1"
            ],
            "apis": {
                "Document.cookie setter": 1,
                "Document.cookie getter": 1
            },
            "sites": 14,
            "prevalence": 0.0000955,
            "cnames": [],
            "responseHashes": [
                "38ac2362d2f9ae061e4ce7cd3bbb8d2a4963faf1eb086fa6f6b1cd19f961c30e",
                "c0b8b211df4762076734b30b41c920a03affad33f840592b467663fb2e81c59c",
                "adfd017ce0775326f4b02bb0e394186d8e68286fc58cb25d85d32761f9f7f621",
                "a2d7c972b3b2dac673c97e1eb509d4834051d94218e1e5d3b6bbcca440273d0a",
                "92c1e127cc836cf10d671306aed267d9cad675a6e8a80b221b890f1edab6a483",
                "a1efdc6edacd7e55bdbe0672d8b2b12bbe31ab05ea9a28014d13565c699d9d1c",
                "f8469fe9278c462ee1b7dc0fc57ced41b7bf35067ff4bccd2b7ebb235b926abc",
                "61571a70db203b5b698505badb33e64a9bb35d024e7938eed64ac38a59317281",
                "05738cd7a8bb50f52704810a84cacab060b8c265186acfca1a0977403c85aa12",
                "60465b1ffbe2ef2dcb3ed3255b8ecf6df938e92de6a000e09f49efafd2c3c30b",
                "14fe84258f65761d08ac640bb56e904eb175a753f61c7a03e6298fdb131b9f07",
                "be927930d36b5d92f70b3a21e85d9b0ba0faa436519ae4bbc792c5a669d16771",
                "6b0edd12bc9ccf08dbe17afa186fbfc58f2515ae0adbe14f7acca5ead8d45613"
            ],
            "type": "Document",
            "firstPartyCookies": {
                "asgfp": {
                    "ttl": 31622402,
                    "length": 32,
                    "prevalence": 0.000006817887409407321,