{
    "domain": "cdngcloud.com",
    "owner": {},
    "source": [
        "DuckDuckGo-US"
    ],
    "prevalence": 0.000116,
    "sites": 17,
    "subdomains": [
        "us-west1"
    ],
    "cnames": [],
    "fingerprinting": 3,
    "resources": [
        {
            "rule": "cdngcloud\\.com\\/api\\/spots\\/41050",
            "cookies": 0.000102,
            "fingerprinting": 1,
            "subdomains": [
                "us-west1"
            ],
            "apis": {
                "Document.cookie setter": 1,
                "Document.cookie getter": 1
            },
            "sites": 15,
            "prevalence": 0.000102,
            "cnames": [],
            "responseHashes": [
                "85e701cb2fbb1db2e82260a123a5102797ea55b391d370eb9bd45feaf2638f28",
                "fd187955630365c216aa35a4dca14149d19395101ea97c320c717c36a662bb28",
                "1a4cf1594e4e04a6053cdae0bd61e84307e0006fce16e45a985e1733a7b37d38",
                "2b3082d38df9586a7127d959aa8d355810a43023d1bd9790284d486f513359a9",
                "b4922fa4cef29930c4daab4837fbf41d544f8d5221ab30d3861fb68d838b27ff",
                "823ba54fbf25066da11155f86d56bbb3644f2609e80ac5ca3f010a8fad45622b",
                "d146bff3f4bbf6f8abff0169ae8c1c1a5a20ed2073511276b2ddfa1bae540f25",
                "6ba3f98cf478d59bc00b814951a342a71d03f5976e44d348662353d5227f8fca",
                "6b8ee963bdf5e03203e99d44539679d09eb5c2f3a51bee1923f5673cca100231",
                "92d43888aaf53c50b83db37a847584cfcace6d71dc0d4ccdf3f4d25c8b0f812e",
                "67410e3c351de56847b61cf320ed40ce18c7247954dba715d3f052bcd3022cc3",
                "cd148e73c17ea5635a9c1fb311b82629457c60ed383f6569df0c5fa02e02a452",
                "fed74fe404f01f296daff8e54c874380ffb89ed3879327bc541da43c615f07fe",
                "63db8bac65e880a7023146a5b69051a50f0094eca57d3c01684a3a2292205aef"
            ],
            "type": "Document",
            "firstPartyCookies": {
                "asgfp": {
                    "ttl": 31622401,
                    "length": 32,
                    "prevalence": 0.000006816353796027429,
                    "uniqueness": 1
                }
            },
            "firstPartyCookiesSent": {},
            "exampleSites": [
                "goldendesi.com",
                "indianpornhq.com",
                "indianpornzone.com",
                "japxtube.com",
                "lesbiancloud.com",
                "topchineseporn.com",
                "turboindian.com",
                "www.easianporn.com",
                "www.japxtube.com",
                "www.onejapanese.com",
                "www.porn4e.com",
                "www.tryasianporn.com",
                "xtubeindian.com",
                "xxxfilm.pro",
                "xzxxtube.com"
            ]
        },
        {
            "rule": "cdngcloud\\.com\\/api\\/spots\\/77669",
            "cookies": 0.0000136,
            "fingerprinting": 0,
            "subdomains": [
                "us-west1"
            ],
            "apis": {},
            "sites": 5,
            "prevalence": 0.0000341,
            "cnames": [],
            "responseHashes": [
                "0a0191b5a3f2e9d315dc398e7f6eccb30a7e6deaa29fb27ca46bede959e3a835",
                "7d71e08d7399f1050e82a4621315a700eb526213433b113201c0964c004a7e06",
                "5f683b8027b04d08c9d903427c6436dc82dfb036691d08fde83d1b8feaad2f72",
                "abfbe8659ed94bcdb463bfa7b4629bdc29d5b12d6bcb8ad1895bb8799d7f8c69"
            ],
            "type": "Fetch",
            "firstPartyCookies": {},
            "firstPartyCookiesSent": {},
            "exampleSites": [
                "goldendesi.com",
                "japxtube.com",
                "turboindian.com",
                "www.porn4e.com",
                "xzxxtube.com"
            ]
        },
        {
            "rule": "cdngcloud\\.com\\/api\\/spots\\/41136",
            "cookies": 0.0000886,
            "fingerprinting": 0,
            "subdomains": [
                "us-west1"
            ],
            "apis": {},
            "sites": 16,
            "prevalence": 0.000109,
            "cnames": [],
            "responseHashes": [
                "12cc2447ef65c81e1ba14a45ead480475fcb76999848d334412d34f258c61077",
                "7dc9d8b7c9d6b0048092da31675180d8dfd3a3c66876f05ec83d2999c85b674a",
                "37c863972eb207756d0c73e023c49bc8c9e0ab531a13327ab86e1b90b9436fb8",
                "82965bf96e19c8c3ce03bb9a7eb0c52115d062e21234225214f8d398a16fd166",
                "d8bf50a04107f319d0e6bccc0ef5825b106320c41456f35286c6b2d714bbd9ff",
                "e52b915bc87272f72425257c42907d215a743de650646348b1a6b7cf815f1cdd",
                "1a6133658ed9f498f3aa88da73987f67abc95254233fd7ccd13ce5bbe4b904f4",
                "cd9a7631618b7a7c8815c30e82afc661d1d95dcdc5f106355db2edaa38916951",
                "821fb59b591ee6c40e0a5f9d79a311bbe677d8800c903750c7af111cfde95011",
                "5464882e81ec577932731021464f52ee470808291708adc92104b4ec5a9c4f4e",
                "879442c9b180201662347e410598dc8feba51b818213f2436e4bf7d7ba3b2109",
                "6f9f019cb4aea1d98a4b5e1a336c61f2850dd279ca6b8d5d5ddbbfd919170e28",
                "0a6a15a256d103ea5fbe3e16185b19e3c931250a9160e736ca492256e6e3bd7f",
                "f75d0ab41790fb19a0ca28aa4dde2234d039765f7f4508bbd8e7d3b5423ea0ad",
                "fcce4092c8c9ad05c4046d6166657e8421c9b5705bef773a979851be7fba31fd"
            ],
            "type": "Document",
            "firstPartyCookies": {},
            "firstPartyCookiesSent": {},
            "exampleSites": [
                "goldendesi.com",
                "indianpornhq.com",
                "indianpornzone.com",
                "japxtube.com",
                "lesbiancloud.com",
                "topchineseporn.com",
                "turboindian.com",
                "www.easianporn.com",
                "www.holloporn.com",
                "www.japxtube.com",
                "www.onejapanese.com",
                "www.porn4e.com",
                "www.tryasianporn.com",
                "xtubeindian.com",
                "xxxfilm.pro",
                "xzxxtube.com"
            ]
        },
        {
            "rule": "cdngcloud\\.com\\/api\\/spots\\/41054",
            "cookies": 0.0000818,
            "fingerprinting": 0,
            "subdomains": [
                "us-west1"
            ],
            "apis": {},
            "sites": 16,
            "prevalence": 0.000109,
            "cnames": [],
            "responseHashes": [
                "ec19212bc6189067748d56d426c8783a25deae4c3a6fed5949b38e9d342c5a68",
                "8c0af12ba98265be08e1057bee35a8d75cd0840281eb5183fb2a4d008e50f4f5",
                "ce2c073f6a0c18933cbc90b71d803df2e60cb50f58ba5353b6b618ec51dde822",
                "c16aae3b4be4fef1687b3e81c19fa894b66c894324f9b74a6b242cdbab1d0041",
                "581f8177c664d4f56b2db780c31bebeafa5f5fb41e14d49dfe49ceb77ef965ee",
                "483129b2482b6ec8e8c0c029e4c07f8becf3d325dd8947a1d0f3e98b1f5aa8ef",
                "06f99a3c34ad3a764babe7822f25b5fac7760a650b3bde167456f665ebe8d9a8",
                "9fb678f82ab839719282dabcb751ca6b10e6c3797bfd52e11fb17a6f5c795369",
                "a816db7ef242962bf98535b805be51adb6b9feed2c12a3e82f8d0c29198cde87",
                "86b273cc2a1c7770943635af63abb783416df4997d2cd47099a948cb954472b3",
                "386561442c1d902387ce28becda01b729700dcc4c869b4a3808d8a8f71f21275",
                "940c9a52815bc7ff4b7610e3fec70a1209156a74288c9590b157b1978cb3031b",
                "e9bda75faa813d51ac23956e52522d16b957a7ddc8b97ee2c9c755149b573983",
                "7ded03c610d8910e05b393dccbbdc7e73d5e7041433a7cf7456d926eba9f3559",
                "0df183813fb660d2464653aadc8e1f215ba0e7b6dd49ea1945ba0680001b9333"
            ],
            "type": "Document",
            "firstPartyCookies": {},
            "firstPartyCookiesSent": {},