{
    "domain": "chatwidget.software",
    "owner": {},
    "source": [
        "DuckDuckGo-US"
    ],
    "prevalence": 0.0000136,
    "sites": 2,
    "subdomains": [
        "www"
    ],
    "cnames": [],
    "fingerprinting": 3,
    "resources": [
        {
            "rule": "chatwidget\\.software\\/widget\\/buildone\\.js",
            "cookies": 0.0000136,
            "fingerprinting": 2,
            "subdomains": [
                "www"
            ],
            "apis": {
                "Navigator.prototype.userAgent": 2,
                "window.indexedDB": 2,
                "Document.cookie getter": 2,
                "Navigator.prototype.platform": 2,
                "window.localStorage": 2,
                "Document.cookie setter": 2,
                "Date.prototype.getTime": 2,
                "Screen.prototype.orientation": 2,
                "window.sessionStorage": 2,
                "Event.prototype.timeStamp": 2
            },
            "sites": 2,
            "prevalence": 0.0000136,
            "cnames": [],
            "responseHashes": [
                "e9f7459249a537c57710f89ea6b6a015374506c102aee6a8fc4396ff672a3df9"
            ],
            "type": "Script",
            "firstPartyCookies": {
                "chatCreated_159523784481563446": {
                    "ttl": 18003,
                    "length": 57,
                    "prevalence": 0.000013615167296368154,
                    "uniqueness": 1
                },
                "botInsertedId_159523784481563446": {
                    "ttl": 31622403,
                    "length": 13,
                    "prevalence": 0.000013615167296368154,
                    "uniqueness": 1
                },
                "ownerEmail_159523784363947423": {
                    "ttl": 864005,
                    "length": 16,
                    "prevalence": 0.000013615167296368154,
                    "uniqueness": 0.5
                },
                "chatId_159523784481563446": {
                    "ttl": 18005,
                    "length": 13,
                    "prevalence": 0.000013615167296368154,
                    "uniqueness": 1
                },
                "visitorId_159523784481563446": {
                    "ttl": 18005,
                    "length": 13,
                    "prevalence": 0.000013615167296368154,
                    "uniqueness": 1
                },
                "ClIENTID_159523784481563446": {
                    "ttl": 18007,
                    "length": 19,
                    "prevalence": 0.000013615167296368154,
                    "uniqueness": 1
                },
                "domain_159523784363947423": {
                    "ttl": null,
                    "length": 23,
                    "prevalence": 0.000013615167296368154,
                    "uniqueness": 0.5
                }
            },
            "firstPartyCookiesSent": {},
            "exampleSites": [
                "appypie.com",
                "www.appypie.com"
            ]
        },
        {
            "rule": "chatwidget\\.software\\/styleNew\\.css",
            "cookies": 0,
            "fingerprinting": 0,
            "subdomains": [],
            "apis": {},
            "sites": 2,
            "prevalence": 0.0000136,
            "cnames": [],
            "responseHashes": [
                "1a1969b2a309e32e1c6d7c2b08ff37ded57dc80d958997439b3661c07a6cdcc2"
            ],
            "type": "Stylesheet",
            "firstPartyCookies": {},
            "firstPartyCookiesSent": {},
            "exampleSites": [
                "appypie.com",
                "www.appypie.com"
            ]
        },
        {
            "rule": "chatwidget\\.software\\/\\/widget\\/5\\.buildone\\.js",
            "cookies": 0,
            "fingerprinting": 0,
            "subdomains": [
                "www"
            ],
            "apis": {},
            "sites": 2,
            "prevalence": 0.0000136,
            "cnames": [],
            "responseHashes": [
                "1b2a27d78dff95e05eeb90587a6d2ca87cf49f4d395768201f6793d68cb9f9cf"
            ],
            "type": "Script",
            "firstPartyCookies": {},
            "firstPartyCookiesSent": {},
            "exampleSites": [
                "appypie.com",
                "www.appypie.com"
            ]
        },
        {
            "rule": "chatwidget\\.software\\/\\/widget\\/0\\.buildone\\.js",
            "cookies": 0,
            "fingerprinting": 3,
            "subdomains": [
                "www"
            ],
            "apis": {
                "Navigator.prototype.userAgent": 2,
                "window.localStorage": 2,
                "Document.cookie getter": 2,
                "Navigator.prototype.mediaDevices": 2,
                "MediaDevices.prototype.enumerateDevices": 2,
                "Navigator.prototype.connection": 2,
                "Navigator.prototype.vendor": 2,
                "RTCPeerConnection.prototype.constructor": 2,
                "HTMLMediaElement.prototype.canPlayType": 2,
                "Navigator.prototype.platform": 2
            },
            "sites": 2,
            "prevalence": 0.0000136,
            "cnames": [],
            "responseHashes": [
                "6ed99cb0f97600bab9d1bf9eccd62154db140f6deb5a503ddf6cb5cfe16790ec"
            ],
            "type": "Script",
            "firstPartyCookies": {},
            "firstPartyCookiesSent": {},
            "exampleSites": [
                "appypie.com",
                "www.appypie.com"
            ]
        },
        {
            "rule": "chatwidget\\.software\\/\\/widget\\/7\\.buildone\\.js",
            "cookies": 0,
            "fingerprinting": 0,
            "subdomains": [
                "www"
            ],
            "apis": {},
            "sites": 2,
            "prevalence": 0.0000136,
            "cnames": [],
            "responseHashes": [
                "7228e86e35dedeb772730f90a91299cd0c0d230f460647d9a8614263352756d8"
            ],
            "type": "Script",
            "firstPartyCookies": {},
            "firstPartyCookiesSent": {},
            "exampleSites": [
                "appypie.com",
                "www.appypie.com"
            ]
        },
        {
            "rule": "chatwidget\\.software\\/widget\\/5\\.buildone\\.js",
            "cookies": 0,
            "fingerprinting": 0,
            "subdomains": [
                "www"
            ],
            "apis": {},
            "sites": 2,
            "prevalence": 0.0000136,
            "cnames": [],
            "responseHashes": [
                "1b2a27d78dff95e05eeb90587a6d2ca87cf49f4d395768201f6793d68cb9f9cf"
            ],
            "type": "Script",
            "firstPartyCookies": {},
            "firstPartyCookiesSent": {},
            "exampleSites": [
                "appypie.com",
                "www.appypie.com"
            ]
        },
        {
            "rule": "chatwidget\\.software\\/widget\\/0\\.buildone\\.js",
            "cookies": 0,
            "fingerprinting": 0,
            "subdomains": [
                "www"
            ],
            "apis": {},
            "sites": 2,
            "prevalence": 0.0000136,
            "cnames": [],
            "responseHashes": [
                "6ed99cb0f97600bab9d1bf9eccd62154db140f6deb5a503ddf6cb5cfe16790ec"
            ],
            "type": "Script",
            "firstPartyCookies": {},
            "firstPartyCookiesSent": {},
            "exampleSites": [
                "appypie.com",
                "www.appypie.com"
            ]
        },
        {
            "rule": "chatwidget\\.software\\/widget\\/7\\.buildone\\.js",
            "cookies": 0,
            "fingerprinting": 0,
            "subdomains": [
                "www"
            ],
            "apis": {},
            "sites": 2,
            "prevalence": 0.0000136,
            "cnames": [],