{
    "domain": "chryvast.com",
    "owner": {},
    "source": [
        "DuckDuckGo-US"
    ],
    "prevalence": 0.000116,
    "sites": 17,
    "subdomains": [],
    "cnames": [],
    "fingerprinting": 0,
    "resources": [
        {
            "rule": "chryvast\\.com\\/",
            "cookies": 0.000102,
            "fingerprinting": 0,
            "subdomains": [],
            "apis": {},
            "sites": 15,
            "prevalence": 0.000102,
            "cnames": [],
            "responseHashes": [
                "b2e73b21e3797adf50bb42208011c55d7845baa1615561a1f702e04cae1af744",
                "1cf3f924b2e7d507f14104e521e04478b70f637ac7af916d131355a6c67d6aff",
                "0594833127c1c7acb1e5e6bdbd1abf70950d9afcc872a174973b70fdf8dcbf0b",
                "acef27d17b9436ca417bb15378e6b939b7bfd0eae5f58d61b65d416198f921c1",
                "e4b0273f7dfef062e5dde62b327eb33b5df497d56456b5a8976cafe1663a03d0",
                "41073720a11924c66453286acc7023843e1434d94b40c28740af09021a4bc78c",
                "f826a232e0ef193c81457d9cf3e3db2e10ab10a34690abf7fd5abb8fb043c6e2",
                "b0ebe83eb1fb6dff90b47a105f207ede7b4f56466b3483e7583ab6e5cb972bd3",
                "66805cd808fb6a7a4076660764a99ad8b95a145bcd574d7f6c5d3beeabbf6273",
                "1a4978388a80c40596415c4cd18467f91e5964f86899e9e6d878fd766492ebaa",
                "5028c299a9f938478bc9b5c50fb8645d1d0d5d703a6f792182574e2faf6622e4",
                "86f5cbcbe5544c54ab369149928e91dbdf3a498fd1ab82f358f7ba1592b9498a",
                "f4b98d98d7e190ae7045cc8e20d7c33a6bb2643b12e834e99dbe6ff0582be91a",
                "a6bccf29cea039205e669a6724e13e5753882d147e6ce9591c3f5af4e1c64175"
            ],
            "type": "Fetch",
            "firstPartyCookies": {},
            "firstPartyCookiesSent": {},
            "exampleSites": [
                "goldendesi.com",
                "hog.tv",
                "jizzbunker2.com",
                "justthegays.com",
                "nastyvideotube.com",
                "pornobaza24.top",
                "teens.ooo",
                "teenxporn.tv",
                "www.gotube.me",
                "www.porntry.com",
                "www.privateporn.tv",
                "www.veryfreeporn.com",
                "www.xtits.com",
                "www.xxxfiles.tv",
                "xnxx.club"
            ]
        }
    ],
    "categories": [],
    "performance": {},
    "cookies": 0.000116,
    "topInitiators": [
        {
            "domain": "pinetq.com",
            "prevalence": 0.28
        },
        {
            "domain": "cdnvideo3.com",
            "prevalence": 0.28
        },
        {
            "domain": "first party",
            "prevalence": 0.08
        },
        {
            "domain": "vidsrev.com",
            "prevalence": 0.04
        },
        {
            "domain": "cdngcloud.com",
            "prevalence": 0.04
        },
        {
            "domain": "bloblohub.com",
            "prevalence": 0.04
        },
        {
            "domain": "everymark.xyz",
            "prevalence": 0.04
        },
        {
            "domain": "adultsclips.com",
            "prevalence": 0.04
        },
        {
            "domain": "analnoe24.com",
            "prevalence": 0.04
        },
        {
            "domain": "oldgyhogola.com",
            "prevalence": 0.04
        }
    ],
    "types": {
        "Fetch": 15
    },
    "nameservers": [
        "ns1.eurodns.com",
        "ns2.eurodns.com",
        "ns3.eurodns.com",
        "ns4.eurodns.com"
    ]
}