{
    "domain": "cjpowered.com",
    "owner": {},
    "source": [
        "DuckDuckGo-US"
    ],
    "prevalence": 0.000402,
    "sites": 59,
    "subdomains": [
        "cjshpfy"
    ],
    "cnames": [],
    "fingerprinting": 0,
    "resources": [
        {
            "rule": "cjpowered\\.com\\/getPluginJS",
            "cookies": 0,
            "fingerprinting": 0,
            "subdomains": [
                "cjshpfy"
            ],
            "apis": {},
            "sites": 41,
            "prevalence": 0.000279,
            "cnames": [],
            "responseHashes": [
                "acb30c70e04e5e97c48782d209e718f619abd4628d6cfd7141e401b9407d7ef5",
                "3d37b8f1ff7c912826cdc6ad6c6090171e6a5cdd7d9428a84a1f044291e29d7c",
                "dcf4d5b78601aa90c843d054d72e9f9e60076989f5f70655e37becfd2c0fda20",
                "4ed17379ec64f7b7ce4300acbd2e6b4de7b32ba66a78104ae53dcf5013264a9c",
                "e9cdb71f40dbeb7cb6bf8185b181f19d4d0b5f1b60813cc2d21262ff1f62fbad",
                "2d4999e0a0d48232f7a7d2a0e8784d051a89f9de4d3ff8fd7fff4161489c475c",
                "5cd33a88ce4d75d3986c4108374975264a7407de616813f20619497aadcb46d9",
                "7bd90ca24919d014845a39385ade7f5323dd49502b8dcb4468ec4fe1a67929e5",
                "e3b0c44298fc1c149afbf4c8996fb92427ae41e4649b934ca495991b7852b855",
                "de6d17e1eeffdce3f26b7f94075494043fe9fd3b6846a3c69ea754fe41fd6034",
                "984f93ce448e2d72a86677b9a9668d391143098db7f8d175df808be988b00b77",
                "87b874f238880de345b8d9882e6a6f17f359b70e2cda2ecbb3e5172c1b0b0b29",
                "9e38fa63b10acbdd98265aa74769202e1f89952516373d457647cdb965a056ed",
                "60d1a8c9f71ceba23c26c2b67af2abcbcae7a62f0b6f2e6347caacca76d8c5ee",
                "2eece56ddb1d3bda04b7e1cc07a793679e2a9732519073ca125e027a11ec2139",
                "ad790c38e2a5188e9f99cb135b6384173aba85558113b419ba6e25339c7c078e",
                "1e0e75c19bef8a1de8138041d59191ec612dc8fa25cf8c58b02a88b62817bd1a",
                "800e1d53f1da2918db42b99f0e58c6db0669cb94f39c9f61a68e41c6a56b9538",
                "40022837ffddf5c68111b63fcbe91b858bd365babf57eb03bee3b3bd72938e2d",
                "c3618aba49cb437c870d8dff5dc09e009f12a820091ab30878cc5499e085fb92",
                "0bb92a59102932edc899773de989ed836cd87e3d5ecebbd734ca5d79ebd7187a",
                "146bd5d4725c6bd56a35fd28862eaeab52756f8bbd3d040f02568c000ec63a80",
                "8f0d38d2483ae8fe36f2d4e4b88fe962827b529beb2573213413ce452edbd410",
                "c63a55d2e3ccc694241aa5da40184ebb258b094d99769b6831e2a69a4f1123a0",
                "448203c5ff81eca5d940d5fd0b307a38ac7b01fda51f8a73cab2962810244c8c",
                "931be21eb7742b0d7fd673402023ef117a0b012a89251f9bac66099a81db199e",
                "b48697adccc60c203caebf2e0d75b40753ef459078cae945d1aebeae385742c6",
                "e2f9394a02b12fe876185840d85272005267eaca3ba3cc9006be4f129a8735fc",
                "38fa968edeeb95dfaa3083c332dd02a99c7e2712d032de9d1a518b9cf6bdce9e",
                "7001da934d8afe34c5bc4272fe31c7f392bffe0e17866af5845d1b28e101f1c9",
                "336bdc8dc9e1d58c3e7df03800ab734c289c2b7e58faf5e01916cd60c9330da0",
                "ecf1e7dc54291fa9279c69bcaccf0ff9cc138a1f0f45c3a9f5f505726ae5bc1e",
                "68534dc657fa0ca497dbc3ed9238d1d1bccb2bec6044a0f8c081cf707e3ad386",
                "118369a61e6653de99841303f5a8ee25c4cf2a53829570f6ffd952f1235aff56",
                "8ee9e14d795f8c3a655ee7d33d2fd412e2bc2f64e85e304d55421af58c863ee5",
                "ad90be2ac7d39d0567d150344866bb3409d492b09346dd8a68bc755e2e965df4",
                "392d279f7442047665b35bfc473f485b4c36c406debca93f9aa381213d365ee4",
                "4235265f262859826f30eba915bc7c225300d3d6664405bef52ef7f9b3d602ae",
                "c51c48596f06f16172c4d26fc966b94b3b0a3f94f819cd68b38654eabcd785ba"
            ],
            "type": "Script",
            "firstPartyCookies": {},
            "firstPartyCookiesSent": {},
            "exampleSites": [
                "us.amazfit.com",
                "www.nathansports.com",
                "www.apollaperformance.com",
                "www.bragg.com",
                "www.pier1.com",
                "seikousa.com",
                "www.brookstone.com",
                "www.onlynaturalpet.com",
                "phrozen3d.com",
                "www.kennethcole.com",
                "drkellyann.com",
                "ninewest.com",
                "www.thesak.com",
                "www.turtlebeach.com",
                "www.originalpenguin.com",
                "www.briggs-riley.com",
                "dressbarn.com",
                "www.schick.com",
                "www.pfaltzgraff.com",
                "www.shopjustice.com"
            ]
        }
    ],
    "categories": [],
    "performance": {},
    "cookies": 0,
    "topInitiators": [
        {
            "domain": "first party",
            "prevalence": 0.8064516129032258
        },
        {
            "domain": "yottaa.com",
            "prevalence": 0.1774193548387097
        },
        {
            "domain": "d5zu2f4xvqanl.cloudfront.net",
            "prevalence": 0.016129032258064516
        }
    ],
    "types": {
        "Script": 41
    },
    "nameservers": [
        "ns-552.awsdns-05.net",
        "ns-455.awsdns-56.com",
        "ns-1664.awsdns-16.co.uk",
        "ns-1244.awsdns-27.org"
    ]
}