{
    "domain": "cjvdfw.com",
    "owner": {},
    "source": [
        "DuckDuckGo-US"
    ],
    "prevalence": 0.000211,
    "sites": 31,
    "subdomains": [],
    "cnames": [],
    "fingerprinting": 1,
    "resources": [
        {
            "rule": "cjvdfw\\.com\\/code\\/native\\.js",
            "cookies": 0,
            "fingerprinting": 1,
            "subdomains": [],
            "apis": {
                "Document.cookie getter": 18
            },
            "sites": 22,
            "prevalence": 0.00015,
            "cnames": [],
            "responseHashes": [
                "5c585c8bc8b685a98231a9e0777b1b58e2ce15ac4d204e666a82b18cab6a8bcb",
                "a0f564f971e223745bc1f7dfd922c9d99d84c3715bebc61cc1f287296d37f968",
                "c5cb96bff81a96eca15e875a3b7770a00061a0d910e2cfa48f3926654f70f118",
                "33fec753fe5ea69f05361934202a33bddc2cf1319c78e6b5be44bc82dadb061d",
                "eb035c38d901e3f377d4594366a497a796f46975869dc29704e8ed57f517d343",
                "11b85a86fdb40d949c1a33d0dc100f80195feb611c295be35ca3df0ba751ed1f",
                "e3b0c44298fc1c149afbf4c8996fb92427ae41e4649b934ca495991b7852b855",
                "9aac0f5d7da1be67c8a18ab455aa19e6eaa475e11fa957f73208098d2040d001",
                "256083c12b03f7c8eb61d81bf5478c56a33950f9e7eed0a85dec3d505bd04c82",
                "72afa5890c7789bc693bd8100d00ac439586ed20f432f2e6e6ff1a3f73f9862b",
                "ae0cc88e0fb7db791069c227051be8fe7bb9d1a96055314f1976e978f8be1ce4",
                "d9c6276699fa223951a6cbdcfc81a49e9866d237c8bd2ab2953eeac54f9f7069",
                "5ed021d9f5cc2f1869046305fee11ef9b1da18a79d1bf1e0c018ba722d64b5c6",
                "b4f392df51cb917248636d059f2db0a38ebfd9b89774c7878bc9debcd6034df0",
                "3cf19036d64f94931c272280d26abb4c2d4fc60c7670e0d74f7d65ed3cef217b"
            ],
            "type": "Script",
            "firstPartyCookies": {},
            "firstPartyCookiesSent": {},
            "exampleSites": [
                "www.beastiality.tv",
                "animalzoosex.me",
                "animalporn.dog",
                "nl.abcdef.wiki",
                "xnxxstepmom.com",
                "moodbelle.com",
                "it.abcdef.wiki",
                "zoosextube.life",
                "de.frwiki.wiki",
                "www.xvideos-downloader.net",
                "japanesebussex.com",
                "www.rule34.dev",
                "sportsmanist.com",
                "beastiality.tv",
                "tecnofaq.com",
                "fr.abcdef.wiki",
                "animalsexporntube.com",
                "de.abcdef.wiki",
                "petsexvideos.com",
                "www.animalsexporntube.com"
            ]
        }
    ],
    "categories": [],
    "performance": {},
    "cookies": 0,
    "topInitiators": [
        {
            "domain": "first party",
            "prevalence": 1
        }
    ],
    "types": {
        "Script": 22
    },
    "nameservers": []
}