{
    "domain": "cleanmediaads.com",
    "owner": {},
    "source": [
        "DuckDuckGo-US"
    ],
    "prevalence": 0.000436,
    "sites": 64,
    "subdomains": [
        "bidder"
    ],
    "cnames": [],
    "fingerprinting": 0,
    "resources": [
        {
            "rule": "cleanmediaads\\.com\\/bmd\\/bids\\/",
            "cookies": 0,
            "fingerprinting": 0,
            "subdomains": [],
            "apis": {},
            "sites": 25,
            "prevalence": 0.00017,
            "cnames": [],
            "responseHashes": [
                "512da0a7db7de8e077005b885a263daac67cdc2846b717665894a84d4c49bebe",
                "ed1e4f33df52a6f1626d4b1354336adeaf814356fe767bcc955e9b141abf8db4",
                "70cc537e18e059498406a715ca2cf1bf68024f18d726d21bb89ef43cabfb183b",
                "3b7175e869ff7f5488b895721949dae4edd6daef962369052fad17010f8da284",
                "aa81ab36f556c04b36e87914a65781cdc7c9b648ed541ccaa3af6494efee0dad",
                "8b897b17be0a3501ecd50f15fe3e9b92bc12c6863a81633a2c91f5c9d2ebe992",
                "7345ea293f16098205a1e8d516cd442ba4f0d2a8153a7cf8f22675a69014637a",
                "74c79ab211bb6026b2cf089fa2a93d4476f3abfcc3bf8b64be8198c50ae1e84c",
                "0bbb7acbc672ab4fa6ee8248a9400916c1c7c85b6ac48d412aa5f03532869158",
                "5689c4fa93ec22a78ea16e31acd974ced73eee679422d307bea7cf2a241148e7",
                "7e93f220d1c3092153df55ff314359b02724f4111f4417015907dfa4e750e5ec",
                "c0b3ceee4c52daffd92137733c80293e03406670c2410aa8ccaaa3dcde30494a",
                "a7a6b72375653256855bc2443a823afb05fd22e96c1f71e4b0526930e8b6bad4",
                "a068c7ca6eadf207eb8a6fc7a6af9a17ebf11403e3421db143e7f0b09c8b097e",
                "3a6b29d254a3f2cf723937f60697ad3fc544b40872a685f81921dfa072195832",
                "2b7d8bee7ff3c985dd9bbcf501c9725dbc4a7487655d64c88c52a99034153d6d",
                "d3167e3027c84cfac6cb0519be7ff86a7ae860d954924981456d487f889b71c9",
                "c438e1a76e40d4f6fc814d84d1a602e4c42c82d19176cbc707c61f8b3a8ae836",
                "e2c584487eeef600f306f09aab9b614a312f4537f069483460ad436c41385195",
                "e23c643b766b060da649677e5a6c0b0b122f6db86ee15dd2d795fda21b0385ec",
                "03ed7e09c92fbaeac3573e0c3034fbe022fa6ea5379dda53c5d2884dce93f846",
                "55d1e0a815687b54c40f632b1c6e99e4525b852c89153380d4acdd6a018173f6",
                "34ab41380b0061d3a7d914aea03eeeadc63f5fad1f7c1dbad5ac96ff923fd376",
                "336feb85c9b36c446ca89109ccf97ee7e0b4faa6dc4e60092ad56d9c5d73f214"
            ],
            "type": "Script",
            "firstPartyCookies": {},
            "firstPartyCookiesSent": {
                "lotame_domain_check": 0.000006816353796027429,
                "__pid": 0.000006816353796027429
            },
            "exampleSites": [
                "es.aleteia.org",
                "www.catholic-hierarchy.org",
                "www.catholic365.com",
                "thebostonpilot.com",
                "ipwithease.com",
                "catholicexchange.com",
                "bustedhalo.com",
                "www.ourcatholicprayers.com",
                "www.askacatholic.com",
                "disntr.com",
                "catholiccourier.com",
                "bible.org",
                "protestia.com",
                "www.catholiceducation.org",
                "crisismagazine.com",
                "aleteia.org",
                "www.newadvent.org",
                "www.rockytopinsider.com",
                "www.spiritdaily.com",
                "www.americamagazine.org"
            ]
        },
        {
            "rule": "cleanmediaads\\.com\\/cksync\\/set\\/",
            "cookies": 0.000116,
            "fingerprinting": 0,
            "subdomains": [],
            "apis": {},
            "sites": 17,
            "prevalence": 0.000116,
            "cnames": [],
            "responseHashes": [
                "101b4ef8b56b47275189df0603304377a523209af61237e9b1c97039f8e9fb97",
                "b88dd84477b0a494854208931314e3b4923f147c3e557b0c4ac0d8f9012dc48d",
                "70c57c47f5ebf01bda02b8cfbd570d160fd562095e2fa4a3964bfca4ae2afb48",
                "6ee8e34614d540017144248bcb7c2d6a2dbb48023840f6a9743597c760851a63",
                "9808112cec3ad929b775b430f935a9e9721c25515df3488e3ffbaf8b6c42a515",
                "bb51087175dd427ad59a00639ae06d641728d63a3723b217b43d6425732b8ad6",
                "0ee864debf39cb73d9bd2d4e00063f274144e99101f164fa387069d8f212e7e7",
                "638d3f790fd951065fea906decd8b50f2b8f8703c8774f11c14704f70aba3ebc",
                "facc52dd5bc901045203fad71853cddde8e234f4347a21349604a3964c08a93f",
                "ffd50a152a0f25c2629ad650ff6f7a192a33495bc81af0b3074d88057910fb6a",
                "37e33619afbd28d11195912955f4c53ebf31b0d9bd503e0fc589459e543f0c1d",
                "d6a12b991b00d72ae254056d078f41aadff62205f6df4f2adf6f10b087004afc",
                "f9f7c74eb52fb83c1ee77760a13f4692252c98d811216ca8a1887c5bc5f261b5",
                "5f110d2c9eee66d14db824ba9ad6bd8565d674dcfec8682dbfea8b898d942b34",
                "85e527e572575bf72bb972b914c30ded7a6d25bf415774872aa39d489ac70765",
                "6b32d9c360d161c28b378be648b6b45661b286e283167a7c5618ea2c305b92ca"
            ],
            "type": "Script",
            "firstPartyCookies": {},
            "firstPartyCookiesSent": {},
            "exampleSites": [
                "bigpulpit.com",
                "canon212.com",
                "catholic-daily-reflections.com",
                "catholicstand.com",
                "disntr.com",
                "epicpew.com",
                "mycatholic.life",
                "news.radio-online.com",
                "pulpitandpen.org",
                "ratings.radio-online.com",
                "the-american-catholic.com",
                "uscatholic.org",
                "www.aciprensa.com",
                "www.catholicclocks.com",
                "www.catholicworldreport.com",
                "www.ourcatholicprayers.com",
                "www.thecatholiccrusade.com"
            ]
        },
        {
            "rule": "cleanmediaads\\.com\\/video\\/getplayer\\/",
            "cookies": 0,
            "fingerprinting": 0,
            "subdomains": [],
            "apis": {},
            "sites": 3,
            "prevalence": 0.0000204,
            "cnames": [],
            "responseHashes": [
                "e3b0c44298fc1c149afbf4c8996fb92427ae41e4649b934ca495991b7852b855"
            ],
            "type": "Script",
            "firstPartyCookies": {},
            "firstPartyCookiesSent": {},
            "exampleSites": [
                "catholic365.com",
                "www.catholic365.com",
                "www.rockytopinsider.com"
            ]
        },
        {
            "rule": "cleanmediaads\\.com\\/r\\/22352\\/bidr",
            "cookies": 0,
            "fingerprinting": 0,
            "subdomains": [
                "bidder"
            ],
            "apis": {},
            "sites": 2,
            "prevalence": 0.0000136,
            "cnames": [],
            "responseHashes": [
                "e3b0c44298fc1c149afbf4c8996fb92427ae41e4649b934ca495991b7852b855"
            ],
            "type": "XHR",
            "firstPartyCookies": {},
            "firstPartyCookiesSent": {},
            "exampleSites": [
                "limaohio.com",
                "www.limaohio.com"
            ]
        },
        {
            "rule": "cleanmediaads\\.com\\/r\\/22232\\/bidr",
            "cookies": 0,
            "fingerprinting": 0,
            "subdomains": [
                "bidder"
            ],
            "apis": {},
            "sites": 2,
            "prevalence": 0.0000136,
            "cnames": [],
            "responseHashes": [
                "e3b0c44298fc1c149afbf4c8996fb92427ae41e4649b934ca495991b7852b855"
            ],
            "type": "XHR",
            "firstPartyCookies": {},