{
    "domain": "cleanmediaads.com",
    "owner": {},
    "source": [
        "DuckDuckGo-US"
    ],
    "prevalence": 0.000402,
    "sites": 59,
    "subdomains": [
        "bidder"
    ],
    "cnames": [],
    "fingerprinting": 0,
    "resources": [
        {
            "rule": "cleanmediaads\\.com\\/bmd\\/bids\\/",
            "cookies": 0,
            "fingerprinting": 0,
            "subdomains": [],
            "apis": {},
            "sites": 22,
            "prevalence": 0.00015,
            "cnames": [],
            "responseHashes": [
                "1e4e508ba28818adb14525ffdd4c00bfab0a5fc534a07cb4857f089a054dac50",
                "5307ec6223f0b2ed7fc718ad9650619e5a686739f3655baa5aa928ccc681d301",
                "4e78bab38164a2d32d600042032457d2d113da49090c5d39973bb8dc0fcc7090",
                "093c3e4e6b6fcd260e9ebee1c39fbdb08f77e07b07a1bc5b351e7e4289b8a657",
                "6624537480708320e7796253cb6bbe4093dac501c974f5f984d4ea30f6378165",
                "4dfc9cc7bdd9a53b6d588f1ec01722d3b47516ab8b6c54668537a84249c9a89e",
                "07cd02dffc05024b20419c6d4ccd267fd68bed691fe93a7e849cb92849be1291",
                "b1713c5fe8780ca0380615d173a3de91caa11976654d3e976ca783d4cc7eaaa3",
                "5fdd6d52edbf64d9c2083a8ed6a1d198a61f662f40f6bd13cda2a6329be2a050",
                "27209f5fbfd47b157a61e9bd1cdd1c95338f52ee2c9047af6f561c4d2567095e",
                "57f00ee33ce96fa4bea90b6039eb4629f62d4c5068607c4a9492f7e84d2e19bb",
                "d948cea5b20c6f3a0027b3845bb72dcb045e7377247947a544bc1147c14810f5",
                "ed44de187f729f8de25298bca949ea76fc86d2e0a3d5662fb1c556199bef8383",
                "b7e8b78bca6bb90322fef48e4718ff13ce8ad670c60a3b483142b73eb67245b0",
                "647eafa6fba03762487f104ebc6e3ba3113709f181714d55a8c31bb0f7333f6b",
                "a48818c4bcac3480be76e0161411e23a84b24393b3de603ef0a184697db1a0a5",
                "13a8e84872f9d0b5fff3eee041a84aece576d8bec0c582e087ef127aa427bce2",
                "c214b482d934bd004c8ce0ed3f43febe6d80fb352127f8221e9f648a450efe30",
                "44f1bdbca8c6e7cc1649b1dcb1c9b390aa226187268858a5e2472109c2b8ef80",
                "5f3da01d909cddfeadeec79f10a2a3afabd582c80e81d4a09ebef1fe7df6f003",
                "cd55b37c74f278fa1dde640d6b9ee8c077a3069fd3e17465b2e377678a802cb9"
            ],
            "type": "Script",
            "firstPartyCookies": {},
            "firstPartyCookiesSent": {
                "__pid": 0.000006807583648184077
            },
            "exampleSites": [
                "www.americamagazine.org",
                "www.catholic-hierarchy.org",
                "protestia.com",
                "www.catholic365.com",
                "catholiccourier.com",
                "es.aleteia.org",
                "catholicexchange.com",
                "onepeterfive.com",
                "the-american-catholic.com",
                "www.askacatholic.com",
                "catholicstand.com",
                "www.newadvent.org",
                "www.catholicworldreport.com",
                "ipwithease.com",
                "bible.org",
                "www.beautysoancient.com",
                "www.catholiceducation.org",
                "crisismagazine.com",
                "disntr.com",
                "www.deeranddeerhunting.com"
            ]
        },
        {
            "rule": "cleanmediaads\\.com\\/cksync\\/set\\/",
            "cookies": 0.000116,
            "fingerprinting": 0,
            "subdomains": [],
            "apis": {},
            "sites": 17,
            "prevalence": 0.000116,
            "cnames": [],
            "responseHashes": [
                "baa71162caadccbea6055607119ce4aaab0f68516247c2032453303214cf5d0b",
                "af83846cc5ba70dfb8bc3d9cb7ceda80b1d3b62ae5bb48c6be4b8fe9abb1b192",
                "6be4fb4a75b4b11fc9bf68b864dd8ed1aa0092eef7b0b68c424176b3b164cab2",
                "5fb31bf42a5969194821a2fc98896dfbab703537cd77404e93418ab8a1cc57ec",
                "d59408333ad1f6a2a99c2f93d89ae9dfcbe3d0c995e425cfc81bb195cc7728fb",
                "c700f5673be2747d67831cb0674f37706759b5c8238379297c023cb3e0aef8cf",
                "0fa90eb3e4410ff16644164762d12997dacd022a2f617d981b3826e6ee31a507",
                "5b9d3f5dcc7e9e0e685f0d094d6589e685b5e2e6bf8642077d28a7d425a24aa7",
                "18c567083a76204051a7cf3c80338c55349b8a889c0791a4d1df0cc4e9f77123",
                "707c296d12d582ce56cd2871c864650cdb136a8dfa4f428ece66abeefe8a3201",
                "a7fba0f546511ca489992ee1356a08fc8c3024f7a1f6e8401083192103c55b6d",
                "911e73c42870a28830df9fa2dbcb3410d844550c0bc1f16780dd57e4d3cc2b8d",
                "261ea9455edb5ab17ad5944d5380f12deeeadacd656498217b7cb69a094f91da",
                "fb104c5a59be0536d883405a1a78f05084286ce01af4d2b10fde886dd33a946e",
                "00077bc068b92c33efd23de0a0d935b1e8d14d25a61a9d3101f54d31b934fbdf"
            ],
            "type": "Script",
            "firstPartyCookies": {},
            "firstPartyCookiesSent": {},
            "exampleSites": [
                "bigpulpit.com",
                "canon212.com",
                "catholic-daily-reflections.com",
                "catholicherald.co.uk",
                "catholicstand.com",
                "disntr.com",
                "epicpew.com",
                "mycatholic.life",
                "pulpitandpen.org",
                "ratings.radio-online.com",
                "the-american-catholic.com",
                "uscatholic.org",
                "www.beautysoancient.com",
                "www.catholicnewsagency.com",
                "www.catholicworldreport.com",
                "www.ourcatholicprayers.com",
                "www.thecatholiccrusade.com"
            ]
        },
        {
            "rule": "cleanmediaads\\.com\\/r\\/313754\\/bidr",
            "cookies": 0,
            "fingerprinting": 0,
            "subdomains": [
                "bidder"
            ],
            "apis": {},
            "sites": 2,
            "prevalence": 0.0000136,
            "cnames": [],
            "responseHashes": [
                "e3b0c44298fc1c149afbf4c8996fb92427ae41e4649b934ca495991b7852b855"
            ],
            "type": "XHR",
            "firstPartyCookies": {},
            "firstPartyCookiesSent": {},
            "exampleSites": [
                "deeranddeerhunting.com",
                "www.deeranddeerhunting.com"
            ]
        },
        {
            "rule": "cleanmediaads\\.com\\/r\\/22352\\/bidr",
            "cookies": 0,
            "fingerprinting": 0,
            "subdomains": [
                "bidder"
            ],
            "apis": {},
            "sites": 2,
            "prevalence": 0.0000136,
            "cnames": [],
            "responseHashes": [
                "e3b0c44298fc1c149afbf4c8996fb92427ae41e4649b934ca495991b7852b855"
            ],
            "type": "XHR",
            "firstPartyCookies": {},
            "firstPartyCookiesSent": {},
            "exampleSites": [
                "limaohio.com",
                "www.limaohio.com"
            ]
        }
    ],
    "categories": [],
    "performance": {},
    "cookies": 0.000163,
    "topInitiators": [
        {
            "domain": "dtyry4ejybx0.cloudfront.net",
            "prevalence": 0.864406779661017
        },
        {
            "domain": "msecnd.net",
            "prevalence": 0.07627118644067797
        },
        {
            "domain": "liqwid.net",
            "prevalence": 0.059322033898305086
        }
    ],
    "types": {
        "Script": 39,
        "XHR": 4
    },
    "nameservers": [
        "ns26.domaincontrol.com",
        "ns25.domaincontrol.com"
    ]
}