{
    "domain": "cleverwebserver.com",
    "owner": {},
    "source": [
        "DuckDuckGo-US"
    ],
    "prevalence": 0.000668,
    "sites": 98,
    "subdomains": [
        "ui",
        "call",
        "scripts"
    ],
    "cnames": [],
    "fingerprinting": 1,
    "resources": [
        {
            "rule": "cleverwebserver\\.com\\/",
            "cookies": 0,
            "fingerprinting": 0,
            "subdomains": [
                "ui"
            ],
            "apis": {},
            "sites": 83,
            "prevalence": 0.000566,
            "cnames": [],
            "responseHashes": [
                "9d6a7d6c11b5e30cc172cdb441c33d5feacea5a9f3422333c7579fb43746b57f",
                "01b0fa02cff24ba58afe1ea0de604f7eff8a50a36477bb0d3de26e9e0f2e472c",
                "80a072805803c2177fe65d43c1feae20ff0615dfdae571cdf27d1d2e9021e28c",
                "4693632073b31db6879d1e8f80b4386525c0ba906bf95b349b6ffcc3db47e9a6",
                "6e26162ec96cdc0c41da26c4c5b477217d88618159db50187c448cb5525d2ae9",
                "fec886739ead6eb0d4a6d578fcbd51dafd28f905e018b771f043342f934adf65",
                "188533869cd639d81a244b90146dbc9a4c29eb87415711d6458640c16afb54fa",
                "ef075b6877462c8aaf7426edcff1ccc33557ada6bbe317b6dac5e09e8dbf83d8",
                "f10d45832256acc7fe0a36d6a9354b8741363b9323ae6d627e70ce7177f58cfc",
                "0123c7a2457fee2ee92b1a7199e0b06a5e5c28000691eae0a1c75718000ea33c",
                "0776fc5e765ecebfff69d9b46ab15e200aba7004aaa0ab8381373ccb0b4f8a68",
                "731e3be0034cbed6446de86b5954655f3b6cd293a055537e78fe8de3acece072",
                "e9307fe135c141a4bf6329f24434b752f3616cb408b8f321be804a79353039fa",
                "5ca3cab1c3b0abf9ff8fefb0fbf60f63d2e13083cb63e5b734936361a08cb45a",
                "72413e16c9c892172dbbae4b4dc3921053685fd1d49e2f7e06fb4a2744fef328",
                "d708d471e4d10d014c61ad7396e2df4c7b7cf69ed9b20a6c4ab542e8a03c9949",
                "04c1b8eb2d578c03dffd30a449865c6d197eb17089746c03624a3a6db7933c5e",
                "964b4c916cc4b211c7c5279eefacd4ef7c2d02e9ae4de7fdec12bceb627c2aa4",
                "63c59e737f1e0b39d7715b0eae253f457c76b35654dbc61f84de870f9c95e0df",
                "3fcc193da4bf752b9e9fc5519dad27e10500b508a1a72cd5b22e2e2289d28da5",
                "79f95372144b0e2e52a8e19b81456fc9e384d65a2ab495042a3b6d320505fa6d",
                "e9f9cefb443f2f4f987b58c0a00dcb8e2635be264e63a9e15e34f1158987da35",
                "0f95d61ace62d2b8cab0bbd5229938556d366505e073e30fd36fe27feaedd41f",
                "61c5e4c93a148a982c7647f2d4061a44e627935d6c01be731871b013ff6d95ba",
                "776014dff1cd730449df340a0cd7a887b2e044e98c6bad0ed7d1db5907f550b2",
                "c4505f5a5cb514fc8c15ead170c86f538843f8678ed2fb3c078cfa29edb65f05",
                "b147af847ce0481f93372f9bf0bc8d4381dffd53ad12444102b0f3c2fd6d7bf6",
                "0d4e59b2aea0bf620fc5adad6ce8c15dc278c6edf33eb26a5403aacbef55dd1c",
                "9ae04c2a754b07198f9fab5f59d6994736748e01b8807e1037ffc0ac621124b6",
                "7321784fa0d4b14e7e398a955371e22d45aa2c1822713ed12e281a5f6248e6b2",
                "d9bf9004f00086954fd4ab64cd0ca118a86b4298f0a7392ad22e3cae0889e3c7",
                "c752cb16f30e00c3c322972d061d923f575ec344b47bbb0ea4713fcd59be9eed",
                "d024472895ad941766a7d0572a8da83a5171ea3e00494eb10a181c40bb80ce82",
                "0505df8b280a9d1b86bcdad4f56c33b5e28043efa85f1b3ae6446c2afd8a5ed8",
                "4ff0980608601f38af052d75e01a98b50820d8ec73e5bf228caab203be0ad563",
                "4af7bb4b797c6022b84cd0f94146061fc74b23a19af97609b0de7d60be79a946",
                "be7603ee05ee23b74712627b2cd09386711f2a7d3a6a6c3b72b2c978e28a8e29",
                "9300cbba09c6a4964a2d0c53bcb35963e4be0578b4d651538f88f8651622d39d",
                "3c596b77189a8af68c5183d5233811f52ad92a2ed9f11301ffebcca0b9a77cf1",
                "fa3ce1789499a34c5504ec5971e45a58266ad4f898918d65f5e1b0cfad04823c",
                "dd4f5a56f23815fa08bb1bb23882264b9986b26336fc6f735ba3c0701b36b555",
                "2597cff16dbc677d3a10af3a6af922654492efb6d5247947e0d61dbcaa8d523d",
                "62fb6b64902e3244499b16f28a9cf0fc3340a85cbc733baf4431931a8f9f0c86",
                "215ec89daa748620d150e1dfc364d2155bd09534a1c7d6bf963ff19f1fdfc1af",
                "3cec9a479268e076af2f02ae5eff1aef1de0ac4ef8beab00fd5fc46f8ac59a58",
                "be871e4895c6745fd94516a50c14b09009e587878645088ad2b6f30462d9ad58",
                "54dad2a53db41c5fea0e7a739f29fe026f3f6eb95dca256f95164796acb0a73e",
                "0c95758d03c950921b23c3db4eb565c1beb1f2697118602aa1b3811b496449e0",
                "f3cda24e7ff73c4449a391e5c3bd8efbe5accad39a74d5059820e90649e25de8",
                "f49c65154ebdf0767723c19806dce722dad8b5e46fba7d8a418e268186092015",
                "3a8b3830cf2e1378ee4b3df200fb4b6d00f5e41cfffcf8a2339d4ac69756354b",
                "e58c84e8835662c4407072b9d12a9f17d9fd174d3011cfc9184f743c7590905a",
                "8a0494f666dccfe1bb1d2a172b7108a2f837d419f24924a90994d4a18e206919",
                "9af2c8bbab2af141d62be0824995097016a56cd4db451e47afc7c94f91c50892",
                "643537253cbeb8bf457214dc0aa4c85b6c013217054472808c46ff628e003b8f",
                "179cd421f2c783bfdcbb14361f90edeba252dc65c2ac67ccfe237a9bf5fe114c",
                "f15a04b2defd1d98f8cb561f0c42293f51e629f69242e1ca07f13f63cb19eea5",
                "355b37c58eb45dda1d56d9a34c1e5ccca9b960e9fb28762e42df015d5541ec39",
                "457121ac2cbfb6fcc9f1c7cd712925ab886af0041a59c1560c79aabc50b7447d",
                "d55db1f4cc2d0d77eafa8b331ced1380b5d91d32ec05cfdb6ff15b3c3d32c94f",
                "c668dca5c62ceef5143fcdc19c066c5d9f2f28337476fc7288d574b3a0a6ef78",
                "c033a0d693635d8a3811882ffb0955c4e9b153b1b2591b7892b6881e575ba77f",
                "5ca42a52c281fc2864fb1289603a05a73210a6390f4486c9e0728728cd1a7e9d",
                "a5d1cdb7eac31b72bbf11b427bdc6a2f2fc2a65504eadfa83c8ee78c7813d729",
                "15458d534f3c93ff160b4b10a537a82c4633146ae8af1926c92dd0f20da170aa",
                "beb9bb8797bacb39e1c311c27500253c4e431f286f04f3627e3086c82521e988",
                "d56738e3ea1eed6ab1632d6879aeea2c65038d47518243c8517bd562dddf57f9",
                "3c8d20477888915c7f94d71cf3519ad0440d262bfb736bc400bd2c801f6f6cbd",
                "0c375c8adba3321c7918678cb2dc3ba638a1cf2bbf9c2a3fedc0464cafc9eb71",
                "93ee6fc8565115ccbe4d0c7e2fac29849091eb67886f712c5abfa313b3186958",
                "49ed2cded5b706830a9fa7dbd508ce11dd20f6c0dffbfb488f466728827146ec",
                "ad80e6dc07b1fd04e1b1cde7b1f4ada59152f1f16c2a17bc273b7506d8d4a933",
                "799ceb63ee6a56a277f79edfbbaf2680e3023cd9ed6d697d90fce4bb13012bd5",
                "62ceca7307011d14663806564da72a3e4cf00ca2ded3920ffbc25c52bef58a9f",
                "0cb5846da0fcf6b25f64740c304c4504603f4ef23873a5732cd3f8dfd0751205",
                "f11423e77cbbcb2177cf6a2c365b2dd7cb206098325ced440e9e5a46e080ffb0",
                "823e24d251e1a1484737fca6b83d85cb20c8a947b0d11e00f0eb9ae51bba97e3",
                "8f9e653ad6d9f973b3a2c1df4b4ca7463d72008d6d9da393577b08d7c78438de",
                "f49f298bf76047df3d5b1b21d229f22c43c80e452aee9aa53598d0dfa42ff880",
                "933e9c6de065208b664d69292d62b4cb520b0452d8835057dbefa3503346113a"
            ],
            "type": "Script",
            "firstPartyCookies": {},
            "firstPartyCookiesSent": {},