{
    "domain": "clickthruhost.com",
    "owner": {},
    "source": [
        "DuckDuckGo-US"
    ],
    "prevalence": 0.0000681,
    "sites": 10,
    "subdomains": [
        "www"
    ],
    "cnames": [],
    "fingerprinting": 0,
    "resources": [
        {
            "rule": "clickthruhost\\.com\\/delivery\\/asyncjs\\.php",
            "cookies": 0.0000613,
            "fingerprinting": 0,
            "subdomains": [
                "www"
            ],
            "apis": {},
            "sites": 10,
            "prevalence": 0.0000681,
            "cnames": [],
            "responseHashes": [
                "adb7ae788f2e6b5d247b120a589fc3dc9800b8c235f3140eb4d2703d6af6b994"
            ],
            "type": "Script",
            "firstPartyCookies": {},
            "firstPartyCookiesSent": {},
            "exampleSites": [
                "deutschsex.com",
                "www.deutschsex.com",
                "www.frauporn.com",
                "www.freeones.co.uk",
                "www.freeones.com",
                "www.gayfilmen.com",
                "www.gutesex.com",
                "www.madchensex.com",
                "www.muschitube.com",
                "www.xfilmen.com"
            ]
        },
        {
            "rule": "clickthruhost\\.com\\/delivery\\/asyncspc\\.php",
            "cookies": 0.0000613,
            "fingerprinting": 0,
            "subdomains": [
                "www"
            ],
            "apis": {},
            "sites": 9,
            "prevalence": 0.0000613,
            "cnames": [],
            "responseHashes": [
                "24ae8125707d179ae5fa12d172e522913733c7f8d7f1179cebc1055f0c07324e",
                "5ce921a32440069cdb0fe7a6a14e3af4983de2b5efc34ba5a6a8b45a077d4c1c",
                "3b4c8918a242b3eefadd84ff6ce1110336b181feb23be16566b87233d0325014",
                "8c71d2a0098cbedf7e5f2d9a25c52abc99acbe49e445eedc27c7ee311b59872a",
                "a7dc1880fb5f6469ab63fc24edbc4f91deeb80a92ba9d22d0da3e50f109ff2ac",
                "37f6081d8374eb093dad8d020abfa2deefadce419030456e75b6003e32bf2e5e",
                "26b4a2d519f3c7b3510a4484adea906b9a537989fc0f0a88c974c917045d9a98",
                "bbd1ad340d1bd0079f48b55369bd56e5144ca14726841b966b63d4fd655e38af"
            ],
            "type": "XHR",
            "firstPartyCookies": {},
            "firstPartyCookiesSent": {},
            "exampleSites": [
                "deutschsex.com",
                "www.deutschsex.com",
                "www.frauporn.com",
                "www.freeones.com",
                "www.gayfilmen.com",
                "www.gutesex.com",
                "www.madchensex.com",
                "www.muschitube.com",
                "www.xfilmen.com"
            ]
        },
        {
            "rule": "clickthruhost\\.com\\/assets\\/4f3a4ab666f87664aa04ff0643469b23\\.gif",
            "cookies": 0,
            "fingerprinting": 0,
            "subdomains": [
                "www"
            ],
            "apis": {},
            "sites": 5,
            "prevalence": 0.000034,
            "cnames": [],
            "responseHashes": [
                "0996fe7e360c72e47ef732dfabfdf1a8cd0b84ab088c0b91857b934bdf929b3f"
            ],
            "type": "Image",
            "firstPartyCookies": {},
            "firstPartyCookiesSent": {},
            "exampleSites": [
                "deutschsex.com",
                "www.frauporn.com",
                "www.gayfilmen.com",
                "www.muschitube.com",
                "www.xfilmen.com"
            ]
        },
        {
            "rule": "clickthruhost\\.com\\/delivery\\/lg\\.php",
            "cookies": 0.0000613,
            "fingerprinting": 0,
            "subdomains": [
                "www"
            ],
            "apis": {},
            "sites": 9,
            "prevalence": 0.0000613,
            "cnames": [],
            "responseHashes": [
                "e963e7196beb9123059ec3534b042ebcd1ef0a470fa568bfbebfeab2f33c4fda"
            ],
            "type": "Image",
            "firstPartyCookies": {},
            "firstPartyCookiesSent": {},
            "exampleSites": [
                "deutschsex.com",
                "www.deutschsex.com",
                "www.frauporn.com",
                "www.freeones.com",
                "www.gayfilmen.com",
                "www.gutesex.com",
                "www.madchensex.com",
                "www.muschitube.com",
                "www.xfilmen.com"
            ]
        },
        {
            "rule": "clickthruhost\\.com\\/assets\\/5c33f8c8846f3cb3cfc1258f08e28714\\.gif",
            "cookies": 0,
            "fingerprinting": 0,
            "subdomains": [
                "www"
            ],
            "apis": {},
            "sites": 2,
            "prevalence": 0.0000136,
            "cnames": [],
            "responseHashes": [
                "6184362046db445571b5f9eba5d03e61f2ded48d3aa4e57a104b273e655ac362"
            ],
            "type": "Image",
            "firstPartyCookies": {},
            "firstPartyCookiesSent": {},
            "exampleSites": [
                "deutschsex.com",
                "www.frauporn.com"
            ]
        },
        {
            "rule": "clickthruhost\\.com\\/assets\\/1cf043b320491bf63c251dbfc0a701bd\\.jpg",
            "cookies": 0,
            "fingerprinting": 0,
            "subdomains": [
                "www"
            ],
            "apis": {},
            "sites": 4,
            "prevalence": 0.0000272,
            "cnames": [],
            "responseHashes": [
                "427e2388952ecb5ce3f7579eea348fad003382e088156245495136466c682486"
            ],
            "type": "Image",
            "firstPartyCookies": {},
            "firstPartyCookiesSent": {},
            "exampleSites": [
                "deutschsex.com",
                "www.frauporn.com",
                "www.gutesex.com",
                "www.xfilmen.com"
            ]
        },
        {
            "rule": "clickthruhost\\.com\\/assets\\/78923caee4e56f9e4291111e797e5e63\\.jpg",
            "cookies": 0,
            "fingerprinting": 0,
            "subdomains": [
                "www"
            ],
            "apis": {},
            "sites": 6,
            "prevalence": 0.0000408,
            "cnames": [],
            "responseHashes": [
                "244c0aefb660c6a6dd0cfce373adefb237bb19aab30492adf4504c9bfcbb249e"
            ],
            "type": "Image",
            "firstPartyCookies": {},
            "firstPartyCookiesSent": {},
            "exampleSites": [
                "deutschsex.com",
                "www.frauporn.com",
                "www.gayfilmen.com",
                "www.gutesex.com",
                "www.muschitube.com",
                "www.xfilmen.com"
            ]
        },
        {
            "rule": "clickthruhost\\.com\\/assets\\/4df63b6b78bf7be28717b654c051a770\\.gif",
            "cookies": 0,
            "fingerprinting": 0,
            "subdomains": [
                "www"
            ],
            "apis": {},
            "sites": 5,
            "prevalence": 0.000034,
            "cnames": [],
            "responseHashes": [
                "38ef2c277f2403b21e752af1c7d6353e4785180d559d60c44fbca53035fd8ebb"
            ],
            "type": "Image",
            "firstPartyCookies": {},
            "firstPartyCookiesSent": {},
            "exampleSites": [
                "gayfilmen.com",
                "www.gayfilmen.com",
                "www.madchensex.com",
                "www.muschitube.com",
                "www.xfilmen.com"
            ]
        }
    ],
    "categories": [],
    "performance": {},
    "cookies": 0.0000681,
    "topInitiators": [
        {
            "domain": "exoclick.com",
            "prevalence": 0.8974358974358975
        },
        {
            "domain": "first party",
            "prevalence": 0.07692307692307693
        },
        {
            "domain": "exosrv.com",