{
    "domain": "coherentpath.com",
    "owner": {
        "name": "Coherent Path, Inc.",
        "displayName": "Coherent Path"
    },
    "source": [
        "DuckDuckGo-US"
    ],
    "prevalence": 0.00015,
    "sites": 22,
    "subdomains": [
        "track"
    ],
    "cnames": [],
    "fingerprinting": 1,
    "resources": [
        {
            "rule": "coherentpath\\.com\\/v1\\/track\\.js",
            "cookies": 0,
            "fingerprinting": 1,
            "subdomains": [
                "track"
            ],
            "apis": {
                "window.localStorage": 12
            },
            "sites": 12,
            "prevalence": 0.0000817,
            "cnames": [],
            "responseHashes": [
                "55b5ccd834b8522059058809d92f24c13e28aea9eaa05574c3d023e65e19bcad"
            ],
            "type": "Script",
            "firstPartyCookies": {},
            "firstPartyCookiesSent": {},
            "exampleSites": [
                "kohls.com",
                "llbean.com",
                "m.kohls.com",
                "victoriassecret.com",
                "westelm.com",
                "williams-sonoma.com",
                "www.frontgate.com",
                "www.kohls.com",
                "www.llbean.com",
                "www.victoriassecret.com",
                "www.westelm.com",
                "www.williams-sonoma.com"
            ]
        },
        {
            "rule": "coherentpath\\.com\\/v1\\/websites\\/browsers",
            "cookies": 0,
            "fingerprinting": 0,
            "subdomains": [
                "track"
            ],
            "apis": {},
            "sites": 12,
            "prevalence": 0.0000817,
            "cnames": [],
            "responseHashes": [
                "6a9bad52cc6a6c92a4b04e44a1e4a09baf14a0697e73e87e456a7f70ff3e28a7",
                "5233c2f965de42dfe13a0a8f1cb0f4f99df3d34c5154f7239627dd8427a6053b",
                "ea45d28174cb16a8b8d16d7f9474d704babb726a5e1798b53592273954442035",
                "c4df5942228a3f568641bd396f29db983c3cddb690747b53e64bd9d4a499efcb",
                "52f8bca20e1ced094ddd1219b504da270e95d53297de72d3a1f0fe1ed867a7e7",
                "0e93e5bce67133c80e7e99494542dea0a4851577de3b972c49089b210f3cb143",
                "89dcc14452aa9b74717b4e253bb835f7afff6432b12a11a4408fc1e4bf52773a",
                "cfdbf447e531a4e7c91e23fca0c101e34d79cf0e4ab211c5778ca064f14fec26",
                "aa67c12b79ce6635887e8f6286227ce77df25a6f5886f9ba4e3272462f0efc58",
                "30cae75b5aeb98e1d33405262a4c0632bf13c0b7f53d576624e28e3d2d9aa990"
            ],
            "type": "XHR",
            "firstPartyCookies": {},
            "firstPartyCookiesSent": {},
            "exampleSites": [
                "kohls.com",
                "llbean.com",
                "m.kohls.com",
                "victoriassecret.com",
                "westelm.com",
                "williams-sonoma.com",
                "www.frontgate.com",
                "www.kohls.com",
                "www.llbean.com",
                "www.victoriassecret.com",
                "www.westelm.com",
                "www.williams-sonoma.com"
            ]
        },
        {
            "rule": "coherentpath\\.com\\/v1\\/websites\\/browsers",
            "cookies": 0,
            "fingerprinting": 0,
            "subdomains": [
                "track"
            ],
            "apis": {},
            "sites": 12,
            "prevalence": 0.0000817,
            "cnames": [],
            "responseHashes": [],
            "type": "Preflight",
            "firstPartyCookies": {},
            "firstPartyCookiesSent": {},
            "exampleSites": [
                "kohls.com",
                "llbean.com",
                "m.kohls.com",
                "victoriassecret.com",
                "westelm.com",
                "williams-sonoma.com",
                "www.frontgate.com",
                "www.kohls.com",
                "www.llbean.com",
                "www.victoriassecret.com",
                "www.westelm.com",
                "www.williams-sonoma.com"
            ]
        },
        {
            "rule": "coherentpath\\.com\\/v1\\/websites\\/sessions",
            "cookies": 0,
            "fingerprinting": 0,
            "subdomains": [
                "track"
            ],
            "apis": {},
            "sites": 8,
            "prevalence": 0.0000545,
            "cnames": [],
            "responseHashes": [
                "8347e98007cccc5b2d9f63645ffdb2df440b0bb0ea0b7f04b1a903dd77127537",
                "697ecbe53be498c53c9aabcb21cad3fdc83f4d7a8315b921c57441be000a8fd4",
                "d7e2f4cac8c660039455e62fecf4bc707a70e285de2fedf10e9312b9fb87dfd6",
                "a15ed9d022e1f69f6e0eb9ed6fe9648ce23652c27e58776b8c331e39cb693be8",
                "7285bed6174c7876e4b334ff6f2fecf56268d0d9c489082f4d30225f393a4af2",
                "099dba9ed8603f67658a96417fd92c3f08da048c65e9173e4c2cbdc2a649d54c",
                "2fd2bcbca1ff3925a984b54f076c346c61e59d6c2c3594f8ecfe695fd08c0f3e"
            ],
            "type": "XHR",
            "firstPartyCookies": {},
            "firstPartyCookiesSent": {},
            "exampleSites": [
                "llbean.com",
                "victoriassecret.com",
                "www.frontgate.com",
                "www.kohls.com",
                "www.llbean.com",
                "www.victoriassecret.com",
                "www.westelm.com",
                "www.williams-sonoma.com"
            ]
        },
        {
            "rule": "coherentpath\\.com\\/v1\\/websites\\/sessions",
            "cookies": 0,
            "fingerprinting": 0,
            "subdomains": [
                "track"
            ],
            "apis": {},
            "sites": 8,
            "prevalence": 0.0000545,
            "cnames": [],
            "responseHashes": [],
            "type": "Preflight",
            "firstPartyCookies": {},
            "firstPartyCookiesSent": {},
            "exampleSites": [
                "llbean.com",
                "victoriassecret.com",
                "www.frontgate.com",
                "www.kohls.com",
                "www.llbean.com",
                "www.victoriassecret.com",
                "www.westelm.com",
                "www.williams-sonoma.com"
            ]
        },
        {
            "rule": "coherentpath\\.com\\/v1\\/batches",
            "cookies": 0,
            "fingerprinting": 0,
            "subdomains": [
                "track"
            ],
            "apis": {},
            "sites": 7,
            "prevalence": 0.0000477,
            "cnames": [],
            "responseHashes": [],
            "type": "Preflight",
            "firstPartyCookies": {},
            "firstPartyCookiesSent": {},
            "exampleSites": [
                "llbean.com",
                "victoriassecret.com",
                "www.frontgate.com",
                "www.llbean.com",
                "www.victoriassecret.com",
                "www.westelm.com",
                "www.williams-sonoma.com"
            ]
        },
        {
            "rule": "coherentpath\\.com\\/v1\\/batches",
            "cookies": 0,
            "fingerprinting": 0,
            "subdomains": [
                "track"
            ],
            "apis": {},
            "sites": 7,
            "prevalence": 0.0000477,
            "cnames": [],
            "responseHashes": [
                "c7110437852efc662f6f4eb88bb16802c66cdbc3d6fe01d59862878c5091e139",
                "6cbb9615fe2741e4fb1b2b960aa71f783a7886697abd195003b4d7d935fd8e9e",
                "991ea20d60a18e9a8ba1ba26bb676f1d5f70fd9d8779159ffb3803baa18d14fd",
                "aec5240b8ce7076ef8c5705b31decc06a7233baefdd14f878530fa4ceb61f1eb",
                "078b30a95f281476af5b01312533fea1b142159990162c00f374f5ac5616bcd5",
                "c09a842829b24a46ee9f7832559916d777301e125618be6948ea9e8c882d8d7b"
            ],
            "type": "XHR",