{
    "domain": "contobox.com",
    "owner": {},
    "source": [
        "DuckDuckGo-US"
    ],
    "prevalence": 0.0000682,
    "sites": 10,
    "subdomains": [
        "ws",
        "am",
        "cbdp"
    ],
    "cnames": [],
    "fingerprinting": 1,
    "resources": [
        {
            "rule": "contobox\\.com\\/getcode\\.js",
            "cookies": 0.0000341,
            "fingerprinting": 1,
            "subdomains": [
                "ws"
            ],
            "apis": {
                "Navigator.prototype.userAgent": 4,
                "Date.prototype.getTime": 3
            },
            "sites": 6,
            "prevalence": 0.0000409,
            "cnames": [],
            "responseHashes": [
                "b94176ff9d66fc70f6b834d68fff7340da51ad8968d61ced962e4a9224a7a2b1",
                "cdc79226cc9dfd2c30594699dada3c44bd70cf083394351ac8f8c87913080fef",
                "c8beee07fc4a084efc0b7dbeb543aff347abf1a73fcf8f007a8c382a324e5749",
                "597966a4ea715586daf74fa7ff1cb16b8a9a7fdc3efe34d638d3abc994b22c96",
                "471fffc5399772ceb5bebc201697bcf02662d45a46343e70afa57fb81ba14daa"
            ],
            "type": "Script",
            "firstPartyCookies": {},
            "firstPartyCookiesSent": {
                "gpv_pss": 0.000006816632583503749,
                "IR_gbd": 0.000006816632583503749
            },
            "exampleSites": [
                "mulesoft.com",
                "www.everydropwater.com",
                "www.lowes.ca",
                "www.mulesoft.com",
                "www.redkap.com",
                "www.renodepot.com"
            ]
        },
        {
            "rule": "contobox\\.com\\/v3\\/frontend\\/creatives\\/getcode\\.js",
            "cookies": 0.0000341,
            "fingerprinting": 1,
            "subdomains": [
                "am"
            ],
            "apis": {
                "Document.cookie getter": 5
            },
            "sites": 5,
            "prevalence": 0.0000341,
            "cnames": [],
            "responseHashes": [
                "bf8d0c25a38235a4314c4f77f275c65c5229f2633ceaacc5146cd7ecf3646a01",
                "3a4eaaa76943f9acba86957ff7583755b50efa332ea924fc9875a59ade32b28c",
                "a85c94d0f8c6bd90783c213617c10269cf3da3e5cd3efc629a349d6b1c6d55fd",
                "ec5e98be0b3fdf0ade262add6c4be5f0b0d6166f5f389d65d7d60473b857b33d"
            ],
            "type": "Script",
            "firstPartyCookies": {},
            "firstPartyCookiesSent": {
                "gpv_pss": 0.000006816632583503749
            },
            "exampleSites": [
                "cosmoprofbeauty.com",
                "www.cosmoprofbeauty.com",
                "www.homedepot.ca",
                "www.lowes.ca",
                "www.renodepot.com"
            ]
        },
        {
            "rule": "contobox\\.com\\/wsrule",
            "cookies": 0,
            "fingerprinting": 0,
            "subdomains": [
                "cbdp"
            ],
            "apis": {},
            "sites": 6,
            "prevalence": 0.0000409,
            "cnames": [],
            "responseHashes": [
                "1a064008e5513671b02c0b64bd8dc53befc21249cdbc5788f4624c051097407b",
                "944a152dcbb8c64708e6d1648e99771607374f926a884c952303fb70d4b22d8c",
                "e9259f37c84d75f738a5e3d02fe22b9287caf7b2786de4eaa2db5d97a303db21",
                "6659be6abc6d4373c6b448e5a02f9469b74424f16685f65a57ffec72df1b9c78",
                "217fa6f85d6d8cd21a9cb5eec23ada7bbadeb6b5e5b66f50fb90583dfe912a26"
            ],
            "type": "XHR",
            "firstPartyCookies": {},
            "firstPartyCookiesSent": {},
            "exampleSites": [
                "everydropwater.com",
                "www.homedepot.ca",
                "www.lowes.ca",
                "www.mulesoft.com",
                "www.redkap.com",
                "www.renodepot.com"
            ]
        }
    ],
    "categories": [],
    "performance": {},
    "cookies": 0.0000613,
    "topInitiators": [
        {
            "domain": "googletagmanager.com",
            "prevalence": 0.5833333333333334
        },
        {
            "domain": "first party",
            "prevalence": 0.3333333333333333
        },
        {
            "domain": "adobedtm.com",
            "prevalence": 0.08333333333333333
        }
    ],
    "types": {
        "Script": 11,
        "XHR": 6
    },
    "nameservers": [
        "ns-1257.awsdns-29.org",
        "ns-501.awsdns-62.com",
        "ns-868.awsdns-44.net",
        "ns-1616.awsdns-10.co.uk"
    ]
}