{
    "domain": "contextly.com",
    "owner": {},
    "source": [
        "DuckDuckGo-US"
    ],
    "prevalence": 0.000075,
    "sites": 11,
    "subdomains": [
        "rest",
        "experience"
    ],
    "cnames": [],
    "fingerprinting": 0,
    "resources": [
        {
            "rule": "contextly\\.com\\/pagewidgets\\/get\\/",
            "cookies": 0,
            "fingerprinting": 0,
            "subdomains": [
                "rest"
            ],
            "apis": {},
            "sites": 11,
            "prevalence": 0.000075,
            "cnames": [],
            "responseHashes": [
                "6cf1b178ce8ed3d48d1d9dcdf7371eee69585658e37c9cfd6bfcfa4be5ab2709",
                "497e510ea1bf0c7e9d6158d908af061183a05caa8942699c50b2d4e1d20dd05f",
                "c4f77633409b2cfda66d1262e98fc4f4a826c9c6d0177273b06e80743058e2be",
                "f3690881db04708b73197e53f1075284c3ddcb6d01c49f7771f25d56dafa0c42",
                "cd84c106b7bc289d62605f6637f35e291b681e0ca7e39d55cf4d1acb73650877",
                "c0c1f12aafe517fc503119c89124583e0dd543c20d67e59cbff4aafd8495f117",
                "6c61268700c6d64a1d636b197f5b6b6e3c927af5b742830a409ba836946c4e1f",
                "ec02bff58125e7b70d6486c5cd2c843acea757a2ab4e5742a815fab77f14c9b6",
                "393de83c8528fecc442f8da8d69db2c0af8eeefd5f1068410cca91963e496078",
                "7164efd9d0b2b46ab3b07be8a7eb078bce2df74c2bb493350f421dc183b8976e"
            ],
            "type": "XHR",
            "firstPartyCookies": {},
            "firstPartyCookiesSent": {},
            "exampleSites": [
                "adafruit.com",
                "forst.tax",
                "sportcoaching.co.nz",
                "www.apartmentguide.com",
                "www.crikey.com.au",
                "www.footankleinstitute.com",
                "www.levernews.com",
                "www.pewpewtactical.com",
                "www.revolt.tv",
                "www.techtownforum.com",
                "www.weareteachers.com"
            ]
        },
        {
            "rule": "contextly\\.com\\/events\\/put\\/",
            "cookies": 0,
            "fingerprinting": 0,
            "subdomains": [
                "experience"
            ],
            "apis": {},
            "sites": 8,
            "prevalence": 0.0000545,
            "cnames": [],
            "responseHashes": [
                "69d9dcb216d80ad3e36b4b3d0005f52af24c1101a682a6967727c742e31d9eca",
                "8d5acaec56407963d626912fef3f1dd3def24d6968c21ba2d9a020bde6317884",
                "48da8ef8e0c7ce7a2b0909d7ca19e8c59cef3355dd2c62d82bfba38c7a0a67bd",
                "55c49013e7e9cc591a7bdde638daac476b3c5a3a134e8797777018ed1ebba7cc",
                "2570ca247cf689e73428e4f356d2e70172adcdf8982b3f4f3081fd18d1a068ef",
                "abb1c86d82d12eb7b97048dc067f3dbdf57ec13eaabcfe3899627164928c1129"
            ],
            "type": "XHR",
            "firstPartyCookies": {},
            "firstPartyCookiesSent": {},
            "exampleSites": [
                "adafruit.com",
                "sportcoaching.co.nz",
                "www.apartmentguide.com",
                "www.crikey.com.au",
                "www.footankleinstitute.com",
                "www.pewpewtactical.com",
                "www.revolt.tv",
                "www.weareteachers.com"
            ]
        }
    ],
    "categories": [],
    "performance": {},
    "cookies": 0,
    "topInitiators": [
        {
            "domain": "context.ly",
            "prevalence": 0.9230769230769231
        },
        {
            "domain": "browsee.io",
            "prevalence": 0.07692307692307693
        }
    ],
    "types": {
        "XHR": 19
    },
    "nameservers": [
        "ns-234.awsdns-29.com",
        "ns-1613.awsdns-09.co.uk",
        "ns-916.awsdns-50.net",
        "ns-1334.awsdns-38.org"
    ]
}