{
    "domain": "contobox.com",
    "owner": {},
    "source": [
        "DuckDuckGo-US"
    ],
    "prevalence": 0.0000682,
    "sites": 10,
    "subdomains": [
        "ws",
        "am",
        "cbdp"
    ],
    "cnames": [],
    "fingerprinting": 1,
    "resources": [
        {
            "rule": "contobox\\.com\\/getcode\\.js",
            "cookies": 0.0000341,
            "fingerprinting": 1,
            "subdomains": [
                "ws"
            ],
            "apis": {
                "Navigator.prototype.userAgent": 5,
                "Date.prototype.getTime": 3
            },
            "sites": 6,
            "prevalence": 0.0000409,
            "cnames": [],
            "responseHashes": [
                "de716a82ad333b8cda10d9c8aa78a6fc14179ff9319367a7984fe2e0ebb3caf5",
                "ad1e998be16ed5480c09091baa8f46c7f5e92109d7ef22a8a2fa21faec9bd3d3",
                "505cddb76112646202fd971551b4ba96088e4c1810fb035ea8b6f0f34e91d375",
                "45700ae2175c113b1bce18b516024a49f59732fff4042da0160216d9db9773ff",
                "7b8afca9e33ad4a8ae0447d492ae09e7a797192116fe92ffc33028c6f97728e1"
            ],
            "type": "Script",
            "firstPartyCookies": {},
            "firstPartyCookiesSent": {
                "gpv_pss": 0.000006817887409407321,
                "IR_gbd": 0.000006817887409407321
            },
            "exampleSites": [
                "mulesoft.com",
                "www.everydropwater.com",
                "www.lowes.ca",
                "www.mulesoft.com",
                "www.redkap.com",
                "www.renodepot.com"
            ]
        },
        {
            "rule": "contobox\\.com\\/v3\\/frontend\\/creatives\\/getcode\\.js",
            "cookies": 0.0000341,
            "fingerprinting": 1,
            "subdomains": [
                "am"
            ],
            "apis": {
                "Document.cookie getter": 4
            },
            "sites": 5,
            "prevalence": 0.0000341,
            "cnames": [],
            "responseHashes": [
                "8203105a172e5c911fa6dd52d8374f3eff58a65ca6ea0e67423faaa6c820fe56",
                "1ebe4c9a3365306e8113262fce7911cc558bb51059e7777e852623771d3243aa",
                "8f97669cdee29bc5158382b201661e48e8e43c8b9b90a1e49d9ec9f873635dd2",
                "479a3d2cc0b8368dbc010a5f874f4cbc9128655fe17baf516cf6102059673b90"
            ],
            "type": "Script",
            "firstPartyCookies": {},
            "firstPartyCookiesSent": {
                "gpv_pss": 0.000006817887409407321
            },
            "exampleSites": [
                "cosmoprofbeauty.com",
                "www.cosmoprofbeauty.com",
                "www.homedepot.ca",
                "www.lowes.ca",
                "www.renodepot.com"
            ]
        },
        {
            "rule": "contobox\\.com\\/wsrule",
            "cookies": 0,
            "fingerprinting": 0,
            "subdomains": [
                "cbdp"
            ],
            "apis": {},
            "sites": 6,
            "prevalence": 0.0000409,
            "cnames": [],
            "responseHashes": [
                "1a064008e5513671b02c0b64bd8dc53befc21249cdbc5788f4624c051097407b",
                "944a152dcbb8c64708e6d1648e99771607374f926a884c952303fb70d4b22d8c",
                "e9259f37c84d75f738a5e3d02fe22b9287caf7b2786de4eaa2db5d97a303db21",
                "6659be6abc6d4373c6b448e5a02f9469b74424f16685f65a57ffec72df1b9c78",
                "217fa6f85d6d8cd21a9cb5eec23ada7bbadeb6b5e5b66f50fb90583dfe912a26"
            ],
            "type": "XHR",
            "firstPartyCookies": {},
            "firstPartyCookiesSent": {},
            "exampleSites": [
                "everydropwater.com",
                "www.homedepot.ca",
                "www.lowes.ca",
                "www.mulesoft.com",
                "www.redkap.com",
                "www.renodepot.com"
            ]
        }
    ],
    "categories": [],
    "performance": {},
    "cookies": 0.0000614,
    "topInitiators": [
        {
            "domain": "googletagmanager.com",
            "prevalence": 0.5833333333333334
        },
        {
            "domain": "first party",
            "prevalence": 0.3333333333333333
        },
        {
            "domain": "adobedtm.com",
            "prevalence": 0.08333333333333333
        }
    ],
    "types": {
        "Script": 11,
        "XHR": 6
    },
    "nameservers": [
        "ns-501.awsdns-62.com",
        "ns-1257.awsdns-29.org",
        "ns-868.awsdns-44.net",
        "ns-1616.awsdns-10.co.uk"
    ]
}