{
    "domain": "crazyrocket.io",
    "owner": {},
    "source": [
        "DuckDuckGo-US"
    ],
    "prevalence": 0.000123,
    "sites": 18,
    "subdomains": [
        "api"
    ],
    "cnames": [],
    "fingerprinting": 0,
    "resources": [
        {
            "rule": "crazyrocket\\.io\\/api\\/token\\/auth",
            "cookies": 0,
            "fingerprinting": 0,
            "subdomains": [
                "api"
            ],
            "apis": {},
            "sites": 12,
            "prevalence": 0.0000818,
            "cnames": [],
            "responseHashes": [
                "c1b1ada5a41f50dc24137cc1fb1c3e1b2011deceaf768f7a5526f8713970133a",
                "bf146ba8d68d04eddc5702cffd70c530d538961ae0a069295c2b5b1ae5c7435f",
                "5d62c10c26abc83aedb99e058d7fe586c66290c1f32ae7c3f780fcc6b0950699",
                "daa1f2b655e881a914648f70752eb0ee97f1a6ff96acd6ffdccdf373bc5f5467",
                "4aed5d2239d63f6bbbbe6ed800c5922e8b448a7535ed71620a332dfb5a18ae10",
                "7385ee77f981fc3c2bafaefa251665ee87a5e0fdfa8bd770a447cdc73e559bab",
                "6d4d422ff9e92f106d50674dfea3a444652f95ea086211a5470c83122544b9b8",
                "a8c11075a8918251fb778470a7a54aff4985906d39354a680f692f8fcddc2d5f",
                "4472e45e71014852c8c29dabc0d336b90d02cd04a5c4aae7610187699af3130e",
                "b2cacb61f62a37862c4d4cc0b1517d415d0df6b921f72f67045a627d8f743879",
                "a0e6f2c3a480aed9ef12e86b291357ce7fd421205ffe21cee08bcabae933cab4"
            ],
            "type": "XHR",
            "firstPartyCookies": {},
            "firstPartyCookiesSent": {},
            "exampleSites": [
                "caseknives.com",
                "fiestafactorydirect.com",
                "fleurofengland.com",
                "railsofsheffield.com",
                "shokz.com",
                "theleatherguy.org",
                "undergroundwrestler.com",
                "us.princesspolly.com",
                "www.harveywoodworking.com",
                "www.jkboots.com",
                "www.reynspooner.com",
                "www.zippo.com"
            ]
        },
        {
            "rule": "crazyrocket\\.io\\/api\\/campaign\\/check",
            "cookies": 0,
            "fingerprinting": 0,
            "subdomains": [
                "api"
            ],
            "apis": {},
            "sites": 12,
            "prevalence": 0.0000818,
            "cnames": [],
            "responseHashes": [
                "dcc7b68b350a7bd38a4dd6bb0ecb575c3cf3bf2148fcd25a5747a5311763b063",
                "1fa857bfa4de77b626cee30d8da165b52661350b298f531bbb472e1eea51ebef"
            ],
            "type": "XHR",
            "firstPartyCookies": {},
            "firstPartyCookiesSent": {},
            "exampleSites": [
                "caseknives.com",
                "fiestafactorydirect.com",
                "fleurofengland.com",
                "railsofsheffield.com",
                "shokz.com",
                "theleatherguy.org",
                "undergroundwrestler.com",
                "us.princesspolly.com",
                "www.harveywoodworking.com",
                "www.jkboots.com",
                "www.reynspooner.com",
                "www.zippo.com"
            ]
        }
    ],
    "categories": [],
    "performance": {},
    "cookies": 0,
    "topInitiators": [
        {
            "domain": "first party",
            "prevalence": 0.8947368421052632
        },
        {
            "domain": "minmaxify.com",
            "prevalence": 0.10526315789473684
        }
    ],
    "types": {
        "XHR": 24
    },
    "nameservers": [
        "ns-44.awsdns-05.com",
        "ns-693.awsdns-22.net",
        "ns-1042.awsdns-02.org",
        "ns-1732.awsdns-24.co.uk"
    ]
}