{
    "domain": "crmentjg.com",
    "owner": {},
    "source": [
        "DuckDuckGo-US"
    ],
    "prevalence": 0.000354,
    "sites": 52,
    "subdomains": [],
    "cnames": [],
    "fingerprinting": 0,
    "resources": [
        {
            "rule": "crmentjg\\.com\\/pu\\/",
            "cookies": 0.000225,
            "fingerprinting": 0,
            "subdomains": [],
            "apis": {},
            "sites": 33,
            "prevalence": 0.000225,
            "cnames": [],
            "responseHashes": [
                "40f50ee1490597650cd78292bc2513a6fa5fe7071886027666ba7e0a87c866fc",
                "bc28d8da5fec4fc708519d074d2dc27d26b1a9e933f8a8964b27f72a59525ada",
                "2307bcd06b62df13fc51ed00411dca77850ffeb8dc9b20437cc447484a8ec02f",
                "cd851581a2c230706624b819d8a338c013988f33cbbb5a650330c50f6424d7dc",
                "a44961d4ea504f447e6c7b5ec082dfb44bfa82a12b0b4358110153d78b9cfb01",
                "3a025f842c8750dc06dd97317d450fe90146a5fd47701d810c57b0278c032a51",
                "a91cae5c4e16a2c884a149d3d23b49c40940635df221c443c97ba00c8f431a8c",
                "5f75d324c21b90bd33cc06ea6f8c175ab5b0afa3b7f228fff5243407b8e0ba19",
                "bac5467ab253cc840f1e322f7deaf1305b1c2469771b0574a2d81c025fabedc1",
                "1c36b3c1a91fa4dda4beb149ea6784e44a52f2df9b502bd31f6a20cdf3e27f4c",
                "3fd4434dc23b67c915b7047caf36e752cad94083fbdca24c187878a8326e8750",
                "ab259ab15b92f9f89911f204d7f6ad55ad54e6c6b1ece1dd344e0b342cbac6b2",
                "48fda6c487e8a1d3f42468955b46ffc7746296e1eb8c4bcf321cfdf6d4e1f07c",
                "40135d279b75371c99fc6da1ecdccce559f9febbc239ed5f60f1c36bf851dc8e",
                "7c5ba7ce390d982d43129cbd826d0eb74ab1025e5aab5f31551ae38621395ddd",
                "964d494fe2c40ba4bdb8461e1979604782df365f89d941b790e6b3e6aa391ce2",
                "a6505778dd5d2c86345f9367d33717ccb72cdc63623075476d0400dcb582d94a",
                "b584d16970512475cf10552eb23fb2011fbd4a56d96120490f5e34d0d539e456",
                "f582c04409b0405e5973db6017d416f3f5b41ec3b505a146038d64aae511a3f0",
                "c815e2f5b5dc5720e28827f90db3d518beb267c2ba3abd87e4920b303fd2ab48",
                "c0525377da959156cac65fb5adfc939ebc15cfa6643b20b957ed3a4ffbc256c3",
                "acfa9d40fd586be5b414465aab9dd0d3f8517c3ae64256ebc727738f7f729fbc",
                "e6705cb317816a99fc129528f0ae13fecaa96e2e8c0a3fdbc07d0f4c50b6b818",
                "463125a3311eea5d308a5e8b2609bec2e498dff0fddd2e246243eee7b3d9fe6a",
                "bbd35749ccc74bcff270b6d2d3400dc3608ca6ef160e74e4ff413b0d196a866f",
                "7c0e9681e4322537a4491b6767fc09410876b2d192320a110b8cc8c94f3c33e8",
                "fa752ae333008f6745c4ac90a92d87958f54899c627139fd0708011b47af581c",
                "0979c669d179bad111963f9341090202d888439bf6c0641dff9fa14195463f4d",
                "cb987f08e339480fbab881dfb3e7eb01a15b324de42e0a28d175fbabb0d216b4",
                "13d6cc9981810edd8571420a82293944d82df8f8730249f61fa375d0bd6b9226",
                "f01f23b7cfa34a583070b6b2040a15299e774e431dfd8786167a96ee3310fe06",
                "40c9deae63951681cbdc2cdf37f02f8e67513d73d14b54511c5aca54192575a8"
            ],
            "type": "Document",
            "firstPartyCookies": {},
            "firstPartyCookiesSent": {},
            "exampleSites": [
                "m.tnaflix.com",
                "www.perfectgirls.xxx",
                "www.freeporn8.com",
                "eroticity.net",
                "www.amateur8.com",
                "www.pornhat.com",
                "cumfacegenerator.com",
                "pornstars.tube",
                "www.fapcat.com",
                "www.spankingtube.com",
                "de.perfektdamen.co",
                "de.ok.xxx",
                "max.porn",
                "www.boobieblog.com",
                "www.babesandstars.com",
                "www.porndeepfakes.com",
                "m.babesandstars.com",
                "porncoven.com",
                "pornsavant.com",
                "www.babesandgirls.com"
            ]
        }
    ],
    "categories": [],
    "performance": {},
    "cookies": 0.000354,
    "topInitiators": [
        {
            "domain": "twinrdack.com",
            "prevalence": 0.38461538461538464
        },
        {
            "domain": "twinrdsrv.com",
            "prevalence": 0.28846153846153844
        },
        {
            "domain": "impactserving.com",
            "prevalence": 0.19230769230769232
        },
        {
            "domain": "doublepimp.com",
            "prevalence": 0.11538461538461539
        },
        {
            "domain": "twinrdsyn.com",
            "prevalence": 0.019230769230769232
        }
    ],
    "types": {
        "Document": 33
    },
    "nameservers": [
        "ns2.eurodns.com",
        "ns1.eurodns.com",
        "ns3.eurodns.com",
        "ns4.eurodns.com"
    ]
}