{
    "domain": "ctxtfl.com",
    "owner": {},
    "source": [
        "DuckDuckGo-US"
    ],
    "prevalence": 0.000184,
    "sites": 27,
    "subdomains": [],
    "cnames": [],
    "fingerprinting": 3,
    "resources": [
        {
            "rule": "ctxtfl\\.com\\/scripts\\/js\\/p\\.js",
            "cookies": 0,
            "fingerprinting": 3,
            "subdomains": [],
            "apis": {
                "Date.prototype.getTime": 17,
                "Navigator.prototype.userAgent": 17,
                "window.sessionStorage": 17,
                "Screen.prototype.width": 17,
                "Screen.prototype.height": 17,
                "window.devicePixelRatio": 17,
                "window.innerWidth": 17,
                "window.innerHeight": 17,
                "DeviceMotionEvent.prototype.acceleration": 17,
                "DeviceMotionEvent.prototype.accelerationIncludingGravity": 17,
                "DeviceMotionEvent.prototype.rotationRate": 17
            },
            "sites": 17,
            "prevalence": 0.000116,
            "cnames": [],
            "responseHashes": [
                "d719d9aa098364086f543af60dd704b9e7f186c01a4c383a304d424407638560",
                "e449508665d4e6a5f4ebb791a61ca5ab1792dc31d976def30da89d8c812693ac",
                "38ec1542a3b6f583ec7bbd6011f40fd5dd9057df4def3d5022bf9e852fdf6e71",
                "bb7966029c9004402b7ed36362e02b855b15795961d81bdbadf076d9cd8f7d0c",
                "d9e3597872861c1240eb3c9fde7d44def07a26dd1a3eb359c3e54dacf887225f",
                "07a93859bb2b10ff199e090014b1672a84ac94c37e88e78078eb9f7bae0d4520",
                "0146d06b7407e8242cb78bd324745f11c5ce1df6e24d1d488d64c263c8fae444",
                "6736ceb7989195340b90cc0b9eb4140a8b3f86d5bfa92fa90c9e0aaab1e189b4",
                "f54d568f4098dd3bf7d46664a37e01590892b88e3f4ca92c508b5addb00191f0",
                "8e236b1ad70a0dee1cac3689ff6c7ff7e29190dae573a5ec1be142363e1b0b2d",
                "a9d971a73f645883a276c283be57f7e99e03db53baaf5d75830178c741500192",
                "6ea83c2f77ee6d4e5f66ce12aec400c8c40a2cccd8691becae835da21b4bf5dc",
                "5e2f925593d94d904c933275ee380741abc79166d11b1e1630b82a2277effd64",
                "e0a0ecd0e0129b746b15afa86fdf12378c06a30caa5b6baf6dac3c26f643a79a",
                "2034e5c1265e5c5550c4f28e59e236a548983f0c45cc63c4f75cf32066517f78",
                "6c651269849b7ed16ac52daed3d94ac7148a9f3657ca213bc9c27ada0c7b1d30"
            ],
            "type": "Script",
            "firstPartyCookies": {},
            "firstPartyCookiesSent": {},
            "exampleSites": [
                "radio-canada.ca",
                "ressourcessante.salutbonjour.ca",
                "rpmweb.ca",
                "www.5ingredients15minutes.com",
                "www.canadianliving.com",
                "www.coupdepouce.com",
                "www.danslescoulisses.com",
                "www.guideautoweb.com",
                "www.journaldemontreal.com",
                "www.journaldequebec.com",
                "www.lesoleil.com",
                "www.recettes.qc.ca",
                "www.salutbonjour.ca",
                "www.troisfoisparjour.com",
                "www.tvasports.ca",
                "www.tvanouvelles.ca",
                "www.zeste.ca"
            ]
        },
        {
            "rule": "ctxtfl\\.com\\/\\/cracq",
            "cookies": 0,
            "fingerprinting": 0,
            "subdomains": [],
            "apis": {},
            "sites": 19,
            "prevalence": 0.00013,
            "cnames": [],
            "responseHashes": [
                "24331bbdf40c95e911c59ea6beb4dea06c862b129605ad6f06f845fc1f0f059e"
            ],
            "type": "XHR",
            "firstPartyCookies": {},
            "firstPartyCookiesSent": {},
            "exampleSites": [
                "radio-canada.ca",
                "ici.radio-canada.ca",
                "ressourcessante.salutbonjour.ca",
                "rpmweb.ca",
                "www.5ingredients15minutes.com",
                "www.canadianliving.com",
                "www.coupdepouce.com",
                "www.danslescoulisses.com",
                "www.guideautoweb.com",
                "www.iprofesional.com",
                "www.journaldemontreal.com",
                "www.journaldequebec.com",
                "www.lesoleil.com",
                "www.recettes.qc.ca",
                "www.salutbonjour.ca",
                "www.troisfoisparjour.com",
                "www.tvasports.ca",
                "www.tvanouvelles.ca",
                "www.zeste.ca"
            ]
        },
        {
            "rule": "ctxtfl\\.com\\/\\/cracq",
            "cookies": 0,
            "fingerprinting": 0,
            "subdomains": [],
            "apis": {},
            "sites": 19,
            "prevalence": 0.00013,
            "cnames": [],
            "responseHashes": [],
            "type": "Preflight",
            "firstPartyCookies": {},
            "firstPartyCookiesSent": {},
            "exampleSites": [
                "radio-canada.ca",
                "ici.radio-canada.ca",
                "ressourcessante.salutbonjour.ca",
                "rpmweb.ca",
                "www.5ingredients15minutes.com",
                "www.canadianliving.com",
                "www.coupdepouce.com",
                "www.danslescoulisses.com",
                "www.guideautoweb.com",
                "www.iprofesional.com",
                "www.journaldemontreal.com",
                "www.journaldequebec.com",
                "www.lesoleil.com",
                "www.recettes.qc.ca",
                "www.salutbonjour.ca",
                "www.troisfoisparjour.com",
                "www.tvasports.ca",
                "www.tvanouvelles.ca",
                "www.zeste.ca"
            ]
        },
        {
            "rule": "ctxtfl\\.com\\/indirect-inference",
            "cookies": 0,
            "fingerprinting": 0,
            "subdomains": [],
            "apis": {},
            "sites": 18,
            "prevalence": 0.000123,
            "cnames": [],
            "responseHashes": [
                "93ef5c84bac185ff4b55d64d09cf92e725c6323be4207a3003f8ae56bda013e2",
                "40c132b928fe00cf669996aedbaf555a6ec3b19ad519d33638de676b97691659",
                "0b544bee6f0df0b41acfa4ca93c470eddaee033bca2dd6cb65d33703269ae4ca"
            ],
            "type": "XHR",
            "firstPartyCookies": {},
            "firstPartyCookiesSent": {},
            "exampleSites": [
                "radio-canada.ca",
                "ici.radio-canada.ca",
                "ressourcessante.salutbonjour.ca",
                "rpmweb.ca",
                "www.5ingredients15minutes.com",
                "www.canadianliving.com",
                "www.coupdepouce.com",
                "www.danslescoulisses.com",
                "www.guideautoweb.com",
                "www.journaldemontreal.com",
                "www.journaldequebec.com",
                "www.lesoleil.com",
                "www.recettes.qc.ca",
                "www.salutbonjour.ca",
                "www.troisfoisparjour.com",
                "www.tvasports.ca",
                "www.tvanouvelles.ca",
                "www.zeste.ca"
            ]
        },
        {
            "rule": "ctxtfl\\.com\\/indirect-inference",
            "cookies": 0,
            "fingerprinting": 0,
            "subdomains": [],
            "apis": {},
            "sites": 17,
            "prevalence": 0.000116,
            "cnames": [],
            "responseHashes": [],
            "type": "Preflight",
            "firstPartyCookies": {},
            "firstPartyCookiesSent": {},