{
    "domain": "daftporn.cc",
    "owner": {},
    "source": [
        "DuckDuckGo-US"
    ],
    "prevalence": 0.00015,
    "sites": 22,
    "subdomains": [],
    "cnames": [],
    "fingerprinting": 0,
    "resources": [
        {
            "rule": "daftporn\\.cc\\/myvids\\/mltbn2\\/daftporncc-multi-exo2\\.php",
            "cookies": 0,
            "fingerprinting": 0,
            "subdomains": [],
            "apis": {},
            "sites": 9,
            "prevalence": 0.0000613,
            "cnames": [],
            "responseHashes": [
                "60cda9f8c42c5610a2eda20de07144fa3fa873034b75257d61d1fae967e846c2"
            ],
            "type": "Document",
            "firstPartyCookies": {},
            "firstPartyCookiesSent": {},
            "exampleSites": [
                "asianvideos.pro",
                "bhabhixxxvideos.com",
                "girlsporn.pro",
                "hindipornhd.com",
                "hot-porn.pro",
                "lesbitube.net",
                "videosxxx.fun",
                "x-videos.pro",
                "xxxnxx.tv"
            ]
        },
        {
            "rule": "daftporn\\.cc\\/myvids\\/exofall\\/exofb\\.php",
            "cookies": 0,
            "fingerprinting": 0,
            "subdomains": [],
            "apis": {},
            "sites": 22,
            "prevalence": 0.00015,
            "cnames": [],
            "responseHashes": [
                "281f1c0165d1df4a5d96ed88aa3850b10c75848862de8bc16c951ede2a53a021",
                "20f85f5a8bc7ea9aa870756927bc006fa2add869f4948d56b819ee4208e327e7",
                "3418974b7d378e194770fa6dc19f38bf8ba25ca52334ea5b3a0f2234a3ce0892",
                "87f579243392ef32ae373185ee85a7f773fd0bac59113784ce3a08f5ce3e2ed5",
                "98b2688468a05195435a4eded93893a38f135c8502c390449fc659dd12a9aa7b",
                "b928d1fae2f5e30f35d7ad10480bcd79b5dc628ade165082b67b33308bb9a51b",
                "bca8acca046ff1bd49c8b7534166d4a9b0967e5a2d01a8d8540e99e83ff60912",
                "e2f07af62e6cd1a70bcbfbf87a394dca37a8ce4915fff29b2cf0c2c4a85e39a5",
                "c4cd4faf44f8b9c6bc68aa0251bffb3e323dd301ffaa00a9ddf08aeed1f37b9e",
                "01e87c47002eff137d2951bf2e6385f8806502440f1bb3779df862e8771ba62c",
                "f9a74f63975c983be91710ece60d1a395e8b02f5003c92889f9a23119a906819",
                "50b694b829fdd7718a59ddbe225f8933dcbd9a8a7a41ae89e48fcd6feeb8f05a",
                "b88146d48f456c05a262964a0214aa68f7451826145b3925ed802b8398bac6de",
                "e1a019d9bd188971d23b5b191cefcc29b715c7f305f257e0298fa26a4707800d",
                "2ef60766910ab4cfcc2cedb675fff8e0c525768d5354a20be3f2b7c624132524",
                "2a616e9f8adcf5fa3758acea0eab199c8774dc68d5476bce945d6a65c7ddf3fd",
                "c701fe3a9c30df0e98760a79cafcb02aab444a6511a794b6621b62dbf255bdbc",
                "c4b42bffeb903dd7be886e5c6abbf2b22d7da15013bc82ee3b37bd0ddf2dedd0",
                "8efa936febf669658d14e234fa9c2c8136d47110c64ee05440b32219de24c3b7"
            ],
            "type": "Document",
            "firstPartyCookies": {},
            "firstPartyCookiesSent": {},
            "exampleSites": [
                "videosxxx.fun",
                "pornoxxx.pro",
                "asianvideos.pro",
                "bhabhixxxvideos.com",
                "hot-porn.pro",
                "desisex.su",
                "xxxnxx.tv",
                "momvideos24.com",
                "x-videos.pro",
                "lesbitube.net",
                "hotmomxxx.net",
                "koreanporn.su",
                "momhdporn.com",
                "hdjav.su",
                "hindipornhd.com",
                "desifuck.cc",
                "indiaporn.su",
                "girlsporn.pro",
                "newsexvideos.net",
                "hdxxx.su"
            ]
        },
        {
            "rule": "daftporn\\.cc\\/myvids\\/exofall\\/thumbs\\/53\\.jpg",
            "cookies": 0,
            "fingerprinting": 0,
            "subdomains": [],
            "apis": {},
            "sites": 2,
            "prevalence": 0.0000136,
            "cnames": [],
            "responseHashes": [
                "e2008bb3a6a2e6c512603deabd620848a730d79c09959d61e6c469167b59b6c8"
            ],
            "type": "Image",
            "firstPartyCookies": {},
            "firstPartyCookiesSent": {},
            "exampleSites": [
                "asianvideos.pro",
                "momvideos24.com"
            ]
        },
        {
            "rule": "daftporn\\.cc\\/myvids\\/mltbn2\\/daftporncc-multi-exo1\\.php",
            "cookies": 0,
            "fingerprinting": 0,
            "subdomains": [],
            "apis": {},
            "sites": 11,
            "prevalence": 0.000075,
            "cnames": [],
            "responseHashes": [
                "573b4c92c03856f248ebfa9ac7cb70e4787ac81cd3cb8451131df5d6c4931fcc"
            ],
            "type": "Document",
            "firstPartyCookies": {},
            "firstPartyCookiesSent": {},
            "exampleSites": [
                "bhabhixxxvideos.com",
                "desifuck.cc",
                "hdjav.su",
                "hindipornhd.com",
                "hot-porn.pro",
                "hotmomxxx.net",
                "newsexvideos.net",
                "pornoxxx.pro",
                "videosxxx.fun",
                "x-videos.pro",
                "xxxnxx.tv"
            ]
        },
        {
            "rule": "daftporn\\.cc\\/myvids\\/mltbn2\\/daftporncc-multi-exo3\\.php",
            "cookies": 0,
            "fingerprinting": 0,
            "subdomains": [],
            "apis": {},
            "sites": 5,
            "prevalence": 0.0000341,
            "cnames": [],
            "responseHashes": [
                "e9133f3ab4c296bd0ba4f71df26b4e5461777401090643e1db98623c0ce99c72"
            ],
            "type": "Document",
            "firstPartyCookies": {},
            "firstPartyCookiesSent": {},
            "exampleSites": [
                "bhabhixxxvideos.com",
                "desisex.su",
                "hdxxx.su",
                "japaneseporn.su",
                "xxxnxx.tv"
            ]
        },
        {
            "rule": "daftporn\\.cc\\/myvids\\/exofall\\/thumbs\\/45\\.jpg",
            "cookies": 0,
            "fingerprinting": 0,
            "subdomains": [],
            "apis": {},
            "sites": 2,
            "prevalence": 0.0000136,
            "cnames": [],
            "responseHashes": [
                "0ae696b800987c3ce4cc228d30c04d06972a081adf4b124a0f5d1720394422f7"
            ],
            "type": "Image",
            "firstPartyCookies": {},
            "firstPartyCookiesSent": {},
            "exampleSites": [
                "bhabhixxxvideos.com",
                "koreanporn.su"
            ]
        },
        {
            "rule": "daftporn\\.cc\\/myvids\\/exofall\\/thumbs\\/68\\.jpg",
            "cookies": 0,
            "fingerprinting": 0,
            "subdomains": [],
            "apis": {},
            "sites": 2,
            "prevalence": 0.0000136,
            "cnames": [],
            "responseHashes": [
                "bd6f920bf0b0343617e8c30898c780b90f7cf320c48b9c84b57979ea2d91986b"
            ],
            "type": "Image",
            "firstPartyCookies": {},
            "firstPartyCookiesSent": {},
            "exampleSites": [
                "bhabhixxxvideos.com",
                "hdxxx.su"
            ]
        },
        {
            "rule": "daftporn\\.cc\\/myvids\\/exofall\\/thumbs\\/87\\.jpg",
            "cookies": 0,
            "fingerprinting": 0,
            "subdomains": [],
            "apis": {},
            "sites": 2,
            "prevalence": 0.0000136,
            "cnames": [],
            "responseHashes": [
                "c2d770c165a69132347758fe0482be539b0513406e5904e8c3c1b68edd31f624"
            ],
            "type": "Image",
            "firstPartyCookies": {},