{
    "domain": "daftporn.cc",
    "owner": {},
    "source": [
        "DuckDuckGo-US"
    ],
    "prevalence": 0.000116,
    "sites": 17,
    "subdomains": [],
    "cnames": [],
    "fingerprinting": 0,
    "resources": [
        {
            "rule": "daftporn\\.cc\\/myvids\\/mltbn2\\/daftporncc-multi-exo2\\.php",
            "cookies": 0,
            "fingerprinting": 0,
            "subdomains": [],
            "apis": {},
            "sites": 7,
            "prevalence": 0.0000477,
            "cnames": [],
            "responseHashes": [
                "60cda9f8c42c5610a2eda20de07144fa3fa873034b75257d61d1fae967e846c2"
            ],
            "type": "Document",
            "firstPartyCookies": {},
            "firstPartyCookiesSent": {},
            "exampleSites": [
                "asianvideos.pro",
                "chineseporn.su",
                "desisex.su",
                "koreanporn.su",
                "momvideos24.com",
                "videosxxx.fun",
                "x-videos.pro"
            ]
        },
        {
            "rule": "daftporn\\.cc\\/myvids\\/exofall\\/exofb\\.php",
            "cookies": 0,
            "fingerprinting": 0,
            "subdomains": [],
            "apis": {},
            "sites": 17,
            "prevalence": 0.000116,
            "cnames": [],
            "responseHashes": [
                "8bd271a4be1940db9afe712eeeab9547c595692c08b08bfe3cdf7ebad09da840",
                "b2f4e1eed49c0c292bf307362d04a1a1b2569c6e2cab03b5265eb8bd5497cacb",
                "115dfb082176c675c8ea278b0619f0c05640c9e358a98359ed74cea76ca32964",
                "5191518e739baa11762cc42953d57680801a3592248b0327dbbd423a5eee606b",
                "bca81edcbb2978daba45e314058faffa627c32f82a8c94907d6464410956ee72",
                "25d404422101c6b8e91e5c77d6e87fd12060f206d6f8d9b81cd3bb6e446a2a32",
                "8b428a701424ce2097a3c367b0e686dee478b9d52d0b95af17dc977107b182b5",
                "3c10f7ff5a8535910e89e5bab322c7dd843a6233236708b2df0bc69d3f4a4bd1",
                "60770af93622a2158dd96ce01a679feea507e360d38b4d94a138c51463d8bff2",
                "b928d1fae2f5e30f35d7ad10480bcd79b5dc628ade165082b67b33308bb9a51b",
                "87f579243392ef32ae373185ee85a7f773fd0bac59113784ce3a08f5ce3e2ed5",
                "2813318cfbd0c69fc8d16af3ac479bc4b8260599ba6fa0b1a563b712f9f2343b",
                "58ece9e0136864f76b54f0e246bbb6b929e4d17befb1b5c318dfad7f548fd283",
                "a0344e92000264ab4e9b562182660ed1ff2dcaa4adc306d5767b96385e3cf83f",
                "c3834987dc8091c5f1f102c835a54b02e9bc37e92e317ce76de9faa3db334e00"
            ],
            "type": "Document",
            "firstPartyCookies": {},
            "firstPartyCookiesSent": {},
            "exampleSites": [
                "asianvideos.pro",
                "bhabhixxxvideos.com",
                "chineseporn.su",
                "desisex.su",
                "hdjav.su",
                "hindipornhd.com",
                "hot-porn.pro",
                "indiaporn.su",
                "japaneseporn.su",
                "koreanporn.su",
                "momvideos24.com",
                "newsexvideos.net",
                "pornoxxx.pro",
                "videosxxx.fun",
                "x-videos.pro",
                "xvideos.rest",
                "xxxnxx.tv"
            ]
        },
        {
            "rule": "daftporn\\.cc\\/myvids\\/mltbn2\\/daftporncc-multi-exo1\\.php",
            "cookies": 0,
            "fingerprinting": 0,
            "subdomains": [],
            "apis": {},
            "sites": 8,
            "prevalence": 0.0000545,
            "cnames": [],
            "responseHashes": [
                "573b4c92c03856f248ebfa9ac7cb70e4787ac81cd3cb8451131df5d6c4931fcc"
            ],
            "type": "Document",
            "firstPartyCookies": {},
            "firstPartyCookiesSent": {},
            "exampleSites": [
                "bhabhixxxvideos.com",
                "chineseporn.su",
                "hdjav.su",
                "hot-porn.pro",
                "indiaporn.su",
                "japaneseporn.su",
                "koreanporn.su",
                "newsexvideos.net"
            ]
        },
        {
            "rule": "daftporn\\.cc\\/myvids\\/mltbn2\\/daftporncc-multi-exo3\\.php",
            "cookies": 0,
            "fingerprinting": 0,
            "subdomains": [],
            "apis": {},
            "sites": 8,
            "prevalence": 0.0000545,
            "cnames": [],
            "responseHashes": [
                "e9133f3ab4c296bd0ba4f71df26b4e5461777401090643e1db98623c0ce99c72"
            ],
            "type": "Document",
            "firstPartyCookies": {},
            "firstPartyCookiesSent": {},
            "exampleSites": [
                "chineseporn.su",
                "desisex.su",
                "indiaporn.su",
                "koreanporn.su",
                "pornoxxx.pro",
                "videosxxx.fun",
                "x-videos.pro",
                "xxxnxx.tv"
            ]
        },
        {
            "rule": "daftporn\\.cc\\/myvids\\/mltbn2\\/daftporncc-multi-exo4\\.php",
            "cookies": 0,
            "fingerprinting": 0,
            "subdomains": [],
            "apis": {},
            "sites": 5,
            "prevalence": 0.0000341,
            "cnames": [],
            "responseHashes": [
                "5afae537bb16f55ba388b5b79839fc6000026d2e2491cf68e52309996945303c"
            ],
            "type": "Document",
            "firstPartyCookies": {},
            "firstPartyCookiesSent": {},
            "exampleSites": [
                "chineseporn.su",
                "hindipornhd.com",
                "japaneseporn.su",
                "xvideos.rest",
                "xxxnxx.tv"
            ]
        },
        {
            "rule": "daftporn\\.cc\\/myvids\\/exofall\\/thumbs\\/55\\.jpg",
            "cookies": 0,
            "fingerprinting": 0,
            "subdomains": [],
            "apis": {},
            "sites": 2,
            "prevalence": 0.0000136,
            "cnames": [],
            "responseHashes": [
                "22009f68ed1a3958b4960d4ba21853766139b4a3ae2c4c08761139a45fe65a18"
            ],
            "type": "Image",
            "firstPartyCookies": {},
            "firstPartyCookiesSent": {},
            "exampleSites": [
                "hot-porn.pro",
                "indiaporn.su"
            ]
        },
        {
            "rule": "daftporn\\.cc\\/myvids\\/exofall\\/thumbs\\/19\\.jpg",
            "cookies": 0,
            "fingerprinting": 0,
            "subdomains": [],
            "apis": {},
            "sites": 2,
            "prevalence": 0.0000136,
            "cnames": [],
            "responseHashes": [
                "c5a7d6adb0f99916425e6a7fc9fb156f546febfd2ebd95eb9c94be4a855ece01"
            ],
            "type": "Image",
            "firstPartyCookies": {},
            "firstPartyCookiesSent": {},
            "exampleSites": [
                "pornoxxx.pro",
                "x-videos.pro"
            ]
        },
        {
            "rule": "daftporn\\.cc\\/myvids\\/exofall\\/thumbs\\/87\\.jpg",
            "cookies": 0,
            "fingerprinting": 0,
            "subdomains": [],
            "apis": {},
            "sites": 2,
            "prevalence": 0.0000136,
            "cnames": [],
            "responseHashes": [
                "c2d770c165a69132347758fe0482be539b0513406e5904e8c3c1b68edd31f624"
            ],
            "type": "Image",
            "firstPartyCookies": {},
            "firstPartyCookiesSent": {},
            "exampleSites": [
                "x-videos.pro",
                "xxxnxx.tv"
            ]
        }
    ],
    "categories": [],
    "performance": {},
    "cookies": 0,
    "topInitiators": [
        {
            "domain": "first party",
            "prevalence": 0.5079365079365079
        },
        {
            "domain": "magsrv.com",