{
    "domain": "data-dynamic.net",
    "owner": {},
    "source": [
        "DuckDuckGo-US"
    ],
    "prevalence": 0.0000614,
    "sites": 9,
    "subdomains": [
        "lb"
    ],
    "cnames": [],
    "fingerprinting": 0,
    "resources": [
        {
            "rule": "data-dynamic\\.net\\/data\\.js\\.php",
            "cookies": 0.0000409,
            "fingerprinting": 0,
            "subdomains": [
                "lb"
            ],
            "apis": {},
            "sites": 6,
            "prevalence": 0.0000409,
            "cnames": [],
            "responseHashes": [
                "defb6185bb5e83bb2a26669eafba2874762ff5fb8baa78d1244c4c706a37acb6",
                "eee442d121e878786ceb4af15c033ee21bd3fea9023cd7a27c6af2530509a985",
                "e732cd887f865f7c84c7ee8c92ccbb7cb9eeb215c3d6a8c773213230abb947b3",
                "bc8b83810b1228349575b79791c26408301025ef75cb698df5a556ada803fe2d",
                "b4af420e5d3295c019a065a84ddcb4b7bcf2afef58ace404dee9731300942b17"
            ],
            "type": "XHR",
            "firstPartyCookies": {},
            "firstPartyCookiesSent": {
                "_testVar": 0.000006817887409407321
            },
            "exampleSites": [
                "billabong.com",
                "www.billabong.com",
                "www.camerahouse.com.au",
                "www.hellomolly.com",
                "www.mobilefun.co.uk",
                "www.rvca.com"
            ]
        }
    ],
    "categories": [],
    "performance": {},
    "cookies": 0.0000614,
    "topInitiators": [
        {
            "domain": "barilliance.com",
            "prevalence": 0.7333333333333333
        },
        {
            "domain": "first party",
            "prevalence": 0.26666666666666666
        }
    ],
    "types": {
        "XHR": 6
    },
    "nameservers": [
        "ns-604.awsdns-11.net",
        "ns-1133.awsdns-13.org",
        "ns-464.awsdns-58.com",
        "ns-1646.awsdns-13.co.uk"
    ]
}