{
    "domain": "digismoothie.app",
    "owner": {},
    "source": [
        "DuckDuckGo-US"
    ],
    "prevalence": 0.000361,
    "sites": 53,
    "subdomains": [
        "giftbox",
        "candyrack"
    ],
    "cnames": [],
    "fingerprinting": 1,
    "resources": [
        {
            "rule": "digismoothie\\.app\\/api\\/offers",
            "cookies": 0,
            "fingerprinting": 0,
            "subdomains": [
                "giftbox"
            ],
            "apis": {},
            "sites": 21,
            "prevalence": 0.000143,
            "cnames": [],
            "responseHashes": [
                "4dfbe477345ba01acfc4ff0478aadd445343005872583014d3479522e2d4b60c",
                "5547992afdadb59737c5c0feb1a35dff294cd27145bf290c031737ecf8a2577d",
                "78f5cc3a99370915fece9111ed6886350e2fa9ed1354b805e00f105588d7c65b",
                "9cfbe3ed5acc8c537d7dc19e4121ce034005293d78b9efc7b0aa5a44e91de70b",
                "0f57bb0af30a1544d87d9853e87a452ba185cf2c3f1a63e0461b5fbe9124913f",
                "e159609616c4b120e5e4f156e86a863e31f9217ccf96dcec825189035754126e",
                "fc72548c996a64fed763d5854f3d00e1ef7421c901c108589ea382ca6a2df509",
                "a5cbe58da23aef761f28cb47b74146a8e80a351437317851891a1578ccd49c34",
                "457ae598506ebfd8b73cdda0b7b13100a89981632a39d3589b413699d4bc5039",
                "de07187fce1500a4e62eca47976764c30d7a8ddbe0684a999ec6c84ee356ec97",
                "1a13496b69441b06175d58ecc6242f851d15e5237368730362e62244540efb48",
                "1d4472d179cb5d67b0e3dfabe9d3361879ef468e72f944a932b812d8553ef3c2",
                "2eeca1da32abb64cf2bf0f1ad362272abf0ea8d9fffcea93925c092a1ef56887",
                "f5816dd98cbc46f39c824bf6251098a920c5a00828a3a317cd5739d11a0511ee",
                "f7cbfc8688d6b2d08dd66eda970ea64a17d6da4437afcdda14fe9b7c3dadf582",
                "c0230edeaa99d66c7492bec933da709514ffef12766d96480c30e8de75453c5b",
                "1d2046e309f9833fb3369d0c4b4d443b17188cc5126f5cacff102ce69970527b",
                "2cd2aa18b1f349f93d1c654dbb005053b77117f2ed1e35a9b61962a382d9b3f7",
                "94789a10fd6c063106c916a8fdb2a4d44eeaa288ab46fe08c369aac3cee2c38a"
            ],
            "type": "Fetch",
            "firstPartyCookies": {},
            "firstPartyCookiesSent": {},
            "exampleSites": [
                "www.boteboard.com",
                "www.sweetleaf.com",
                "dansko.com",
                "www.saintbernard.com",
                "canadianpreparedness.com",
                "www.brighton.com",
                "slnt.com",
                "graphtech.com",
                "www.striderite.com",
                "store.americanheritagegirls.org",
                "secretnaturecbd.com",
                "www.goatguns.com",
                "brucebolt.us",
                "sowexotic.com",
                "troyleedesigns.com",
                "primallypure.com",
                "buffalojackson.com",
                "pertronixbrands.com",
                "www.heatpressnation.com",
                "altenew.com"
            ]
        },
        {
            "rule": "digismoothie\\.app\\/api\\/apps-info\\/",
            "cookies": 0,
            "fingerprinting": 0,
            "subdomains": [
                "candyrack"
            ],
            "apis": {},
            "sites": 16,
            "prevalence": 0.000109,
            "cnames": [],
            "responseHashes": [
                "6e0c1941fd32c56c945bd2886cd6f73c3fc71f0ec9dda203637390ca6cac3182",
                "b9791f266b9216ebb3bae9778ca1f70aad624cbe0c38a84c56e7af8cd07de0c8",
                "193e388f3a208e0347a388758a7175e6738e7d4dd3ff3117cf85f4bc98971a5f",
                "71536dbc1319f018d29dda2002c8c8c8cf441466c06a7d975eb7818c3f1612ea",
                "1caeefa48867fee9f868c35f7ae5c17cf335ebada2e4888e18e424970917edd4",
                "552d8e2f93b4b82b9fe400f6b892ec5502ca9bde01b4b394ffd2165cb85bd140"
            ],
            "type": "Fetch",
            "firstPartyCookies": {},
            "firstPartyCookiesSent": {},
            "exampleSites": [
                "brucebolt.us",
                "built.com",
                "fiddlershop.com",
                "paintwithdiamonds.com",
                "poolpartstogo.com",
                "readywise.com",
                "ride.lezyne.com",
                "sightmark.com",
                "tomskey.com",
                "wickedcushions.com",
                "www.eightvape.com",
                "www.espressoparts.com",
                "www.gilisports.com",
                "www.sixzeropickleball.com",
                "www.vmcchineseparts.com",
                "www.woolx.com"
            ]
        },
        {
            "rule": "digismoothie\\.app\\/api\\/track-offers",
            "cookies": 0,
            "fingerprinting": 0,
            "subdomains": [
                "giftbox"
            ],
            "apis": {},
            "sites": 3,
            "prevalence": 0.0000205,
            "cnames": [],
            "responseHashes": [
                "44136fa355b3678a1146ad16f7e8649e94fb4fc21fe77e8310c060f61caaff8a"
            ],
            "type": "Fetch",
            "firstPartyCookies": {},
            "firstPartyCookiesSent": {},
            "exampleSites": [
                "canadianpreparedness.com",
                "dansko.com",
                "www.boteboard.com"
            ]
        },
        {
            "rule": "digismoothie\\.app\\/api\\/track-offers",
            "cookies": 0,
            "fingerprinting": 0,
            "subdomains": [
                "giftbox"
            ],
            "apis": {},
            "sites": 3,
            "prevalence": 0.0000205,
            "cnames": [],
            "responseHashes": [],
            "type": "Preflight",
            "firstPartyCookies": {},
            "firstPartyCookiesSent": {},
            "exampleSites": [
                "canadianpreparedness.com",
                "dansko.com",
                "www.boteboard.com"
            ]
        }
    ],
    "categories": [],
    "performance": {},
    "cookies": 0,
    "topInitiators": [
        {
            "domain": "first party",
            "prevalence": 0.8064516129032258
        },
        {
            "domain": "ds-cdn.com",
            "prevalence": 0.06451612903225806
        },
        {
            "domain": "shopifyorderlimits.s3.amazonaws.com",
            "prevalence": 0.04838709677419355
        },
        {
            "domain": "personizely.net",
            "prevalence": 0.03225806451612903
        },
        {
            "domain": "datma.io",
            "prevalence": 0.016129032258064516
        },
        {
            "domain": "minmaxify.com",
            "prevalence": 0.016129032258064516
        },
        {
            "domain": "getelevar.com",
            "prevalence": 0.016129032258064516
        }
    ],
    "types": {
        "Fetch": 40,
        "Preflight": 3
    },
    "nameservers": [
        "plato.ns.cloudflare.com",
        "sima.ns.cloudflare.com"
    ]
}