{
    "domain": "doctorpost.net",
    "owner": {},
    "source": [
        "DuckDuckGo-US"
    ],
    "prevalence": 0.000593,
    "sites": 87,
    "subdomains": [
        "eu",
        "us"
    ],
    "cnames": [],
    "fingerprinting": 0,
    "resources": [
        {
            "rule": "doctorpost\\.net\\/nty\\/metrics\\/save\\.img",
            "cookies": 0,
            "fingerprinting": 0,
            "subdomains": [
                "eu",
                "us"
            ],
            "apis": {},
            "sites": 75,
            "prevalence": 0.000511,
            "cnames": [],
            "responseHashes": [
                "0c4e14c97de44c7b7f4942c4cd382054ab42b74e7a53e1b3bd0940902ce7db52",
                "e171753d475c3b99d731fbb554cf667799f5885f4570b51b69ab897bce3c6139",
                "bd8cd0a7b85003fe3b5f39179952c058b7d15bc1c33e0c66e27be435909fb24c",
                "fb8fa0e3fe1e9161da9af1ef86c86c1efd91228e517adbb8605350f3e6251b9b",
                "124112d92876bb666d8767ca680e0090fb1286b7bbbb1d71e27d6ffa15d39e22",
                "520c5ba9f4ac13489a0417bf7b688e89312525f5a41695fcbe860e8d07f2506b",
                "06983582a92a8a2a52ec960cfb4728d01697b4e9515ab1b60c3c6b61e5927a85",
                "4bfc2ce62649fcd2c5a9d1713e17d3043d1d22fba2766d7cec519b93c0bb7b9a",
                "8fbb5d9075be6f37bf6d7e594d400820828debde254eb82f0c82b1dfc822378a",
                "f461feb9feb4e7ed6527dddf3a82881fe367438cbd065814381503ddc168c3df",
                "0f7b2b8b8d5eded934d251167c38dc7b85299a68328d035b3b5db72fca2dc263",
                "0d47f7e4c91edd2421bce137e2ec7862edb4dc80cf1043ff520a82408b600f7e",
                "4d3c1c8e88b0951a1f3ef09374ee7a09ffde01e8fe0364504edaa345d3857584",
                "851ba7b0d49d302a989fa166c74fae4d60ea547693b8d731a5eaf4ef2753e29a",
                "e794fed51241e02ec407a349855fd1f858edd9af487ed788fcdf22067a1aa682",
                "74996c23c3eb66567874473908395b9db1f102b6c232aa56d7b7dca75c6ce8fb",
                "988e3dac686269c7b348c65ceb7aeca510af150db4b92ca1d7810881e0e1527f",
                "df557631eba8f5f88b3b6defca5f7842ab03d72b581b439c17ba6ae0b4542906",
                "9bc6e0377e42057eb19de4154525a0d26955d8663f2871253f6909290e53de03"
            ],
            "type": "Image",
            "firstPartyCookies": {},
            "firstPartyCookiesSent": {
                "_ym_d": 0.000020449061388082287
            },
            "exampleSites": [
                "fuxporn.com",
                "eroticcore.xyz",
                "fsiblog.blog",
                "adult-session.xyz",
                "extremescatporn.com",
                "beautyteennaked.xyz",
                "www.voyeur-house.life",
                "milfnut.com",
                "thisisgore.com",
                "epawg.com",
                "www.voyeurex.com",
                "trahkino.cc",
                "pornokran.cc",
                "forced-porn.net",
                "komiklokal.click",
                "auntymaza.cc",
                "pornotaran.com",
                "tamilsexvideos.info",
                "deepgoretube.site",
                "bestgore.fun"
            ]
        }
    ],
    "categories": [],
    "performance": {},
    "cookies": 0,
    "topInitiators": [
        {
            "domain": "bc16fd1a7f.com",
            "prevalence": 0.36
        },
        {
            "domain": "7da3a14504.com",
            "prevalence": 0.33
        },
        {
            "domain": "first party",
            "prevalence": 0.11
        },
        {
            "domain": "wpushsdk.com",
            "prevalence": 0.09
        },
        {
            "domain": "7ool.net",
            "prevalence": 0.05
        },
        {
            "domain": "natsdk.com",
            "prevalence": 0.02
        },
        {
            "domain": "bokeponlinestreaming.one",
            "prevalence": 0.01
        },
        {
            "domain": "nv7s.com",
            "prevalence": 0.01
        },
        {
            "domain": "xbokepfb.co",
            "prevalence": 0.01
        },
        {
            "domain": "xvideobokepgratis.pro",
            "prevalence": 0.01
        }
    ],
    "types": {
        "Image": 75
    },
    "nameservers": [
        "ns-87.awsdns-10.com",
        "ns-991.awsdns-59.net",
        "ns-2045.awsdns-63.co.uk",
        "ns-1520.awsdns-62.org"
    ]
}