{
    "domain": "dood.pm",
    "owner": {},
    "source": [
        "DuckDuckGo-US"
    ],
    "prevalence": 0.000157,
    "sites": 23,
    "subdomains": [],
    "cnames": [],
    "fingerprinting": 1,
    "resources": [
        {
            "rule": "dood\\.pm\\/cdn-cgi\\/challenge-platform\\/scripts\\/invisible\\.js",
            "cookies": 0,
            "fingerprinting": 0,
            "subdomains": [],
            "apis": {},
            "sites": 23,
            "prevalence": 0.000157,
            "cnames": [],
            "responseHashes": [
                "bb28865163b2acdd8bd2496a01202613c27f5489948df91f09be65192af18148",
                "fc351ec971062b5e4ab27ac706fddf45adbd8dab2fa2d10b071a478e346ccf9a",
                "9ec9b1827f4561f90f2787043a044fdd6d51db0f3cf866d047c81dca70ab4148",
                "befb8e83d3e724a86f22718934230ae03ced800e0cd7ac4839a22b39c90b29df",
                "e889d75acd4f02e031e5b002d328a3d3dfd5bfc53ddb4173384b5c71421af5c7",
                "a2ba2bcec51f66266a3e5f0e0996cafa5cfb028e873ce2a66d1b7bb8433b415d",
                "3fb339ae3eddbb61cf50b8a35a30eef396414e1daf272e21acdec525bd58a5e0",
                "deda8a20d0e2950952a366642cd1bd2794d4d3da11f9957d57b04b517e74f68d",
                "fd2af3e0d71713f5a8b595d2235ae931a6df7e2221ec82aa92732a3210722d4b",
                "23cba3153fcc456807c37bee0641b1d9223e149d581a664799dbd6e6c1325e28",
                "e6437c829d5a159055e4e574eb7d4118d2cbeaaef08be26b9258e831068b07bb",
                "62167a1a526d7d11ac844660602469f8cc89fffad40e98bb3de9b7672c3948f0",
                "a356aaf55fbe5a2808fa28f948fdb9c29ee846b89c3c58b80c9b52cd7c1a2534",
                "36e77e1c1b24dab787ac8e90826b0192c458245804ead3a80f2e803de493063b",
                "ed28b49f5baf3e11d68c335403352af22c938af42cac44016522c001cef821ce",
                "e7fdfdd99796ef06b16a8e103e373367bcec4f9b575966d600efbb509f0a62ab",
                "5050ab8bb357976884e7812b081bf338e66ae3832a0cfe9a91db1e0ffcc14fbd",
                "f9011437d46870e83f4a7a4467b1d9749a06be2e0c2dcf53033a2ebfdb999693",
                "d0b1a340410d49b7156c8ea26dda1ac19eac921d0a1a9e4dadfa0fcd97a603cc",
                "bca4046754f18a78aa32e73f0be3f55230e4f4fb7e4d0a8ab9c8c46f59486860"
            ],
            "type": "Script",
            "firstPartyCookies": {},
            "firstPartyCookiesSent": {},
            "exampleSites": [
                "avtub.bond",
                "avtub.zone",
                "dosensesat.pw",
                "gayvids.tube",
                "jambulmemek.run",
                "layarkaca21.wiki",
                "memeksiana.mom",
                "memekviral.fun",
                "pinayflix.biz",
                "pinaysexscandal.co",
                "pornwatch.ws",
                "sacaelpack.com",
                "sexycandidgirls.net",
                "tantenakal.ink",
                "temancoli.online",
                "vokeptube.blogspot.com",
                "www.colmeklink.com",
                "xtorjack.com",
                "xxxstream.me"
            ]
        },
        {
            "rule": "dood\\.pm\\/cdn-cgi\\/challenge-platform\\/h\\/g\\/scripts\\/jsd\\/313d8a27\\/invisible\\.js",
            "cookies": 0,
            "fingerprinting": 0,
            "subdomains": [],
            "apis": {},
            "sites": 23,
            "prevalence": 0.000157,
            "cnames": [],
            "responseHashes": [
                "bb28865163b2acdd8bd2496a01202613c27f5489948df91f09be65192af18148",
                "fc351ec971062b5e4ab27ac706fddf45adbd8dab2fa2d10b071a478e346ccf9a",
                "9ec9b1827f4561f90f2787043a044fdd6d51db0f3cf866d047c81dca70ab4148",
                "befb8e83d3e724a86f22718934230ae03ced800e0cd7ac4839a22b39c90b29df",
                "e889d75acd4f02e031e5b002d328a3d3dfd5bfc53ddb4173384b5c71421af5c7",
                "a2ba2bcec51f66266a3e5f0e0996cafa5cfb028e873ce2a66d1b7bb8433b415d",
                "3fb339ae3eddbb61cf50b8a35a30eef396414e1daf272e21acdec525bd58a5e0",
                "deda8a20d0e2950952a366642cd1bd2794d4d3da11f9957d57b04b517e74f68d",
                "fd2af3e0d71713f5a8b595d2235ae931a6df7e2221ec82aa92732a3210722d4b",
                "23cba3153fcc456807c37bee0641b1d9223e149d581a664799dbd6e6c1325e28",
                "e6437c829d5a159055e4e574eb7d4118d2cbeaaef08be26b9258e831068b07bb",
                "62167a1a526d7d11ac844660602469f8cc89fffad40e98bb3de9b7672c3948f0",
                "a356aaf55fbe5a2808fa28f948fdb9c29ee846b89c3c58b80c9b52cd7c1a2534",
                "36e77e1c1b24dab787ac8e90826b0192c458245804ead3a80f2e803de493063b",
                "ed28b49f5baf3e11d68c335403352af22c938af42cac44016522c001cef821ce",
                "e7fdfdd99796ef06b16a8e103e373367bcec4f9b575966d600efbb509f0a62ab",
                "5050ab8bb357976884e7812b081bf338e66ae3832a0cfe9a91db1e0ffcc14fbd",
                "f9011437d46870e83f4a7a4467b1d9749a06be2e0c2dcf53033a2ebfdb999693",
                "d0b1a340410d49b7156c8ea26dda1ac19eac921d0a1a9e4dadfa0fcd97a603cc",
                "bca4046754f18a78aa32e73f0be3f55230e4f4fb7e4d0a8ab9c8c46f59486860"
            ],
            "type": "Script",
            "firstPartyCookies": {},
            "firstPartyCookiesSent": {},
            "exampleSites": [
                "avtub.bond",
                "avtub.zone",
                "dosensesat.pw",
                "gayvids.tube",
                "jambulmemek.run",
                "layarkaca21.wiki",
                "memeksiana.mom",
                "memekviral.fun",
                "pinayflix.biz",
                "pinaysexscandal.co",
                "pornwatch.ws",
                "sacaelpack.com",
                "sexycandidgirls.net",
                "tantenakal.ink",
                "temancoli.online",
                "vokeptube.blogspot.com",
                "www.colmeklink.com",
                "xtorjack.com",
                "xxxstream.me"
            ]
        },
        {
            "rule": "dood\\.pm\\/e\\/zg7i2v7imgxjofrl5ylzpk12gjhtbl86",
            "cookies": 0.0000136,
            "fingerprinting": 1,
            "subdomains": [],
            "apis": {
                "Document.cookie getter": 2,
                "window.localStorage": 2,
                "Screen.prototype.height": 2,
                "Date.prototype.getTimezoneOffset": 2,
                "Date.prototype.getTime": 2
            },
            "sites": 2,
            "prevalence": 0.0000136,
            "cnames": [],
            "responseHashes": [
                "b1d753193bd939f607576e7657359805aa199fe7bc0f17cdd5039956d959281d"
            ],
            "type": "Document",
            "firstPartyCookies": {},
            "firstPartyCookiesSent": {},
            "exampleSites": []
        },
        {
            "rule": "dood\\.pm\\/e\\/zg7i2v7imgxjofrl5ylzpk12gjhtbl86",
            "cookies": 0,
            "fingerprinting": 1,
            "subdomains": [],
            "apis": {
                "Document.cookie getter": 2,
                "window.localStorage": 2,
                "Screen.prototype.height": 2,
                "Date.prototype.getTimezoneOffset": 2,
                "Date.prototype.getTime": 2
            },
            "sites": 2,
            "prevalence": 0.0000136,
            "cnames": [],
            "responseHashes": [
                "e3b0c44298fc1c149afbf4c8996fb92427ae41e4649b934ca495991b7852b855"
            ],
            "type": "XHR",
            "firstPartyCookies": {},
            "firstPartyCookiesSent": {},
            "exampleSites": []
        }
    ],
    "categories": [],
    "performance": {},
    "cookies": 0.000157,
    "topInitiators": [
        {
            "domain": "first party",
            "prevalence": 0.8142548596112311
        },
        {
            "domain": "dood.pm",
            "prevalence": 0.17278617710583152
        },
        {
            "domain": "avtub.cloud",