{
    "domain": "dood.wf",
    "owner": {},
    "source": [
        "DuckDuckGo-US"
    ],
    "prevalence": 0.00015,
    "sites": 22,
    "subdomains": [],
    "cnames": [],
    "fingerprinting": 1,
    "resources": [
        {
            "rule": "dood\\.wf\\/cdn-cgi\\/challenge-platform\\/scripts\\/jsd\\/main\\.js",
            "cookies": 0,
            "fingerprinting": 0,
            "subdomains": [],
            "apis": {},
            "sites": 19,
            "prevalence": 0.00013,
            "cnames": [],
            "responseHashes": [
                "f712bb653450558940a8db8b85862413dadb7bc11bce381049cd240979f3675c",
                "b5d1ba94ed32d4fd1b5ed4271f2f729f86ceb6c4e27f9ab4cb55074f3a940eb1",
                "2783fe5d9aee1949aa03be1de77eca708b4c859268a3e2dbb8f9370aaef6674e",
                "23c9ab64d3329005c1b5398056b674b0573b1d2ebe4c65445568c3f985802af6",
                "30f561548fea2882a12415902447891330e59d66a9587afc69b33da6ef57a627",
                "174cb980b5ff2a6552d36272d01eb29b6eb1bb8d35d162468c9ad1100bdb11bf",
                "427d9ecd3cdb9de7edba96e37a2a885bf0a9754d1c8d2ddab0f316e60eeb72a6",
                "4017478b76ec7b7babe5739d91b779adc7be0293e9edea6b2e5fe66862b99e38"
            ],
            "type": "Script",
            "firstPartyCookies": {},
            "firstPartyCookiesSent": {},
            "exampleSites": [
                "arsipbokep.site",
                "avtub.today",
                "avtub.mom",
                "bokepinfo.fun",
                "colmeklink.top",
                "desahtoge.blogspot.com",
                "kontolin.vip",
                "nbtub.lol",
                "omeklive.com",
                "pornxstream.com",
                "sakitbokep.blogspot.com",
                "toketibu.blogspot.com",
                "www.avtub.mom",
                "www.bokepmesum.sbs",
                "www.bokepsan.net",
                "www.xvidzone.com",
                "xpornonly.com"
            ]
        },
        {
            "rule": "dood\\.wf\\/cdn-cgi\\/challenge-platform\\/h\\/g\\/scripts\\/jsd\\/3e377faf\\/main\\.js",
            "cookies": 0,
            "fingerprinting": 0,
            "subdomains": [],
            "apis": {},
            "sites": 22,
            "prevalence": 0.00015,
            "cnames": [],
            "responseHashes": [
                "f712bb653450558940a8db8b85862413dadb7bc11bce381049cd240979f3675c",
                "80fcb52e24aab4a71db564dc2e1de3f6188100e7820c3c573a49736a297f9647",
                "b5d1ba94ed32d4fd1b5ed4271f2f729f86ceb6c4e27f9ab4cb55074f3a940eb1",
                "1f6b20ba211b69b81fd8ee969bd7647198d9a8888f99236853b5ddd84fe877b4",
                "e38724bfaab793a919e05e59f08a8c14fc432216a3752594c3905ce5ba86a468",
                "2783fe5d9aee1949aa03be1de77eca708b4c859268a3e2dbb8f9370aaef6674e",
                "23c9ab64d3329005c1b5398056b674b0573b1d2ebe4c65445568c3f985802af6",
                "7825d362a2654f8078beb17c2faecaabfee587c82b5a0d6f3f950f54b43bcef1",
                "30f561548fea2882a12415902447891330e59d66a9587afc69b33da6ef57a627",
                "f05daa6ac323266fdec0a47b0370aa88cb053925b183887be7dd410a2a4b7f66",
                "174cb980b5ff2a6552d36272d01eb29b6eb1bb8d35d162468c9ad1100bdb11bf",
                "9883ebccaf6e21e2f8dfba7d928c1f7595dffd7d13c9aa162dd8bc484fcd8f4c",
                "427d9ecd3cdb9de7edba96e37a2a885bf0a9754d1c8d2ddab0f316e60eeb72a6",
                "08f2276e7a849c6c8365c31a229f734736f72db95dc2cea9d434d944d061bca6",
                "4017478b76ec7b7babe5739d91b779adc7be0293e9edea6b2e5fe66862b99e38",
                "030af9592459a0e6ca972c2505df8a9a4ce0de8fc11e9de91b78ea3bdca5f425",
                "f93ed84a5892131c385cae6cb066b2d5642abdc22ee5232621f7e40bc6774b6c",
                "6c52b3aabd5ce880546948f0ffd09d2a58364c6e4c8eec9512c10d1a2dbfbce3",
                "023264e622c070f6765d37a456b63965e9e853a2e191d79b13df4037dacfe026",
                "556a81dd8fb75364c10d236fdc8ea6f468b00018bc4f27cbfdf669fb1847cbc1"
            ],
            "type": "Script",
            "firstPartyCookies": {},
            "firstPartyCookiesSent": {},
            "exampleSites": [
                "aagmaal.mobi",
                "arsipbokep.site",
                "avtub.mom",
                "avtub.today",
                "bokepinfo.fun",
                "colmeklink.top",
                "desahtoge.blogspot.com",
                "kontolin.vip",
                "nbtub.lol",
                "ngeweyuk.top",
                "omeklive.com",
                "pornxstream.com",
                "sakitbokep.blogspot.com",
                "toketibu.blogspot.com",
                "www.avtub.mom",
                "www.bokepmesum.sbs",
                "www.bokepsan.net",
                "www.colmeklink.com",
                "www.xvidzone.com",
                "xpornonly.com"
            ]
        },
        {
            "rule": "dood\\.wf\\/cdn-cgi\\/challenge-platform\\/scripts\\/invisible\\.js",
            "cookies": 0,
            "fingerprinting": 0,
            "subdomains": [],
            "apis": {},
            "sites": 3,
            "prevalence": 0.0000204,
            "cnames": [],
            "responseHashes": [
                "f05daa6ac323266fdec0a47b0370aa88cb053925b183887be7dd410a2a4b7f66"
            ],
            "type": "Script",
            "firstPartyCookies": {},
            "firstPartyCookiesSent": {},
            "exampleSites": [
                "aagmaal.mobi",
                "ngeweyuk.top",
                "www.colmeklink.com"
            ]
        },
        {
            "rule": "dood\\.wf\\/8935d719-48ef-49ba-a4b9-5bad9532661d",
            "cookies": 0,
            "fingerprinting": 0,
            "subdomains": [],
            "apis": {},
            "sites": 2,
            "prevalence": 0.0000136,
            "cnames": [],
            "responseHashes": [
                "5718a2a750152c04f910e6e786ea44ab0bde664c5668674312c8e714fc89b318"
            ],
            "type": "Other",
            "firstPartyCookies": {},
            "firstPartyCookiesSent": {},
            "exampleSites": [
                "bokepmesum.sbs",
                "www.bokepmesum.sbs"
            ]
        },
        {
            "rule": "dood\\.wf\\/5e5bbbb0-a500-4788-84c4-ef709c9c03f7",
            "cookies": 0,
            "fingerprinting": 0,
            "subdomains": [],
            "apis": {},
            "sites": 2,
            "prevalence": 0.0000136,
            "cnames": [],
            "responseHashes": [
                "5718a2a750152c04f910e6e786ea44ab0bde664c5668674312c8e714fc89b318"
            ],
            "type": "Other",
            "firstPartyCookies": {},
            "firstPartyCookiesSent": {},
            "exampleSites": [
                "xvidzone.com",
                "www.xvidzone.com"
            ]
        }
    ],
    "categories": [],
    "performance": {},
    "cookies": 0.00015,
    "topInitiators": [
        {
            "domain": "dood.wf",
            "prevalence": 0.5517241379310345
        },
        {
            "domain": "first party",
            "prevalence": 0.43103448275862066
        },
        {
            "domain": "bokepinfo.space",
            "prevalence": 0.008620689655172414
        },
        {
            "domain": "ngeweyuk.mom",
            "prevalence": 0.008620689655172414
        }
    ],
    "types": {
        "Script": 44,
        "Other": 4
    },
    "nameservers": [
        "hank.ns.cloudflare.com",
        "karina.ns.cloudflare.com"
    ]
}