{
    "domain": "doods.pro",
    "owner": {},
    "source": [
        "DuckDuckGo-US"
    ],
    "prevalence": 0.00032,
    "sites": 47,
    "subdomains": [],
    "cnames": [],
    "fingerprinting": 1,
    "resources": [
        {
            "rule": "doods\\.pro\\/cdn-cgi\\/challenge-platform\\/scripts\\/invisible\\.js",
            "cookies": 0,
            "fingerprinting": 0,
            "subdomains": [],
            "apis": {},
            "sites": 5,
            "prevalence": 0.0000341,
            "cnames": [],
            "responseHashes": [
                "62277fa721d5fdbd5cf6b959ff0f6a7d0ac31d40661bcb9c2dc0447833717413",
                "f8af2867f5e4c81c6ea42ef82c15e67b60d5a35431d7af2e2a71166012b192f8",
                "1dfaee6162f5227964e2e08b57f65decd68d098c0c8c0271a7db10104020aafa",
                "8b4584208cb8388e60c30a8bd5df6064b62a8bb7989a29ec0660114a235abaf6"
            ],
            "type": "Script",
            "firstPartyCookies": {},
            "firstPartyCookiesSent": {},
            "exampleSites": [
                "avtub.city",
                "fullporner.org",
                "tantemalam.mom",
                "www.indo18.com"
            ]
        },
        {
            "rule": "doods\\.pro\\/cdn-cgi\\/challenge-platform\\/h\\/g\\/scripts\\/jsd\\/3e377faf\\/main\\.js",
            "cookies": 0,
            "fingerprinting": 0,
            "subdomains": [],
            "apis": {},
            "sites": 44,
            "prevalence": 0.0003,
            "cnames": [],
            "responseHashes": [
                "26a68b44d27fdb7c3342de50fa426eeda8065678831978eac6ce8a92dea2a51d",
                "4499a1ec76efca142dd35a02c29746b2247da10d5acac71c027f0249d1248947",
                "80fcb52e24aab4a71db564dc2e1de3f6188100e7820c3c573a49736a297f9647",
                "fb7a1c9315c35ee6ee8baa6b5aa1d55ada1e9b728897bc55e4b3258e33108a29",
                "209caa3e2620a6d475b5acd67477ddb06e4ee9b361ba2e3a44fd6d60133ea2f9",
                "cbd837b45b694e768ac3f2411027ca6178b3db4282a08cdae48479f1e7062ec4",
                "f2cc4d199948b58a8ea5c56868250cb35c6ee58a07ac37465341d04792d60d2a",
                "156723b8ed004f605984d35258307fa679a87e533a96e1051078171d7b1accb8",
                "62277fa721d5fdbd5cf6b959ff0f6a7d0ac31d40661bcb9c2dc0447833717413",
                "8dc360821388f2ffd613a7604f3d0674484165a87428d81d8c20005634b606f8",
                "324a22dee5eb7531771b6cbe95ef411b6d917c37d61f325b9d0d5a58f6e19a9e",
                "edd102f2ef62874e16a95d3a2e95438c2d8246dd417d8ef8d0f1d7d0fe0ca6e4",
                "8e2e012d671265aaad2b5e42edaa9c1ab6b3d19e2f8aba2c0518584ce9d378ae",
                "927703d6891150a816021fe346c1cd86263aae78d1a9a1578cd4fbbd86ae17f6",
                "8517b14ff9e8de6fea1e46bcbf19b64c54c2bdd1352b784d852ef8278844dde3",
                "45bc3eb7c4953e4121eec7eced8a3a1648e6449c0c34898b46b78d93a6918595",
                "93ad3ed1e540c5701c236a826b5a7ed377c4accd4d71404be3a88175b98a4b74",
                "49bfbeb3e23b3ed6f6f167aa923efe797ed9522c2bd79bcf119832224330a39a",
                "f8af2867f5e4c81c6ea42ef82c15e67b60d5a35431d7af2e2a71166012b192f8",
                "d05a215315c57a2271c74e0e2b870f998835e47d2606afa35d0eebb1b87ef78b",
                "64bedb44fa5e8b573d639fb5a833b369630e7d47a8d41bbed2f166fefc353f4f",
                "06a231ed18d0675c115c469799bbc9c6838b43e361571360cfa6b8b9ab92c2e1",
                "c05bb4e474a95eea11e93a4c437ec128db3a4f283f40724a44144b4d79190286",
                "6f95d5e2f94b7f7fbbade28bd6eae0c9b6f63ac45bc31e54a87fc2742be1d1ba",
                "11eb49676df73fff7c9ecd6a0f0e7fc848119755566cff0477f70eea517af6af",
                "e86752e9ddda7511160051c9ddaba133ab5edb900fcc379b35283db9c9a351bd",
                "d9a2adf42cfe4e5a8b5cda870d37865fc46b08664f92a4c4c0c0b89f08beb5dd",
                "741b70396ac871ab65c8e47f4b5aba751d13aa7acaafd0723865b2a9eee8f475",
                "f12d256970c9e520e654cc6a9f9d3c32339dfc65124fadb85e5bd7a0b2b94a43",
                "e38724bfaab793a919e05e59f08a8c14fc432216a3752594c3905ce5ba86a468",
                "1dfaee6162f5227964e2e08b57f65decd68d098c0c8c0271a7db10104020aafa",
                "dabb7e345604313c17bc055336d58ea1b2710af4ff1c0030c9b18fa58fc7796e",
                "17917201b914d8da558867866d4dea72a3f9cbbfb95ce8961f52f29250a1c9a9",
                "7883c88bd39b2f86bb1e80991cf66714ce82345bd1bf3f6f44d41ae1b45ec95d",
                "c845a54a63bbdb6ad424929209785c3fb8380ca680fc7bd92e77d8e8cfcc92e4",
                "1f8e2f8c2f757e394a730a2f2b3764453a89118d6ea47b842e6c4a70a6ad1894",
                "8b4584208cb8388e60c30a8bd5df6064b62a8bb7989a29ec0660114a235abaf6",
                "8a70986bcd435412a52580498afb853374db3d1d9f828768c98d35680bfd0b27",
                "969f94656d2ca3d81fba2700650c1a34648d3ef170cbaabbed1e00a348bed4d0"
            ],
            "type": "Script",
            "firstPartyCookies": {},
            "firstPartyCookiesSent": {},
            "exampleSites": [
                "avtub.city",
                "fullporner.org",
                "doodstream.com",
                "doodn.ink",
                "gayzerhd.club",
                "bokepabg.lol",
                "www.sexdug.com",
                "doodl.site",
                "indiansexmms.co",
                "indianporn360.com",
                "uncutdesi.com",
                "dropmaza.mom",
                "okecrot.blogspot.com",
                "www1.pelisplus.uno",
                "clipsbai.com",
                "javmobile.net",
                "pemersatu.online",
                "www.doodn.ink",
                "ttfap.com",
                "thotleaks.in"
            ]
        },
        {
            "rule": "doods\\.pro\\/cdn-cgi\\/challenge-platform\\/scripts\\/jsd\\/main\\.js",
            "cookies": 0,
            "fingerprinting": 0,
            "subdomains": [],
            "apis": {},
            "sites": 39,
            "prevalence": 0.000266,
            "cnames": [],