{
    "domain": "dood.to",
    "owner": {},
    "source": [
        "DuckDuckGo-US"
    ],
    "prevalence": 0.000075,
    "sites": 11,
    "subdomains": [],
    "cnames": [],
    "fingerprinting": 1,
    "resources": [
        {
            "rule": "dood\\.to\\/cdn-cgi\\/challenge-platform\\/scripts\\/jsd\\/main\\.js",
            "cookies": 0,
            "fingerprinting": 0,
            "subdomains": [],
            "apis": {},
            "sites": 7,
            "prevalence": 0.0000477,
            "cnames": [],
            "responseHashes": [
                "d32627bc01dd40e86f6842c1736d8638795db4219619eca5732e4cddec0fd330",
                "617c2f567064ebb690e2b296884c06060fce980b1556f103996f68b2b9daa424",
                "b0baee239b5bae45e224896c83735ac91722c277d0f7c24b643670d2842e57e6",
                "49bfbeb3e23b3ed6f6f167aa923efe797ed9522c2bd79bcf119832224330a39a"
            ],
            "type": "Script",
            "firstPartyCookies": {},
            "firstPartyCookiesSent": {},
            "exampleSites": [
                "indocabe.lat",
                "javhat.tv",
                "sexmotarjam.com",
                "www.porndish.com",
                "youngtube.tw"
            ]
        },
        {
            "rule": "dood\\.to\\/cdn-cgi\\/challenge-platform\\/h\\/g\\/scripts\\/jsd\\/3e377faf\\/main\\.js",
            "cookies": 0,
            "fingerprinting": 0,
            "subdomains": [],
            "apis": {},
            "sites": 9,
            "prevalence": 0.0000613,
            "cnames": [],
            "responseHashes": [
                "55573d3348f82dbbc9130e8f10725e79913fc0edbfc9b9be2782eaec4e4a5bd1",
                "d32627bc01dd40e86f6842c1736d8638795db4219619eca5732e4cddec0fd330",
                "617c2f567064ebb690e2b296884c06060fce980b1556f103996f68b2b9daa424",
                "a59161cbf4ee18acdb03f681c9ad4c68bdbb0e0deb0341f8f46553e557561014",
                "b0baee239b5bae45e224896c83735ac91722c277d0f7c24b643670d2842e57e6",
                "1f1dc1e300af863a39c8f93bab19604d998e0485c0a2c2432592034bf60e3232",
                "dde2f9d122bab8f9ef04931f3ccde89eb01e63a4be6b971b8ecf33a286dae997",
                "49bfbeb3e23b3ed6f6f167aa923efe797ed9522c2bd79bcf119832224330a39a"
            ],
            "type": "Script",
            "firstPartyCookies": {},
            "firstPartyCookiesSent": {},
            "exampleSites": [
                "indocabe.lat",
                "indocabe.store",
                "javhat.tv",
                "sexmotarjam.com",
                "www.porndish.com",
                "youngtube.tw"
            ]
        },
        {
            "rule": "dood\\.to\\/cdn-cgi\\/challenge-platform\\/scripts\\/invisible\\.js",
            "cookies": 0,
            "fingerprinting": 0,
            "subdomains": [],
            "apis": {},
            "sites": 2,
            "prevalence": 0.0000136,
            "cnames": [],
            "responseHashes": [
                "a59161cbf4ee18acdb03f681c9ad4c68bdbb0e0deb0341f8f46553e557561014"
            ],
            "type": "Script",
            "firstPartyCookies": {},
            "firstPartyCookiesSent": {},
            "exampleSites": [
                "indocabe.store"
            ]
        }
    ],
    "categories": [],
    "performance": {},
    "cookies": 0.0000682,
    "topInitiators": [
        {
            "domain": "dood.to",
            "prevalence": 0.5333333333333333
        },
        {
            "domain": "first party",
            "prevalence": 0.45555555555555555
        },
        {
            "domain": "indocabe.store",
            "prevalence": 0.011111111111111112
        }
    ],
    "types": {
        "Script": 18
    },
    "nameservers": [
        "karina.ns.cloudflare.com",
        "hank.ns.cloudflare.com"
    ]
}