{
    "domain": "dood.la",
    "owner": {},
    "source": [
        "DuckDuckGo-US"
    ],
    "prevalence": 0.0000614,
    "sites": 9,
    "subdomains": [],
    "cnames": [],
    "fingerprinting": 2,
    "resources": [
        {
            "rule": "dood\\.la\\/cdn-cgi\\/challenge-platform\\/scripts\\/invisible\\.js",
            "cookies": 0,
            "fingerprinting": 0,
            "subdomains": [],
            "apis": {},
            "sites": 9,
            "prevalence": 0.0000614,
            "cnames": [],
            "responseHashes": [
                "871aebf68029f2cf02caa8b053528e0d5342506e5fbfe27bd53a5d749d192fbb",
                "3f28f7cfa1851fcf2934a8b97fc1c6a0f297a0f812cd99176f752685148fbda9",
                "2dd4bb80cde29c399519d69efe89972534675ee079ce8d039f871893e3cd5229",
                "b4997de707cddada8013d4e13da2162e0fbc8b3b476b83b16bf952c183a252fb",
                "67366181a6fe33933cb5edafe0b43c32f804c4a680cfcb714cf621fe6a47bd20",
                "a45042e41e44ec365d2f630fc665fe28fa2dbcfc312386e60073804fc58893f8",
                "1f7f1e1ef3cd9e6220204b30baa69fbd38140fff1a98c457385e737c358ca943"
            ],
            "type": "Script",
            "firstPartyCookies": {},
            "firstPartyCookiesSent": {},
            "exampleSites": [
                "abgcrot.bond",
                "drbokep.xyz",
                "igodesu.xyz",
                "sexycandidgirls.net",
                "www.javsub.xyz",
                "www.putlocker.me",
                "www.x18.live"
            ]
        },
        {
            "rule": "dood\\.la\\/cdn-cgi\\/challenge-platform\\/h\\/g\\/scripts\\/jsd\\/313d8a27\\/invisible\\.js",
            "cookies": 0,
            "fingerprinting": 0,
            "subdomains": [],
            "apis": {},
            "sites": 9,
            "prevalence": 0.0000614,
            "cnames": [],
            "responseHashes": [
                "871aebf68029f2cf02caa8b053528e0d5342506e5fbfe27bd53a5d749d192fbb",
                "3f28f7cfa1851fcf2934a8b97fc1c6a0f297a0f812cd99176f752685148fbda9",
                "2dd4bb80cde29c399519d69efe89972534675ee079ce8d039f871893e3cd5229",
                "b4997de707cddada8013d4e13da2162e0fbc8b3b476b83b16bf952c183a252fb",
                "67366181a6fe33933cb5edafe0b43c32f804c4a680cfcb714cf621fe6a47bd20",
                "a45042e41e44ec365d2f630fc665fe28fa2dbcfc312386e60073804fc58893f8",
                "1f7f1e1ef3cd9e6220204b30baa69fbd38140fff1a98c457385e737c358ca943",
                "0c39e23309165d3147b97e22fb9956b01a13674b0ef41e16d3d4f6486be7ffc9"
            ],
            "type": "Script",
            "firstPartyCookies": {},
            "firstPartyCookiesSent": {},
            "exampleSites": [
                "abgcrot.bond",
                "drbokep.xyz",
                "igodesu.xyz",
                "sexycandidgirls.net",
                "www.javsub.xyz",
                "www.putlocker.me",
                "www.x18.live"
            ]
        },
        {
            "rule": "dood\\.la\\/5b252a77-671c-406f-a4ef-0b7ff9173299",
            "cookies": 0,
            "fingerprinting": 0,
            "subdomains": [],
            "apis": {},
            "sites": 2,
            "prevalence": 0.0000136,
            "cnames": [],
            "responseHashes": [
                "5718a2a750152c04f910e6e786ea44ab0bde664c5668674312c8e714fc89b318"
            ],
            "type": "Other",
            "firstPartyCookies": {},
            "firstPartyCookiesSent": {},
            "exampleSites": [
                "javsub.xyz",
                "www.javsub.xyz"
            ]
        }
    ],
    "categories": [],
    "performance": {},
    "cookies": 0.0000614,
    "topInitiators": [
        {
            "domain": "dood.la",
            "prevalence": 0.64
        },
        {
            "domain": "first party",
            "prevalence": 0.33
        },
        {
            "domain": "igodesu.cam",
            "prevalence": 0.02
        },
        {
            "domain": "ajax.googleapis.com",
            "prevalence": 0.01
        }
    ],
    "types": {
        "Script": 18,
        "Other": 2
    },
    "nameservers": [
        "hank.ns.cloudflare.com",
        "karina.ns.cloudflare.com"
    ]
}