{
    "domain": "dood.wf",
    "owner": {},
    "source": [
        "DuckDuckGo-US"
    ],
    "prevalence": 0.000136,
    "sites": 20,
    "subdomains": [],
    "cnames": [],
    "fingerprinting": 1,
    "resources": [
        {
            "rule": "dood\\.wf\\/cdn-cgi\\/challenge-platform\\/scripts\\/invisible\\.js",
            "cookies": 0,
            "fingerprinting": 0,
            "subdomains": [],
            "apis": {},
            "sites": 18,
            "prevalence": 0.000123,
            "cnames": [],
            "responseHashes": [
                "feeb7a06075715587ab3843b67cc0c60a4d5949be173adf635fa670efbf6211a",
                "1d28e75f8ebe72a96d1cd31c96ab26af7caab4e3ff83d9fe0a2a51e3d9d66b25",
                "2d186bcbf858f6550466391bd6dfadf5c8fe3f033c396385cb992f21a17dba19",
                "c51998bf7cd84517ac72be02f45b0dc1b9e91fa17b07106cf60d58a7f602c5f9",
                "adaa6e65e742f4defaf0e30283c47545bb6a9f21834801e4b9e95f69080ac400",
                "9e919ab3d6a522b7ff88a742efe5d198f6d37f74b37c389a39f1351e0f069bef",
                "559a68685bda496263b2f7adbd3bdbac95847d473507d00f3da142e4af303cb4",
                "4da323c3565c7139881b14cfeb797690fe993d40bbfde35662b1dad8be413f36",
                "842355e830dc25fe9d60e859bab8e9f4a2ec39ef3b4a8017f7b631cc8fb325e7",
                "92f461090d8b27bb5ea7abb30a3a5cfc361daeee8cc82aea680aa85fb89ff13c"
            ],
            "type": "Script",
            "firstPartyCookies": {},
            "firstPartyCookiesSent": {},
            "exampleSites": [
                "aagmaal.mobi",
                "avtub.mom",
                "bokebhub.cfd",
                "bokebhub.pics",
                "bokepinfo.online",
                "curbate.tv",
                "desahtoge.blogspot.com",
                "indocabe.bond",
                "kontolin.vip",
                "nbtub.lol",
                "ngeweyuk.top",
                "pornxstream.com",
                "sakitbokep.blogspot.com",
                "www.avtub.mom",
                "www.bokepsan.net",
                "www.xvidzone.com",
                "xpornonly.com"
            ]
        },
        {
            "rule": "dood\\.wf\\/cdn-cgi\\/challenge-platform\\/h\\/g\\/scripts\\/jsd\\/313d8a27\\/invisible\\.js",
            "cookies": 0,
            "fingerprinting": 0,
            "subdomains": [],
            "apis": {},
            "sites": 18,
            "prevalence": 0.000123,
            "cnames": [],
            "responseHashes": [
                "feeb7a06075715587ab3843b67cc0c60a4d5949be173adf635fa670efbf6211a",
                "1d28e75f8ebe72a96d1cd31c96ab26af7caab4e3ff83d9fe0a2a51e3d9d66b25",
                "42e1973addd96e4279820be9b3c51c7dbfa0dbdfe42c208529f5b7c3c914d23c",
                "80c1f6fbabd8beacf8971fdb4ead9de8a478632a6feadcdbffbb06d7a038d57b",
                "affd04539e2be312ab68c9167082eb10efb7a06ee1ba758e40718e13df5e882a",
                "2d186bcbf858f6550466391bd6dfadf5c8fe3f033c396385cb992f21a17dba19",
                "c51998bf7cd84517ac72be02f45b0dc1b9e91fa17b07106cf60d58a7f602c5f9",
                "adaa6e65e742f4defaf0e30283c47545bb6a9f21834801e4b9e95f69080ac400",
                "9e919ab3d6a522b7ff88a742efe5d198f6d37f74b37c389a39f1351e0f069bef",
                "559a68685bda496263b2f7adbd3bdbac95847d473507d00f3da142e4af303cb4",
                "9b6b3f22af20566b1ddff2fc6633cef028121bbde9d6f1bbe5bb45a91e1b489f",
                "4da323c3565c7139881b14cfeb797690fe993d40bbfde35662b1dad8be413f36",
                "842355e830dc25fe9d60e859bab8e9f4a2ec39ef3b4a8017f7b631cc8fb325e7",
                "92f461090d8b27bb5ea7abb30a3a5cfc361daeee8cc82aea680aa85fb89ff13c",
                "7cf02095e6ac91faf60874fcf2e1fb2aa5216e8164fee11e8886f2da09b8df42",
                "fa5bcb833f19c060f28bb498a3c8b1f68feef4f9c33376d8e35ca3503629230d"
            ],
            "type": "Script",
            "firstPartyCookies": {},
            "firstPartyCookiesSent": {},
            "exampleSites": [
                "aagmaal.mobi",
                "avtub.mom",
                "bokebhub.cfd",
                "bokebhub.pics",
                "bokepinfo.online",
                "curbate.tv",
                "desahtoge.blogspot.com",
                "indocabe.bond",
                "kontolin.vip",
                "nbtub.lol",
                "ngeweyuk.top",
                "pornxstream.com",
                "sakitbokep.blogspot.com",
                "www.avtub.mom",
                "www.bokepsan.net",
                "www.xvidzone.com",
                "xpornonly.com"
            ]
        },
        {
            "rule": "dood\\.wf\\/aa00a7b5-53f6-4d15-829f-c9aae375eb63",
            "cookies": 0,
            "fingerprinting": 0,
            "subdomains": [],
            "apis": {},
            "sites": 2,
            "prevalence": 0.0000136,
            "cnames": [],
            "responseHashes": [
                "5718a2a750152c04f910e6e786ea44ab0bde664c5668674312c8e714fc89b318"
            ],
            "type": "Other",
            "firstPartyCookies": {},
            "firstPartyCookiesSent": {},
            "exampleSites": [
                "xvidzone.com",
                "www.xvidzone.com"
            ]
        }
    ],
    "categories": [],
    "performance": {},
    "cookies": 0.000123,
    "topInitiators": [
        {
            "domain": "first party",
            "prevalence": 0.6408450704225352
        },
        {
            "domain": "dood.wf",
            "prevalence": 0.3380281690140845
        },
        {
            "domain": "bokebhub.cfd",
            "prevalence": 0.007042253521126761
        },
        {
            "domain": "bokepinfo.sbs",
            "prevalence": 0.007042253521126761
        },
        {
            "domain": "indocabe.lat",
            "prevalence": 0.007042253521126761
        }
    ],
    "types": {
        "Script": 36,
        "Other": 2
    },
    "nameservers": [
        "hank.ns.cloudflare.com",
        "karina.ns.cloudflare.com"
    ]
}