{
    "domain": "dood.yt",
    "owner": {},
    "source": [
        "DuckDuckGo-US"
    ],
    "prevalence": 0.000314,
    "sites": 46,
    "subdomains": [],
    "cnames": [],
    "fingerprinting": 1,
    "resources": [
        {
            "rule": "dood\\.yt\\/cdn-cgi\\/challenge-platform\\/scripts\\/invisible\\.js",
            "cookies": 0,
            "fingerprinting": 0,
            "subdomains": [],
            "apis": {},
            "sites": 46,
            "prevalence": 0.000314,
            "cnames": [],
            "responseHashes": [
                "3b6c6f9fbfb15dea630fe84e6a622f84dfff081d67b5083e3e5c088a4239cba4",
                "cff70fe80d730d8a0d0812c11b106bc91673059c871b5025c94bc048747fef06",
                "a81be6d77c09825c777f9885a1c6095c90ddc6fd020626267d894cee9c335beb",
                "af9c922a558cfe75fdfa9192983cbbf125027aa74c660275a79702d2e1d33dab",
                "8999655be801835804149b5b07b87c0aa9883db25e853106f8bde13d9658d6b4",
                "a8449c9a906840f64ca5b01da5bbd61c2742777ea76810d4971e182ce105eac3",
                "16869db3fd8ca36f6f571b9d57587e1d675a42f57d84576b57e79b6c13c6e3ef",
                "53f51a3dffccf9b90e0c3c7f9c280590f52871c941a5cc28862a43daba0d4546",
                "6de13fa5805e945318bd48441af258403e868a27831ad56b85fda66fa5c1a1e6",
                "c18bbbd2b61d890de5478ad635c0f7bc227116243c0912d924d7918393650eff",
                "eeb3beb1291d85dac6cc5a4561aae098deef17d5aa942e9549749c398665b049",
                "524c5256e4762dea1f0a6e1fc83fdaf13a6895ab55a92442c2e1c395a14d1fb1",
                "1478900aa6562c0646cf9a29a3b1d765072b5e6e78651da2875f3f9140e6300b",
                "fd2af3e0d71713f5a8b595d2235ae931a6df7e2221ec82aa92732a3210722d4b",
                "19e6d53c0c67311de32ea4b69b78c38df70f1e90c7cd8a61d06f2e94f9aa8c19",
                "0b78258c8fae09590e499843cbbfb8632f9fa36e83d4c722035840484b9000ce",
                "5a013bd2407387c3750b7ab79e2f9461bd3a4ec914de7b199d6fc7d49fa4b276",
                "a942190db635e55970e5b8665ae27a7cc23cf459f34625b8ca2017b956c3dc5c",
                "98d9fb3c5d46e226cf463f08d83df557dae4cc4f1184323434f4e441b2c0798c",
                "3b6d6396379dffd4c9f5a9d07ad6569d9dd0959151a3f31882ed48c340935838",
                "44764bc8eb89535fadbf5acdc0e0b35e557f75950eec169e71103f3fddb7000f",
                "526bd060d1c1ef94e59ced50db982a2b59aed796c1f8dd21b50633a90551a855",
                "bd62252280c005750cd39b721bc49372e9f49b4fd243d5ff5d50492c45a33c7f",
                "d839cd577d86320218346e84b53954ce5982ef19ab8b8699d9b18d19932a1c20",
                "ff6000f01216fec434786ac94e201ef52da75e4667b375778e5fc17c2c81a115",
                "71b7d472ee96a24701cef676f52ac322f6c85c0ce002c5a63d29428b5f3a517c",
                "91d0b350727024334639455e5fe83e825cfbb55fc886ec5e5be6ffd7b66963aa",
                "b983665f682265abfb2285a7c89b4996c7d533470b1fa24e3a0f7aaf222c568c",
                "ef8e789831c8f679a18f971ebfc976d11624d7b79e055d1f8973eb9c1f25bb16",
                "100e0b0111dda0e3922a922653fe24c85ffcf2f444b677fd2678e306e8d9aeac",
                "34c1d59993935b44a6927013d654058a0884703a7c998de5c60e87cacd7ccc52",
                "deda8a20d0e2950952a366642cd1bd2794d4d3da11f9957d57b04b517e74f68d"
            ],
            "type": "Script",
            "firstPartyCookies": {},
            "firstPartyCookiesSent": {},
            "exampleSites": [
                "doood.life",
                "nudesboys.com",
                "bokepxxi.mom",
                "desi49.org",
                "vidbokepsmp.blogspot.com",
                "linkbacol.site",
                "sangelink321.sbs",
                "aagmaal.com",
                "bokeponn.blogspot.com",
                "toketkakak.blogspot.com",
                "asiksmp.blogspot.com",
                "cewekgenit.pro",
                "nekopoi.care",
                "videobokep17.pro",
                "bokepxxi.space",
                "pervypals.com",
                "www.pornstellar.com",
                "pornwiss.com",
                "simantan.cfd",
                "bokephot.bio"
            ]
        },
        {
            "rule": "dood\\.yt\\/cdn-cgi\\/challenge-platform\\/h\\/g\\/scripts\\/jsd\\/313d8a27\\/invisible\\.js",
            "cookies": 0,
            "fingerprinting": 0,
            "subdomains": [],
            "apis": {},
            "sites": 45,
            "prevalence": 0.000307,
            "cnames": [],