{
    "domain": "dood.wf",
    "owner": {},
    "source": [
        "DuckDuckGo-US"
    ],
    "prevalence": 0.000129,
    "sites": 19,
    "subdomains": [],
    "cnames": [],
    "fingerprinting": 1,
    "resources": [
        {
            "rule": "dood\\.wf\\/cdn-cgi\\/challenge-platform\\/scripts\\/invisible\\.js",
            "cookies": 0,
            "fingerprinting": 0,
            "subdomains": [],
            "apis": {},
            "sites": 16,
            "prevalence": 0.000109,
            "cnames": [],
            "responseHashes": [
                "f1796ae718b16cfdf80722594053769fd5cf4e3334e5b1a79394cff5eb178cc5",
                "92c1c53cf7b965749e0703093e7933b748997783f7b4ed903019a7455e2f624d",
                "99dd2bccafb64b426a0103eb1288f1dfac92f24a3e34b418139bc9ecbc4c7583",
                "4bcb35e6a99498c1497a0719b383bc4cad681c92f5ad838bf8834fb686090ce0",
                "d4b82e47b2f7ec7ec6aeb6a2e1b51026112b31a145957ee4380815389ecd518d",
                "dee118d0f9d1238e34cff0008208367b177637f9a5de22516e7d8157449de9ed",
                "eb1e0487fc3727ff27b28a67687e723fb18ea29b101b8ad24fe4fb94206a8a86"
            ],
            "type": "Script",
            "firstPartyCookies": {},
            "firstPartyCookiesSent": {},
            "exampleSites": [
                "asukoe.xyz",
                "bacol69.online",
                "bokebhub.pro",
                "bokepindoviral.xyz",
                "bokepinfo.pics",
                "camslib.com",
                "desahtoge.blogspot.com",
                "sakitbokep.blogspot.com",
                "toketibu.blogspot.com",
                "www.avtub.mom",
                "www.playcrot.com",
                "xpornonly.com"
            ]
        },
        {
            "rule": "dood\\.wf\\/cdn-cgi\\/challenge-platform\\/h\\/b\\/scripts\\/jsd\\/556d0c9f\\/invisible\\.js",
            "cookies": 0,
            "fingerprinting": 0,
            "subdomains": [],
            "apis": {},
            "sites": 16,
            "prevalence": 0.000109,
            "cnames": [],
            "responseHashes": [
                "33ebbf38a30af990b34c9b97c0d6987a5b02b5e11ff8aee7ef2b994ad633b9ef",
                "f1796ae718b16cfdf80722594053769fd5cf4e3334e5b1a79394cff5eb178cc5",
                "50a7f588afc0380f011d2d3c84344d1efce65382fd9fabdb4b12cf190f50881c",
                "e0ea9ce4e4577704dd004715191523a8160aeb7702e520a174468c4fafd2e20a",
                "92c1c53cf7b965749e0703093e7933b748997783f7b4ed903019a7455e2f624d",
                "99dd2bccafb64b426a0103eb1288f1dfac92f24a3e34b418139bc9ecbc4c7583",
                "4bcb35e6a99498c1497a0719b383bc4cad681c92f5ad838bf8834fb686090ce0",
                "7d217e868b067179af17dc43acb21c3032bdf2a3bce0aae6704e1ddd5080d795",
                "d4b82e47b2f7ec7ec6aeb6a2e1b51026112b31a145957ee4380815389ecd518d",
                "dee118d0f9d1238e34cff0008208367b177637f9a5de22516e7d8157449de9ed",
                "b81d3f605f3b14d1646f57d7d1d5440348a78343d9a9d6e1ad1713d49a43b93a",
                "f54f161ab601e47da1f2f904995b9c1fca6becf35c07ad9a35e2f88277a79b08",
                "eb1e0487fc3727ff27b28a67687e723fb18ea29b101b8ad24fe4fb94206a8a86"
            ],
            "type": "Script",
            "firstPartyCookies": {},
            "firstPartyCookiesSent": {},
            "exampleSites": [
                "asukoe.xyz",
                "bacol69.online",
                "bokebhub.pro",
                "bokepindoviral.xyz",
                "bokepinfo.pics",
                "camslib.com",
                "desahtoge.blogspot.com",
                "sakitbokep.blogspot.com",
                "toketibu.blogspot.com",
                "www.avtub.mom",
                "www.playcrot.com",
                "xpornonly.com"
            ]
        }
    ],
    "categories": [],
    "performance": {},
    "cookies": 0.000129,
    "topInitiators": [
        {
            "domain": "first party",
            "prevalence": 0.7285714285714285
        },
        {
            "domain": "dood.wf",
            "prevalence": 0.22857142857142856
        },
        {
            "domain": "bokebhub.cam",
            "prevalence": 0.014285714285714285
        },
        {
            "domain": "pecintabokep.xyz",
            "prevalence": 0.014285714285714285
        },
        {
            "domain": "jurnalakademi.com",
            "prevalence": 0.014285714285714285
        }
    ],
    "types": {
        "Script": 32
    },
    "nameservers": [
        "karina.ns.cloudflare.com",
        "hank.ns.cloudflare.com"
    ]
}