{
    "domain": "dooood.com",
    "owner": {},
    "source": [
        "DuckDuckGo-US"
    ],
    "prevalence": 0.000259,
    "sites": 38,
    "subdomains": [],
    "cnames": [],
    "fingerprinting": 0,
    "resources": [
        {
            "rule": "dooood\\.com\\/cdn-cgi\\/challenge-platform\\/scripts\\/jsd\\/main\\.js",
            "cookies": 0,
            "fingerprinting": 0,
            "subdomains": [],
            "apis": {},
            "sites": 30,
            "prevalence": 0.000204,
            "cnames": [],
            "responseHashes": [
                "0c87291e4492776d44dd525a4c9c1e68bbfdde33d13972fed0dd398642348af4",
                "1e82eb79939ee9b11f6128d88e29690090a79a0d48d36474775c51978166ae45",
                "471908f14149c7c033a2221cfbe700092840629d2e08d661a2d89aef0cd7f792",
                "cbd837b45b694e768ac3f2411027ca6178b3db4282a08cdae48479f1e7062ec4",
                "340c8f2a21ca73d2eebf9be1dc04acb506cb3a797344ead789694ac378e65033",
                "08f2276e7a849c6c8365c31a229f734736f72db95dc2cea9d434d944d061bca6",
                "fba73a2979140564c75468701e7acaa3b9e3af615c9099d4f1c0e1c38713eca3",
                "6bfd9845751b105879e77d0a4b814fa7c556b783e597de318309396e56a90ffd",
                "290d895ac87502c614ab4cf247551cec8b77953267ead50919e1426db4e9b247",
                "00ed139b6374230f3d23fdfa2691f51e73735aabbc8f2e4135a024ec22461164",
                "9b404b3a16b4fac8eb21139fc565377fa05f47c150eeddce7a9a9bc853acce6d",
                "f317236772802b0c0d1b7c7c13ebdfe6e7d86971475d12b47e209d6cded333a0",
                "741b70396ac871ab65c8e47f4b5aba751d13aa7acaafd0723865b2a9eee8f475",
                "c05bb4e474a95eea11e93a4c437ec128db3a4f283f40724a44144b4d79190286",
                "6fcc6b39dc7e0444bf7882bdd022c2bdaa128873cc2c1b592f796ce1e8680ee8",
                "d5e5f5864b36c8f22a1cea0b12e6ffc0572c9f5018a553636de296f78093553c",
                "b0baee239b5bae45e224896c83735ac91722c277d0f7c24b643670d2842e57e6",
                "0bdd0149b5ee5be140789840f0c988feff4f3e5b5d58c140c5b1529490fc77b1",
                "576443f917f5ca67f5b47f3fdd73f52b0302873b28cbf5959be03f9ec6a2ae04",
                "8422d58876b6c3e664e3e678ac165d6c981e38dd6132ce2ba295eb3d3fe39d16"
            ],
            "type": "Script",
            "firstPartyCookies": {},
            "firstPartyCookiesSent": {},
            "exampleSites": [
                "pinaypie.net",
                "mentokin.com",
                "nangiphotos.com",
                "bokepxxi.cfd",
                "bokepbocil.sbs",
                "pornobae.net",
                "kebokepanku.online",
                "fxggxt.com",
                "sexoguarro.com",
                "ruangbokep.co",
                "lendirpedia.sbs",
                "porneznet.com",
                "auntymaza.pics",
                "lendirkentel.blogspot.com",
                "www.movies-watch.com.pk",
                "okxxx.cam",
                "funcrot.online",
                "bokebviral.fun",
                "funcrot.shop",
                "bokepsan.net"
            ]
        },
        {
            "rule": "dooood\\.com\\/cdn-cgi\\/challenge-platform\\/h\\/g\\/scripts\\/jsd\\/3e377faf\\/main\\.js",
            "cookies": 0,
            "fingerprinting": 0,
            "subdomains": [],
            "apis": {},
            "sites": 35,
            "prevalence": 0.000239,
            "cnames": [],
            "responseHashes": [
                "0c87291e4492776d44dd525a4c9c1e68bbfdde33d13972fed0dd398642348af4",
                "91c462bb0de2f2863068a66a8f51d757f6e733c9b3110ed99245c4c0d632fbaf",
                "1e82eb79939ee9b11f6128d88e29690090a79a0d48d36474775c51978166ae45",
                "471908f14149c7c033a2221cfbe700092840629d2e08d661a2d89aef0cd7f792",
                "cbd837b45b694e768ac3f2411027ca6178b3db4282a08cdae48479f1e7062ec4",
                "340c8f2a21ca73d2eebf9be1dc04acb506cb3a797344ead789694ac378e65033",
                "08f2276e7a849c6c8365c31a229f734736f72db95dc2cea9d434d944d061bca6",
                "fba73a2979140564c75468701e7acaa3b9e3af615c9099d4f1c0e1c38713eca3",
                "6bfd9845751b105879e77d0a4b814fa7c556b783e597de318309396e56a90ffd",
                "927703d6891150a816021fe346c1cd86263aae78d1a9a1578cd4fbbd86ae17f6",
                "290d895ac87502c614ab4cf247551cec8b77953267ead50919e1426db4e9b247",
                "00ed139b6374230f3d23fdfa2691f51e73735aabbc8f2e4135a024ec22461164",
                "9b404b3a16b4fac8eb21139fc565377fa05f47c150eeddce7a9a9bc853acce6d",
                "d4c215779203a511c7eb808073798b7cc15503c156a21d2d23511bfa6e134bd2",
                "a59161cbf4ee18acdb03f681c9ad4c68bdbb0e0deb0341f8f46553e557561014",
                "f317236772802b0c0d1b7c7c13ebdfe6e7d86971475d12b47e209d6cded333a0",
                "156723b8ed004f605984d35258307fa679a87e533a96e1051078171d7b1accb8",
                "741b70396ac871ab65c8e47f4b5aba751d13aa7acaafd0723865b2a9eee8f475",
                "d5777ecfe70dda2212cefb0760b76a4a0a21d1a7078fc92b423c0f0c478ae04d",
                "c05bb4e474a95eea11e93a4c437ec128db3a4f283f40724a44144b4d79190286",
                "6fcc6b39dc7e0444bf7882bdd022c2bdaa128873cc2c1b592f796ce1e8680ee8",
                "8dde08182be55b3c5c1c3560c563ad1ed0fc71e8f75262db26697233897e35f7",
                "d5e5f5864b36c8f22a1cea0b12e6ffc0572c9f5018a553636de296f78093553c",
                "37e98caf3fd1abc1fc1da955ad204366eaca450141e0d0a2ecebfe51560a77a5",
                "35e70fde3095d6ed1f739c6fd1fabb2bdcd91598d3e90ba6dfb4d9aa28a03d6d",
                "b0baee239b5bae45e224896c83735ac91722c277d0f7c24b643670d2842e57e6",
                "0bdd0149b5ee5be140789840f0c988feff4f3e5b5d58c140c5b1529490fc77b1",
                "576443f917f5ca67f5b47f3fdd73f52b0302873b28cbf5959be03f9ec6a2ae04",
                "aad3c5475fec07752f6a936c21d42c09d88a69777b10c02f8fa00dfe0b0ef017",
                "a9f95427ae2169ed6ef050dcbcdb3e8377060ec0cba7062edb30ad9b78167c29",
                "8422d58876b6c3e664e3e678ac165d6c981e38dd6132ce2ba295eb3d3fe39d16",
                "a478226c22f77b256e18cae15c02baf4a312e80a71c64fb69bc96436422746c3",
                "23412222239f16a753dc1035913e50636bfefcbc0b55edae7a61299ddd454ae7"
            ],
            "type": "Script",
            "firstPartyCookies": {},
            "firstPartyCookiesSent": {},
            "exampleSites": [
                "bokepxxi.cfd",
                "javseen.tv",
                "sexoguarro.com",
                "ruangbokep.co",
                "linkbacol.click",
                "fxggxt.com",
                "okxxx.cam",
                "bokepbocil.sbs",
                "pornobae.net",
                "porneznet.com",
                "lendirkentel.blogspot.com",
                "kebokepanku.online",
                "javcarp.com",
                "kebokepanku.com",
                "bokepsan.net",
                "bokepbocil.lol",
                "lendirpedia.sbs",
                "ruangbokep.bond",
                "funcrot.online",
                "bokepxxi.mom"
            ]
        },
        {
            "rule": "dooood\\.com\\/cdn-cgi\\/challenge-platform\\/scripts\\/invisible\\.js",
            "cookies": 0,
            "fingerprinting": 0,
            "subdomains": [],
            "apis": {},
            "sites": 5,
            "prevalence": 0.0000341,
            "cnames": [],
            "responseHashes": [
                "156723b8ed004f605984d35258307fa679a87e533a96e1051078171d7b1accb8",
                "d5777ecfe70dda2212cefb0760b76a4a0a21d1a7078fc92b423c0f0c478ae04d",
                "8dde08182be55b3c5c1c3560c563ad1ed0fc71e8f75262db26697233897e35f7"
            ],
            "type": "Script",
            "firstPartyCookies": {},
            "firstPartyCookiesSent": {},