{
    "domain": "dotnxdomain.net",
    "owner": {},
    "source": [
        "DuckDuckGo-US"
    ],
    "prevalence": 0.0000204,
    "sites": 3,
    "subdomains": [
        "cfg",
        "0du-ud1c12b09-c233-a1f8b-s1693858504-i28759663-0.am",
        "0du-u15663257-c233-a1f8b-s1693873664-i28759663-0.am",
        "0du-u833226b1-c233-a1f8b-s1693906839-i28759663-0.am",
        "06u-ud1c12b09-c233-a1f8b-s1693858504-i28759663-0.am",
        "06u-u15663257-c233-a1f8b-s1693873664-i28759663-0.am",
        "06u-u833226b1-c233-a1f8b-s1693906839-i28759663-0.am",
        "3du-u15663257-c233-a1f8b-s1693873664-i28759663-0.am"
    ],
    "cnames": [],
    "fingerprinting": 0,
    "resources": [
        {
            "rule": "dotnxdomain\\.net\\/newadcfg\\/ad\\.py",
            "cookies": 0,
            "fingerprinting": 0,
            "subdomains": [
                "cfg"
            ],
            "apis": {},
            "sites": 2,
            "prevalence": 0.0000136,
            "cnames": [],
            "responseHashes": [
                "73ff386d5f1d4712d64bb9be063526fc18a0cf4bd3bc8a624cc004e39bc9045f"
            ],
            "type": "XHR",
            "firstPartyCookies": {},
            "firstPartyCookiesSent": {},
            "exampleSites": [
                "leisurego.jp",
                "www.veganricha.com"
            ]
        },
        {
            "rule": "dotnxdomain\\.net\\/1x1\\.png",
            "cookies": 0,
            "fingerprinting": 0,
            "subdomains": [
                "0du-ud1c12b09-c233-a1f8b-s1693858504-i28759663-0.am",
                "0du-u15663257-c233-a1f8b-s1693873664-i28759663-0.am",
                "0du-u833226b1-c233-a1f8b-s1693906839-i28759663-0.am"
            ],
            "apis": {},
            "sites": 3,
            "prevalence": 0.0000204,
            "cnames": [],
            "responseHashes": [
                "23e2eb17879e426e58cc2a5e3500ead5d5f4f83a65c7e0ae3c02ef4dbeced2dd"
            ],
            "type": "Image",
            "firstPartyCookies": {},
            "firstPartyCookiesSent": {},
            "exampleSites": [
                "leisurego.jp",
                "www.redcrab-software.com",
                "www.veganricha.com"
            ]
        },
        {
            "rule": "dotnxdomain\\.net\\/v61x1\\.png",
            "cookies": 0,
            "fingerprinting": 0,
            "subdomains": [
                "06u-ud1c12b09-c233-a1f8b-s1693858504-i28759663-0.am",
                "06u-u15663257-c233-a1f8b-s1693873664-i28759663-0.am",
                "06u-u833226b1-c233-a1f8b-s1693906839-i28759663-0.am"
            ],
            "apis": {},
            "sites": 3,
            "prevalence": 0.0000204,
            "cnames": [],
            "responseHashes": [],
            "type": "Image",
            "firstPartyCookies": {},
            "firstPartyCookiesSent": {},
            "exampleSites": [
                "leisurego.jp",
                "www.redcrab-software.com",
                "www.veganricha.com"
            ]
        },
        {
            "rule": "dotnxdomain\\.net\\/q1x1\\.png",
            "cookies": 0,
            "fingerprinting": 0,
            "subdomains": [
                "3du-u15663257-c233-a1f8b-s1693873664-i28759663-0.am"
            ],
            "apis": {},
            "sites": 2,
            "prevalence": 0.0000136,
            "cnames": [],
            "responseHashes": [
                "23e2eb17879e426e58cc2a5e3500ead5d5f4f83a65c7e0ae3c02ef4dbeced2dd"
            ],
            "type": "Image",
            "firstPartyCookies": {},
            "firstPartyCookiesSent": {},
            "exampleSites": [
                "redcrab-software.com",
                "www.redcrab-software.com"
            ]
        }
    ],
    "categories": [],
    "performance": {},
    "cookies": 0,
    "topInitiators": [
        {
            "domain": "googlesyndication.com",
            "prevalence": 1
        }
    ],
    "types": {
        "XHR": 2,
        "Image": 8
    },
    "nameservers": [
        "ns2.dotnxdomain.net",
        "ns1.dotnxdomain.net"
    ]
}