{
    "domain": "dtk.id",
    "owner": {},
    "source": [
        "DuckDuckGo-US"
    ],
    "prevalence": 0.0000682,
    "sites": 10,
    "subdomains": [],
    "cnames": [],
    "fingerprinting": 0,
    "resources": [
        {
            "rule": "dtk\\.id\\/",
            "cookies": 0,
            "fingerprinting": 0,
            "subdomains": [],
            "apis": {},
            "sites": 11,
            "prevalence": 0.000075,
            "cnames": [],
            "responseHashes": [],
            "type": "Preflight",
            "firstPartyCookies": {},
            "firstPartyCookiesSent": {
                "lotame_domain_check": 0.00007497989175630172,
                "__dtmids": 0.00007497989175630172
            },
            "exampleSites": [
                "detik.com",
                "finance.detik.com",
                "food.detik.com",
                "health.detik.com",
                "hot.detik.com",
                "inet.detik.com",
                "news.detik.com",
                "travel.detik.com",
                "wolipop.detik.com",
                "www.detik.com",
                "www.haibunda.com"
            ]
        },
        {
            "rule": "dtk\\.id\\/",
            "cookies": 0,
            "fingerprinting": 0,
            "subdomains": [],
            "apis": {},
            "sites": 11,
            "prevalence": 0.000075,
            "cnames": [],
            "responseHashes": [
                "0673cca018cb3ff2af911170212423a533e21f7e52b271a3ad2b2da722157c6f",
                "da0b4cb117303ed1cdbec883d1073539b5919058adf48e049661e7ffc6f1ace0",
                "ccc2f5b250caca34da5147087d4ecb5e1db2e56a2045792d203183f94ad441a4",
                "070c2005290ea58530603867ba217b1a3ba0679a461685d469e58da0329a2f95",
                "f9d16ca3ca1de244024537c56a1b548e8c37c1c5b357c4c8caf4148b4fd4f4d2",
                "b42f65f728a09ef5953badb8bfdd03966a3fcf23ea9c5f4aae1147f4ffd74ebf",
                "b5cf7aced51ca36d0f875f09a1c9c6af35517b5e40ba7bf272abce1c06272ef4",
                "3d5ae48ab1b32c4ae92fecbbce128ce65080ffdd09ea992414b3eb7f265e556d",
                "a828c70e82762b96a56d350f5b0221edcd46bd36bc7a09f33ca8e84eb011b805",
                "d590e2b6ecf33637bca66ebda3b1d724b31550f2800e5ad04472d24e59016864"
            ],
            "type": "XHR",
            "firstPartyCookies": {},
            "firstPartyCookiesSent": {
                "lotame_domain_check": 0.00007497989175630172,
                "__dtmids": 0.00007497989175630172
            },
            "exampleSites": [
                "detik.com",
                "finance.detik.com",
                "food.detik.com",
                "health.detik.com",
                "hot.detik.com",
                "inet.detik.com",
                "news.detik.com",
                "travel.detik.com",
                "wolipop.detik.com",
                "www.detik.com",
                "www.haibunda.com"
            ]
        }
    ],
    "categories": [],
    "performance": {},
    "cookies": 0,
    "topInitiators": [
        {
            "domain": "detik.net.id",
            "prevalence": 1
        }
    ],
    "types": {
        "Preflight": 11,
        "XHR": 11
    },
    "nameservers": [
        "ns.detik.com",
        "ns1.detik.com",
        "ns.detik.net.id",
        "ns1.detik.net.id"
    ]
}