{
    "domain": "dtk.id",
    "owner": {},
    "source": [
        "DuckDuckGo-US"
    ],
    "prevalence": 0.0000682,
    "sites": 10,
    "subdomains": [],
    "cnames": [],
    "fingerprinting": 0,
    "resources": [
        {
            "rule": "dtk\\.id\\/",
            "cookies": 0,
            "fingerprinting": 0,
            "subdomains": [],
            "apis": {},
            "sites": 11,
            "prevalence": 0.000075,
            "cnames": [],
            "responseHashes": [],
            "type": "Preflight",
            "firstPartyCookies": {},
            "firstPartyCookiesSent": {
                "lotame_domain_check": 0.00007499676150348054,
                "__dtmids": 0.00007499676150348054
            },
            "exampleSites": [
                "detik.com",
                "finance.detik.com",
                "food.detik.com",
                "health.detik.com",
                "hot.detik.com",
                "inet.detik.com",
                "news.detik.com",
                "travel.detik.com",
                "wolipop.detik.com",
                "www.detik.com",
                "www.haibunda.com"
            ]
        },
        {
            "rule": "dtk\\.id\\/",
            "cookies": 0,
            "fingerprinting": 0,
            "subdomains": [],
            "apis": {},
            "sites": 11,
            "prevalence": 0.000075,
            "cnames": [],
            "responseHashes": [
                "0673cca018cb3ff2af911170212423a533e21f7e52b271a3ad2b2da722157c6f",
                "da0b4cb117303ed1cdbec883d1073539b5919058adf48e049661e7ffc6f1ace0",
                "62124c4168b2793cc3b1100d6cd79c6f92123fb4c1b0ec9225c0dbd5cc3cf89c",
                "94e0287793b19f06a972235d36bb8a79add3ea8975c23707cdcad53e8ae681b8",
                "36f148a16f095e84b58216514b986e417f4348d5c0b0828d4eb4ddbdd59685e4",
                "6dfeb77a91c2191025686928e14d27d770f4c3368b2194c49d0c2617af942f83",
                "c5cc09361dced4452e0cbf70c50ebe2ab3f83f0541f392c7f7003a504a5f8085",
                "fbde2be319bf9e465e9c6034321bc471179b7c3662795af00f59c0a3aabaa4d9",
                "2f0c1e2713ee96ac0512c869fc7943569ac389a69dcdbd47b7c3fd814123044a",
                "60fbf36245fe69f3280f01c73de9490c40dc53290c04d9e34d5de4828fb7371e"
            ],
            "type": "XHR",
            "firstPartyCookies": {},
            "firstPartyCookiesSent": {
                "lotame_domain_check": 0.00007499676150348054,
                "__dtmids": 0.00007499676150348054
            },
            "exampleSites": [
                "detik.com",
                "finance.detik.com",
                "food.detik.com",
                "health.detik.com",
                "hot.detik.com",
                "inet.detik.com",
                "news.detik.com",
                "travel.detik.com",
                "wolipop.detik.com",
                "www.detik.com",
                "www.haibunda.com"
            ]
        }
    ],
    "categories": [],
    "performance": {},
    "cookies": 0,
    "topInitiators": [
        {
            "domain": "detik.net.id",
            "prevalence": 1
        }
    ],
    "types": {
        "Preflight": 11,
        "XHR": 11
    },
    "nameservers": [
        "ns1.detik.com",
        "ns.detik.net.id",
        "ns1.detik.net.id",
        "ns.detik.com"
    ]
}