{
    "domain": "eabids.com",
    "owner": {},
    "source": [
        "DuckDuckGo-US"
    ],
    "prevalence": 0.000211,
    "sites": 31,
    "subdomains": [
        "go",
        "static"
    ],
    "cnames": [],
    "fingerprinting": 2,
    "resources": [
        {
            "rule": "eabids\\.com\\/banner\\.go",
            "cookies": 0,
            "fingerprinting": 0,
            "subdomains": [
                "go"
            ],
            "apis": {},
            "sites": 20,
            "prevalence": 0.000136,
            "cnames": [],
            "responseHashes": [
                "01493f8a9b28d0dc87b7d6f770fa0b14d19f776dd5e24ff966bd2cf580dafd2f",
                "2d8e68fff7b2e2fe37740845c8d23a4381752946a654a24e649c8a86c406b3d3",
                "547cbf8e1185bc00514cdea189b40881fde21a87a049564616569e62a39bf75d",
                "344b5e39efa5ae13dcd7da4bd1eaee33f7ca5d38fb21a74229debdd3700fd835",
                "5ea83cf3b47f2272487c3f6387bd74ee4076e582397e66eb87c669636e285255",
                "56377eab625ba3208237003ea5554f203d61002bfa9b19e03af4d787399ab631",
                "6f6db1964f23729d842982cbe49b3ef55d3fc1f926b411d1a1e3617f64d40617",
                "6bdc01aa99ba4a78b0ca9d06ea3541b6bd5afafb2d3a9a4434ddcc3ad409b2d4",
                "36014fd72fe375701ca8371d8e6998ff79770400acbf47c32cc6ae46be5a1c74",
                "a059a8fd90de59df9679c812f8e53b3bf652f6d4fcb08e0d4c56d7725314a6a9",
                "bc35716013c32f7000e596ac1e98dcf90e4d19a1411ca8966ebb8b81f0660af0",
                "00e9d8fc1fbfa1961655fd3405bef13c75a023a2102c6c17c4dc1bf65e26698f",
                "519bafc51e58b51bdf33bc14b982e6d822441c74b2790d0a62283af1536db509",
                "d5d6b9753d0d3422cff05a5461cdac5266d107223153b90cb80b84aae3ac928d",
                "2dc6f106e6a041bb12eec76a7638bd22edcd52e3fb135c304101d0a1aaa1395a",
                "103afd5ebaf236bf20aeb9328a35b794238ca845ee01e93ad39e9a860e93bb97"
            ],
            "type": "Document",
            "firstPartyCookies": {},
            "firstPartyCookiesSent": {},
            "exampleSites": [
                "analzoosexporn.website",
                "animalporn.stream",
                "animalsex.me",
                "animalzooporn.rocks",
                "animalsex.site",
                "collectionofbestporn.com",
                "doggyanimalporn.club",
                "dogsexzoo.fun",
                "girlsanimalsex.monster",
                "horsebestiality.fun",
                "incestporn.blue",
                "novinhasdozapzap.com",
                "popin-cherries.top",
                "sexwithanimalsvideos.com",
                "sexybeastialityvideos.com",
                "womananimalporn.cyou",
                "www.dirtyshack.com",
                "www.naoconto.com",
                "zooanimalsex.top",
                "zooporn.video"
            ]
        },
        {
            "rule": "eabids\\.com\\/data\\/bannerpools\\/94553\\/58924\\.jpg",
            "cookies": 0,
            "fingerprinting": 0,
            "subdomains": [
                "static"
            ],
            "apis": {},
            "sites": 5,
            "prevalence": 0.0000341,
            "cnames": [],
            "responseHashes": [
                "ba2e6bf653f9e5d709cbbccae0bb841ba79a989ec52191ce4c940263d8e20386"
            ],
            "type": "Image",
            "firstPartyCookies": {},
            "firstPartyCookiesSent": {},
            "exampleSites": [
                "analzoosexporn.website",
                "animalporn.stream",
                "horsebestiality.fun",
                "womananimalporn.cyou",
                "zooporn.video"
            ]
        },
        {
            "rule": "eabids\\.com\\/data\\/bannerpools\\/112022\\/33917\\.jpg",
            "cookies": 0,
            "fingerprinting": 0,
            "subdomains": [
                "static"
            ],
            "apis": {},
            "sites": 6,
            "prevalence": 0.0000409,
            "cnames": [],
            "responseHashes": [
                "fc8ba5347db8f878fbb61bcccf25eec23d3440b0f6236585ea8bd1a20c51cc3c"
            ],
            "type": "Image",
            "firstPartyCookies": {},
            "firstPartyCookiesSent": {},
            "exampleSites": [
                "animalzooporn.rocks",
                "doggyanimalporn.club",
                "popin-cherries.top",
                "www.contoseroticos.com.br",
                "www.vintagepornvideos.sexy",
                "zooanimalsex.top"
            ]
        },
        {
            "rule": "eabids\\.com\\/data\\/bannerpools\\/112022\\/33916\\.jpg",
            "cookies": 0,
            "fingerprinting": 0,
            "subdomains": [
                "static"
            ],
            "apis": {},
            "sites": 2,
            "prevalence": 0.0000136,
            "cnames": [],
            "responseHashes": [
                "0494945a71381bb066334336f7053fae37c0d8f9ce157e50a6ba55ed3f688042"
            ],
            "type": "Image",
            "firstPartyCookies": {},
            "firstPartyCookiesSent": {},
            "exampleSites": [
                "animalzooporn.rocks",
                "xxx-hd-tube.com"
            ]
        },
        {
            "rule": "eabids\\.com\\/data\\/bannerpools\\/112022\\/33807\\.jpg",
            "cookies": 0,
            "fingerprinting": 0,
            "subdomains": [
                "static"
            ],
            "apis": {},
            "sites": 3,
            "prevalence": 0.0000205,
            "cnames": [],
            "responseHashes": [
                "9ec9d7c5b175da0995f1bcff044cb506c61c9293a33bfce3437943184b41d176"
            ],
            "type": "Image",
            "firstPartyCookies": {},
            "firstPartyCookiesSent": {},
            "exampleSites": [
                "animalsex.site",
                "chan.sankakucomplex.com",
                "www.dirtyshack.com"
            ]
        },
        {
            "rule": "eabids\\.com\\/data\\/bannerpools\\/94553\\/58923\\.jpg",
            "cookies": 0,
            "fingerprinting": 0,
            "subdomains": [
                "static"
            ],
            "apis": {},
            "sites": 2,
            "prevalence": 0.0000136,
            "cnames": [],
            "responseHashes": [
                "a3e9d13829d47a06b2110f76de9d479ff8441cb25c24f5e0939a1b6386f67e0e"
            ],
            "type": "Image",
            "firstPartyCookies": {},
            "firstPartyCookiesSent": {},
            "exampleSites": [
                "dogsexzoo.fun",
                "zooporn.video"
            ]
        },
        {
            "rule": "eabids\\.com\\/loadeactrl\\.go",
            "cookies": 0,
            "fingerprinting": 2,
            "subdomains": [
                "go"
            ],
            "apis": {
                "Screen.prototype.availHeight": 2,
                "Screen.prototype.availWidth": 2,
                "Date.prototype.getTime": 2,
                "window.localStorage": 1,
                "Screen.prototype.height": 2,
                "Screen.prototype.width": 2,
                "window.innerHeight": 1,
                "window.innerWidth": 1
            },
            "sites": 2,
            "prevalence": 0.0000136,
            "cnames": [],
            "responseHashes": [
                "1e1d62349ba9a346536ca3be8d7f246ef513385d014011367921c1e8248c8c97"
            ],
            "type": "Script",
            "firstPartyCookies": {},
            "firstPartyCookiesSent": {},
            "exampleSites": [
                "fetish-extreme.com",
                "www.zoox18.com"
            ]
        },
        {
            "rule": "eabids\\.com\\/eactrl\\.go",
            "cookies": 0,
            "fingerprinting": 0,
            "subdomains": [
                "go"
            ],
            "apis": {},
            "sites": 2,
            "prevalence": 0.0000136,
            "cnames": [],