{
    "domain": "ecdns.net",
    "owner": {},
    "source": [
        "DuckDuckGo-US"
    ],
    "prevalence": 0.000218,
    "sites": 32,
    "subdomains": [
        "d6fd43a5-eae3-4b5c-a8b8-20affb54069f.ac.bcon",
        "e6a61be4-7175-4687-b3be-835168958692.ac.bcon",
        "8b49ac54-81f9-4352-afc8-9d011a0fb301.ac.bcon",
        "e0b7f8fa-2169-482d-a762-2c37e0d210ba.ac.bcon",
        "1035c3cf-fac2-4ff0-adbc-e32676b1009d.ac.bcon",
        "59bc3330-6a4f-436a-b283-13520230c9ec.ac.bcon",
        "21529b2d-eece-4ff5-a57f-048cfbbf703d.ac.bcon",
        "b151fb54-d191-4ab2-a3f3-85df7ecaaee6.ac.bcon",
        "6c9a34aa-24a1-4e08-839f-bb146673937c.ac.bcon",
        "9a02face-f504-48c7-bb68-030f9f612343.ac.bcon",
        "40fec124-3e7a-4764-acf6-2e5eb3dabdd7.ac.bcon",
        "dcbca85c-38a4-4704-9d00-be437049ebc6.ac.bcon",
        "1b44e52e-e2cc-4668-905a-297dbc78358b.ac.bcon",
        "eac88d12-5913-42ea-8e24-c0a5e706b0b1.ac.bcon",
        "7c7a81c2-a526-49f1-afa1-260d41afc816.ac.bcon",
        "012fb86b-9f5e-4a83-86f2-f0438694f974.ac.bcon",
        "099b1c54-605f-4624-935b-ee7502d6e474.ac.bcon",
        "66528af9-9e65-4ee4-bfc5-99474d49aa0b.ac.bcon"
    ],
    "cnames": [],
    "fingerprinting": 0,
    "resources": [
        {
            "rule": "ecdns\\.net\\/udp\\/145eec10-5442-434d-839c-5005f10e8b8c",
            "cookies": 0,
            "fingerprinting": 0,
            "subdomains": [
                "d6fd43a5-eae3-4b5c-a8b8-20affb54069f.ac.bcon",
                "e6a61be4-7175-4687-b3be-835168958692.ac.bcon"
            ],
            "apis": {},
            "sites": 2,
            "prevalence": 0.0000136,
            "cnames": [],
            "responseHashes": [
                "e3b0c44298fc1c149afbf4c8996fb92427ae41e4649b934ca495991b7852b855"
            ],
            "type": "Ping",
            "firstPartyCookies": {},
            "firstPartyCookiesSent": {},
            "exampleSites": [
                "flooranddecor.com",
                "www.flooranddecor.com"
            ]
        },
        {
            "rule": "ecdns\\.net\\/udp\\/9097feda-2ab7-469e-a701-cccc54e3b4f0",
            "cookies": 0,
            "fingerprinting": 0,
            "subdomains": [
                "8b49ac54-81f9-4352-afc8-9d011a0fb301.ac.bcon",
                "e0b7f8fa-2169-482d-a762-2c37e0d210ba.ac.bcon"
            ],
            "apis": {},
            "sites": 2,
            "prevalence": 0.0000136,
            "cnames": [],
            "responseHashes": [
                "e3b0c44298fc1c149afbf4c8996fb92427ae41e4649b934ca495991b7852b855"
            ],
            "type": "Ping",
            "firstPartyCookies": {},
            "firstPartyCookiesSent": {},
            "exampleSites": [
                "go2marine.com",
                "www.go2marine.com"
            ]
        },
        {
            "rule": "ecdns\\.net\\/udp\\/fcd85425-ddc5-4453-831e-be45d59133e3",
            "cookies": 0,
            "fingerprinting": 0,
            "subdomains": [
                "1035c3cf-fac2-4ff0-adbc-e32676b1009d.ac.bcon",
                "59bc3330-6a4f-436a-b283-13520230c9ec.ac.bcon"
            ],
            "apis": {},
            "sites": 2,
            "prevalence": 0.0000136,
            "cnames": [],
            "responseHashes": [
                "e3b0c44298fc1c149afbf4c8996fb92427ae41e4649b934ca495991b7852b855"
            ],
            "type": "Ping",
            "firstPartyCookies": {},
            "firstPartyCookiesSent": {},
            "exampleSites": [
                "issaonline.com",
                "www.issaonline.com"
            ]
        },
        {
            "rule": "ecdns\\.net\\/udp\\/9c5bbe0b-9c53-461e-955d-39b174045128",
            "cookies": 0,
            "fingerprinting": 0,
            "subdomains": [
                "21529b2d-eece-4ff5-a57f-048cfbbf703d.ac.bcon",
                "b151fb54-d191-4ab2-a3f3-85df7ecaaee6.ac.bcon"
            ],
            "apis": {},
            "sites": 2,
            "prevalence": 0.0000136,
            "cnames": [],
            "responseHashes": [
                "e3b0c44298fc1c149afbf4c8996fb92427ae41e4649b934ca495991b7852b855"
            ],
            "type": "Ping",
            "firstPartyCookies": {},
            "firstPartyCookiesSent": {},
            "exampleSites": [
                "pureformulas.com",
                "www.pureformulas.com"
            ]
        },
        {
            "rule": "ecdns\\.net\\/udp\\/4a5f14d1-f7d0-4397-9f4d-400a3a0944a9",
            "cookies": 0,
            "fingerprinting": 0,
            "subdomains": [
                "6c9a34aa-24a1-4e08-839f-bb146673937c.ac.bcon",
                "9a02face-f504-48c7-bb68-030f9f612343.ac.bcon"
            ],
            "apis": {},
            "sites": 2,
            "prevalence": 0.0000136,
            "cnames": [],
            "responseHashes": [
                "e3b0c44298fc1c149afbf4c8996fb92427ae41e4649b934ca495991b7852b855"
            ],
            "type": "Ping",
            "firstPartyCookies": {},
            "firstPartyCookiesSent": {},
            "exampleSites": [
                "sharperimage.com",
                "www.sharperimage.com"
            ]
        },
        {
            "rule": "ecdns\\.net\\/udp\\/5ae9f722-b6ad-4dac-bb3c-4324883a583f",
            "cookies": 0,
            "fingerprinting": 0,
            "subdomains": [
                "40fec124-3e7a-4764-acf6-2e5eb3dabdd7.ac.bcon",
                "dcbca85c-38a4-4704-9d00-be437049ebc6.ac.bcon"
            ],
            "apis": {},
            "sites": 2,
            "prevalence": 0.0000136,
            "cnames": [],
            "responseHashes": [
                "e3b0c44298fc1c149afbf4c8996fb92427ae41e4649b934ca495991b7852b855"
            ],
            "type": "Ping",
            "firstPartyCookies": {},
            "firstPartyCookiesSent": {},
            "exampleSites": [
                "sleep.com",
                "www.sleep.com"
            ]
        },
        {
            "rule": "ecdns\\.net\\/udp\\/8fa871f5-f76a-4ba0-9e06-126f09407830",
            "cookies": 0,
            "fingerprinting": 0,
            "subdomains": [
                "1b44e52e-e2cc-4668-905a-297dbc78358b.ac.bcon",
                "eac88d12-5913-42ea-8e24-c0a5e706b0b1.ac.bcon"
            ],
            "apis": {},
            "sites": 2,
            "prevalence": 0.0000136,
            "cnames": [],
            "responseHashes": [
                "e3b0c44298fc1c149afbf4c8996fb92427ae41e4649b934ca495991b7852b855"
            ],
            "type": "Ping",
            "firstPartyCookies": {},
            "firstPartyCookiesSent": {},
            "exampleSites": [
                "talbots.com",
                "www.talbots.com"
            ]
        },
        {
            "rule": "ecdns\\.net\\/udp\\/9575f777-7bb5-45f4-aa51-1c76ab813d8d",
            "cookies": 0,
            "fingerprinting": 0,
            "subdomains": [
                "7c7a81c2-a526-49f1-afa1-260d41afc816.ac.bcon",
                "012fb86b-9f5e-4a83-86f2-f0438694f974.ac.bcon"
            ],
            "apis": {},
            "sites": 2,
            "prevalence": 0.0000136,
            "cnames": [],
            "responseHashes": [
                "e3b0c44298fc1c149afbf4c8996fb92427ae41e4649b934ca495991b7852b855"
            ],
            "type": "Ping",
            "firstPartyCookies": {},
            "firstPartyCookiesSent": {},
            "exampleSites": [
                "thetiebar.com",
                "www.thetiebar.com"
            ]
        },
        {
            "rule": "ecdns\\.net\\/udp\\/58449c25-15c2-4c89-bf44-7e061b4707ac",
            "cookies": 0,
            "fingerprinting": 0,
            "subdomains": [
                "099b1c54-605f-4624-935b-ee7502d6e474.ac.bcon",
                "66528af9-9e65-4ee4-bfc5-99474d49aa0b.ac.bcon"
            ],
            "apis": {},
            "sites": 2,
            "prevalence": 0.0000136,
            "cnames": [],