{
    "domain": "ecdns.net",
    "owner": {},
    "source": [
        "DuckDuckGo-US"
    ],
    "prevalence": 0.000218,
    "sites": 32,
    "subdomains": [
        "54ef0273-4fd6-42bb-a9e8-57e7ee9216a0.ac.bcon",
        "335f1c1e-c7f4-453c-93b7-29005ada10dc.ac.bcon",
        "4641704c-adc0-445b-83ab-8e9762da6977.ac.bcon",
        "b46cdd58-772c-4973-8598-328a7172fd85.ac.bcon",
        "40367610-ad3a-4944-8239-a4b5a0505daf.ac.bcon",
        "f38611fd-2d30-48fa-810b-414bb47be301.ac.bcon",
        "db203062-b305-4f69-a56a-67d4967efbc8.ac.bcon",
        "fd385611-56a9-48dc-b6e9-2f915678bf49.ac.bcon",
        "af083bed-aad5-4faa-978e-e402d250cd11.ac.bcon",
        "1eb2fb0a-ae71-47ff-b7fe-d4481c8b6b71.ac.bcon",
        "ec1901f1-1b5a-42c4-9505-ad449308fe9c.ac.bcon",
        "af2bfeba-251c-4720-a337-b6ccf3803ca8.ac.bcon",
        "5381731f-73f1-422b-9888-4ce4dd559493.ac.bcon",
        "46b8786d-20d4-41cb-9c16-a095eaa95086.ac.bcon",
        "094cf1a4-b673-4b71-a9ad-a00e72493432.ac.bcon",
        "1b90012f-5445-4e30-be0c-2bc96e038a3b.ac.bcon",
        "b110b831-a652-42b5-8f6e-7cbe91932138.ac.bcon",
        "b5d54e51-8170-4546-bdcc-dfb0a4a87a62.ac.bcon"
    ],
    "cnames": [],
    "fingerprinting": 0,
    "resources": [
        {
            "rule": "ecdns\\.net\\/udp\\/145eec10-5442-434d-839c-5005f10e8b8c",
            "cookies": 0,
            "fingerprinting": 0,
            "subdomains": [
                "54ef0273-4fd6-42bb-a9e8-57e7ee9216a0.ac.bcon",
                "335f1c1e-c7f4-453c-93b7-29005ada10dc.ac.bcon"
            ],
            "apis": {},
            "sites": 2,
            "prevalence": 0.0000136,
            "cnames": [],
            "responseHashes": [],
            "type": "Ping",
            "firstPartyCookies": {},
            "firstPartyCookiesSent": {},
            "exampleSites": [
                "flooranddecor.com",
                "www.flooranddecor.com"
            ]
        },
        {
            "rule": "ecdns\\.net\\/udp\\/9097feda-2ab7-469e-a701-cccc54e3b4f0",
            "cookies": 0,
            "fingerprinting": 0,
            "subdomains": [
                "4641704c-adc0-445b-83ab-8e9762da6977.ac.bcon",
                "b46cdd58-772c-4973-8598-328a7172fd85.ac.bcon"
            ],
            "apis": {},
            "sites": 2,
            "prevalence": 0.0000136,
            "cnames": [],
            "responseHashes": [
                "e3b0c44298fc1c149afbf4c8996fb92427ae41e4649b934ca495991b7852b855"
            ],
            "type": "Ping",
            "firstPartyCookies": {},
            "firstPartyCookiesSent": {},
            "exampleSites": [
                "go2marine.com",
                "www.go2marine.com"
            ]
        },
        {
            "rule": "ecdns\\.net\\/udp\\/fcd85425-ddc5-4453-831e-be45d59133e3",
            "cookies": 0,
            "fingerprinting": 0,
            "subdomains": [
                "40367610-ad3a-4944-8239-a4b5a0505daf.ac.bcon",
                "f38611fd-2d30-48fa-810b-414bb47be301.ac.bcon"
            ],
            "apis": {},
            "sites": 2,
            "prevalence": 0.0000136,
            "cnames": [],
            "responseHashes": [
                "e3b0c44298fc1c149afbf4c8996fb92427ae41e4649b934ca495991b7852b855"
            ],
            "type": "Ping",
            "firstPartyCookies": {},
            "firstPartyCookiesSent": {},
            "exampleSites": [
                "issaonline.com",
                "www.issaonline.com"
            ]
        },
        {
            "rule": "ecdns\\.net\\/udp\\/bc1fdf1f-25ff-4584-8f29-3ddb695c042b",
            "cookies": 0,
            "fingerprinting": 0,
            "subdomains": [
                "db203062-b305-4f69-a56a-67d4967efbc8.ac.bcon",
                "fd385611-56a9-48dc-b6e9-2f915678bf49.ac.bcon"
            ],
            "apis": {},
            "sites": 2,
            "prevalence": 0.0000136,
            "cnames": [],
            "responseHashes": [
                "e3b0c44298fc1c149afbf4c8996fb92427ae41e4649b934ca495991b7852b855"
            ],
            "type": "Ping",
            "firstPartyCookies": {},
            "firstPartyCookiesSent": {},
            "exampleSites": [
                "mother.ly",
                "www.mother.ly"
            ]
        },
        {
            "rule": "ecdns\\.net\\/udp\\/9c5bbe0b-9c53-461e-955d-39b174045128",
            "cookies": 0,
            "fingerprinting": 0,
            "subdomains": [
                "af083bed-aad5-4faa-978e-e402d250cd11.ac.bcon",
                "1eb2fb0a-ae71-47ff-b7fe-d4481c8b6b71.ac.bcon"
            ],
            "apis": {},
            "sites": 2,
            "prevalence": 0.0000136,
            "cnames": [],
            "responseHashes": [
                "e3b0c44298fc1c149afbf4c8996fb92427ae41e4649b934ca495991b7852b855"
            ],
            "type": "Ping",
            "firstPartyCookies": {},
            "firstPartyCookiesSent": {},
            "exampleSites": [
                "pureformulas.com",
                "www.pureformulas.com"
            ]
        },
        {
            "rule": "ecdns\\.net\\/udp\\/4a5f14d1-f7d0-4397-9f4d-400a3a0944a9",
            "cookies": 0,
            "fingerprinting": 0,
            "subdomains": [
                "ec1901f1-1b5a-42c4-9505-ad449308fe9c.ac.bcon",
                "af2bfeba-251c-4720-a337-b6ccf3803ca8.ac.bcon"
            ],
            "apis": {},
            "sites": 2,
            "prevalence": 0.0000136,
            "cnames": [],
            "responseHashes": [
                "e3b0c44298fc1c149afbf4c8996fb92427ae41e4649b934ca495991b7852b855"
            ],
            "type": "Ping",
            "firstPartyCookies": {},
            "firstPartyCookiesSent": {},
            "exampleSites": [
                "sharperimage.com",
                "www.sharperimage.com"
            ]
        },
        {
            "rule": "ecdns\\.net\\/udp\\/5ae9f722-b6ad-4dac-bb3c-4324883a583f",
            "cookies": 0,
            "fingerprinting": 0,
            "subdomains": [
                "5381731f-73f1-422b-9888-4ce4dd559493.ac.bcon",
                "46b8786d-20d4-41cb-9c16-a095eaa95086.ac.bcon"
            ],
            "apis": {},
            "sites": 2,
            "prevalence": 0.0000136,
            "cnames": [],
            "responseHashes": [
                "e3b0c44298fc1c149afbf4c8996fb92427ae41e4649b934ca495991b7852b855"
            ],
            "type": "Ping",
            "firstPartyCookies": {},
            "firstPartyCookiesSent": {},
            "exampleSites": [
                "sleep.com",
                "www.sleep.com"
            ]
        },
        {
            "rule": "ecdns\\.net\\/udp\\/8fa871f5-f76a-4ba0-9e06-126f09407830",
            "cookies": 0,
            "fingerprinting": 0,
            "subdomains": [
                "094cf1a4-b673-4b71-a9ad-a00e72493432.ac.bcon",
                "1b90012f-5445-4e30-be0c-2bc96e038a3b.ac.bcon"
            ],
            "apis": {},
            "sites": 2,
            "prevalence": 0.0000136,
            "cnames": [],
            "responseHashes": [
                "e3b0c44298fc1c149afbf4c8996fb92427ae41e4649b934ca495991b7852b855"
            ],
            "type": "Ping",
            "firstPartyCookies": {},
            "firstPartyCookiesSent": {},
            "exampleSites": [
                "talbots.com",
                "www.talbots.com"
            ]
        },
        {
            "rule": "ecdns\\.net\\/udp\\/58449c25-15c2-4c89-bf44-7e061b4707ac",
            "cookies": 0,
            "fingerprinting": 0,
            "subdomains": [
                "b110b831-a652-42b5-8f6e-7cbe91932138.ac.bcon",
                "b5d54e51-8170-4546-bdcc-dfb0a4a87a62.ac.bcon"
            ],
            "apis": {},
            "sites": 2,
            "prevalence": 0.0000136,
            "cnames": [],