{
    "domain": "ecdns.net",
    "owner": {},
    "source": [
        "DuckDuckGo-US"
    ],
    "prevalence": 0.000205,
    "sites": 30,
    "subdomains": [
        "dbab4afa-7bc6-401d-82b0-724f54d97f9b.ac.bcon",
        "b1b9625d-c607-4197-aa27-3099bad418d6.ac.bcon",
        "a2625b24-32f8-475e-95ba-05c15fa137d6.ac.bcon",
        "42ed80dd-88e3-4ddc-9ea2-0cdfcf76f2e2.ac.bcon",
        "78524fa0-df1c-43f5-bf10-5e9a0ccd943e.ac.bcon",
        "e0e702b3-acfb-4945-8b96-4a342318fbf9.ac.bcon",
        "73f38ace-840a-4e11-8891-eb56c9231ad4.ac.bcon",
        "97543f17-115d-415d-9157-ff8e287451ff.ac.bcon",
        "0ffab84f-801d-4b19-a530-8ba0007fc589.ac.bcon",
        "5139fc52-7764-45ea-948d-aded965fc518.ac.bcon",
        "3c9eb1ec-8380-477b-a0e2-76aa05d41e68.ac.bcon",
        "91af528f-df9a-4040-9773-b673b80c5ddf.ac.bcon",
        "98ee9406-a489-4d05-ad13-0aeddab24afa.ac.bcon",
        "6cf764b6-e431-4d3e-9707-f240e176034e.ac.bcon",
        "b4d54322-bb65-4366-8818-0335fe28fd3e.ac.bcon",
        "e03159d8-7e9c-4ce6-8daf-9eb79ec05d47.ac.bcon",
        "d4c73c3a-bfaf-448b-ae03-a98cb8dbe6d1.ac.bcon",
        "6daeff92-d0e6-4706-b647-9989d98edd42.ac.bcon"
    ],
    "cnames": [],
    "fingerprinting": 0,
    "resources": [
        {
            "rule": "ecdns\\.net\\/udp\\/145eec10-5442-434d-839c-5005f10e8b8c",
            "cookies": 0,
            "fingerprinting": 0,
            "subdomains": [
                "dbab4afa-7bc6-401d-82b0-724f54d97f9b.ac.bcon",
                "b1b9625d-c607-4197-aa27-3099bad418d6.ac.bcon"
            ],
            "apis": {},
            "sites": 2,
            "prevalence": 0.0000136,
            "cnames": [],
            "responseHashes": [
                "e3b0c44298fc1c149afbf4c8996fb92427ae41e4649b934ca495991b7852b855"
            ],
            "type": "Ping",
            "firstPartyCookies": {},
            "firstPartyCookiesSent": {},
            "exampleSites": [
                "flooranddecor.com",
                "www.flooranddecor.com"
            ]
        },
        {
            "rule": "ecdns\\.net\\/udp\\/9097feda-2ab7-469e-a701-cccc54e3b4f0",
            "cookies": 0,
            "fingerprinting": 0,
            "subdomains": [
                "a2625b24-32f8-475e-95ba-05c15fa137d6.ac.bcon",
                "42ed80dd-88e3-4ddc-9ea2-0cdfcf76f2e2.ac.bcon"
            ],
            "apis": {},
            "sites": 2,
            "prevalence": 0.0000136,
            "cnames": [],
            "responseHashes": [
                "e3b0c44298fc1c149afbf4c8996fb92427ae41e4649b934ca495991b7852b855"
            ],
            "type": "Ping",
            "firstPartyCookies": {},
            "firstPartyCookiesSent": {},
            "exampleSites": [
                "go2marine.com",
                "www.go2marine.com"
            ]
        },
        {
            "rule": "ecdns\\.net\\/udp\\/fcd85425-ddc5-4453-831e-be45d59133e3",
            "cookies": 0,
            "fingerprinting": 0,
            "subdomains": [
                "78524fa0-df1c-43f5-bf10-5e9a0ccd943e.ac.bcon",
                "e0e702b3-acfb-4945-8b96-4a342318fbf9.ac.bcon"
            ],
            "apis": {},
            "sites": 2,
            "prevalence": 0.0000136,
            "cnames": [],
            "responseHashes": [
                "e3b0c44298fc1c149afbf4c8996fb92427ae41e4649b934ca495991b7852b855"
            ],
            "type": "Ping",
            "firstPartyCookies": {},
            "firstPartyCookiesSent": {},
            "exampleSites": [
                "issaonline.com",
                "www.issaonline.com"
            ]
        },
        {
            "rule": "ecdns\\.net\\/udp\\/9c5bbe0b-9c53-461e-955d-39b174045128",
            "cookies": 0,
            "fingerprinting": 0,
            "subdomains": [
                "73f38ace-840a-4e11-8891-eb56c9231ad4.ac.bcon",
                "97543f17-115d-415d-9157-ff8e287451ff.ac.bcon"
            ],
            "apis": {},
            "sites": 2,
            "prevalence": 0.0000136,
            "cnames": [],
            "responseHashes": [
                "e3b0c44298fc1c149afbf4c8996fb92427ae41e4649b934ca495991b7852b855"
            ],
            "type": "Ping",
            "firstPartyCookies": {},
            "firstPartyCookiesSent": {},
            "exampleSites": [
                "pureformulas.com",
                "www.pureformulas.com"
            ]
        },
        {
            "rule": "ecdns\\.net\\/udp\\/4a5f14d1-f7d0-4397-9f4d-400a3a0944a9",
            "cookies": 0,
            "fingerprinting": 0,
            "subdomains": [
                "0ffab84f-801d-4b19-a530-8ba0007fc589.ac.bcon",
                "5139fc52-7764-45ea-948d-aded965fc518.ac.bcon"
            ],
            "apis": {},
            "sites": 2,
            "prevalence": 0.0000136,
            "cnames": [],
            "responseHashes": [
                "e3b0c44298fc1c149afbf4c8996fb92427ae41e4649b934ca495991b7852b855"
            ],
            "type": "Ping",
            "firstPartyCookies": {},
            "firstPartyCookiesSent": {},
            "exampleSites": [
                "sharperimage.com",
                "www.sharperimage.com"
            ]
        },
        {
            "rule": "ecdns\\.net\\/udp\\/5ae9f722-b6ad-4dac-bb3c-4324883a583f",
            "cookies": 0,
            "fingerprinting": 0,
            "subdomains": [
                "3c9eb1ec-8380-477b-a0e2-76aa05d41e68.ac.bcon",
                "91af528f-df9a-4040-9773-b673b80c5ddf.ac.bcon"
            ],
            "apis": {},
            "sites": 2,
            "prevalence": 0.0000136,
            "cnames": [],
            "responseHashes": [
                "e3b0c44298fc1c149afbf4c8996fb92427ae41e4649b934ca495991b7852b855"
            ],
            "type": "Ping",
            "firstPartyCookies": {},
            "firstPartyCookiesSent": {},
            "exampleSites": [
                "sleep.com",
                "www.sleep.com"
            ]
        },
        {
            "rule": "ecdns\\.net\\/udp\\/8fa871f5-f76a-4ba0-9e06-126f09407830",
            "cookies": 0,
            "fingerprinting": 0,
            "subdomains": [
                "98ee9406-a489-4d05-ad13-0aeddab24afa.ac.bcon",
                "6cf764b6-e431-4d3e-9707-f240e176034e.ac.bcon"
            ],
            "apis": {},
            "sites": 2,
            "prevalence": 0.0000136,
            "cnames": [],
            "responseHashes": [
                "e3b0c44298fc1c149afbf4c8996fb92427ae41e4649b934ca495991b7852b855"
            ],
            "type": "Ping",
            "firstPartyCookies": {},
            "firstPartyCookiesSent": {},
            "exampleSites": [
                "talbots.com",
                "www.talbots.com"
            ]
        },
        {
            "rule": "ecdns\\.net\\/udp\\/9575f777-7bb5-45f4-aa51-1c76ab813d8d",
            "cookies": 0,
            "fingerprinting": 0,
            "subdomains": [
                "b4d54322-bb65-4366-8818-0335fe28fd3e.ac.bcon",
                "e03159d8-7e9c-4ce6-8daf-9eb79ec05d47.ac.bcon"
            ],
            "apis": {},
            "sites": 2,
            "prevalence": 0.0000136,
            "cnames": [],
            "responseHashes": [
                "e3b0c44298fc1c149afbf4c8996fb92427ae41e4649b934ca495991b7852b855"
            ],
            "type": "Ping",
            "firstPartyCookies": {},
            "firstPartyCookiesSent": {},
            "exampleSites": [
                "thetiebar.com",
                "www.thetiebar.com"
            ]
        },
        {
            "rule": "ecdns\\.net\\/udp\\/58449c25-15c2-4c89-bf44-7e061b4707ac",
            "cookies": 0,
            "fingerprinting": 0,
            "subdomains": [
                "d4c73c3a-bfaf-448b-ae03-a98cb8dbe6d1.ac.bcon",
                "6daeff92-d0e6-4706-b647-9989d98edd42.ac.bcon"
            ],
            "apis": {},
            "sites": 2,
            "prevalence": 0.0000136,
            "cnames": [],