{
    "domain": "ecocart.net",
    "owner": {},
    "source": [
        "DuckDuckGo-US"
    ],
    "prevalence": 0.000177,
    "sites": 26,
    "subdomains": [
        "evt"
    ],
    "cnames": [],
    "fingerprinting": 1,
    "resources": [
        {
            "rule": "ecocart\\.net\\/gtag\\/js",
            "cookies": 0.000109,
            "fingerprinting": 1,
            "subdomains": [
                "evt"
            ],
            "apis": {
                "Navigator.prototype.userAgent": 17,
                "Navigator.prototype.appVersion": 17,
                "Document.cookie getter": 17,
                "Date.prototype.getTime": 17,
                "Navigator.prototype.language": 17,
                "Screen.prototype.width": 17,
                "Screen.prototype.height": 17,
                "Document.cookie setter": 16,
                "NavigatorUAData.prototype.getHighEntropyValues": 1
            },
            "sites": 18,
            "prevalence": 0.000123,
            "cnames": [],
            "responseHashes": [
                "c53d83b11c89b15fd0770443405ee6227dca29492853899fc5dadd332bb108ad",
                "54f328906321ca13599d5ce1d2dc0a76a750bce3ce2f0317774b1d9d7d1ff930",
                "49cc113f7ed38b3d1385326081a342ace5249115b01cdc3c84e62bfebbceb09f",
                "a96ca5099740061acdccf9b633a440a12fe7508ebfdccca76dc29aa67bc3220a",
                "6ce9486f0af524284cf6a5e7c6a479177534977c8461a6861d6132eca6f26c0a",
                "2c4844ab0419956cbc3fa31c905a6a5a1eedb71db8e013cbcb7c561fb72b73d3",
                "50873838fc6e33dbe32590090f2d958bec1609843d8f1378db90ab0f3cfec015",
                "8ca2fe6cb54d24d93a7fe2a3a9c67cbff228bfb00845499046a6e6c85a4315cd",
                "4e466b9e1b3d561f63e4b69291bb49b9cc4ae241cb09cc2a9c2d29f361ef3f4c",
                "b4ce9b4b57afdbfb8136345c4f98f5c44e862b92d39dee267f25bd95dd00acc9",
                "9f359c77685628c24282e90c339dba4ad4c54592f0b031c557ecdf4478269845",
                "822f9d4200fa078745d09c94dd96eeb6b24df56e844640c3b86a1724fe937dc4",
                "5f925361606557777b7629e6e588a61d8db47b58c7ac64d632ddd607face59ca",
                "e4f1ef18b78a2d1f9fedaead02346ce559efd52e514a23089b2a29c52995ebe4",
                "10308861f6185d65fd12aab7a5b7255a5c1aebdce56416475fa16c3e848d5d51",
                "3cc669b0443e04266103945762ff2f95340704036331550c4a0e602f45da0b0c"
            ],
            "type": "Script",
            "firstPartyCookies": {
                "_ga_MPK7WBQVJ2": {
                    "ttl": 63072011,
                    "length": 37,
                    "prevalence": 0.00010906166073643886,
                    "uniqueness": 1
                },
                "_ga": {
                    "ttl": 63072011,
                    "length": 26,
                    "prevalence": 0.00010906166073643886,
                    "uniqueness": 1
                }
            },
            "firstPartyCookiesSent": {},
            "exampleSites": [
                "babybrezza.com",
                "biobidet.com",
                "chomps.com",
                "drinkolipop.com",
                "feastables.com",
                "lifeboostcoffee.com",
                "puritycoffee.com",
                "qalo.com",
                "sallietomato.com",
                "supernote.com",
                "us.princesspolly.com",
                "www.cotopaxi.com",
                "www.happiestbaby.com",
                "www.primalkitchen.com",
                "www.traditionalmedicinals.com",
                "www.tupperware.com",
                "www.waterdropfilter.com",
                "www.znaturalfoods.com"
            ]
        },
        {
            "rule": "ecocart\\.net\\/g\\/collect",
            "cookies": 0.000123,
            "fingerprinting": 0,
            "subdomains": [
                "evt"
            ],
            "apis": {},
            "sites": 18,
            "prevalence": 0.000123,
            "cnames": [],
            "responseHashes": [
                "e64954dc34e12c7190cc2338a54b07644ff0f102aa71cc7209bcbb49c3009f7c"
            ],
            "type": "XHR",
            "firstPartyCookies": {},
            "firstPartyCookiesSent": {
                "_ga": 0.0004226139353537006,
                "_ama": 0.000006816353796027429,
                "IR_gbd": 0.000013632707592054858,
                "_li_dcdm_c": 0.000006816353796027429
            },
            "exampleSites": [
                "babybrezza.com",
                "biobidet.com",
                "chomps.com",
                "drinkolipop.com",
                "feastables.com",
                "lifeboostcoffee.com",
                "puritycoffee.com",
                "qalo.com",
                "sallietomato.com",
                "supernote.com",
                "us.princesspolly.com",
                "www.cotopaxi.com",
                "www.happiestbaby.com",
                "www.primalkitchen.com",
                "www.traditionalmedicinals.com",
                "www.tupperware.com",
                "www.waterdropfilter.com",
                "www.znaturalfoods.com"
            ]
        }
    ],
    "categories": [],
    "performance": {},
    "cookies": 0.00017,
    "topInitiators": [
        {
            "domain": "first party",
            "prevalence": 0.475
        },
        {
            "domain": "ecocart.tools",
            "prevalence": 0.35
        },
        {
            "domain": "d2fj3s7h83rb61.cloudfront.net",
            "prevalence": 0.125
        },
        {
            "domain": "webeyez.com",
            "prevalence": 0.025
        },
        {
            "domain": "intelligems.io",
            "prevalence": 0.025
        }
    ],
    "types": {
        "Script": 18,
        "XHR": 18
    },
    "nameservers": [
        "ns-861.awsdns-43.net",
        "ns-1072.awsdns-06.org",
        "ns-1696.awsdns-20.co.uk",
        "ns-318.awsdns-39.com"
    ]
}