{
    "domain": "ediemidnightzombies.com",
    "owner": {},
    "source": [
        "DuckDuckGo-US"
    ],
    "prevalence": 0.0000955,
    "sites": 14,
    "subdomains": [
        "lucil",
        "eor",
        "euromero",
        "romero"
    ],
    "cnames": [],
    "fingerprinting": 3,
    "resources": [
        {
            "rule": "ediemidnightzombies\\.com\\/ct",
            "cookies": 0.0000818,
            "fingerprinting": 0,
            "subdomains": [
                "lucil",
                "eor"
            ],
            "apis": {},
            "sites": 12,
            "prevalence": 0.0000818,
            "cnames": [],
            "responseHashes": [
                "7a5324006e94455ebdb17b58a49e2c45851119b13386b434577a0b4358e15a9b",
                "f079347dd6c0c7bd1c66e8fbfdcda8a25177962b147ff4384554f605a293a5b3",
                "b1b2ebff2194746d63689165ab1e7020fbef69b0230d0479bf99844cc3102f20",
                "548226b999a454f4c10edc644bae22430309f142a027b5addf0d280472e1b94d",
                "43c296fa8bb6623d735fe276c7f8c3ead7bf2aca3b72974edd2f4dcf94496ba4",
                "c8a1a002ee0e633f03ae3167430b7e2e6e3f758f0b455b79d32716f7e8d29243",
                "03f1017da4c31a1c26deb639ccbd9739a1f9e7cf1feb398b4511ca33fdf989ba",
                "01836207077901cb982e7f9a9f6496193ff68624ee81577a48f0e7eac6a341aa",
                "9ec8f624ce95f0a62c441a80c3d125eb37c24b69933a0291e09781aebaf00070",
                "49522ebc72a18743aaf7a7a8aebe3fa9a710a8326bb6c5f58e83f6bce10fe059",
                "45ac5c3334fff08aa738833d89ae03191927176994ea9b3e87db4cbe7f4b2418"
            ],
            "type": "Script",
            "firstPartyCookies": {},
            "firstPartyCookiesSent": {
                "_ga": 0.000040907324456443923,
                "_cq_duid": 0.00006136098668466589,
                "_cq_suid": 0.00006136098668466589,
                "_uetvid": 0.000006817887409407321,
                "IR_gbd": 0.000006817887409407321
            },
            "exampleSites": [
                "vegamour.com",
                "www.2ndstreet.jp",
                "www.auto-doc.fr",
                "www.auto-doc.it",
                "www.autodoc.co.uk",
                "www.autodoc.es",
                "www.autodoc.se",
                "www.buycarparts.co.uk",
                "www.heydude.com",
                "www.piecesauto24.com",
                "www.recambioscoches.es",
                "www.ryman.co.uk"
            ]
        },
        {
            "rule": "ediemidnightzombies\\.com\\/tracker\\/tc_imp\\.gif",
            "cookies": 0,
            "fingerprinting": 0,
            "subdomains": [
                "lucil",
                "eor"
            ],
            "apis": {},
            "sites": 12,
            "prevalence": 0.0000818,
            "cnames": [],
            "responseHashes": [
                "f4eef8263281c0b26486637831251059757bc3fdc4c3a48045a8ef8646b36e8f"
            ],
            "type": "Image",
            "firstPartyCookies": {},
            "firstPartyCookiesSent": {},
            "exampleSites": [
                "vegamour.com",
                "www.2ndstreet.jp",
                "www.auto-doc.fr",
                "www.auto-doc.it",
                "www.autodoc.co.uk",
                "www.autodoc.es",
                "www.autodoc.se",
                "www.buycarparts.co.uk",
                "www.heydude.com",
                "www.piecesauto24.com",
                "www.recambioscoches.es",
                "www.ryman.co.uk"
            ]
        },
        {
            "rule": "ediemidnightzombies\\.com\\/mon",
            "cookies": 0,
            "fingerprinting": 0,
            "subdomains": [
                "lucil",
                "eor"
            ],
            "apis": {},
            "sites": 12,
            "prevalence": 0.0000818,
            "cnames": [],
            "responseHashes": [
                "e3b0c44298fc1c149afbf4c8996fb92427ae41e4649b934ca495991b7852b855"
            ],
            "type": "XHR",
            "firstPartyCookies": {},
            "firstPartyCookiesSent": {},
            "exampleSites": [
                "vegamour.com",
                "www.2ndstreet.jp",
                "www.auto-doc.fr",
                "www.auto-doc.it",
                "www.autodoc.co.uk",
                "www.autodoc.es",
                "www.autodoc.se",
                "www.buycarparts.co.uk",
                "www.heydude.com",
                "www.piecesauto24.com",
                "www.recambioscoches.es",
                "www.ryman.co.uk"
            ]
        },
        {
            "rule": "ediemidnightzombies\\.com\\/sxp\\/i\\/8ac6baf92cb3707cdfb46f9126d5520d\\.js",
            "cookies": 0.0000341,
            "fingerprinting": 3,
            "subdomains": [
                "euromero"
            ],
            "apis": {
                "Navigator.prototype.userAgent": 8,
                "Screen.prototype.colorDepth": 8,
                "Screen.prototype.pixelDepth": 8,
                "Navigator.prototype.vendor": 8,
                "Navigator.prototype.platform": 8,
                "Navigator.prototype.mimeTypes": 8,
                "window.matchMedia(\"prefers-color-scheme\")": 8,
                "Navigator.prototype.doNotTrack": 8,
                "Navigator.prototype.maxTouchPoints": 8,
                "Navigator.prototype.hardwareConcurrency": 8,
                "Navigator.prototype.connection": 8,
                "Date.prototype.getTime": 8,
                "Date.prototype.getTimezoneOffset": 8,
                "Screen.prototype.width": 8,
                "Screen.prototype.height": 8,
                "Navigator.prototype.productSub": 8,
                "Navigator.prototype.product": 8,
                "Navigator.prototype.appName": 8,
                "Navigator.prototype.appCodeName": 8,
                "Intl.DateTimeFormat.prototype.resolvedOptions": 8,
                "Screen.prototype.orientation": 8,
                "Document.cookie getter": 8,
                "Navigator.prototype.deviceMemory": 7,
                "Navigator.prototype.permissions": 7,
                "Navigator.prototype.getBattery": 8,
                "Navigator.prototype.mediaDevices": 7,
                "MediaDevices.prototype.enumerateDevices": 7,
                "window.innerWidth": 8,
                "window.innerHeight": 8,
                "Screen.prototype.availHeight": 6,
                "Screen.prototype.availWidth": 6,
                "WebGLRenderingContext.prototype.getExtension": 5,
                "WebGLRenderingContext.prototype.getParameter": 5,
                "WebGLRenderingContext.prototype.getSupportedExtensions": 5,
                "window.devicePixelRatio": 5,
                "Navigator.prototype.webdriver": 4,
                "Navigator.prototype.plugins": 4,
                "window.localStorage": 5,
                "HTMLCanvasElement.prototype.toDataURL": 6,
                "window.indexedDB": 5,
                "window.screenTop": 5,
                "window.screenLeft": 5,
                "Screen.prototype.availTop": 5,
                "Screen.prototype.availLeft": 5,
                "window.outerWidth": 5,
                "window.outerHeight": 5,
                "window.name": 5,
                "Performance.prototype.memory": 4,
                "Navigator.prototype.languages": 5,
                "PerformanceTiming.prototype.navigationStart": 5,
                "Notification.permission": 4,
                "Document.cookie setter": 5,
                "window.sessionStorage": 5
            },
            "sites": 8,
            "prevalence": 0.0000545,
            "cnames": [],
            "responseHashes": [
                "2d670eef96056f0db9e1d0ac2b5aabeb974a813b494d4fa8e09f814c2d4d0017"
            ],
            "type": "Script",
            "firstPartyCookies": {
                "_cq_duid": {
                    "ttl": 7884003,
                    "length": 29,