{
    "domain": "ediemidnightzombies.com",
    "owner": {},
    "source": [
        "DuckDuckGo-US"
    ],
    "prevalence": 0.0000681,
    "sites": 10,
    "subdomains": [
        "lucil",
        "eor",
        "euromero",
        "romero"
    ],
    "cnames": [],
    "fingerprinting": 3,
    "resources": [
        {
            "rule": "ediemidnightzombies\\.com\\/ct",
            "cookies": 0.0000545,
            "fingerprinting": 0,
            "subdomains": [
                "lucil",
                "eor"
            ],
            "apis": {},
            "sites": 8,
            "prevalence": 0.0000545,
            "cnames": [],
            "responseHashes": [
                "17646d7e1af1f1b3eeec8f4df759a14f2627ae2466d6bab40196f577d63b73f4",
                "111d298677e6650b1ded36e7ff33ab5e571ebc9c8ddf91f778324799fdddb915",
                "c08363daaa55013af940f45d493796e295bdd4bf0df327c22f4f7a2e934fbe62",
                "e98a145b0142ec462a6d1fc8f57350231685f61a5340eb95e39dba27b121e0e8",
                "ab723e2d83ada7a1650eeccc892ac7df71c297a01dfe21edfa267e503b1a6147",
                "5e469e24a3adbfd5fd60643dc22624daa3f25e77788d1538058480f1a761f638",
                "83ef539ea72e9d77255b1337b94a728aabdb2b5b16c7469e62ff2e10fc739ba1"
            ],
            "type": "Script",
            "firstPartyCookies": {},
            "firstPartyCookiesSent": {
                "_ga": 0.00004084550188910446,
                "_cq_duid": 0.00004084550188910446,
                "_cq_suid": 0.00004084550188910446,
                "_uetvid": 0.000006807583648184077,
                "IR_gbd": 0.000006807583648184077
            },
            "exampleSites": [
                "vegamour.com",
                "www.2ndstreet.jp",
                "www.buycarparts.co.uk",
                "www.heydude.com",
                "www.leesa.com",
                "www.piecesauto24.com",
                "www.recambioscoches.es",
                "www.ryman.co.uk"
            ]
        },
        {
            "rule": "ediemidnightzombies\\.com\\/tracker\\/tc_imp\\.gif",
            "cookies": 0,
            "fingerprinting": 0,
            "subdomains": [
                "lucil",
                "eor"
            ],
            "apis": {},
            "sites": 8,
            "prevalence": 0.0000545,
            "cnames": [],
            "responseHashes": [
                "f4eef8263281c0b26486637831251059757bc3fdc4c3a48045a8ef8646b36e8f"
            ],
            "type": "Image",
            "firstPartyCookies": {},
            "firstPartyCookiesSent": {},
            "exampleSites": [
                "vegamour.com",
                "www.2ndstreet.jp",
                "www.buycarparts.co.uk",
                "www.heydude.com",
                "www.leesa.com",
                "www.piecesauto24.com",
                "www.recambioscoches.es",
                "www.ryman.co.uk"
            ]
        },
        {
            "rule": "ediemidnightzombies\\.com\\/mon",
            "cookies": 0,
            "fingerprinting": 0,
            "subdomains": [
                "lucil",
                "eor"
            ],
            "apis": {},
            "sites": 8,
            "prevalence": 0.0000545,
            "cnames": [],
            "responseHashes": [
                "e3b0c44298fc1c149afbf4c8996fb92427ae41e4649b934ca495991b7852b855"
            ],
            "type": "XHR",
            "firstPartyCookies": {},
            "firstPartyCookiesSent": {},
            "exampleSites": [
                "vegamour.com",
                "www.2ndstreet.jp",
                "www.buycarparts.co.uk",
                "www.heydude.com",
                "www.leesa.com",
                "www.piecesauto24.com",
                "www.recambioscoches.es",
                "www.ryman.co.uk"
            ]
        },
        {
            "rule": "ediemidnightzombies\\.com\\/sxp\\/i\\/8ac6baf92cb3707cdfb46f9126d5520d\\.js",
            "cookies": 0.00000681,
            "fingerprinting": 3,
            "subdomains": [
                "euromero"
            ],
            "apis": {
                "Screen.prototype.width": 3,
                "Screen.prototype.height": 3,
                "Screen.prototype.availHeight": 3,
                "Screen.prototype.availWidth": 3,
                "Document.cookie getter": 3,
                "WebGLRenderingContext.prototype.getExtension": 1,
                "WebGLRenderingContext.prototype.getParameter": 1,
                "WebGLRenderingContext.prototype.getSupportedExtensions": 1,
                "Navigator.prototype.userAgent": 3,
                "Screen.prototype.colorDepth": 3,
                "Screen.prototype.pixelDepth": 3,
                "window.devicePixelRatio": 1,
                "Navigator.prototype.vendor": 3,
                "Navigator.prototype.platform": 3,
                "window.localStorage": 1,
                "Navigator.prototype.mimeTypes": 3,
                "window.innerWidth": 3,
                "HTMLCanvasElement.prototype.toDataURL": 3,
                "window.indexedDB": 1,
                "Navigator.prototype.doNotTrack": 3,
                "Navigator.prototype.maxTouchPoints": 3,
                "Navigator.prototype.hardwareConcurrency": 3,
                "window.screenTop": 1,
                "window.screenLeft": 1,
                "Screen.prototype.availTop": 3,
                "Screen.prototype.availLeft": 3,
                "window.outerWidth": 1,
                "window.outerHeight": 1,
                "window.innerHeight": 3,
                "window.name": 1,
                "Navigator.prototype.connection": 3,
                "Navigator.prototype.languages": 3,
                "Date.prototype.getTime": 3,
                "Date.prototype.getTimezoneOffset": 3,
                "PerformanceTiming.prototype.navigationStart": 1,
                "Navigator.prototype.productSub": 3,
                "Navigator.prototype.product": 3,
                "Navigator.prototype.appName": 3,
                "Navigator.prototype.appCodeName": 3,
                "Navigator.prototype.plugins": 3,
                "Intl.DateTimeFormat.prototype.resolvedOptions": 3,
                "Screen.prototype.orientation": 3,
                "Document.cookie setter": 1,
                "window.sessionStorage": 1,
                "Navigator.prototype.deviceMemory": 3
            },
            "sites": 3,
            "prevalence": 0.0000204,
            "cnames": [],
            "responseHashes": [
                "d9b37fa2cd14abd961b43550b04529af04258abc5a660bc25867dd62064ac941"
            ],
            "type": "Script",
            "firstPartyCookies": {
                "_cq_duid": {
                    "ttl": 7884003,
                    "length": 29,
                    "prevalence": 0.000006807583648184077,
                    "uniqueness": 1
                },
                "_cq_suid": {
                    "ttl": null,
                    "length": 29,
                    "prevalence": 0.000006807583648184077,
                    "uniqueness": 1
                }
            },
            "firstPartyCookiesSent": {},
            "exampleSites": [
                "buycarparts.co.uk",
                "www.piecesauto24.com",
                "www.recambioscoches.es"
            ]
        },
        {
            "rule": "ediemidnightzombies\\.com\\/i\\/f463fa5ccf38e73ce35c0de5bb18238a\\.js",
            "cookies": 0.0000136,
            "fingerprinting": 3,
            "subdomains": [
                "romero"
            ],
            "apis": {
                "Document.cookie getter": 2,
                "Screen.prototype.width": 2,
                "Screen.prototype.height": 2,
                "Screen.prototype.availHeight": 2,
                "Screen.prototype.availWidth": 2,
                "WebGLRenderingContext.prototype.getExtension": 2,
                "WebGLRenderingContext.prototype.getParameter": 2,