{
    "domain": "eedsaung.net",
    "owner": {},
    "source": [
        "DuckDuckGo-US"
    ],
    "prevalence": 0.00075,
    "sites": 110,
    "subdomains": [],
    "cnames": [],
    "fingerprinting": 3,
    "resources": [
        {
            "rule": "eedsaung\\.net\\/1",
            "cookies": 0.000675,
            "fingerprinting": 3,
            "subdomains": [],
            "apis": {
                "NavigatorUAData.prototype.getHighEntropyValues": 87,
                "Screen.prototype.height": 96,
                "Navigator.prototype.userAgent": 97,
                "Navigator.prototype.webdriver": 94,
                "Navigator.prototype.plugins": 94,
                "Screen.prototype.width": 96,
                "window.screenY": 94,
                "window.screenX": 94,
                "window.outerWidth": 94,
                "window.outerHeight": 94,
                "window.innerWidth": 94,
                "window.innerHeight": 94,
                "Screen.prototype.availHeight": 96,
                "window.localStorage": 94
            },
            "sites": 100,
            "prevalence": 0.000682,
            "cnames": [],
            "responseHashes": [
                "8343f974bd9322b59d7aeedad569eb659f678487456823c4e661a3bb4cc91d71",
                "0f7cfc04e246ab7db7620ff44e36ff535cb0d5b7c8865d3d143f15d51a90b391",
                "74917b4b7e07b849d9ffc11b7b1ee76aa14ab79c05b175c9a4e0c79c0029a5f4",
                "13aeba7c10756b932acf9b9319a96a9905cf7366cd194d4969db3e3e51877aed",
                "2ef2d09fcff0697fb0a92402093c7e6553760ee2ff7e1229250a549fd35ddc91",
                "2b6c412f6522b3f28d0b4f0375263b95056c32bc1eb53baaaa90e2ec351f529b",
                "bc30ccb99f0c423599767adab12db9d4d829758e3055812af30b8691652d24c4",
                "dcd078f509a17018bfd944bc63244d710168529106c3ee4d3e2441e23199cac9",
                "2381cb981c510b467d70d3d75a0a4f754446d54c984cbb0b10a700815f4d355f",
                "4d4d0becde5a023e609c9bae63aa70ab36e457f1e6b1e4e40d4dfcd85a5e7cee",
                "bd1ffd4d9bbeeb70aa7c27939b2d2424fa673c4b0c5257dc4415802afd391271",
                "d01bb082c0758b25e6996b0497f1d4c045639fa939c3121b795a39b4d2c8dab0",
                "c2531bdd0734d51d325e2b9c870f510614580cf2a576db39435da7c489fd6819",
                "798561bfe4f7c8409d515c0d78011a488aeea75f6db3eed94cedff50d731af1c",
                "c57d66fd148b751366490cd0a1457bb1a910d81b7232a2fb7044597a4929e497",
                "48fa0951f78ef4a910fdb861b856d3815b3e654f1e1b67df11994fdc58a0115b",
                "b20b31842c0052c8b1f977b144298bf4728f58201b1ad3246c3f612496a4ec89",
                "066fcf5861c9a3c307ff99c3e383c7a96e12d040f72f35f7059100a44c7ab26b",
                "76cfecf9e095610cdefa239f76fa51c7bc859c35b8394abe15aea7cd871543da",
                "cd711d120a4cf1628b3058aba72e3f7dcab7c127aea5bc4f7853e4250501d61a",
                "f9075bf30f77a5774353d7a9adc2770341f2b1b6798a446180def809976a1db5",
                "fc33517b5782886e0d1fa05dd5c5cc2eb1c790eabb4c25af7d410625ba3b79d8",
                "fda45b74d2dd0d1dd2d858a9837dc07a590363c9edc373629881d08c86e8bd33",
                "e02df9101c96557460207f1e02b80619382dac1ea812508b16ed74ef6edfe671",
                "1b948a2e20592679f5cd1dc5965ef27d69e7957867a2a33dbcc86c021d57464b",
                "c35f994a1c0ec65e45ce369612d40fc2a27c4f63b76dfcf4c5d0ddb9255e435c",
                "0c2b337b089f2210e58173273fc8daba703f9f3903bd4202f19d02114659789c",
                "dd4c94763083ff085c9f185797eebf33aa1fbfb38b115a39237a649da27fde36",
                "42f0360a9029d90a59099afe8fe4f60702cd8e30f18f9986e982bd146776b596",
                "e3b0c44298fc1c149afbf4c8996fb92427ae41e4649b934ca495991b7852b855",
                "b2e0d246ab29418e295d15c25b56778a1faa72942545aada3ba25f458973859b",
                "e91adb4db2d88ffaec0533c4f9c5a9e27975219d527634047a38ed2787d4a1c2",
                "2a52b24304c1ae325edf11916604107b28875ed115ad11a0f982e2a482ad58ec",
                "82c93f1469b37604359a815fb27fd33191b11d3ee8a51914785402d7f3ae6c97",
                "e2ed0580ed60003a392a080537ef5018e874445deadd6d9d4984a68c60be68a5",
                "bafdf78e0f4ce95b90dc139b18d6f9aeac9a5e1e3c6fc2dbd154603d9cba99a7",
                "5c7154b96899e8e33a4fb6cb1b65cf4e37959b49ec6081dccf5f2a3a0ca0bfc0",
                "f52603600a8d9a4d33eb7509cef546c6879bdd148ae870a97dbec134456e9f39",
                "e69870d45893156e85cba9f27708c08f5da5a4e62d3208f2a58bb3881af6cdd0",
                "e115d52c36112c5347913aa457706556cb343d89f913b94958b87d75590adf76",
                "7e9ec16d5f689e35276e640a572b0c84e796e8edd4ba523a7e70055530245604",
                "e4756ee60b0e410868a9456ad936f5c8870c76c4dcbae97a9fef5ddbdf54552a",
                "225611b028568a0dda0a4d955e16ad4c700a93a06cdac7a47e65789bbe0176d0",
                "01fb0b93edc9166c13388e2be9815e04883435603ffae416ceea8c588c41de07",
                "d2e4fe2f52589bc35f7daf97efb3da16ca1cbbdb48854bb9770ab5f2c9199dc7",
                "01ecf52af30568fd91793f65e268418ccc0ec909e0651bf91dc6b0a2628b6795",
                "c602f12045863978028535a68037fa90132d8f49403ad0629fdf477a610fb94e",
                "1953630f3b831d59551dc3749f3c6f2873307534d7b8949b70c1177fd5fc572b",
                "64bddeb20efcae204915393e36882926d7e8edbfb5d552240536804cf096b017",
                "f3c434b4b2b7d36396f20ef0db070ed177748c28b94243255007e572d41469c3",
                "2f7ad74d7763f61b964d39d93342f6183542ef762ce7e9ac4bf1ed0cd6fffdf2",
                "a021d27e3b32a8bab04c498c2e24b51947cc0aa3ddab52f8a3babcafd3b5fe06",
                "d0d76ecd1ea4a93e11c092813a0866f6d4cb4e152da905a3f0f8dda8312fb823",
                "aedf0529ed7fa29e685b679b89fe39807bf406b6d8e9808040af0ba17122208b",
                "991e57f15d7e04823d116746506144ad3f19fef3f2344cfd9f74e6536403bf8c",
                "8dcce28bac53d29d8ace8a623d87428b3e9521147e09b8243b57da4c6c5e4a0b",
                "ba8e8a08885f9a7811e056feba3504845ece3f3f7a2802158f384c692cb461eb",
                "9b66f0e53ca4b4180af05e15d28f1b6828dcedc9f0df2d8ecc62988ca42cf0f8",
                "70f3538322112071236c5fd4e7860a1a0841bcb6ab2a32efb6fd85959aaa9635",
                "a79979eebe90f34396fd711ca3efb60b75f5001ba6a9fc5f6d72a3b23c206ce5",
                "6b689a11b4faacf3ef95db2773c1129fb454e2ac5c8f5c7a20360e45d2da11d1",
                "b8303f1963744f99e4bfde9d80a0354378decd50efdd20558db2c74c34023b0a",
                "8a4bf3aeb15122f3c3781c9573a671ba8a6716453f62ad777f34f1ed72063881",
                "6d0d2d246310d3be1777dc09d9604bdc8166721207e1bf3c2ce262a3a92882a6",
                "771315b413606aa7504b10421cdaf83af8b46cf740d2954e8146f6ea034ed938",
                "7ebe1b1dc91be103e0029fd5026210dc46f1f63bd3b3fda957bb0554464ea5b2",
                "cff4184c65d15d3c3bafcbaa5de407aa58c65cc623660ebf2046a5bf1c12034a",
                "ca90dc8613afb9059780efa0ca2d33766fea5133894cc7f52dfd5792f03bb44d",
                "ebee1f5fbcbe0ccfb1572443fcf2915cb6e5327b69c90747a5e317852ab8447e",
                "735b62880ed9f604063afc692201c1c8ebdd7eb09b38061f830e12555f66b94b",
                "2935c777e17c0e06b0da39f2aab45d43ac70de5b2e546a04ce07ced53cdfa6ec",
                "9dc29ab2ce8bc337b953e739d3719bd7ac62304db30fed8342232dfddcdefbca",
                "8fdb666f878088bb4f8bffb555bf922fe09b6a99db6da4d33574bc4c868e63a9",
                "2579ec138af5bcbef28e46e7b7afd5ab63c453d7f61b8dd3290a541f94fa31d0",
                "b7e88a6f9ba7f8b51f51eb5f05c80cc363fec8a107cff522c699ba9ca1fb8590",
                "b07ae049d6edefcc7eb4e80544cfd6efabf4473218001010e9c29d5292685b4a",
                "9011443d445916b183d6f68ade21090fad7f357dc049c5f936210c25b051c8d8",
                "695973ff1d4fd5bf5ffd01f6e60039a7c376a85cb9f06e356a8442db11871441",
                "6fd636a85b14b2a73df13ee1b36f8b3f91fc6a3d783fe692e30605f75a9273a2",
                "1f3f2aa6e7943021876e8c9411070019a085e326d0b97ff823002b1394cad9ff",
                "c0ca4df623ba32068be16f2715c3432a5c978bd21b8080b0bed8b53104fc5829",
