{
    "domain": "eedsaung.net",
    "owner": {},
    "source": [
        "DuckDuckGo-US"
    ],
    "prevalence": 0.000579,
    "sites": 85,
    "subdomains": [],
    "cnames": [],
    "fingerprinting": 3,
    "resources": [
        {
            "rule": "eedsaung\\.net\\/1",
            "cookies": 0.000498,
            "fingerprinting": 3,
            "subdomains": [],
            "apis": {
                "NavigatorUAData.prototype.getHighEntropyValues": 65,
                "Screen.prototype.height": 71,
                "Navigator.prototype.userAgent": 71,
                "Navigator.prototype.webdriver": 67,
                "Navigator.prototype.plugins": 67,
                "Screen.prototype.width": 71,
                "window.screenY": 69,
                "window.screenX": 69,
                "window.outerWidth": 69,
                "window.outerHeight": 69,
                "window.innerWidth": 69,
                "window.innerHeight": 69,
                "Screen.prototype.availHeight": 71,
                "window.localStorage": 69,
                "Date.prototype.getTimezoneOffset": 2
            },
            "sites": 73,
            "prevalence": 0.000498,
            "cnames": [],
            "responseHashes": [
                "9bfeaa750a44c4e2dfa36ceb889eebd6cde2f804bc02e80a634b968a6115cac8",
                "6f4103f5c40232a776e8b5d4b3fc774cd1dd2c9c133ca9e8e8c44cd05cb20617",
                "3012d2f3a9637c7a7cac8fe505cb894320e16c8f15baff4a04a82b30289eb369",
                "583e6c03377fcca11a16fb7a1f23063dabaa457e3a3d27294d677c817d088574",
                "663013a76b9662798a61ce751936b7e6f5962abdf533c9074984eb0cb0a5d231",
                "9591a68d13d7f7485604edb7bb0b42e02f3b42bca16a9533a58bc2ba83a42606",
                "9f795bcbc355a041d6def5869816800c371a4a87f6aff8e97d9d731074c624fc",
                "8c73b5f120775eaef4e6c17365be1e32bd675f6908b6862e3baeb7a7219b08df",
                "6e52b3599785623c37dc49acd7e41e08a941f0db3dbe39019884a71eb588f03c",
                "2697ef2807edec5f44581781b727e9e4d1b431b4f313446e9c118dc5ee76553e",
                "aeb0ec347ba53cb9c02879110fd1d7c9cadfaeec44114aaf3c5fab39951a66c0",
                "ad8281ecaf136eaeec430abdcb1eec4951c1acb8b3e1ff32b9b6161062a5518a",
                "914e8910838ef508329bdb2e167a73b1b95817627d5da6d6c528919078158e95",
                "bf17c8bad56a6b5b9222ca650e2e167b24fcdfe38d870bc499a14c0af57bd830",
                "9ea315c36ea1483d6a9c27a6bc091a7154ad0a42fdfdaad351568e72eb25ff8b",
                "9553ded5130fe94654d1f9d47cc58676954d13fba2ee84318024a59ae2508424",
                "af1d2e27aefbfced1d53baf2930ffa96a98e973c9ae759d48fc865d2a3df28f1",
                "edb3e7b8380c97bf20879da1982b533ba398914f8fea93b59f11704cb6f24b9c",
                "1b3fc34d8f2711021a058c60ec96c9fae167e1210444bc06d24cd93eee2fee60",
                "22a7ce092fd4d8b6250fac080181b834e4d67e2fccc1798269c478cd79ee3e83",
                "1aee5a9c747c909b0e4f7f0d4a0f06935d54798dd5750d2ecbc40872d36d9d02",
                "3d69bdd9aaad6128265432b1f5682dc76fc180ff2a1f1c617b5f21410f53bc8e",
                "8dc402686106421c29834b62d76ac6ff92493dfa33612f160b32339fe0089264",
                "6a948e45ca904979d88820f93f2e3c85ad9b334ccafa8cf6425f8bbc127d35ac",
                "56d66d74e95c5f4688dd04ad4425d8cbeee05d5b2d0f088f6a00021f3b4a01bd",
                "40ac2ea31289b6a1285300ed05f01276e83cca51d551c663724db3ad889f5de3",
                "7bc02b4ca3767a2d11525a726713f039a4650e179536e6ccad1b63acef378790",
                "00dc2cdf4a06d4f041e7d88a3bb5e10f9a9aee1fd457dcf65cce5509d43b8c2d",
                "e37120c8ba234187639afa8c0f1a237ef51f15d8993c8919fb0d68bf76c296a0",
                "e3b0c44298fc1c149afbf4c8996fb92427ae41e4649b934ca495991b7852b855",
                "66bfb1f902aba60552b21eb90ecaf169a20f68d9f2dc3829426aed7f649ee1f6",
                "f474587590d9699ee4e60129f2ecb4dd4d6dec9afa098c71bab5992d91e1d51d",
                "8f59c583ca69e321c1a6d55f9cd2f9195ceb633cefaba69adf543f7ed4fc91ac",
                "955fb3e32ff4468b0210231e7ef4a96d8af33fa7b9221b2777f405db7cdf82f6",
                "44159232c7669e9a9429fbadf83a6b6f6e341e0c9206c48367efcf84cd1b433e",
                "60c8e46dafb8dd71179ffb6f4a8d6d3351fdf1b22bc2977c72cff05966107be2",
                "97d9444a3eb1c66fcc53b9e4d609bd9a0543f8307374c5fe5ad9adf29218859f",
                "9203a6f8129d766e616a1a0e3045f396256c4d62874cb84a495765e9c75741d4",
                "625d2722cd1195200002fadbb15242051e0b0439840bf3af2fcabad4d76cca1b",
                "003487ad96c26abb534cf411d4547cbbbf9fa630f09fe603685bc43052f15984",
                "86d4979fba4fe6f7e589fb500e9fb9c4cc42a1fde904a6a52f34aba59ec8b61f",
                "426b5c459fb7684411811315566ccce664988642684226b13f11522671750ba0",
                "33fdcdc6040b181d04e20d40d5d3b2af20963f08ce2972bc5a05c06f1c01ba3c",
                "051062b00e2f21e288c24187ef7ee5f4906bcba1d8313cb0fc621fd9fc90bd47",
                "346187e49c8f6b42565bac5b2f7ed73355c4e8264bdac951a4f73c2713b889e9",
                "96435bc0b6747f3b58b63369f095afe587323fb2682269fe04f38755b3d783d5",
                "8bc0394f6906dd9c0fd4c20c3ddebfbab244a17693d8be3d75f01ea3f3fd6f1a",
                "cdc714e54525ca7e1745071eee26c75b14d173f9116bf3e38bb1ab597f965bd8",
                "563d4f5b194c21addf244ce67119887024ae4f54edad7405e72725c2d8344ef7",
                "f703e97a47b7845d240331807f4b59e336adadeda38f734bf1a6011ae229540b",
                "a35714cd0fac65f98a8e9a6d0cdfc772d30c9c6024f2b675ed5d52343c780471",
                "4a0eae52f5bd341b13b6e7efe9987192eaf585468859a4253dd4de2bb8703ec5",
                "1e659af72eaa2b580a422ad2a7ad1159696252f64671663fe40b375c3a6b2796",
                "2941c8c6edd8f595a32fba7cabd6cabba0f3e4a444593118f05112abd80df8fd",
                "53fc949dffd8856fe3de0244c031a3aa87d2a7a19bedf22c5c67e8aac7aa023d",
                "e8532aabb6dd7a689aeaf2ab4745a3e0ad7c3bfdbaa444ae4db239b0a0fe35b7",
                "bb1c00903a15c84604afde1817299eec981e43f5aafcb8ccdc4f77d13fb5f7aa",
                "ee45811a9bd28a4d3d5885e7a464217c5039d87523dfbfaba64eec612f8a384f",
                "f6fbe9d9c036c261dd2a1a5735831e6642630cd166e3590320b6a1ef40522978",
                "835712bfeb34d71c69af1ba3c6f81828c66be7578c65a30fbffec521247f8e64",
                "f46826c03678d3ee90ea4ead5ce5b83f976f41aca87dc1d80fed4036f43f761e",
                "d7e1cffa270097b006f9e41b603e992f13451c8ff267a9a6a56c79fb7b27be27",
                "9a5ca2c835f54dbe423c2a8f5c767e35c0d7b90f362157e3991ad6dca542bf3a",
                "387bcf1cc79832b90e54ee28e17c075a1826144d717a83da3c481093e88413d2",
                "ebf2738269a8d18b930858a7583f8da9e402731b851faa49166aa89124c44795",
                "4e38bedbf9f885bbbc34787a4c8a30e3aa2a831750a342ac374d8df69cf336e1",
                "b215225f50c8f27f5eded169a28031adb132ee362c1f27ab764aa91a0edba2c9",
                "7788fbd58ea74f29ceafebdfd6c35b55c319643018af51c9dbd620fbea8d54ce",
                "0f365740bb2f21034dc1430f4b962b6655f09492fa8762ef913be99ff631fb0a",
                "14bd5d3daba9aecd0a18d038e0ecf97071bed5af6cc92b5b69882e284e3c41b7"
            ],
            "type": "Script",
            "firstPartyCookies": {},
            "firstPartyCookiesSent": {},