{
    "domain": "empowerlocal.co",
    "owner": {},
    "source": [
        "DuckDuckGo-US"
    ],
    "prevalence": 0.000184,
    "sites": 27,
    "subdomains": [
        "ads"
    ],
    "cnames": [],
    "fingerprinting": 2,
    "resources": [
        {
            "rule": "empowerlocal\\.co\\/adserve\\/",
            "cookies": 0,
            "fingerprinting": 0,
            "subdomains": [
                "ads"
            ],
            "apis": {},
            "sites": 21,
            "prevalence": 0.000143,
            "cnames": [],
            "responseHashes": [
                "305fc55ce772bbcdd4fed30926c40f684240e067f56b16cce5f624b28dc7c3fe",
                "787a2193e3d28e4b30793bad4ad8e3d2a9c350640f3fa92332bed658161a500f",
                "aa405ad4c9d9c269a326b3430335684869915326aeda7b15229b8828fe5f30cc",
                "d7391aabe875a71f927269777d8a02f740fe9568cba244c0348d154c415cc0cd",
                "403d9e6e627963e295a0583d26c0ef604e2eb5de65c58a2fe4f0c39f9ad857b1",
                "3aa4db899cc8ffba4bc855a840c67a78d54388121ea97647fa0eecc986cb1b43",
                "3fdeeb9d30d1df5b7a16723610e23f8e595736c25d956ed289b1c8df9088f7a6",
                "b5ee4452ba63c16a9e0f894afbf08e03ec9e225c23a4c92f4cdaead41775f1e2",
                "51c2658706e1d4d7a85609f6e0b0e2e4f34864a10972093e32fd875b6f8e7279",
                "e80e89070b27da30436d8114ad0b3a54e020a504668a7dd828f41ee86d1f794f",
                "c4ca0bf70a2fdfdb600ee61024993f36c2360c1c219920a886b8ab2cc64a3136",
                "6e53859e7fc326f64b00a6dc83e1cc3d416a34dd43921a0eb56d716692e94fd8",
                "88e09155eabeb2747652ebcc006bc36b3cdab6ed8e7ebb4f9a87051434b8b10e",
                "30ff39bf8ad7591c821a7185d61e6ca1fab412cd38a02ea8e83bff82077b0ad3",
                "e6fbecd27a99b4fce21febc7af11f8ef0ab3390c6d0092b2d3432c3588190f32",
                "373239ef57faa881670ccc1c1833a170736897c4f046a4c1fd0934cd32022b85",
                "7bc7392b03f87169fba47f19ec7bfdf822a4cd705c84b0148d6acd8c203d05f5",
                "7d94db24d7829f95528d9154c35b859c8179cab4bcd8ecf3eae5a152090c94ab",
                "ffa3c2c0a4ed1b0cc465f3b3bc4b40b6a9a8fbc4b6c1efd02c24613286650a27"
            ],
            "type": "Script",
            "firstPartyCookies": {},
            "firstPartyCookiesSent": {
                "lotame_domain_check": 0.00004765308553728854
            },
            "exampleSites": [
                "www.news-journal.com",
                "www.noozhawk.com",
                "lancasteronline.com",
                "www.cincinnatimagazine.com",
                "www.djournal.com",
                "www.edhat.com",
                "www.texasfootball.com",
                "www.dbusiness.com",
                "williamsonsource.com",
                "tylerpaper.com",
                "www.conwaydailysun.com",
                "www.victoriaadvocate.com",
                "www.atlantamagazine.com",
                "www.jaxdailyrecord.com",
                "www.wweek.com",
                "www.washingtonian.com",
                "onmilwaukee.com",
                "clevelandmagazine.com",
                "oswegocountytoday.com",
                "www.bendbulletin.com"
            ]
        },
        {
            "rule": "empowerlocal\\.co\\/app\\.js",
            "cookies": 0,
            "fingerprinting": 2,
            "subdomains": [
                "ads"
            ],
            "apis": {
                "window.sessionStorage": 18,
                "Screen.prototype.width": 18,
                "Screen.prototype.height": 18,
                "window.devicePixelRatio": 18,
                "window.innerHeight": 18,
                "window.innerWidth": 18,
                "window.screenY": 3,
                "Navigator.prototype.userAgent": 3
            },
            "sites": 20,
            "prevalence": 0.000136,
            "cnames": [],
            "responseHashes": [
                "7d9b7ee9ae860b2f27e08578dacc166269ab838417994fb62c568ff40245b5a3"
            ],
            "type": "Script",
            "firstPartyCookies": {},
            "firstPartyCookiesSent": {},
            "exampleSites": [
                "clevelandmagazine.com",
                "lancasteronline.com",
                "onmilwaukee.com",
                "oswegocountytoday.com",
                "tylerpaper.com",
                "williamsonsource.com",
                "www.atlantamagazine.com",
                "www.bendbulletin.com",
                "www.cincinnatimagazine.com",
                "www.conwaydailysun.com",
                "www.dbusiness.com",
                "www.djournal.com",
                "www.edhat.com",
                "www.jaxdailyrecord.com",
                "www.news-journal.com",
                "www.noozhawk.com",
                "www.texasfootball.com",
                "www.victoriaadvocate.com",
                "www.washingtonian.com",
                "www.wweek.com"
            ]
        },
        {
            "rule": "empowerlocal\\.co\\/adserve\\/",
            "cookies": 0,
            "fingerprinting": 0,
            "subdomains": [
                "ads"
            ],
            "apis": {},
            "sites": 21,
            "prevalence": 0.000143,
            "cnames": [],
            "responseHashes": [
                "e3b0c44298fc1c149afbf4c8996fb92427ae41e4649b934ca495991b7852b855",
                "c2b19fa6a26239f4c5e64f15d67e8102521ec01f40c8d28e48c883d4f070f68b"
            ],
            "type": "XHR",
            "firstPartyCookies": {},
            "firstPartyCookiesSent": {
                "lotame_domain_check": 0.00004765308553728854
            },
            "exampleSites": [
                "www.victoriaadvocate.com",
                "www.washingtonian.com",
                "www.dbusiness.com",
                "www.conwaydailysun.com",
                "www.djournal.com",
                "www.cincinnatimagazine.com",
                "www.atlantamagazine.com",
                "www.phoenixmag.com",
                "tylerpaper.com",
                "www.jaxdailyrecord.com",
                "oswegocountytoday.com",
                "lancasteronline.com",
                "williamsonsource.com",
                "clevelandmagazine.com",
                "www.edhat.com",
                "onmilwaukee.com",
                "www.wweek.com",
                "www.news-journal.com",
                "www.bendbulletin.com",
                "www.noozhawk.com"
            ]
        },
        {
            "rule": "empowerlocal\\.co\\/hb_app\\.js",
            "cookies": 0.0000204,
            "fingerprinting": 2,
            "subdomains": [
                "ads"
            ],
            "apis": {
                "Navigator.prototype.userAgent": 3,
                "Navigator.prototype.cookieEnabled": 3,
                "window.sessionStorage": 3,
                "Date.prototype.getTime": 3,
                "Navigator.prototype.appName": 3,
                "window.localStorage": 3,
                "Document.cookie getter": 3,
                "Navigator.prototype.appVersion": 3,
                "Document.cookie setter": 3,
                "Screen.prototype.width": 3,
                "Screen.prototype.height": 3,
                "window.devicePixelRatio": 3,
                "window.screenY": 2,
                "window.innerHeight": 3,
                "window.innerWidth": 3,
                "Navigator.prototype.connection": 2
            },
            "sites": 3,
            "prevalence": 0.0000204,
            "cnames": [],
            "responseHashes": [
                "02f28f51d2e051d339a04fc8b93e9022d9217bf4ba809d473feb73739f02ecee"
            ],
            "type": "Script",
            "firstPartyCookies": {
                "__ybotpvd": {
                    "ttl": 182,
                    "length": 1,
                    "prevalence": 0.00002042275094455223,
                    "uniqueness": 0.3333333333333333
                },