{
    "domain": "engageya.com",
    "owner": {},
    "source": [
        "DuckDuckGo-US"
    ],
    "prevalence": 0.00017,
    "sites": 25,
    "subdomains": [
        "recs",
        "widget"
    ],
    "cnames": [],
    "fingerprinting": 1,
    "resources": [
        {
            "rule": "engageya\\.com\\/rec-api\\/getrecs\\.json",
            "cookies": 0.0000614,
            "fingerprinting": 0,
            "subdomains": [
                "recs"
            ],
            "apis": {},
            "sites": 12,
            "prevalence": 0.0000818,
            "cnames": [],
            "responseHashes": [
                "bfe125045d514552fe43fd5fff1078127a28c544e2154a632113046ac9e5d858",
                "c1e6bb1d22d5957ac70950f7a7e552c5906869b778c11647164e02191bcac4e4",
                "d34b4acbfa6e677d3224dff0671546e05cafaa38452b52bfab3b31fb648f5eef",
                "43b37185a2eb42139a31d1b98fe97afcbbb65167634e8adf5ff939c98a9457f6",
                "3190c7cc56249fc6e6a3b086a1ebf6c81ccb375428accc95239db9d9b61fa00e",
                "1ed869ea7053afac53036bf2bae862706e8fcac788ba22bff0181f9752ee07a4",
                "052061ee95960ca2eb6caa066222783c1f77eb3e5dc06c289fcb68c3b3a3f731",
                "84e86a9e34db2442cb19a525cf1a4b20ec9ab0c2410b4807a4b3e56325a3f7fc",
                "f951869742aa3baa119ebb5f3141958f851addde1972a0bdf3366b20a5c915f3",
                "67874423db72257a4310ea3c273e44f7ae02ffe219ee518a75fb4cc57acbe3ad"
            ],
            "type": "Script",
            "firstPartyCookies": {},
            "firstPartyCookiesSent": {
                "lotame_domain_check": 0.00003408943704703661,
                "_li_dcdm_c": 0.000006817887409407321
            },
            "exampleSites": [
                "japanese-sirens.com",
                "spy.com",
                "www.bobvila.com",
                "www.cmjornal.pt",
                "www.cumhuriyet.com.tr",
                "www.iatropedia.gr",
                "www.ieidiseis.gr",
                "www.jornaldenegocios.pt",
                "www.popphoto.com",
                "www.record.pt",
                "www.thetoc.gr",
                "www.usmagazine.com"
            ]
        },
        {
            "rule": "engageya\\.com\\/story_loader\\.js",
            "cookies": 0,
            "fingerprinting": 1,
            "subdomains": [
                "widget"
            ],
            "apis": {
                "Date.prototype.getTime": 9
            },
            "sites": 11,
            "prevalence": 0.000075,
            "cnames": [],
            "responseHashes": [
                "173b7146a0134b10f0d1e4ec8963d500aa248bdb307dc1fee03ac7c2c8273f47"
            ],
            "type": "Script",
            "firstPartyCookies": {},
            "firstPartyCookiesSent": {},
            "exampleSites": [
                "spy.com",
                "stylecaster.com",
                "www.bobvila.com",
                "www.buzzfeed.com",
                "www.buzzfeednews.com",
                "www.firstforwomen.com",
                "www.popphoto.com",
                "www.usmagazine.com",
                "www.vetstreet.com",
                "www.wellandgood.com",
                "www.womansworld.com"
            ]
        },
        {
            "rule": "engageya\\.com\\/engageya_loader\\.js",
            "cookies": 0,
            "fingerprinting": 0,
            "subdomains": [
                "widget"
            ],
            "apis": {},
            "sites": 18,
            "prevalence": 0.000123,
            "cnames": [],
            "responseHashes": [
                "65bd7289333f44e86ed55d46e89ccb65836a301ccafb691c22e2d2f29ff987e5"
            ],
            "type": "Script",
            "firstPartyCookies": {},
            "firstPartyCookiesSent": {},
            "exampleSites": [
                "spy.com",
                "stylecaster.com",
                "www.bobvila.com",
                "www.buzzfeed.com",
                "www.buzzfeednews.com",
                "www.cmjornal.pt",
                "www.cumhuriyet.com.tr",
                "www.firstforwomen.com",
                "www.iatropedia.gr",
                "www.ieidiseis.gr",
                "www.jornaldenegocios.pt",
                "www.popphoto.com",
                "www.record.pt",
                "www.thetoc.gr",
                "www.usmagazine.com",
                "www.vetstreet.com",
                "www.wellandgood.com",
                "www.womansworld.com"
            ]
        },
        {
            "rule": "engageya\\.com\\/engageya_loader_p\\.js",
            "cookies": 0,
            "fingerprinting": 1,
            "subdomains": [
                "widget"
            ],
            "apis": {
                "Date.prototype.getTime": 16,
                "window.localStorage": 9,
                "Navigator.prototype.language": 9,
                "Document.cookie getter": 5,
                "window.innerWidth": 4,
                "window.innerHeight": 4
            },
            "sites": 18,
            "prevalence": 0.000123,
            "cnames": [],
            "responseHashes": [
                "e76f935bc0cfc946882a095a883e099edcba3deb470173601657a2a5c502e55c"
            ],
            "type": "Script",
            "firstPartyCookies": {},
            "firstPartyCookiesSent": {},
            "exampleSites": [
                "spy.com",
                "stylecaster.com",
                "www.bobvila.com",
                "www.buzzfeed.com",
                "www.buzzfeednews.com",
                "www.cmjornal.pt",
                "www.cumhuriyet.com.tr",
                "www.firstforwomen.com",
                "www.iatropedia.gr",
                "www.ieidiseis.gr",
                "www.jornaldenegocios.pt",
                "www.popphoto.com",
                "www.record.pt",
                "www.thetoc.gr",
                "www.usmagazine.com",
                "www.vetstreet.com",
                "www.wellandgood.com",
                "www.womansworld.com"
            ]
        },
        {
            "rule": "engageya\\.com\\/img\\/eng_logo\\.png",
            "cookies": 0,
            "fingerprinting": 0,
            "subdomains": [
                "widget"
            ],
            "apis": {},
            "sites": 4,
            "prevalence": 0.0000273,
            "cnames": [],
            "responseHashes": [
                "1502a2c3c04aa3543e57eb41535a2101b7372662ed2668a49426e41299c7dc44"
            ],
            "type": "Image",
            "firstPartyCookies": {},
            "firstPartyCookiesSent": {},
            "exampleSites": [
                "cmjornal.pt",
                "www.cumhuriyet.com.tr",
                "www.jornaldenegocios.pt",
                "www.record.pt"
            ]
        }
    ],
    "categories": [],
    "performance": {},
    "cookies": 0.0000614,
    "topInitiators": [
        {
            "domain": "first party",
            "prevalence": 0.5194805194805194
        },
        {
            "domain": "trackonomics.net",
            "prevalence": 0.44155844155844154
        },
        {
            "domain": "d17tqr44y57o31.cloudfront.net",
            "prevalence": 0.03896103896103896
        }
    ],
    "types": {
        "Script": 59,
        "Image": 4
    },
    "nameservers": [
        "pdns07.domaincontrol.com",
        "pdns08.domaincontrol.com"
    ]
}