{
    "domain": "engageya.com",
    "owner": {},
    "source": [
        "DuckDuckGo-US"
    ],
    "prevalence": 0.000177,
    "sites": 26,
    "subdomains": [
        "recs",
        "widget"
    ],
    "cnames": [],
    "fingerprinting": 1,
    "resources": [
        {
            "rule": "engageya\\.com\\/rec-api\\/getrecs\\.json",
            "cookies": 0.0000613,
            "fingerprinting": 0,
            "subdomains": [
                "recs"
            ],
            "apis": {},
            "sites": 12,
            "prevalence": 0.0000818,
            "cnames": [],
            "responseHashes": [
                "25486c9fcda486a1b2de7174a8b95c3b7aa61a1270a93888d2377b56577deff2",
                "93d211a5aa708ed2efab3875a098b1b94265d5c50b5107c8cea0d494903cedce",
                "2fdf1a8fe65e0b6206b1c360a48fb9199b6cc479c002443a995af61061ef645c",
                "35572e3261372379936ee7130a3ec08519eab882a3e214c6cf26881704134188",
                "80771a330ff9ac0135215c53c0d51d0488b5bfe50c44ec4c2218d0db81c5adb5",
                "c7a334cbebf584ea2362b827a3d58a725c1961243b0c0b8fe3cf61e6ea41b8b3",
                "b329cb2aa2e60500eebd4464ae2af18c4ea80af990e31bfbd7d943916edcf70e",
                "eb214c4d2e1932486f1dd8a123349a8cb35894d3f840418355697e5dc5650fb0",
                "8429ca7dd7bcf82aabb412718dcac1800b96bbf4967479f2bba1a6489de7c1b6"
            ],
            "type": "Script",
            "firstPartyCookies": {},
            "firstPartyCookiesSent": {
                "lotame_domain_check": 0.00003408316291751875,
                "_li_dcdm_c": 0.000006816632583503749
            },
            "exampleSites": [
                "japanese-sirens.com",
                "spy.com",
                "stylecaster.com",
                "www.bobvila.com",
                "www.cmjornal.pt",
                "www.cumhuriyet.com.tr",
                "www.ieidiseis.gr",
                "www.jornaldenegocios.pt",
                "www.popphoto.com",
                "www.record.pt",
                "www.thetoc.gr",
                "www.usmagazine.com"
            ]
        },
        {
            "rule": "engageya\\.com\\/story_loader\\.js",
            "cookies": 0,
            "fingerprinting": 1,
            "subdomains": [
                "widget"
            ],
            "apis": {
                "Date.prototype.getTime": 11
            },
            "sites": 12,
            "prevalence": 0.0000818,
            "cnames": [],
            "responseHashes": [
                "173b7146a0134b10f0d1e4ec8963d500aa248bdb307dc1fee03ac7c2c8273f47"
            ],
            "type": "Script",
            "firstPartyCookies": {},
            "firstPartyCookiesSent": {},
            "exampleSites": [
                "spy.com",
                "stylecaster.com",
                "www.bobvila.com",
                "www.buzzfeed.com",
                "www.buzzfeednews.com",
                "www.firstforwomen.com",
                "www.popphoto.com",
                "www.sheknows.com",
                "www.usmagazine.com",
                "www.vetstreet.com",
                "www.wellandgood.com",
                "www.womansworld.com"
            ]
        },
        {
            "rule": "engageya\\.com\\/engageya_loader\\.js",
            "cookies": 0,
            "fingerprinting": 0,
            "subdomains": [
                "widget"
            ],
            "apis": {},
            "sites": 19,
            "prevalence": 0.00013,
            "cnames": [],
            "responseHashes": [
                "65bd7289333f44e86ed55d46e89ccb65836a301ccafb691c22e2d2f29ff987e5"
            ],
            "type": "Script",
            "firstPartyCookies": {},
            "firstPartyCookiesSent": {},
            "exampleSites": [
                "spy.com",
                "stylecaster.com",
                "www.bobvila.com",
                "www.buzzfeed.com",
                "www.buzzfeednews.com",
                "www.cmjornal.pt",
                "www.cumhuriyet.com.tr",
                "www.firstforwomen.com",
                "www.iatropedia.gr",
                "www.ieidiseis.gr",
                "www.jornaldenegocios.pt",
                "www.popphoto.com",
                "www.record.pt",
                "www.sheknows.com",
                "www.thetoc.gr",
                "www.usmagazine.com",
                "www.vetstreet.com",
                "www.wellandgood.com",
                "www.womansworld.com"
            ]
        },
        {
            "rule": "engageya\\.com\\/engageya_loader_p\\.js",
            "cookies": 0,
            "fingerprinting": 1,
            "subdomains": [
                "widget"
            ],
            "apis": {
                "Date.prototype.getTime": 15,
                "window.localStorage": 9,
                "Navigator.prototype.language": 9,
                "Document.cookie getter": 5,
                "window.innerWidth": 3,
                "window.innerHeight": 3
            },
            "sites": 18,
            "prevalence": 0.000123,
            "cnames": [],
            "responseHashes": [
                "e76f935bc0cfc946882a095a883e099edcba3deb470173601657a2a5c502e55c"
            ],
            "type": "Script",
            "firstPartyCookies": {},
            "firstPartyCookiesSent": {},
            "exampleSites": [
                "spy.com",
                "stylecaster.com",
                "www.bobvila.com",
                "www.buzzfeed.com",
                "www.buzzfeednews.com",
                "www.cmjornal.pt",
                "www.cumhuriyet.com.tr",
                "www.firstforwomen.com",
                "www.iatropedia.gr",
                "www.ieidiseis.gr",
                "www.jornaldenegocios.pt",
                "www.popphoto.com",
                "www.record.pt",
                "www.sheknows.com",
                "www.thetoc.gr",
                "www.usmagazine.com",
                "www.vetstreet.com",
                "www.womansworld.com"
            ]
        },
        {
            "rule": "engageya\\.com\\/img\\/eng_logo\\.png",
            "cookies": 0,
            "fingerprinting": 0,
            "subdomains": [
                "widget"
            ],
            "apis": {},
            "sites": 4,
            "prevalence": 0.0000273,
            "cnames": [],
            "responseHashes": [
                "1502a2c3c04aa3543e57eb41535a2101b7372662ed2668a49426e41299c7dc44"
            ],
            "type": "Image",
            "firstPartyCookies": {},
            "firstPartyCookiesSent": {},
            "exampleSites": [
                "cmjornal.pt",
                "www.cumhuriyet.com.tr",
                "www.jornaldenegocios.pt",
                "www.record.pt"
            ]
        }
    ],
    "categories": [],
    "performance": {},
    "cookies": 0.0000613,
    "topInitiators": [
        {
            "domain": "first party",
            "prevalence": 0.5301204819277109
        },
        {
            "domain": "trackonomics.net",
            "prevalence": 0.43373493975903615
        },
        {
            "domain": "d17tqr44y57o31.cloudfront.net",
            "prevalence": 0.03614457831325301
        }
    ],
    "types": {
        "Script": 61,
        "Image": 4
    },
    "nameservers": [
        "pdns08.domaincontrol.com",
        "pdns07.domaincontrol.com"
    ]
}