{
    "domain": "enzymic.co",
    "owner": {},
    "source": [
        "DuckDuckGo-US"
    ],
    "prevalence": 0.0000409,
    "sites": 6,
    "subdomains": [
        "static"
    ],
    "cnames": [],
    "fingerprinting": 2,
    "resources": [
        {
            "rule": "enzymic\\.co\\/set_third_party_cookie",
            "cookies": 0.0000409,
            "fingerprinting": 0,
            "subdomains": [
                "static"
            ],
            "apis": {},
            "sites": 6,
            "prevalence": 0.0000409,
            "cnames": [],
            "responseHashes": [
                "fae73a4403e35c18a3c777e5147176edca00836550630611a96938b7747a1ba0",
                "bfa306201ab9940464928a141b62307fcb6f7c36a6ed599e1d110a7da432abb5",
                "33973ca801b9c5ee9f9740a92c7d62266636eb117fabbcfc0025622a819197dd",
                "0ac11e9ec40ca319a51514089e002f744e386bf5df1d25f26169516f22aa7729",
                "4da708b2f0aa18f4c2cd0468840e9d9b453af6652b98f48f9fe9da38d8e3723f"
            ],
            "type": "XHR",
            "firstPartyCookies": {},
            "firstPartyCookiesSent": {},
            "exampleSites": [
                "39dollarglasses.com",
                "www.coles.com.au",
                "www.marlobeauty.com",
                "www.mewatch.sg",
                "www.panpacific.com",
                "www.uniqlo.com"
            ]
        },
        {
            "rule": "enzymic\\.co\\/check_third_party_cookie",
            "cookies": 0,
            "fingerprinting": 0,
            "subdomains": [
                "static"
            ],
            "apis": {},
            "sites": 6,
            "prevalence": 0.0000409,
            "cnames": [],
            "responseHashes": [
                "fae73a4403e35c18a3c777e5147176edca00836550630611a96938b7747a1ba0",
                "bfa306201ab9940464928a141b62307fcb6f7c36a6ed599e1d110a7da432abb5",
                "33973ca801b9c5ee9f9740a92c7d62266636eb117fabbcfc0025622a819197dd",
                "0ac11e9ec40ca319a51514089e002f744e386bf5df1d25f26169516f22aa7729",
                "4da708b2f0aa18f4c2cd0468840e9d9b453af6652b98f48f9fe9da38d8e3723f"
            ],
            "type": "XHR",
            "firstPartyCookies": {},
            "firstPartyCookiesSent": {},
            "exampleSites": [
                "39dollarglasses.com",
                "www.coles.com.au",
                "www.marlobeauty.com",
                "www.mewatch.sg",
                "www.panpacific.com",
                "www.uniqlo.com"
            ]
        },
        {
            "rule": "enzymic\\.co\\/ast_events",
            "cookies": 0,
            "fingerprinting": 0,
            "subdomains": [
                "static"
            ],
            "apis": {},
            "sites": 6,
            "prevalence": 0.0000409,
            "cnames": [],
            "responseHashes": [
                "e3b0c44298fc1c149afbf4c8996fb92427ae41e4649b934ca495991b7852b855"
            ],
            "type": "XHR",
            "firstPartyCookies": {},
            "firstPartyCookiesSent": {},
            "exampleSites": [
                "39dollarglasses.com",
                "www.coles.com.au",
                "www.marlobeauty.com",
                "www.mewatch.sg",
                "www.panpacific.com",
                "www.uniqlo.com"
            ]
        }
    ],
    "categories": [],
    "performance": {},
    "cookies": 0.0000409,
    "topInitiators": [
        {
            "domain": "first party",
            "prevalence": 0.8095238095238095
        },
        {
            "domain": "googletagmanager.com",
            "prevalence": 0.09523809523809523
        },
        {
            "domain": "adobedtm.com",
            "prevalence": 0.047619047619047616
        },
        {
            "domain": "tiqcdn.com",
            "prevalence": 0.047619047619047616
        }
    ],
    "types": {
        "XHR": 18
    },
    "nameservers": [
        "ns-1569.awsdns-04.co.uk",
        "ns-1427.awsdns-50.org",
        "ns-221.awsdns-27.com",
        "ns-1016.awsdns-63.net"
    ]
}