{
    "domain": "erohub.com",
    "owner": {},
    "source": [
        "DuckDuckGo-US"
    ],
    "prevalence": 0.0000136,
    "sites": 2,
    "subdomains": [
        "ads",
        "adserv"
    ],
    "cnames": [],
    "fingerprinting": 0,
    "resources": [
        {
            "rule": "erohub\\.com\\/ad\\/987ee9a5e7d72303-718532884aea48b0",
            "cookies": 0,
            "fingerprinting": 0,
            "subdomains": [
                "ads"
            ],
            "apis": {},
            "sites": 2,
            "prevalence": 0.0000136,
            "cnames": [],
            "responseHashes": [
                "4d4a57b6908016d7d15f273ac9656262f917b2bfebc9dbd22ef13477d3a4fc68"
            ],
            "type": "Document",
            "firstPartyCookies": {},
            "firstPartyCookiesSent": {},
            "exampleSites": [
                "youporn.com",
                "www.youporn.com"
            ]
        },
        {
            "rule": "erohub\\.com\\/a\\/1504f07a289f1bbf9122d3a41b4436bf:8908f6aa7c5cc05175d04a39dcea95034bded37b7251b46bb79d1101561031e4d163f3780c16d38671251d810ad1a8d2394db2cacc313a3ded553d5691628a3dc59a0d527d77fa26dfb42fb81e0f1fd7",
            "cookies": 0,
            "fingerprinting": 0,
            "subdomains": [
                "adserv"
            ],
            "apis": {},
            "sites": 2,
            "prevalence": 0.0000136,
            "cnames": [],
            "responseHashes": [
                "59683a806e5cc7bb0e3a4000c1b3c4fa573775420e4de09f4b90d3afdeb4dcea"
            ],
            "type": "Document",
            "firstPartyCookies": {},
            "firstPartyCookiesSent": {},
            "exampleSites": [
                "youporn.com",
                "fr.youporn.com"
            ]
        },
        {
            "rule": "erohub\\.com\\/a\\/18a5af73cb20cfa0ec1d0df07fad53e1:bdc9eaf1b13a2ce4f0ec422be2da9b3c7215bf8f46c7ee96e10c1ae8e89fff02a4a59dd9daf7946c90e725c9f67df57dab4c359a2f30c7ce3fa163c0a427a831ba723631bd7d55209c2095c6bf2eebf7",
            "cookies": 0,
            "fingerprinting": 0,
            "subdomains": [
                "adserv"
            ],
            "apis": {},
            "sites": 2,
            "prevalence": 0.0000136,
            "cnames": [],
            "responseHashes": [
                "d1417634e16430bda868581f2c82da49fa7840c19dd643dd32d61c5a61f9e6e5"
            ],
            "type": "Document",
            "firstPartyCookies": {},
            "firstPartyCookiesSent": {},
            "exampleSites": [
                "youporn.com",
                "www.youporn.com"
            ]
        }
    ],
    "categories": [],
    "performance": {},
    "cookies": 0,
    "topInitiators": [
        {
            "domain": "first party",
            "prevalence": 1
        }
    ],
    "types": {
        "Document": 6
    },
    "nameservers": [
        "nick.ns.cloudflare.com",
        "elma.ns.cloudflare.com"
    ]
}