{
    "domain": "evolok.net",
    "owner": {},
    "source": [
        "DuckDuckGo-US"
    ],
    "prevalence": 0.0000613,
    "sites": 9,
    "subdomains": [
        "ndcx",
        "elp",
        "rcp"
    ],
    "cnames": [],
    "fingerprinting": 0,
    "resources": [
        {
            "rule": "evolok\\.net\\/acd\\/api\\/3\\.0\\/authorize\\/json",
            "cookies": 0.0000477,
            "fingerprinting": 0,
            "subdomains": [
                "ndcx",
                "elp",
                "rcp"
            ],
            "apis": {},
            "sites": 7,
            "prevalence": 0.0000477,
            "cnames": [],
            "responseHashes": [
                "6192c71229cf48b48f476682ee228f2bd2921e000261e19f37e4cccd7f283a64",
                "abc54e5b8411e483f0579c0a57b2dd217544835863720236726995995282d98c",
                "03035c9a1f660f482a524702894f6954b1b0f92c1a38998751e8b88fb58f2481",
                "078d2c9a4232c801dc210d108b840444261bd1793b4c908368e055d965578ba4",
                "4130ce6a71ec8976b45eb3c3e538df239cff11c1e75e5ff78575a9c44b3e32a5",
                "c3d8c4d891bf5ee4432baac04200c14ff5db14375058a19662a4e91fd5d34615"
            ],
            "type": "XHR",
            "firstPartyCookies": {},
            "firstPartyCookiesSent": {
                "lotame_domain_check": 0.00002042275094455223,
                "_li_dcdm_c": 0.000006807583648184077
            },
            "exampleSites": [
                "dvhn.nl",
                "lc.nl",
                "www.elpais.com.uy",
                "www.realclearhistory.com",
                "www.realclearmarkets.com",
                "www.realclearpolicy.com",
                "www.realclearworld.com"
            ]
        },
        {
            "rule": "evolok\\.net\\/acd\\/api\\/3\\.0\\/widgets\\/templates\\/dwellTime",
            "cookies": 0,
            "fingerprinting": 0,
            "subdomains": [
                "rcp"
            ],
            "apis": {},
            "sites": 4,
            "prevalence": 0.0000272,
            "cnames": [],
            "responseHashes": [
                "e3b0c44298fc1c149afbf4c8996fb92427ae41e4649b934ca495991b7852b855"
            ],
            "type": "XHR",
            "firstPartyCookies": {},
            "firstPartyCookiesSent": {},
            "exampleSites": [
                "realclearhistory.com",
                "www.realclearpolicy.com",
                "www.realclearworld.com",
                "www.realclearmarkets.com"
            ]
        },
        {
            "rule": "evolok\\.net\\/acd\\/api\\/3\\.0\\/widgets\\/templates\\/notifier",
            "cookies": 0,
            "fingerprinting": 0,
            "subdomains": [
                "rcp"
            ],
            "apis": {},
            "sites": 4,
            "prevalence": 0.0000272,
            "cnames": [],
            "responseHashes": [],
            "type": "Preflight",
            "firstPartyCookies": {},
            "firstPartyCookiesSent": {},
            "exampleSites": [
                "realclearhistory.com",
                "www.realclearpolicy.com",
                "www.realclearworld.com",
                "www.realclearmarkets.com"
            ]
        },
        {
            "rule": "evolok\\.net\\/acd\\/api\\/3\\.0\\/widgets\\/templates\\/notifier",
            "cookies": 0,
            "fingerprinting": 0,
            "subdomains": [
                "rcp"
            ],
            "apis": {},
            "sites": 5,
            "prevalence": 0.000034,
            "cnames": [],
            "responseHashes": [
                "e3b0c44298fc1c149afbf4c8996fb92427ae41e4649b934ca495991b7852b855"
            ],
            "type": "XHR",
            "firstPartyCookies": {},
            "firstPartyCookiesSent": {},
            "exampleSites": [
                "realclearhistory.com",
                "www.realclearhistory.com",
                "www.realclearpolicy.com",
                "www.realclearworld.com",
                "www.realclearmarkets.com"
            ]
        }
    ],
    "categories": [],
    "performance": {},
    "cookies": 0.0000613,
    "topInitiators": [
        {
            "domain": "first party",
            "prevalence": 0.7894736842105263
        },
        {
            "domain": "ndcmediagroep.nl",
            "prevalence": 0.10526315789473684
        },
        {
            "domain": "brightspotcdn.com",
            "prevalence": 0.10526315789473684
        }
    ],
    "types": {
        "XHR": 16,
        "Preflight": 4
    },
    "nameservers": [
        "ns-243.awsdns-30.com",
        "ns-1891.awsdns-44.co.uk",
        "ns-1485.awsdns-57.org",
        "ns-576.awsdns-08.net"
    ]
}