{
    "domain": "extreme-ip-lookup.com",
    "owner": {},
    "source": [
        "DuckDuckGo-US"
    ],
    "prevalence": 0.000429,
    "sites": 63,
    "subdomains": [],
    "cnames": [],
    "fingerprinting": 0,
    "resources": [
        {
            "rule": "extreme-ip-lookup\\.com\\/json\\/",
            "cookies": 0,
            "fingerprinting": 0,
            "subdomains": [],
            "apis": {},
            "sites": 11,
            "prevalence": 0.000075,
            "cnames": [],
            "responseHashes": [
                "638bd3e73a90dd590c0d385f427c47a76aa0aec543784928c8cb516e4d9f3790",
                "72a56bfbfe4b46fa35af9c91d0cacf2f060fdafc6e7f1d8889941f09ece9614f",
                "4d08be39f0248f728ad7c5919273dc265cb2f713673b2db58b9fb80abd8e800b",
                "3b533499b1aaaf05447e135d4e02ce209fc180f25a03c2c5a97adc298cff9869",
                "add1da4e8789f5e922c6e7eaa7fb8c784607f7218d5956ef6b6614f56270fdd3",
                "9d234182e40b6f0f1201609f20849a5f01b38f9eebcc9909b3dbfd8e8593aedb",
                "a68e49f6112f99dee4f9d29fec860d04fde80c226f0876342ddff9bb3330d151",
                "626b1b7dae510d939aacc8d11299a7c0ce6450c0ddfe3e973c4716f93e6e37ce",
                "119291fa7872ede71c08a81641682e32f3e2d48db6c482fed56e786e472ffc72"
            ],
            "type": "Script",
            "firstPartyCookies": {},
            "firstPartyCookiesSent": {},
            "exampleSites": [
                "joinhandshake.com",
                "knowledge-center.solaredge.com",
                "www.avogel.co.uk",
                "www.coltonrv.com",
                "www.enexis.nl",
                "www.itaka.pl",
                "www.jackery.com",
                "www.leonardtrailers.com",
                "www.mc-mc.com",
                "www.radioddity.com",
                "www.themarginalian.org"
            ]
        },
        {
            "rule": "extreme-ip-lookup\\.com\\/json\\/",
            "cookies": 0,
            "fingerprinting": 0,
            "subdomains": [],
            "apis": {},
            "sites": 28,
            "prevalence": 0.000191,
            "cnames": [],
            "responseHashes": [
                "310b7f9fba8a66f1281cfb34c4e663b39513bf62fdcfbc4a31d92d99885a6e09",
                "d5893b534e0ef2916c3ddd78e878571ec625480b4d3b99a416751925d1f116af",
                "be071ee17f189d49b6632b31e41638fc4d529546ca923c92c8e3eb49a2c66c77"
            ],
            "type": "XHR",
            "firstPartyCookies": {},
            "firstPartyCookiesSent": {},
            "exampleSites": [
                "score808.us",
                "cocoonseyewear.com",
                "playtube.tv",
                "pornwebseries.com",
                "mixedwrestling.video",
                "www.royalenfield.com",
                "www.plannthat.com",
                "bibleproject.com",
                "warleaks.net",
                "www.cabdirect.org",
                "cliphot.win",
                "lesalonbeige.fr",
                "cartoonpornvids.com",
                "newsroom.ucla.edu",
                "www.chevronlubricants.com",
                "www.student.com",
                "pubs.acs.org",
                "www.janushenderson.com",
                "www.la-vie-naturelle.com",
                "tophat.com"
            ]
        },
        {
            "rule": "extreme-ip-lookup\\.com\\/json",
            "cookies": 0,
            "fingerprinting": 0,
            "subdomains": [],
            "apis": {},
            "sites": 3,
            "prevalence": 0.0000204,
            "cnames": [],
            "responseHashes": [
                "585e546808fc1f4257815b52e7f35ca8851e0519a0c784728a55b35ad157106d",
                "cb0995e683973b70531526b34d6d7492d88286b753a2b2026895a619ed379b0b"
            ],
            "type": "Script",
            "firstPartyCookies": {},
            "firstPartyCookiesSent": {},
            "exampleSites": [
                "diyprojects.com",
                "guncarrier.com",
                "sewing.com"
            ]
        },
        {
            "rule": "extreme-ip-lookup\\.com\\/json\\/",
            "cookies": 0,
            "fingerprinting": 0,
            "subdomains": [],
            "apis": {},
            "sites": 5,
            "prevalence": 0.0000341,
            "cnames": [],
            "responseHashes": [
                "be071ee17f189d49b6632b31e41638fc4d529546ca923c92c8e3eb49a2c66c77",
                "310b7f9fba8a66f1281cfb34c4e663b39513bf62fdcfbc4a31d92d99885a6e09"
            ],
            "type": "Fetch",
            "firstPartyCookies": {},
            "firstPartyCookiesSent": {},
            "exampleSites": [
                "holler.country",
                "liftmode.com",
                "www.concacaf.com",
                "www.der-ersatzteile-profi.de",
                "www.tropical-islands.de"
            ]
        },
        {
            "rule": "extreme-ip-lookup\\.com\\/json",
            "cookies": 0,
            "fingerprinting": 0,
            "subdomains": [],
            "apis": {},
            "sites": 2,
            "prevalence": 0.0000136,
            "cnames": [],
            "responseHashes": [
                "310b7f9fba8a66f1281cfb34c4e663b39513bf62fdcfbc4a31d92d99885a6e09"
            ],
            "type": "XHR",
            "firstPartyCookies": {},
            "firstPartyCookiesSent": {},
            "exampleSites": [
                "bilco.com",
                "www.slickwraps.com"
            ]
        }
    ],
    "categories": [],
    "performance": {},
    "cookies": 0,
    "topInitiators": [
        {
            "domain": "first party",
            "prevalence": 0.6027397260273972
        },
        {
            "domain": "googletagmanager.com",
            "prevalence": 0.1506849315068493
        },
        {
            "domain": "sleekflow.io",
            "prevalence": 0.0410958904109589
        },
        {
            "domain": "cloudflare.com",
            "prevalence": 0.0273972602739726
        },
        {
            "domain": "bigcommerce.com",
            "prevalence": 0.0273972602739726
        },
        {
            "domain": "cookiebot.com",
            "prevalence": 0.0273972602739726
        },
        {
            "domain": "windows.net",
            "prevalence": 0.0273972602739726
        },
        {
            "domain": "useinfluence.co",
            "prevalence": 0.0136986301369863
        },
        {
            "domain": "leadformance.com",
            "prevalence": 0.0136986301369863
        },
        {
            "domain": "mozu.com",
            "prevalence": 0.0136986301369863
        }
    ],
    "types": {
        "Script": 14,
        "XHR": 30,
        "Fetch": 5
    },
    "nameservers": [
        "ns2.extreme-ip-lookup.com",
        "ns1.extreme-ip-lookup.com"
    ]
}