{
    "domain": "extreme-ip-lookup.com",
    "owner": {},
    "source": [
        "DuckDuckGo-US"
    ],
    "prevalence": 0.000464,
    "sites": 68,
    "subdomains": [],
    "cnames": [],
    "fingerprinting": 0,
    "resources": [
        {
            "rule": "extreme-ip-lookup\\.com\\/json\\/",
            "cookies": 0,
            "fingerprinting": 0,
            "subdomains": [],
            "apis": {},
            "sites": 9,
            "prevalence": 0.0000613,
            "cnames": [],
            "responseHashes": [
                "cc2b821e9a7b2654f0c97d914ede2a741e07648e7f3b2120104f044c1efe0432",
                "72a56bfbfe4b46fa35af9c91d0cacf2f060fdafc6e7f1d8889941f09ece9614f",
                "add1da4e8789f5e922c6e7eaa7fb8c784607f7218d5956ef6b6614f56270fdd3",
                "12eb80609388e49cf76694d4c6f642485f43c69cfd394f3c179e9e351d735688",
                "4d08be39f0248f728ad7c5919273dc265cb2f713673b2db58b9fb80abd8e800b",
                "a68e49f6112f99dee4f9d29fec860d04fde80c226f0876342ddff9bb3330d151",
                "fd40ba63fb3ea646f2d21be1a2cdb81ea48550dab22f2be2a6c5cc2ce397e1d4",
                "119291fa7872ede71c08a81641682e32f3e2d48db6c482fed56e786e472ffc72"
            ],
            "type": "Script",
            "firstPartyCookies": {},
            "firstPartyCookiesSent": {},
            "exampleSites": [
                "joinhandshake.com",
                "knowledge-center.solaredge.com",
                "www.avogel.co.uk",
                "www.itaka.pl",
                "www.jackery.com",
                "www.leonardtrailers.com",
                "www.mc-mc.com",
                "www.radioddity.com",
                "www.themarginalian.org"
            ]
        },
        {
            "rule": "extreme-ip-lookup\\.com\\/json\\/",
            "cookies": 0,
            "fingerprinting": 0,
            "subdomains": [],
            "apis": {},
            "sites": 37,
            "prevalence": 0.000252,
            "cnames": [],
            "responseHashes": [
                "310b7f9fba8a66f1281cfb34c4e663b39513bf62fdcfbc4a31d92d99885a6e09",
                "d5893b534e0ef2916c3ddd78e878571ec625480b4d3b99a416751925d1f116af",
                "be071ee17f189d49b6632b31e41638fc4d529546ca923c92c8e3eb49a2c66c77"
            ],
            "type": "XHR",
            "firstPartyCookies": {},
            "firstPartyCookiesSent": {},
            "exampleSites": [
                "www.chevronlubricants.com",
                "visitidaho.org",
                "cartoonpornvids.com",
                "n1info.rs",
                "www.globalplasticsheeting.com",
                "www.la-vie-naturelle.com",
                "lesalonbeige.fr",
                "plantaddicts.com",
                "www.neeek.com",
                "www.student.com",
                "bondagevalley.cc",
                "www.mzansifun.com",
                "www.sbtjapan.com",
                "www.royalcanin.com",
                "warleaks.net",
                "cocoonseyewear.com",
                "nova.rs",
                "www.carlyle.com",
                "www.royalenfield.com",
                "boostmeup.com"
            ]
        },
        {
            "rule": "extreme-ip-lookup\\.com\\/json",
            "cookies": 0,
            "fingerprinting": 0,
            "subdomains": [],
            "apis": {},
            "sites": 3,
            "prevalence": 0.0000204,
            "cnames": [],
            "responseHashes": [
                "0125ed22dddef20610e9581a561de18a822ef099814696529a502cf626ded16a",
                "561fe52f029b2ae0af307eceae77aaae23a6dd80431418c34ca0a1541743ec8f"
            ],
            "type": "Script",
            "firstPartyCookies": {},
            "firstPartyCookiesSent": {},
            "exampleSites": [
                "diyprojects.com",
                "guncarrier.com",
                "sewing.com"
            ]
        },
        {
            "rule": "extreme-ip-lookup\\.com\\/json\\/",
            "cookies": 0,
            "fingerprinting": 0,
            "subdomains": [],
            "apis": {},
            "sites": 4,
            "prevalence": 0.0000273,
            "cnames": [],
            "responseHashes": [
                "be071ee17f189d49b6632b31e41638fc4d529546ca923c92c8e3eb49a2c66c77",
                "310b7f9fba8a66f1281cfb34c4e663b39513bf62fdcfbc4a31d92d99885a6e09"
            ],
            "type": "Fetch",
            "firstPartyCookies": {},
            "firstPartyCookiesSent": {},
            "exampleSites": [
                "holler.country",
                "liftmode.com",
                "www.der-ersatzteile-profi.de",
                "www.tropical-islands.de"
            ]
        }
    ],
    "categories": [],
    "performance": {},
    "cookies": 0,
    "topInitiators": [
        {
            "domain": "first party",
            "prevalence": 0.5789473684210527
        },
        {
            "domain": "googletagmanager.com",
            "prevalence": 0.14473684210526316
        },
        {
            "domain": "useinfluence.co",
            "prevalence": 0.039473684210526314
        },
        {
            "domain": "attriva.com",
            "prevalence": 0.039473684210526314
        },
        {
            "domain": "sleekflow.io",
            "prevalence": 0.039473684210526314
        },
        {
            "domain": "cloudflare.com",
            "prevalence": 0.02631578947368421
        },
        {
            "domain": "bigcommerce.com",
            "prevalence": 0.02631578947368421
        },
        {
            "domain": "cookiebot.com",
            "prevalence": 0.02631578947368421
        },
        {
            "domain": "msecnd.net",
            "prevalence": 0.02631578947368421
        },
        {
            "domain": "cliphot.sh",
            "prevalence": 0.013157894736842105
        }
    ],
    "types": {
        "Script": 12,
        "XHR": 37,
        "Fetch": 4
    },
    "nameservers": [
        "ns2.extreme-ip-lookup.com",
        "ns1.extreme-ip-lookup.com"
    ]
}