{
    "domain": "fatzuclmihih.com",
    "owner": {},
    "source": [
        "DuckDuckGo-US"
    ],
    "prevalence": 0.000136,
    "sites": 20,
    "subdomains": [],
    "cnames": [],
    "fingerprinting": 3,
    "resources": [
        {
            "rule": "fatzuclmihih\\.com\\/fril",
            "cookies": 0,
            "fingerprinting": 3,
            "subdomains": [],
            "apis": {
                "window.innerWidth": 20,
                "window.innerHeight": 20,
                "Navigator.prototype.cookieEnabled": 20,
                "Navigator.prototype.plugins": 20,
                "Date.prototype.getTimezoneOffset": 20,
                "Navigator.prototype.language": 20,
                "window.sessionStorage": 20,
                "window.localStorage": 20,
                "Navigator.prototype.userAgent": 20,
                "Navigator.prototype.platform": 20,
                "Screen.prototype.colorDepth": 20,
                "Document.cookie getter": 20,
                "Navigator.prototype.storage": 20,
                "Navigator.prototype.webkitTemporaryStorage": 20,
                "Performance.prototype.memory": 20,
                "Navigator.prototype.webdriver": 20,
                "Date.prototype.getTime": 20
            },
            "sites": 20,
            "prevalence": 0.000136,
            "cnames": [],
            "responseHashes": [
                "3376270ac42cbca4ea50e9015781f5d492814dabe8e357b4a906afdac6071675",
                "11be6faf540d84da990608e5f87a8bde05744352bd53c589bdd80a5ef4418b65",
                "8e6d110749f83d79157218294843f9714f74baa71a29465c467e20792da6b40a",
                "d7d13adfbbd13adf9d042be8476daa943cf81dd921eb63ee478c67b15c385892",
                "7af027639653b2960dfd7c6150bef2ea53016fe105f0d41c7f64c61ddabe868e",
                "d1bedaa540909cede17760812d91251634804675baccdbbc2e22be260c30ba4a",
                "cb3aae53e9d112c9bccc315318e90bc782c743d75fa0d038ca4765e11513f97e",
                "b1c96e12d9725efc11293652f60586d7d9dc5b7ce0a3b28a4c2a0dd2dc1ae017",
                "110739b7e2f78392f58e4ad6f5fdebde47b73d73f33a7b43376ae38df04338b6",
                "43cfec7ae55b27ffe6d970340ca1805fa023ab9d69f2f3bd991f8d3f54801d5a",
                "5a93ca07d45bab3b8fa344d4bc133b920c1104e87fecd3bcbbd20a29024898ed",
                "ea862b3afee42e31d32658f745f7d6312879be184e5585a273edc9b7ce72393f",
                "dfaa4ddd8f550acdf50dfe9a59387fb511088743aa1a12f8ef22f2d4c12194fd",
                "90063ccdc1eeffa3348215d447d4a34cb6f7a050ba210876a1b82169e6739c39",
                "42a047ea9e4ad49ad374b368173dee1645727332055fce71fc95a1e115fd6761",
                "ccec98ddf210031c822efe17652548a9636249d0ad55a9a5cbe0393e07eb5b45",
                "72ca2d12ef9c4ee82167330a05cf33b90d615980005ecbd4eb95f18dfedb40b8"
            ],
            "type": "Script",
            "firstPartyCookies": {},
            "firstPartyCookiesSent": {},
            "exampleSites": [
                "fapeza.com",
                "faponic.com",
                "fapopedia.net",
                "fappeningbook.com",
                "jav.wine",
                "leakedmodels.com",
                "leakhive.com",
                "lenlut.net",
                "nudesleaked.net",
                "nudostar.com",
                "nudostar.tv",
                "shemaleleaks.com",
                "slutmesh.net",
                "sxyprn.com",
                "sxyprn.net",
                "thothub.vip",
                "viralpornhub.com",
                "vlxyz.tv",
                "www.sxyprn.com",
                "www.sxyprn.net"
            ]
        },
        {
            "rule": "fatzuclmihih\\.com\\/solid\\.gif",
            "cookies": 0.000136,
            "fingerprinting": 0,
            "subdomains": [],
            "apis": {},
            "sites": 20,
            "prevalence": 0.000136,
            "cnames": [],
            "responseHashes": [
                "0fd9847719cee6f95c1c5f685e7af46acc4f7f5c40941dd960fc02dc0fe14779"
            ],
            "type": "Ping",
            "firstPartyCookies": {},
            "firstPartyCookiesSent": {},
            "exampleSites": [
                "fapeza.com",
                "faponic.com",
                "fapopedia.net",
                "fappeningbook.com",
                "jav.wine",
                "leakedmodels.com",
                "leakhive.com",
                "lenlut.net",
                "nudesleaked.net",
                "nudostar.com",
                "nudostar.tv",
                "shemaleleaks.com",
                "slutmesh.net",
                "sxyprn.com",
                "sxyprn.net",
                "thothub.vip",
                "viralpornhub.com",
                "vlxyz.tv",
                "www.sxyprn.com",
                "www.sxyprn.net"
            ]
        },
        {
            "rule": "fatzuclmihih\\.com\\/om\\/cub\\/aqzo",
            "cookies": 0.000136,
            "fingerprinting": 0,
            "subdomains": [],
            "apis": {},
            "sites": 20,
            "prevalence": 0.000136,
            "cnames": [],
            "responseHashes": [
                "c94588c2c490281057748a6bc21191dae810fb22ce8cc638b5e3fc7d390eb165",
                "75957d8414f36acd1f538a8289578422aff9cfecf948aa05aa9f76a162428119",
                "7edfe6c8a2a43f71c10976c71d34d7cc87041389cf8947c13304147ec0e0ed67"
            ],
            "type": "Script",
            "firstPartyCookies": {},
            "firstPartyCookiesSent": {},
            "exampleSites": [
                "fapeza.com",
                "faponic.com",
                "fapopedia.net",
                "fappeningbook.com",
                "jav.wine",
                "leakedmodels.com",
                "leakhive.com",
                "lenlut.net",
                "nudesleaked.net",
                "nudostar.com",
                "nudostar.tv",
                "shemaleleaks.com",
                "slutmesh.net",
                "sxyprn.com",
                "sxyprn.net",
                "thothub.vip",
                "viralpornhub.com",
                "vlxyz.tv",
                "www.sxyprn.com",
                "www.sxyprn.net"
            ]
        }
    ],
    "categories": [],
    "performance": {},
    "cookies": 0.000136,
    "topInitiators": [
        {
            "domain": "first party",
            "prevalence": 1
        }
    ],
    "types": {
        "Script": 40,
        "Ping": 20
    },
    "nameservers": [
        "ns-124.awsdns-15.com",
        "ns-1564.awsdns-03.co.uk",
        "ns-903.awsdns-48.net",
        "ns-1092.awsdns-08.org"
    ]
}