{
    "domain": "flowtype.press",
    "owner": {},
    "source": [
        "DuckDuckGo-US"
    ],
    "prevalence": 0.000245,
    "sites": 36,
    "subdomains": [],
    "cnames": [],
    "fingerprinting": 0,
    "resources": [
        {
            "rule": "flowtype\\.press\\/",
            "cookies": 0,
            "fingerprinting": 0,
            "subdomains": [],
            "apis": {},
            "sites": 33,
            "prevalence": 0.000225,
            "cnames": [],
            "responseHashes": [],
            "type": "Preflight",
            "firstPartyCookies": {},
            "firstPartyCookiesSent": {},
            "exampleSites": [
                "techxplore.com",
                "publications.aap.org",
                "www.news-medical.net",
                "diabetesjournals.org",
                "www.ccjm.org",
                "phys.org",
                "heart.bmj.com",
                "www.helpguide.org",
                "ashpublications.org",
                "read.dukeupress.edu",
                "newatlas.com",
                "journals.physiology.org",
                "psychnews.psychiatryonline.org",
                "www.bmj.com",
                "jamanetwork.com",
                "casereports.bmj.com",
                "radiopaedia.org",
                "royalsocietypublishing.org",
                "geneticliteracyproject.org",
                "dermnetnz.org"
            ]
        },
        {
            "rule": "flowtype\\.press\\/",
            "cookies": 0.000225,
            "fingerprinting": 0,
            "subdomains": [],
            "apis": {},
            "sites": 33,
            "prevalence": 0.000225,
            "cnames": [],
            "responseHashes": [
                "55a99e7708735e03bcc510300a5aab1507f310bd6c0fd3b4dcbfbc2d2c03e14c",
                "6386b207882d9e920c134b69f1419585c2782583c85017c8bd8a9c1869d50748",
                "243da47572998fae8a46f4bc1ad0436aa7a37f260271497e027d9d98013c2f5f",
                "59dce5c379479b9a0949be1f6a983f21f208bc6c06e02d2cda0a4c316a1245fc",
                "feea8624b726f9da2f3e8b454fccd0176fb80d4ff8a32f578a1854d4af32dd22",
                "17b90a87f00f705c62aeeb87af5c4ef7ebcaf52cb566adb0f89e15f6ab5cbda8",
                "b862c72f670a84c86253ae9c3209516c4a18b38b43146a7a64515586c2e6f4eb",
                "bea4d1698133537e227eb2601c17211947985e523b4e9500d58949b018d3bc9b",
                "fb2c63afda1812eb955bb962472276dad4ab977094531137d3b2b53818caf97d",
                "f293566d40aa63c877a052fd09ad337c7b6271f64a2772ba10aa8dcee305dcbd",
                "cb7c3c65e752b7cde112325f5f9f668bf478b7198d47254c4a132252f217f3c0",
                "e58de61a9a3d6fb1a31295ec9aa67208373da58f585e11c5cb8e0c6ab662ca97",
                "3c5d7a9803201709ef1fa7e172d85e96ff32b6d11d27270109d128da3ffbd10a",
                "4a3603379c218f06507cb75feec4ce64e69946af0f132522ceefdae565772b79",
                "a75bd55578eefc823cd28af34b1b837f458f504730cf60b35e78470dd5a1eb4d",
                "2e6c2a151aa447e6c3761a73e00c9297caef2dd3b37e659fe67c0566daddc98f",
                "1c7dfe8db257b8d791579cc2a1d29570fe8351c6b74675bb32d9f42f47fd0333",
                "ba09406872322249ff552b80a2dcf9a4f61f20cfd908dab8c8182faca098bc78",
                "7c40eedd395cc0d60edbdc2730e80eb89834bffc804e16360e251e754a855b8c"
            ],
            "type": "Fetch",
            "firstPartyCookies": {},
            "firstPartyCookiesSent": {},
            "exampleSites": [
                "publications.aap.org",
                "www.bmj.com",
                "radiopaedia.org",
                "www.helpguide.org",
                "bmjopen.bmj.com",
                "futurism.com",
                "gastro.org",
                "www.news-medical.net",
                "dermnetnz.org",
                "phys.org",
                "www.popsci.com",
                "journals.physiology.org",
                "oup.com",
                "medicalxpress.com",
                "royalsocietypublishing.org",
                "www.ccjm.org",
                "techxplore.com",
                "www.uspharmacist.com",
                "teachmeanatomy.info",
                "www.worldscientific.com"
            ]
        }
    ],
    "categories": [],
    "performance": {},
    "cookies": 0.000245,
    "topInitiators": [
        {
            "domain": "trendmd.com",
            "prevalence": 0.7692307692307693
        },
        {
            "domain": "first party",
            "prevalence": 0.10256410256410256
        },
        {
            "domain": "trendmd.s3.amazonaws.com",
            "prevalence": 0.10256410256410256
        },
        {
            "domain": "sentry-cdn.com",
            "prevalence": 0.02564102564102564
        }
    ],
    "types": {
        "Preflight": 33,
        "Fetch": 33
    },
    "nameservers": [
        "dns2.registrar-servers.com",
        "dns1.registrar-servers.com"
    ]
}