{
    "domain": "forumhelden.de",
    "owner": {},
    "source": [
        "DuckDuckGo-US"
    ],
    "prevalence": 0.0000613,
    "sites": 9,
    "subdomains": [
        "js"
    ],
    "cnames": [],
    "fingerprinting": 0,
    "resources": [
        {
            "rule": "forumhelden\\.de\\/js\\/apaapi\\.js",
            "cookies": 0,
            "fingerprinting": 0,
            "subdomains": [
                "js"
            ],
            "apis": {},
            "sites": 9,
            "prevalence": 0.0000613,
            "cnames": [],
            "responseHashes": [
                "4c66b39bb92e5eed4b1644535545190c043447696dc0fe59b6e237484e3d157e"
            ],
            "type": "Script",
            "firstPartyCookies": {},
            "firstPartyCookiesSent": {},
            "exampleSites": [
                "autoextrem.de",
                "www.dasheimwerkerforum.de",
                "www.ford-forum.de",
                "www.mercedes-forum.com",
                "www.pedelecforum.de",
                "www.roboter-forum.com",
                "www.skodacommunity.de",
                "www.usp-forum.de",
                "www.win-10-forum.de"
            ]
        },
        {
            "rule": "forumhelden\\.de\\/apaapi\\.php",
            "cookies": 0,
            "fingerprinting": 0,
            "subdomains": [
                "js"
            ],
            "apis": {},
            "sites": 9,
            "prevalence": 0.0000613,
            "cnames": [],
            "responseHashes": [
                "ccac89a6271f60ae2368992d0cba5dcc92bc495eac46edfd7a3c7aeba5e5856e",
                "c75e1f9e1d5fdb82f7ecd40303ab710bfc2ab77c4652753f5f332d1f7c11b287",
                "c2d3bb82fa76158bd533a52b73b6712a6f6c3873d1d15119d74ca24d620a119e",
                "b3b5e67c39547c0d1c0816589c7a3a5796d8df5c215ba8e815600937e42af80c",
                "a68c5b39e74f5fb9916fb5f587d2bd36d9d9e95848e068f9d7af1bf271bba412",
                "283f4635ed421766d4dfa2878664eaf8ce49e25016c998b490c6ab57f959701f",
                "b70d4505fc56a7325ddee0ff0bd93be8cdb7700f2c084468ad0b38464b655429",
                "24ba532dab7a67a30bbe8446d51f79a43904e4dff0f350206c573b16ba47c445"
            ],
            "type": "XHR",
            "firstPartyCookies": {},
            "firstPartyCookiesSent": {},
            "exampleSites": [
                "autoextrem.de",
                "www.dasheimwerkerforum.de",
                "www.ford-forum.de",
                "www.mercedes-forum.com",
                "www.pedelecforum.de",
                "www.roboter-forum.com",
                "www.skodacommunity.de",
                "www.usp-forum.de",
                "www.win-10-forum.de"
            ]
        }
    ],
    "categories": [],
    "performance": {},
    "cookies": 0,
    "topInitiators": [
        {
            "domain": "first party",
            "prevalence": 1
        }
    ],
    "types": {
        "Script": 9,
        "XHR": 9
    },
    "nameservers": [
        "lee.ns.cloudflare.com",
        "dell.ns.cloudflare.com"
    ]
}