{
    "domain": "fotomoto.com",
    "owner": {},
    "source": [
        "DuckDuckGo-US"
    ],
    "prevalence": 0.000123,
    "sites": 18,
    "subdomains": [
        "www",
        "widget"
    ],
    "cnames": [],
    "fingerprinting": 0,
    "resources": [
        {
            "rule": "fotomoto\\.com\\/analytics\\/toolbar\\.html",
            "cookies": 0,
            "fingerprinting": 0,
            "subdomains": [
                "www"
            ],
            "apis": {},
            "sites": 12,
            "prevalence": 0.0000818,
            "cnames": [],
            "responseHashes": [
                "7243ea95b6a327c78dcf6d651ac4fda9e4024e0b4f09f735a7c0f66f9c2f6c02"
            ],
            "type": "Document",
            "firstPartyCookies": {},
            "firstPartyCookiesSent": {},
            "exampleSites": [
                "dentonrc.com",
                "thebrunswicknews.com",
                "thefacts.com",
                "www.codyenterprise.com",
                "www.dailyherald.com",
                "www.decaturdaily.com",
                "www.fredericknewspost.com",
                "www.herald-dispatch.com",
                "www.newjerseyhills.com",
                "www.nwestiowa.com",
                "www.unionleader.com",
                "www.wmicentral.com"
            ]
        },
        {
            "rule": "fotomoto\\.com\\/cart\\/get_data\\/",
            "cookies": 0,
            "fingerprinting": 0,
            "subdomains": [
                "widget"
            ],
            "apis": {},
            "sites": 12,
            "prevalence": 0.0000818,
            "cnames": [],
            "responseHashes": [
                "8e93349045c292abefc8570cfd48917319ff51e567f1192982e6187d56f8bc13"
            ],
            "type": "Script",
            "firstPartyCookies": {},
            "firstPartyCookiesSent": {
                "fotomoto_cart_skey_aa298da98ff0f0892b52466056f3b92178d62798": 0.000006817887409407321,
                "fotomoto_cart_skey_5464a0bb0b28f4676d9be7ce32963e64566ac46b": 0.000006817887409407321,
                "fotomoto_cart_skey_416c34976bae11cc6b8541f525454577392b5230": 0.000006817887409407321,
                "fotomoto_cart_skey_557a8c1a227ad9f1e404d3930c0bdb9b449a49cc": 0.000006817887409407321,
                "fotomoto_cart_skey_6516d00984933175769c2400a79cb6866b8ee643": 0.000006817887409407321,
                "fotomoto_cart_skey_33aecc9c0658a8cf4429b3bb549df7567caa3cdf": 0.000006817887409407321,
                "fotomoto_cart_skey_4d1da97e281dc0ce3ba3112e2cea0b355a94dc82": 0.000006817887409407321,
                "fotomoto_cart_skey_1ca1927cb4992e14bfcd7bf5d644567987796295": 0.000006817887409407321,
                "fotomoto_cart_skey_326981a3daeafb7b9e3c03347ff2bff58cf985e6": 0.000006817887409407321,
                "fotomoto_cart_skey_99b171ccc2067955a9ac5a0a9bfbde650acc5ef4": 0.000006817887409407321,
                "fotomoto_cart_skey_8f59320cebb30f5d5b33ea83bc46f1b45a911e48": 0.000006817887409407321,
                "fotomoto_cart_skey_9a44f0beccb3f1714f9950b86d816991f84a1e8f": 0.000006817887409407321
            },
            "exampleSites": [
                "dentonrc.com",
                "thebrunswicknews.com",
                "thefacts.com",
                "www.codyenterprise.com",
                "www.dailyherald.com",
                "www.decaturdaily.com",
                "www.fredericknewspost.com",
                "www.herald-dispatch.com",
                "www.newjerseyhills.com",
                "www.nwestiowa.com",
                "www.unionleader.com",
                "www.wmicentral.com"
            ]
        }
    ],
    "categories": [],
    "performance": {},
    "cookies": 0,
    "topInitiators": [
        {
            "domain": "static-fotomoto-com.s3.amazonaws.com",
            "prevalence": 0.38
        },
        {
            "domain": "first party",
            "prevalence": 0.36
        },
        {
            "domain": "adlightning.com",
            "prevalence": 0.24
        },
        {
            "domain": "d3plfjw9uod7ab.cloudfront.net",
            "prevalence": 0.02
        }
    ],
    "types": {
        "Document": 12,
        "Script": 12
    },
    "nameservers": [
        "ns-910.awsdns-49.net",
        "ns-240.awsdns-30.com",
        "ns-1098.awsdns-09.org",
        "ns-1907.awsdns-46.co.uk"
    ]
}