{
    "domain": "fpjs.io",
    "owner": {},
    "source": [
        "DuckDuckGo-US"
    ],
    "prevalence": 0.00013,
    "sites": 19,
    "subdomains": [
        "api",
        "eu.api"
    ],
    "cnames": [],
    "fingerprinting": 0,
    "resources": [
        {
            "rule": "fpjs\\.io\\/",
            "cookies": 0.0000477,
            "fingerprinting": 0,
            "subdomains": [
                "api"
            ],
            "apis": {},
            "sites": 9,
            "prevalence": 0.0000613,
            "cnames": [],
            "responseHashes": [
                "51b73adace5f2ca0334ff6dfc49c696c088954e403937ca617db3b7723671010",
                "8e12e53a21671fc0fac85e1d6fc66314c687b206830da2ef2738f83fb517066d",
                "e1b204465ff8110e4fdd1412b53d032f70ed65059bcb4d97b9aaf9ff32de1833",
                "e5e7d8584c8df9109841229e0611eccb4419afecd23fa52125bfdafb3f81dc1a",
                "c0a666ce753670707f219205b81de8c9cf48780294e6302c36ad29bc2522af83",
                "e4d61c74dcc84a290d81e8229d9ae5356fd9564bdd97a947d83eb05e829ba647",
                "f70f10a44f73f2976d00a8edc14080f9cf7895d6eddabeb84435622a35a30289",
                "827c4494b59c5268b4957cb2f679787d6c927d5d71391c986c28fa628dd9f305"
            ],
            "type": "XHR",
            "firstPartyCookies": {},
            "firstPartyCookiesSent": {},
            "exampleSites": [
                "libertycable.com",
                "www.iplwin.com",
                "www.lews.com",
                "www.mexc.com",
                "www.selectquote.com",
                "www.servpro.com",
                "www.smokecartel.com",
                "www.strikeking.com",
                "www.woodworkingnetwork.com"
            ]
        },
        {
            "rule": "fpjs\\.io\\/giXT-H\\/7IK7",
            "cookies": 0,
            "fingerprinting": 0,
            "subdomains": [
                "api"
            ],
            "apis": {},
            "sites": 3,
            "prevalence": 0.0000204,
            "cnames": [],
            "responseHashes": [
                "8e97698bee7f436ee8e732cd1afa17c4569bbbdc3d50bd05bf942634dc404118",
                "d9a20981c3ebb26ef22a7549988db33192186b64a9a2fae1f17fc3b15aefd508"
            ],
            "type": "XHR",
            "firstPartyCookies": {},
            "firstPartyCookiesSent": {},
            "exampleSites": [
                "lews.com",
                "www.lews.com",
                "www.strikeking.com"
            ]
        },
        {
            "rule": "fpjs\\.io\\/OqdT\\/iURLb\\/7IroEL\\/MRfU\\/W3",
            "cookies": 0,
            "fingerprinting": 0,
            "subdomains": [
                "api"
            ],
            "apis": {},
            "sites": 2,
            "prevalence": 0.0000136,
            "cnames": [],
            "responseHashes": [
                "cabc88e6dbc68784c3cadec19281ce5ee14a169b5a0924df02da9b85b19e2f5c"
            ],
            "type": "XHR",
            "firstPartyCookies": {},
            "firstPartyCookiesSent": {},
            "exampleSites": [
                "mexc.com",
                "www.mexc.com"
            ]
        },
        {
            "rule": "fpjs\\.io\\/Kudp\\/2DsR\\/B2fFJMi\\/cYEv\\/w0j",
            "cookies": 0,
            "fingerprinting": 0,
            "subdomains": [
                "eu.api"
            ],
            "apis": {},
            "sites": 2,
            "prevalence": 0.0000136,
            "cnames": [],
            "responseHashes": [
                "09ee8f6ae7203cc117dc16022b1d1a8f83eca46fc510a2705306cd1eb0f7e580"
            ],
            "type": "XHR",
            "firstPartyCookies": {},
            "firstPartyCookiesSent": {},
            "exampleSites": [
                "questico.de",
                "www.viversum.de"
            ]
        },
        {
            "rule": "fpjs\\.io\\/jBy5qK\\/GtqLMA\\/1Id8zrz\\/J",
            "cookies": 0,
            "fingerprinting": 0,
            "subdomains": [
                "api"
            ],
            "apis": {},
            "sites": 2,
            "prevalence": 0.0000136,
            "cnames": [],
            "responseHashes": [
                "d25248fd107d509b3f5d06b0a38646ac14e25d31d0dd5d5420a2ed2164badf7d"
            ],
            "type": "XHR",
            "firstPartyCookies": {},
            "firstPartyCookiesSent": {},
            "exampleSites": [
                "servpro.com",
                "www.servpro.com"
            ]
        },
        {
            "rule": "fpjs\\.io\\/RnQqp\\/EaD0vi\\/8aJxm\\/CvvTH\\/N",
            "cookies": 0,
            "fingerprinting": 0,
            "subdomains": [
                "api"
            ],
            "apis": {},
            "sites": 2,
            "prevalence": 0.0000136,
            "cnames": [],
            "responseHashes": [
                "0cced8dcd767884cf9ad1fee6644de3a335607089ccb23bacb0ce53bfc997727"
            ],
            "type": "XHR",
            "firstPartyCookies": {},
            "firstPartyCookiesSent": {},
            "exampleSites": [
                "smokecartel.com",
                "www.smokecartel.com"
            ]
        }
    ],
    "categories": [],
    "performance": {},
    "cookies": 0.0000613,
    "topInitiators": [
        {
            "domain": "fpnpmcdn.net",
            "prevalence": 0.375
        },
        {
            "domain": "mocortech.com",
            "prevalence": 0.21875
        },
        {
            "domain": "msecnd.net",
            "prevalence": 0.15625
        },
        {
            "domain": "first party",
            "prevalence": 0.125
        },
        {
            "domain": "fpcdn.io",
            "prevalence": 0.0625
        },
        {
            "domain": "noibu.com",
            "prevalence": 0.03125
        },
        {
            "domain": "fullstory.com",
            "prevalence": 0.03125
        }
    ],
    "types": {
        "XHR": 20
    },
    "nameservers": [
        "ns-1054.awsdns-03.org",
        "ns-1650.awsdns-14.co.uk",
        "ns-540.awsdns-03.net",
        "ns-103.awsdns-12.com"
    ]
}