{
    "domain": "fptls.com",
    "owner": {},
    "source": [
        "DuckDuckGo-US"
    ],
    "prevalence": 0.000191,
    "sites": 28,
    "subdomains": [
        "use1",
        "eun1"
    ],
    "cnames": [],
    "fingerprinting": 0,
    "resources": [
        {
            "rule": "fptls\\.com\\/",
            "cookies": 0,
            "fingerprinting": 0,
            "subdomains": [
                "use1",
                "eun1"
            ],
            "apis": {},
            "sites": 22,
            "prevalence": 0.00015,
            "cnames": [],
            "responseHashes": [
                "dc41b2d0ea2d1f004b3ccbce556bee0d21c3a5c33d475421de24c8add4351091",
                "0bb4151a21244bb9123d9e6a28f5a5f6f3ac23bcd410cc2602adf76a9eeec619",
                "cfb917c4df13faa9033bad18ece87f2933fe5b888202986b5cd0dfc673e6522c",
                "18b73d074a5f4691c7cd2f4f414154303bf66f973a838310e8aef4dbdf70e5e7",
                "c57d4cdfd7aa247438477e72be7610653250704d8815b8462f77fb74900e5e27",
                "77e06324482e5467729a8a8a41813cf167315003836b138a634bae27ed251578",
                "d6bfaef02af328bd44d790522a9a182014981555da5a60dc21352b95153e8a80",
                "a74b206d3558919daab4059ea20d7286c7d224cebb77265e91fc2f520d21bcf1",
                "58dd5fa0ca9fabc40a3ae50dc3d0db1f6ffd22ad079fb1f4fd8cf825bc12bc7e",
                "8ac35c733bf7f6ce2b14f915b5cd22b29d53cbad8cd0f67d64107e484ef212ed",
                "e07e18177a208cb18f1f0a321b4a0d89ff9d5448a4bc7fe061ce695d108af18e",
                "815c46629a26d71eff639c339266a48d9313e5dea37807306178083b5859a1ae",
                "cf1d3e80b16675c286f3299bd0685d52bd19801a426fcf8d87ba0a86eefd70c1",
                "304cb927ee216ae0b225d418862ea65cdf6c8018f230b8c7ae778a60d7658114",
                "cbc899f580bbeb2f9b987587d5428cce67bbf906c14092e1c2dba84ddc8dd173",
                "1f97de18fe258f81ab86226785b77bd1e6c123664500765591c89f35a4fdbfb7",
                "d88f88803ea942723d5244c89bdbfcb562bdf064e650edeecfbca841d498972b",
                "951057810d5025246822990c6cdc87ffaeb7198359d4dd6b6058cfee6a28808d",
                "17bf4020309e312e547f4e8b979f6d6ea76dd7e8adff7512b3a58d5366960860"
            ],
            "type": "XHR",
            "firstPartyCookies": {},
            "firstPartyCookiesSent": {},
            "exampleSites": [
                "goodcar.com",
                "www.rvinsider.com",
                "www.neimanmarcus.com",
                "www.greenmangaming.com",
                "bosslaser.com",
                "www.camsoda.com",
                "www.rvt.com",
                "govtribe.com",
                "www.dropbox.com",
                "www.selectquote.com",
                "www.eneba.com",
                "www.zee5.com",
                "www.eldorado.gg",
                "sleepdoctor.com",
                "www.sleepapnea.org",
                "www.operabase.com",
                "www.leadingedgehealth.com",
                "adobe.com",
                "www.woodworkingnetwork.com",
                "www.smokecartel.com"
            ]
        }
    ],
    "categories": [],
    "performance": {},
    "cookies": 0,
    "topInitiators": [
        {
            "domain": "first party",
            "prevalence": 0.6896551724137931
        },
        {
            "domain": "fpnpmcdn.net",
            "prevalence": 0.20689655172413793
        },
        {
            "domain": "dropboxstatic.com",
            "prevalence": 0.06896551724137931
        },
        {
            "domain": "fpjscdn.net",
            "prevalence": 0.034482758620689655
        }
    ],
    "types": {
        "XHR": 22
    },
    "nameservers": [
        "ns-663.awsdns-18.net",
        "ns-313.awsdns-39.com",
        "ns-1824.awsdns-36.co.uk",
        "ns-1401.awsdns-47.org"
    ]
}