{
    "domain": "fptls.com",
    "owner": {},
    "source": [
        "DuckDuckGo-US"
    ],
    "prevalence": 0.000565,
    "sites": 83,
    "subdomains": [
        "use1",
        "eun1"
    ],
    "cnames": [],
    "fingerprinting": 0,
    "resources": [
        {
            "rule": "fptls\\.com\\/",
            "cookies": 0,
            "fingerprinting": 0,
            "subdomains": [
                "use1",
                "eun1"
            ],
            "apis": {},
            "sites": 56,
            "prevalence": 0.000381,
            "cnames": [],
            "responseHashes": [
                "4f9a0c7def15c96961f64ca4d744229f99e58a9f1ebb2d27a5aea9e5a622f223",
                "bb7406a727152f539d0e0030695554518821a2bca97df46185ec16dfeda35f8d",
                "70d2a6e924a82f1f732d4c48bb6b5bfbc12cd2c0523db852941f439cc8f7ecdf",
                "a414dc3d414dce2edc68ba43ebae47233d432ef911ae6749b7b9cb1621466d9f",
                "ea618824690a9bce5d03b5b72824cc866f8f17d617457bd29e28dd3c4268b9ed",
                "4cb7b598ad1b3c8bba335306c39065112b0fcc04c6cf2568dc04487250b2bdc3",
                "0c8e2da38ab39537200c216247e5e9bf7de4528eac905ebe7620d63461c7a8d6",
                "b302fe4245123fdca059eb3dfa5cd4173ec83b772e55b44a64529e26644f1363",
                "611a600cd4b147fe533cbe4351451c5b16c86b160426669905e699fe67fbd8dc",
                "f84147ec44f6c89c4eace57cbdc191b67ad65a34588a4d4fbfab08fbb9be06b3",
                "b73f655baedd0964b169f8f45198aa495aa929dd23de6644607c9080d30c3549",
                "4209e9254fbf6a79266d9db80fdc6480069a5d25b87582d3ed3565c6eedef93e",
                "61cdf28728fa061ea8eddd218d7637430cbb5dc9bd595971d6b862cfce413155",
                "f35322dc96d55f5aaebb7edc8a8e52d335cf1bed0569599f8210ad8706aa9b69",
                "2ac895d09f10788c8f4336086216bc01e1cc45c9511cbb43d26e22857283c6db",
                "f750937ded76a15ccb533f6aee92ba9824fe5984c76f58e6ea9a77792e305773",
                "07e61be3853666daa5f9ae1dc8aeb9b7dd6f758c0baadac4b129a59f7d068b8d",
                "bdb6a9bc05209426e6a5f8225fdbdce88c678f66062d3978965a61de5c01c00b",
                "a5cd686d8973a7e54c7cdc6b204289932845f46f691791bb4d46cb273b787a3e",
                "f25812273856580a6b5ed9ce9b5bcd22b6d62703c52dbe81861e44ec9bc31019",
                "83345c1e22d48b5a86679b3d981b119ff0e05c671e37090bae886e410a44b7d2",
                "f64962561e7fdf65c8998d24450e20843472d39f7ce30aa3a1bdf0413167d2f7",
                "ca8f39f59d008c5a84b131d88bf3e6f96115f41f5f2ed14d4bf85d42787a3353",
                "dbb4aacccc28d1533814f1bcf121e125dca5d9cf6db0c7e9685a2fbc8a885111",
                "c51b8460a2e45f4d750b1821f7ab486c994119c70dcc37e4e10bd1b6921e9510",
                "569ae004c62d64105485e2936e547b61dd5e33a8245c6894d7a6cb5184d3d6e8",
                "31543e7750b6c396229463a77b0f6e36a0a86420c9c90641c4e949b1dd2d4770",
                "20fdc01d6ae1baafcb9b6c4ef4c5cb3282d4ca7401fcdbd7fa96a29927704931",
                "75cb2ad983447ced75381da8ab9e564f271bfa7ea40b3fe2f8065f6934ad8e7e",
                "4efa8e31b7d89c45d412df0739591555482ef87644448276b154a7e43d3d3c25",
                "6c1af11961653388aa550b1960deef94438b113628ec8a506b04b1f37ff56ea4",
                "cf75177e31ef72841120d4668000d23d5685c36c830d5ee92f2b61d77723f859",
                "ce863eb94b23064436dc1da9b19cbe875036dd4429fb47a7a5571b34d4ff3243",
                "5f69e0a0e1e5259265d177410c88b37d7c3b78250a5dc66912a26e397874e427",
                "576f01fb892e4ea7c10a1e844dd4409295217709714e985b99922e3dfc91fda9",
                "82d481d51b6493a2f697976caba7194b24ce286b471e1b2422919c1faeac0312",
                "c98890100564b7d97d7f96c072dcad35c4f035932af7a831966a2cf455efe530",
                "ab5545e8ade566022b0b52b53f8b365046b3c9ef4744cd47b3bc3fa9d7426a1e",
                "31d168b338c2bdf028e8234991d8ff0b0baa76bbfc2e1f9548041ba1ba2be316",
                "289563e31a615c17afae53cd67678ae0cb9331ffb06f81efe401f87fa2757a79",
                "81c0bff6379192660df79a1c71ae93f715aff2f9db22a2b43668d7b0f617d7df",
                "f621dad9d0555a6173a7d8abaf0c4fc9e067c4c563634c6fe1b8cad239db2e57",
                "32e3da625bd7e8fe56318098d965413820a61d845865cabdaac91c8c3dec9b63",
                "a0154470216384acf32d6955a8e3ad89df77b2095922d7c5579963ab0f2c6391",
                "a1a2be2988a02ed712f1f5e46366e7339fbc22bf2e567c15baa6b0f8831ecc59",
                "bd6f63df6240402e4f3876adee5ee823a2337441c68fafbc15ee39d579ba6280",
                "dd0f134c914fb0ae0dd7f84e22999c8933e93327f284090ebc1b07c0c59c5015",
                "03df527748ab9f8c45b001156f4f3e348a8d6706c565d65b84604918d1642f40",
                "41cf5e8caa9a92be6e9596b5617e10dea6f58eb35a3fbce43e97c05dcce1b2cf",
                "6260b2743b192e872ff3d4b6f351571c9f857bc3400c6279d52f4c4b2a04f3f3",
                "8f84c3afd561eaa8905140860408f1b63a5c9556ed72c88bac727b5752a796fc",
                "ebfea1192409413b93ae6ef1d2ec9448721d41f478291523f00e009504260c1b",
                "27c9699e2a721139797623c45fbe9c2265b04d6b53b44dda58e42054686ead57",
                "eff32ab034ac24799361c10d4afe7b34d3dff536ba6f473e71f4841dcd65e850",
                "e4884aa38bc98a21ca650140e990678ff6dfcd2bfd66144a5e8a495aa2490095"
            ],
            "type": "XHR",
            "firstPartyCookies": {},
            "firstPartyCookiesSent": {},
            "exampleSites": [
                "casitatraveltrailers.com",
                "www.operabase.com",
                "www.servpro.com",
                "www.toyotadirect.com",
                "www.beckleysrvs.com",
                "adobe.com",
                "www.ckbet.com",
                "www.leadingedgehealth.com",
                "www.mexc.com",
                "www.temptation-experience.com",
                "www.kettner-edelmetalle.de",
                "www.ssactivewear.com",
                "www.rvt.com",
                "www.crexi.com",
                "www.raptorsupplies.com",
                "thesleepdoctor.com",
                "www.flighthub.com",
                "www.viversum.de",
                "www.smokecartel.com",
                "www.greenmangaming.com"
            ]
        }
    ],
    "categories": [],
    "performance": {},
    "cookies": 0,
    "topInitiators": [
        {
            "domain": "fpnpmcdn.net",
            "prevalence": 0.4065934065934066
        },
        {
            "domain": "first party",
            "prevalence": 0.34065934065934067
        },
        {
            "domain": "mocortech.com",
            "prevalence": 0.054945054945054944
        },
        {
            "domain": "fpcdn.io",
            "prevalence": 0.04395604395604396
        },
        {
            "domain": "dditscdn.com",
            "prevalence": 0.03296703296703297
        },
        {
            "domain": "trackjs.com",
            "prevalence": 0.03296703296703297
        },
        {
            "domain": "dropboxstatic.com",
            "prevalence": 0.02197802197802198
        },
        {
            "domain": "msecnd.net",
            "prevalence": 0.02197802197802198
        },
        {
            "domain": "operabase.net",
            "prevalence": 0.02197802197802198
        },
        {
            "domain": "storage.googleapis.com",
            "prevalence": 0.01098901098901099
        }
    ],
    "types": {
        "XHR": 56
    },
    "nameservers": [
        "ns-663.awsdns-18.net",
        "ns-1401.awsdns-47.org",
        "ns-313.awsdns-39.com",
        "ns-1824.awsdns-36.co.uk"
    ]
}