{
    "domain": "freesex.su",
    "owner": {},
    "source": [
        "DuckDuckGo-US"
    ],
    "prevalence": 0.000123,
    "sites": 18,
    "subdomains": [],
    "cnames": [],
    "fingerprinting": 0,
    "resources": [
        {
            "rule": "freesex\\.su\\/myvids\\/mltbn2\\/freesexsu-multi-exo4\\.php",
            "cookies": 0,
            "fingerprinting": 0,
            "subdomains": [],
            "apis": {},
            "sites": 11,
            "prevalence": 0.000075,
            "cnames": [],
            "responseHashes": [
                "c02cdb138abd8764fcdf2303e225f77934c335a1dd8fc0d11e84ed48dd4e22e0"
            ],
            "type": "Document",
            "firstPartyCookies": {},
            "firstPartyCookiesSent": {},
            "exampleSites": [
                "bhabhixxxvideos.com",
                "desifuck.cc",
                "hindipornhd.com",
                "hot-porn.pro",
                "indianpornvideos.cc",
                "japaneseporn.su",
                "koreanporn.su",
                "lesbitube.net",
                "newsexvideos.net",
                "pornindia.su",
                "x-videos.pro"
            ]
        },
        {
            "rule": "freesex\\.su\\/myvids\\/exofall\\/exofb\\.php",
            "cookies": 0,
            "fingerprinting": 0,
            "subdomains": [],
            "apis": {},
            "sites": 17,
            "prevalence": 0.000116,
            "cnames": [],
            "responseHashes": [
                "53e08c119050af7e0264d94c42da1785ddf5976f9805d42ee036b6c19c5dcfc9",
                "da8760a3b50d409d8ba55f6046ff9e91c89a839d88ec0c13899576a9a8251992",
                "6ba8e099d120959f536b5aba28bdd6c7f17c65470dcc189e38417781529dd787",
                "7bb27951bc8e0693e54d33b974089ed5f55151b90d75e44e66ce80c14f0e3ace",
                "14d8eddbf56b2c08686345c4666eb1a9d792bf9e27a951e71dadcbdb584c95ca",
                "b3f1bd2da1954e52ef0545cfdebb62198f2fdb8c0c7806790cd92ee5598d45de",
                "d26197832de9a845564bd24dcf2e397a7180a26b4c37eb2890e7eec61ef51e9b",
                "ee1935dd99be8b6e39958918ec620dd99d554cbbd985b1cc1db67f2d8f5ef4d9",
                "5592327643fc61a818f7bf2f5a5aa6ea3d2c6423e923961e78a1be6a26de0e8b",
                "57ecc950b0ba06b532e456b8a3ddff3da7b07c53af38f6a0068601bea264b984",
                "053d0be6661034cbe4c42bf9e90ba401a75095a181c530a37460abb24774b34a",
                "247d7f9ae69acf1800eb9f1b7454486120a356986d571bab936ad2f9827cff1e",
                "adf3e73b1010fc5f38df8f323e59c47b703794d730d1c4ce65854ec88d58e91c",
                "1ec35bce1a35c1d0dc1efd299118d7fc2c88515b22aa9330cc58192d403d0fe0"
            ],
            "type": "Document",
            "firstPartyCookies": {},
            "firstPartyCookiesSent": {},
            "exampleSites": [
                "bhabhixxxvideos.com",
                "chinasex.su",
                "desifuck.cc",
                "free-porn-videos.su",
                "hdxxx.su",
                "hindipornhd.com",
                "hot-porn.pro",
                "hotmomxxx.net",
                "japaneseporn.su",
                "koreanporn.su",
                "lesbitube.net",
                "newsexvideos.net",
                "panicporntube.com",
                "pornindia.su",
                "x-videos.pro",
                "xxxporn.me",
                "xxxsexxx.net"
            ]
        },
        {
            "rule": "freesex\\.su\\/myvids\\/mltbn2\\/freesexsu-multi-exo3\\.php",
            "cookies": 0,
            "fingerprinting": 0,
            "subdomains": [],
            "apis": {},
            "sites": 4,
            "prevalence": 0.0000273,
            "cnames": [],
            "responseHashes": [
                "9dd945431f18e1b47fe43c12b6904a61a6c19281d845f533fe5a98c1a9e24ac3"
            ],
            "type": "Document",
            "firstPartyCookies": {},
            "firstPartyCookiesSent": {},
            "exampleSites": [
                "chinasex.su",
                "free-porn-videos.su",
                "hindipornhd.com",
                "lesbitube.net"
            ]
        },
        {
            "rule": "freesex\\.su\\/myvids\\/exofall\\/thumbs\\/85\\.jpg",
            "cookies": 0,
            "fingerprinting": 0,
            "subdomains": [],
            "apis": {},
            "sites": 2,
            "prevalence": 0.0000136,
            "cnames": [],
            "responseHashes": [
                "40064b613fc330bf56c4e605c1572187d5eff52e4aa1afde8b3f19094578905c"
            ],
            "type": "Image",
            "firstPartyCookies": {},
            "firstPartyCookiesSent": {},
            "exampleSites": [
                "chinasex.su",
                "hot-porn.pro"
            ]
        },
        {
            "rule": "freesex\\.su\\/myvids\\/mltbn2\\/freesexsu-multi-exo1\\.php",
            "cookies": 0,
            "fingerprinting": 0,
            "subdomains": [],
            "apis": {},
            "sites": 3,
            "prevalence": 0.0000204,
            "cnames": [],
            "responseHashes": [
                "a718d7215ea9ab15d900ea39af0f46268f8e21472348c9806b0836ae0fe555ca"
            ],
            "type": "Document",
            "firstPartyCookies": {},
            "firstPartyCookiesSent": {},
            "exampleSites": [
                "hdxxx.su",
                "panicporntube.com",
                "x-videos.pro"
            ]
        },
        {
            "rule": "freesex\\.su\\/myvids\\/mltbn2\\/freesexsu-multi-exo2\\.php",
            "cookies": 0,
            "fingerprinting": 0,
            "subdomains": [],
            "apis": {},
            "sites": 7,
            "prevalence": 0.0000477,
            "cnames": [],
            "responseHashes": [
                "25e036bb4797cf2d438f1c77dd862086a4535a07eebab81839d8d6dedd6bc45a"
            ],
            "type": "Document",
            "firstPartyCookies": {},
            "firstPartyCookiesSent": {},
            "exampleSites": [
                "hotmomxxx.net",
                "japaneseporn.su",
                "lesbitube.net",
                "newsexvideos.net",
                "panicporntube.com",
                "xxxporn.me",
                "xxxsexxx.net"
            ]
        },
        {
            "rule": "freesex\\.su\\/myvids\\/exofall\\/thumbs\\/67\\.jpg",
            "cookies": 0,
            "fingerprinting": 0,
            "subdomains": [],
            "apis": {},
            "sites": 2,
            "prevalence": 0.0000136,
            "cnames": [],
            "responseHashes": [
                "814f4aa8baf2b136d0c3d586b07181901bbafb14acbc513a4be2f6743e6c8e0f"
            ],
            "type": "Image",
            "firstPartyCookies": {},
            "firstPartyCookiesSent": {},
            "exampleSites": [
                "hotmomxxx.net",
                "x-videos.pro"
            ]
        }
    ],
    "categories": [],
    "performance": {},
    "cookies": 0,
    "topInitiators": [
        {
            "domain": "magsrv.com",
            "prevalence": 0.4909090909090909
        },
        {
            "domain": "first party",
            "prevalence": 0.32727272727272727
        },
        {
            "domain": "lby2kd27c.com",
            "prevalence": 0.09090909090909091
        },
        {
            "domain": "deliman.net",
            "prevalence": 0.07272727272727272
        },
        {
            "domain": "pornfilm.cc",
            "prevalence": 0.01818181818181818
        }
    ],
    "types": {
        "Document": 42,
        "Image": 4
    },
    "nameservers": [
        "ns1.hostiservices.com",
        "ns2.hostiservices.com"
    ]
}