{
    "domain": "ftlaunchpad.ai",
    "owner": {},
    "source": [
        "DuckDuckGo-US"
    ],
    "prevalence": 0.000225,
    "sites": 33,
    "subdomains": [],
    "cnames": [],
    "fingerprinting": 1,
    "resources": [
        {
            "rule": "ftlaunchpad\\.ai\\/lptm\\.js",
            "cookies": 0,
            "fingerprinting": 1,
            "subdomains": [],
            "apis": {
                "Date.prototype.getTime": 1
            },
            "sites": 23,
            "prevalence": 0.000157,
            "cnames": [],
            "responseHashes": [
                "458187113f39d4bbfe4d2a9becaf4d9286b49cc3099e0a47cbc781cab5e2be58",
                "eddcc0a44ad9678dd4a856c4a2dc77631bc8ee34bbf44648a3753f0ed5935d73",
                "6aeef94e121aea9c458bd34d9eb11304051caed4e9c54881250c36e1f22978a7",
                "6931f034e9732954eb9323489361c6e5d4acee4376dfc77f3f8f10260708adaa",
                "4614ddf53f454e8b51371dce8f84913b7590e187027e900caaee423521a9bfb2",
                "0ae64b81afac43d42b5b33e231fa1fc04091893307af2702121b52b56b38e1b3",
                "6481155fa389c8f0afbb736bb1152bf8ab810f6c11079615fe492aebac35ce04",
                "352abf9f7e6b8c74b88f160a97ac826a41ee259502e72d408a7e54f298fb2669",
                "2e3c0e9cc36ff2ed660d5493f1a6ca6e2ef5e527fc8a5b43acf05bd60f500423",
                "00beedb3c5d46944e929f09f5ce6d070b17e35bcb4f242cb87db93421c11de31",
                "d0b702dcfb91698b2d9d4a569593f14c3379ef5d4a2975d061b59eb3bc709a9e",
                "32118473248fffe69f6992de5c6994053a91be6734cf5b57facb7753ef746fe7",
                "4d13d24ef2da6c822a42c8fc220e57e70b70ecc3d682ca46e1d3ad34c92c900f",
                "8d5d6180d31d26ece49244fa411fe4f326e6c1692013c9cb9d6682b75d616513",
                "8d8759e487748518eaa06f2bec3041c513222a9dce7fb5c3b517a344f4e72f19",
                "85b64b5b8d16149c7943c2fa2bb4a632e81e798fd8e57d80ccf13ff1f5180f10",
                "5872b986599c0ed762b18f37b59bde827bf5ec90e6d3005474c34974e5a2fda2",
                "8278ea544daeeb7f016192f5c1e364ea77f507ec0e9f2b54be9390f371473d11",
                "a8c46aac59ef1abd2ce753c7ce78ea2f9c9920d7a169d69118592b4a77991a9f"
            ],
            "type": "Script",
            "firstPartyCookies": {},
            "firstPartyCookiesSent": {},
            "exampleSites": [
                "www.parkcommunity.com",
                "www.mitsubishicars.com",
                "www.misaves.com",
                "www.vioc.com",
                "www.hughesfcu.org",
                "longhomeproducts.com",
                "www.woodstockoutlet.com",
                "www.collegeofthedesert.edu",
                "www.bigtextrailers.com",
                "store.vioc.com",
                "www.americanfreight.com",
                "www.5starford.com",
                "mattresswarehouse.com",
                "support.insinkerator.com",
                "alpakagear.com",
                "www.alaskarailroad.com",
                "www.kaaltv.com",
                "www.greencars.com",
                "insinkerator.emerson.com",
                "www.windownation.com"
            ]
        }
    ],
    "categories": [],
    "performance": {},
    "cookies": 0,
    "topInitiators": [
        {
            "domain": "googletagmanager.com",
            "prevalence": 0.5277777777777778
        },
        {
            "domain": "first party",
            "prevalence": 0.4166666666666667
        },
        {
            "domain": "adobedtm.com",
            "prevalence": 0.05555555555555555
        }
    ],
    "types": {
        "Script": 23
    },
    "nameservers": [
        "ns-9.awsdns-01.com",
        "ns-800.awsdns-36.net",
        "ns-1288.awsdns-33.org",
        "ns-1542.awsdns-00.co.uk"
    ]
}