{
    "domain": "fudge.ai",
    "owner": {},
    "source": [
        "DuckDuckGo-US"
    ],
    "prevalence": 0.0000886,
    "sites": 13,
    "subdomains": [
        "mocha"
    ],
    "cnames": [],
    "fingerprinting": 1,
    "resources": [
        {
            "rule": "fudge\\.ai\\/",
            "cookies": 0,
            "fingerprinting": 1,
            "subdomains": [
                "mocha"
            ],
            "apis": {
                "window.sessionStorage": 9,
                "window.localStorage": 9,
                "Navigator.prototype.connection": 9
            },
            "sites": 9,
            "prevalence": 0.0000613,
            "cnames": [],
            "responseHashes": [
                "49ad548e263589ffe39041a7f522e14a47f1eba7f11c420768dd6dc2bbd0bf75",
                "19333f0f6366474c339c84fa662fe72ec9677f0e91353d903926a06e1da37d14",
                "8ade62403a1d751ca306e57a91b937f76cf17450484cb7c8fdd5e05ebb73cbca",
                "8aed449da2b4868f85ba3403b458245ad2c1b0a21deb79aa889b833252c4bae5",
                "bda75d72921959d877760dd5ba0a05031154b617ec25d3a5e006a05d5f057515",
                "fbb0b7edc94e1261b794b3708398677b5d826fd8c41692f46904e182deeba026",
                "dfaf510cbebeeb50ceab3f1b895179c669c5e1272faea7ce2fb01651f26c5b03",
                "37e80a3e0b10301759958b5b5a09c3befbdcafddfd437a1250e19deeabae76de"
            ],
            "type": "Script",
            "firstPartyCookies": {},
            "firstPartyCookiesSent": {},
            "exampleSites": [
                "buildingmaterials.co.uk",
                "www.clarev.com",
                "www.everythingcanamoffroad.com",
                "www.everythinghondaoffroad.com",
                "www.everythingkawasakioffroad.com",
                "www.everythingpolarisranger.com",
                "www.everythingpolarisrzr.com",
                "www.superiorlighting.com",
                "www.tnnursery.net"
            ]
        },
        {
            "rule": "fudge\\.ai\\/events",
            "cookies": 0,
            "fingerprinting": 0,
            "subdomains": [
                "mocha"
            ],
            "apis": {},
            "sites": 8,
            "prevalence": 0.0000545,
            "cnames": [],
            "responseHashes": [
                "4062edaf750fb8074e7e83e0c9028c94e32468a8b6f1614774328ef045150f93"
            ],
            "type": "Fetch",
            "firstPartyCookies": {},
            "firstPartyCookiesSent": {},
            "exampleSites": [
                "buildingmaterials.co.uk",
                "www.buildingmaterials.co.uk",
                "www.clarev.com",
                "www.everythingcanamoffroad.com",
                "www.everythinghondaoffroad.com",
                "www.everythingpolarisranger.com",
                "www.everythingpolarisrzr.com",
                "www.tnnursery.net"
            ]
        },
        {
            "rule": "fudge\\.ai\\/metrics",
            "cookies": 0,
            "fingerprinting": 0,
            "subdomains": [
                "mocha"
            ],
            "apis": {},
            "sites": 10,
            "prevalence": 0.0000682,
            "cnames": [],
            "responseHashes": [
                "4062edaf750fb8074e7e83e0c9028c94e32468a8b6f1614774328ef045150f93"
            ],
            "type": "Fetch",
            "firstPartyCookies": {},
            "firstPartyCookiesSent": {},
            "exampleSites": [
                "buildingmaterials.co.uk",
                "www.buildingmaterials.co.uk",
                "www.clarev.com",
                "www.everythingcanamoffroad.com",
                "www.everythinghondaoffroad.com",
                "www.everythingkawasakioffroad.com",
                "www.everythingpolarisranger.com",
                "www.everythingpolarisrzr.com",
                "www.superiorlighting.com",
                "www.tnnursery.net"
            ]
        },
        {
            "rule": "fudge\\.ai\\/events",
            "cookies": 0,
            "fingerprinting": 0,
            "subdomains": [
                "mocha"
            ],
            "apis": {},
            "sites": 7,
            "prevalence": 0.0000477,
            "cnames": [],
            "responseHashes": [],
            "type": "Preflight",
            "firstPartyCookies": {},
            "firstPartyCookiesSent": {},
            "exampleSites": [
                "buildingmaterials.co.uk",
                "www.clarev.com",
                "www.everythingcanamoffroad.com",
                "www.everythinghondaoffroad.com",
                "www.everythingpolarisranger.com",
                "www.everythingpolarisrzr.com",
                "www.tnnursery.net"
            ]
        },
        {
            "rule": "fudge\\.ai\\/metrics",
            "cookies": 0,
            "fingerprinting": 0,
            "subdomains": [
                "mocha"
            ],
            "apis": {},
            "sites": 10,
            "prevalence": 0.0000682,
            "cnames": [],
            "responseHashes": [],
            "type": "Preflight",
            "firstPartyCookies": {},
            "firstPartyCookiesSent": {},
            "exampleSites": [
                "buildingmaterials.co.uk",
                "www.buildingmaterials.co.uk",
                "www.clarev.com",
                "www.everythingcanamoffroad.com",
                "www.everythinghondaoffroad.com",
                "www.everythingkawasakioffroad.com",
                "www.everythingpolarisranger.com",
                "www.everythingpolarisrzr.com",
                "www.superiorlighting.com",
                "www.tnnursery.net"
            ]
        }
    ],
    "categories": [],
    "performance": {},
    "cookies": 0,
    "topInitiators": [
        {
            "domain": "first party",
            "prevalence": 0.8431372549019608
        },
        {
            "domain": "bigcommerce.com",
            "prevalence": 0.1568627450980392
        }
    ],
    "types": {
        "Script": 9,
        "Fetch": 18,
        "Preflight": 17
    },
    "nameservers": [
        "simon.ns.cloudflare.com",
        "katja.ns.cloudflare.com"
    ]
}