{
    "domain": "funnelytics.io",
    "owner": {},
    "source": [
        "DuckDuckGo-US"
    ],
    "prevalence": 0.000204,
    "sites": 30,
    "subdomains": [
        "cdn",
        "track-v2",
        "track-v3"
    ],
    "cnames": [],
    "fingerprinting": 1,
    "resources": [
        {
            "rule": "funnelytics\\.io\\/track\\.js",
            "cookies": 0,
            "fingerprinting": 1,
            "subdomains": [
                "cdn"
            ],
            "apis": {
                "Document.cookie getter": 10,
                "Navigator.prototype.userAgent": 10
            },
            "sites": 10,
            "prevalence": 0.0000682,
            "cnames": [],
            "responseHashes": [
                "99c4f4fef4854ff47dea38811dba91216b311ca8ed11a0d6f70498586a575c5a"
            ],
            "type": "Script",
            "firstPartyCookies": {},
            "firstPartyCookiesSent": {},
            "exampleSites": [
                "angeluspress.org",
                "dianekazer.com",
                "hvacdirect.com",
                "rpstrength.com",
                "swag.com",
                "theartofcharm.com",
                "videowaarheid.nl",
                "www.1800petmeds.com",
                "www.allblacks.com",
                "www.behold-retreats.com"
            ]
        },
        {
            "rule": "funnelytics\\.io\\/sessions",
            "cookies": 0,
            "fingerprinting": 0,
            "subdomains": [
                "track-v2",
                "track-v3"
            ],
            "apis": {},
            "sites": 20,
            "prevalence": 0.000136,
            "cnames": [],
            "responseHashes": [
                "899549d6315a1f52ee6c448704e79abdc30cabbd46404c973ed87b97182b12aa",
                "486b8bf4de27a58fa21fd9f9f32207f09b3d42e29dafcbf7fe0d69028b71372d",
                "62a559e20322247c7cc61f5a1db537ae476ffe45c98b8eeac4d64a21e0e57880",
                "4a78db2c1897f2545a8e81e1507ae97bf32de7e13a2ed0f939f37ea69ba90429",
                "482624bb87cad44dab2c1eaeb2bbce2bba95fd97b529068bd94ff7180950dc89",
                "5a0e664394314f00becab395da09d918b98de50580693ef5bd6b7a020143096e",
                "0b46a9dada748ace20f0f0c7a8bcd47122a4f8ba2452b88702b84aa7bfae3a8e",
                "1d763052a6a88dc8bd6a93c5d05ad51f53b1f8d248f472b40acf4ba3d4a9b1c3"
            ],
            "type": "XHR",
            "firstPartyCookies": {},
            "firstPartyCookiesSent": {},
            "exampleSites": [
                "angeluspress.org",
                "backpackinglight.com",
                "dianekazer.com",
                "fnrpusa.com",
                "gensteel.com",
                "genstone.com",
                "hvacdirect.com",
                "rpstrength.com",
                "swag.com",
                "theartofcharm.com",
                "us.foursigmatic.com",
                "videowaarheid.nl",
                "www.1800petmeds.com",
                "www.allblacks.com",
                "www.behold-retreats.com",
                "www.iata.org",
                "www.sambrotman.com",
                "www.skydio.com",
                "www.truity.com",
                "www.vi.nl"
            ]
        },
        {
            "rule": "funnelytics\\.io\\/track-v3\\.js",
            "cookies": 0.0000545,
            "fingerprinting": 1,
            "subdomains": [
                "cdn"
            ],
            "apis": {
                "Document.cookie getter": 10,
                "Navigator.prototype.userAgent": 10,
                "Document.cookie setter": 8
            },
            "sites": 10,
            "prevalence": 0.0000682,
            "cnames": [],
            "responseHashes": [
                "83121f73b9e9d8cbbaf29b5e05d6d6245c7c8b020a51879b94916825489149d8"
            ],
            "type": "Script",
            "firstPartyCookies": {
                "_fs": {
                    "ttl": 453381870,
                    "length": 23,
                    "prevalence": 0.000054533060668029995,
                    "uniqueness": 1
                }
            },
            "firstPartyCookiesSent": {},
            "exampleSites": [
                "backpackinglight.com",
                "fnrpusa.com",
                "gensteel.com",
                "genstone.com",
                "us.foursigmatic.com",
                "www.iata.org",
                "www.sambrotman.com",
                "www.skydio.com",
                "www.truity.com",
                "www.vi.nl"
            ]
        },
        {
            "rule": "funnelytics\\.io\\/steps",
            "cookies": 0,
            "fingerprinting": 0,
            "subdomains": [
                "track-v3"
            ],
            "apis": {},
            "sites": 8,
            "prevalence": 0.0000545,
            "cnames": [],
            "responseHashes": [
                "0af7a0a0ad8ae47f56d458feef036ad8abce051c9882851e893b583b8c174e54",
                "1e12685d5ab138ce8c3ed1523bf168781d9db2cac2c4ef0e359e8e1a42dd76b0",
                "b86daad324faac671230d3382f651d2c78144b1a1cd5750ca4a7e347402b3f58",
                "f0b5ce9ac5d0b191c8ef28fd29035415c569a5f3e471678bf0d5aa0296682621",
                "3bf9511d6ab2319aad22abfd03955f6b3d05a2c25649c478fd5da3bdacb587fe",
                "25a272f26839510e404a9cc4d66896ef78ee6ed673068088ec46637a16dba8ef",
                "26dceb92e37fa7d81ea4dee7113b809d7be859d68fe14aa711b1f3a3543f5e89"
            ],
            "type": "XHR",
            "firstPartyCookies": {},
            "firstPartyCookiesSent": {},
            "exampleSites": [
                "backpackinglight.com",
                "fnrpusa.com",
                "gensteel.com",
                "genstone.com",
                "us.foursigmatic.com",
                "www.iata.org",
                "www.sambrotman.com",
                "www.skydio.com"
            ]
        },
        {
            "rule": "funnelytics\\.io\\/settings\\/f39feeca-b19c-4f53-b566-507e6183f0ba",
            "cookies": 0,
            "fingerprinting": 0,
            "subdomains": [
                "track-v3"
            ],
            "apis": {},
            "sites": 2,
            "prevalence": 0.0000136,
            "cnames": [],
            "responseHashes": [
                "74b99c05f22d2adc8355b259d2ba54f6d77883595ba8239407b3817836c1c965"
            ],
            "type": "XHR",
            "firstPartyCookies": {},
            "firstPartyCookiesSent": {},
            "exampleSites": [
                "gensteel.com",
                "genstone.com"
            ]
        }
    ],
    "categories": [],
    "performance": {},
    "cookies": 0.000075,
    "topInitiators": [
        {
            "domain": "googletagmanager.com",
            "prevalence": 0.7682926829268293
        },
        {
            "domain": "first party",
            "prevalence": 0.14634146341463414
        },
        {
            "domain": "azure.com",
            "prevalence": 0.036585365853658534
        },
        {
            "domain": "rollbar.com",
            "prevalence": 0.024390243902439025
        },
        {
            "domain": "cookiebot.com",
            "prevalence": 0.024390243902439025
        }
    ],
    "types": {
        "Script": 20,
        "XHR": 30
    },
    "nameservers": [
        "ns-274.awsdns-34.com",
        "ns-600.awsdns-11.net",
        "ns-1621.awsdns-10.co.uk",
        "ns-1334.awsdns-38.org"
    ]
}