{
    "domain": "future.net.uk",
    "owner": {},
    "source": [
        "DuckDuckGo-US"
    ],
    "prevalence": 0.000457,
    "sites": 67,
    "subdomains": [
        "search-api.fie"
    ],
    "cnames": [],
    "fingerprinting": 0,
    "resources": [
        {
            "rule": "future\\.net\\.uk\\/merchant-domains\\.php",
            "cookies": 0,
            "fingerprinting": 0,
            "subdomains": [
                "search-api.fie"
            ],
            "apis": {},
            "sites": 35,
            "prevalence": 0.000239,
            "cnames": [],
            "responseHashes": [
                "ca74ab98bda407fd1e5f1af368c64f66a25ae38a7a2eb20be1135e56fd6fe53f",
                "4d7c58bf338d1f9e3f958f1e31e6a89e5142a4e692cbfc535e9f252ab9c3a395",
                "2aa6e51dc66fbee16c13486e7cd7ca81bf0645507e8f6c39f9034e8f9c48762f",
                "e7f5ec555dbe3faa642f50937df5a2a1e44a1546592d106ed5186f23df48e166",
                "3cf1771d9dacde0e815e4c18c05555be8512afd78ac15dabe01cdbf4f1a74c6a",
                "984df20774a97714bd70035cea3abe283e56aa79788a2c5550274f27f12eb389",
                "0af174905e25f3882a45c315b1de81c5a66f51c37b3b510090362726e6665eee",
                "df2b4119776051e9c938afab8146ea95f9cc7a8e1dfe72e2a03eec22d19393ae",
                "a84a66753ecc70d4641174ce939e0be0e24e82e600e8191b0d68b571bd54ba01",
                "9bd1da18915dd93d62af8ac08d91f855957b8dbb800b9b38ef9078be9c340538",
                "1345b33ad923943c98ca2f693c5dd62f77c303eb2977916b5010c37590f1c333",
                "5531f94ebff56ca06ec876cbd0a87f1b92a6618539d46a31e7f531ec6762561d",
                "471bc5c01fc8054a4d5b8c9d5cd825cfdce398432687139a851529e9650ff02a",
                "6f82c53687bedc2ecc079af6068cab56c27e2a5fc630fa91aa56db0ead71130e",
                "41d3f460f4c1d9cd28ad86d97d5388007ca8a03d68a8d20a82bb3f0ba6672a71",
                "05b3787efd33d469e45805066a9a7df570debeb1104b482d5281f93c66ec9b0e",
                "63e542870c75ad903bd2865ec7f33ccc960a5b5b43ad16b7b3d348e6c5c9d1a6",
                "6cc113b4cfd66a76a512474a609cf308b138becfc3f53a2d0bf5eefd24c016c2",
                "9b9d1ea1298a6f8cfc022bcb280fc53e6054ea0aa0abfe70f262f3cae95bc531",
                "7f35d8addd8570d949b78e7fca5d846992bfdbe7d3a5790547247a2d41e5a87c",
                "4133e7a9c8da28c7000bff51aab72e18253b1d5eb75ff99fb64e47f07e60a3a2",
                "fabf6d2530262b17a833331b71ef1703c31675fdcf2969f1c4c9f0277e896d4e",
                "877a82520ed0510d26726384af82315e7145cd8d5278e860e010a489fa09dca7",
                "389e3dbdacb59ab012735bd2c1ea38fbe53f46bfb735275c4dcf17668ed1aa2a",
                "457448aa096453926a1f5b1e57ac219abf0502df43ecb77401a90cecd77d6533",
                "e9e2cd1eea4d2440f80eda1c1438127e17f5855dbde4da9009e0d68bb1fe0c4f",
                "062ec7c0ae5dec67b08292e56aad2166e0fec00b5eac3984b1cb83b1e42e4346",
                "3223a34ecb9dcdc088e73b00060ece5a6309de83ac573cd51192a9441e32c956",
                "4447e77c2de19d7866446187a860f7f12956aa4ae9c3df0484ad3892559ab821",
                "8b40ef4482da913db235bae64aa785db906034cf22c655f68b7716e4ea9517dd",
                "d825c95b449724f7e46842a99b15d0f77fb28291cd0f9b0ae01f0411c8815e53",
                "6ede0c9efc1d55357815a715ab23493d5f7a86123aeafbddfcffbbc3d9359fee",
                "aed636617270a14bea9807d1044346c1ceea286ae273540aef5b7a77a0d85c87",
                "30880bc54855d7f128694de73121651cbcbc5293493e9e11b41befefb36cbfa7"
            ],
            "type": "Fetch",
            "firstPartyCookies": {},
            "firstPartyCookiesSent": {},
            "exampleSites": [
                "www.homebuilding.co.uk",
                "www.windowscentral.com",
                "www.whattowatch.com",
                "www.livingetc.com",
                "www.womanandhome.com",
                "www.golfmonthly.com",
                "www.androidcentral.com",
                "www.idealhome.co.uk",
                "www.fourfourtwo.com",
                "www.bikeperfect.com",
                "www.petsradar.com",
                "www.itpro.com",
                "www.livescience.com",
                "www.myimperfectlife.com",
                "www.guitarplayer.com",
                "www.kiplinger.com",
                "www.space.com",
                "www.loudersound.com",
                "www.marieclaire.com",
                "www.advnture.com"
            ]
        },
        {
            "rule": "future\\.net\\.uk\\/send_metrics",
            "cookies": 0,
            "fingerprinting": 0,
            "subdomains": [
                "search-api.fie"
            ],
            "apis": {},
            "sites": 4,
            "prevalence": 0.0000273,
            "cnames": [],
            "responseHashes": [],
            "type": "Preflight",
            "firstPartyCookies": {},
            "firstPartyCookiesSent": {},
            "exampleSites": [
                "fitandwell.com",
                "www.homesandgardens.com",
                "www.itpro.com",
                "www.wallpaper.com"
            ]
        },
        {
            "rule": "future\\.net\\.uk\\/send_metrics",
            "cookies": 0,
            "fingerprinting": 0,
            "subdomains": [
                "search-api.fie"
            ],
            "apis": {},
            "sites": 4,
            "prevalence": 0.0000273,
            "cnames": [],
            "responseHashes": [
                "e3b0c44298fc1c149afbf4c8996fb92427ae41e4649b934ca495991b7852b855"
            ],
            "type": "Fetch",
            "firstPartyCookies": {},
            "firstPartyCookiesSent": {},
            "exampleSites": [
                "fitandwell.com",
                "www.homesandgardens.com",
                "www.itpro.com",
                "www.wallpaper.com"
            ]
        }
    ],
    "categories": [],
    "performance": {},
    "cookies": 0,
    "topInitiators": [
        {
            "domain": "futurecdn.net",
            "prevalence": 0.9722222222222222
        },
        {
            "domain": "script.ac",
            "prevalence": 0.027777777777777776
        }
    ],
    "types": {
        "Fetch": 39,
        "Preflight": 4
    },
    "nameservers": [
        "ns-615.awsdns-12.net",
        "ns-57.awsdns-07.com",
        "ns-1198.awsdns-21.org",
        "ns-1825.awsdns-36.co.uk"
    ]
}