{
    "domain": "futurehybrid.tech",
    "owner": {},
    "source": [
        "DuckDuckGo-US"
    ],
    "prevalence": 0.00102,
    "sites": 150,
    "subdomains": [
        "sommelier",
        "metrics"
    ],
    "cnames": [],
    "fingerprinting": 0,
    "resources": [
        {
            "rule": "futurehybrid\\.tech\\/config\\/",
            "cookies": 0,
            "fingerprinting": 0,
            "subdomains": [
                "sommelier"
            ],
            "apis": {},
            "sites": 78,
            "prevalence": 0.000532,
            "cnames": [],
            "responseHashes": [
                "865f7b5b328ec9088873a8ba0c1d3da90b8bd8e9a96de4a75379e3ec7d1cbf74",
                "c43399b3cfa6f9b1f49526b556d233622714b256bebed0388c206e7857f95cb6",
                "0b42c9194d71172dc4081bbe6b109139984fb4e2d79737d232309312ad3b14e0",
                "205eae10f7cbcd02be628365502b696f26505e4451d93077facd0451248ec6c9",
                "925770c3116d8c9991ab62cacd800fdfe1e4d079111a16e2c01ffc3e664f9a34",
                "7302e4cec97f1d2c7db9a3e2201f81d239048394124ac3ebb545d12025b08880",
                "7430af85c1aff5c3dce4ce41ac579d5495365720064c97f998ffa53d3fd1ad4f",
                "7e99c0d21c159d6df27e2bed5ea5050139761bcb9899dc7e5093bf27389ac89d",
                "414c9706b6cfff2977ab680e11467e05592b7dc85cc02107a1d44aec851ac354",
                "8bd7ba619d64ad89bfcc863c9d84786745b63da74cc5882607feb45a0ee289b5",
                "24f04e18704536553a30dd8437211f4b4691349007fcab515ba45d78250c413e",
                "c265e308ebd69de4a55f3ec6a515920fc12814e900fea10d50abcfb8537d6385",
                "b3be0ea81994077f9ef48ecf1540fdbb0bd4814cdf496eb8d36cf1fae4453f10",
                "5b5d09af736c1a3a500cdeb64f41b9ba873010c413b84436b335b8ef6795a141",
                "3d0f93343c63189384e35fac61a470527e899b9ef4bcb0457ca84c2e28450033",
                "3a6d3b73539dfebaaeb72e8c50e2cb9d1017c0ebc02dc6b53485e9d0dcbb4c83",
                "ce5519ab3eeff8551afe592373bd525c62b75796897d97391955f0cba3adc98d",
                "214f34a1e0f8ce2b9d40d21a993bc7d7a7d4f7ffe1bd6fcfc722dba90bb604ef",
                "891f2671637d34fc2763b364d220577db4932fc1936917859e994e3d269697aa",
                "c2627074285b65113ee25769af82f82a032ac7ad2d27f4e907881952820f1858",
                "46a1bffaeacb63dfc403865f2b06de9292c812906faa830ef038b4110b5f4c19",
                "4932503663a4c93ba69289040d71b4539fd73e69473e99830ade7b239365dca1",
                "bd5e2d8fe30e1619741b7656c26dd5c24c67c9abe0c9f9990baf3c16f8977fff",
                "0b820469b68192ca966332744bc5eb5f728a67502232b504f3a799e0dde7eeef",
                "3b2edba6bdf859f9f13a03b9e47e4c2d009226e38f7bb7e5521bfdac35381467",
                "6b9428e2d19a6b6b60bf480f51a7ba9de668c8f14ba927f973713eb3cfbb5464",
                "5eab045f75fa31ce135341a81d761888f8e7a6f8985a98d26f527862c49bd1e0",
                "85701f89faad2d8a483a6388330d9b77f2b4fbb2ec956b0dc67091d8c12bbfd4",
                "6e22c868abd29cff4b6d5d6a44ac103a2125e1d69654b0a642721fc0747da199",
                "133e0dae74131cd263a82611f632c4d7e0f96a4ecf4d4f79ecbf1b6ffd73ad51",
                "f510285531cdd4da6cdb93d902e8c7ae4fa8e989e8cac3f6969e863fd178cfc3",
                "657933cc8ddea4246f285cbf2b7b0d2ec1ab28da4aafc18c59850f2bbd8d092e",
                "db9054062c0421b482f58d1a56680efad5dd017b4cdb516850e808366d15356f",
                "afe367becaad55f7535ba0b94e001ed580ce23692ddea5a5f553a44dc7b40014",
                "195e4d9baa0a67dde104bfeae5a23d4efbe65cf930b440a4d6b63acbad734644",
                "bd023c58e0cf68b128be6160e9609f46d54f0c797ec2e9774d5137321ab88c8d",
                "0df1a428efd24006139eef3e39b6ad54fc0d977e36b6cf17e2a5cf5f3ca06f6e",
                "2e9adb507bf880fb5410f7ad1bd3f040fc39c934cbf205ea1c786852d9fa197b",
                "73131a64a65cd932c0a68e4deabc05e0767db67cd4b4d966ab508ba26a880cd0",
                "b006639022d7764a44759acae8e2301419c0b095a1c4224be5453cfd1655b965",
                "44136fa355b3678a1146ad16f7e8649e94fb4fc21fe77e8310c060f61caaff8a",
                "1ec74197356979f2efe4bb977267f5db853bcc645f4f0d240bb8f9ff71619649",
                "6b5b2df95e2077cb068aedf23c7c173d018fd9ef406323131aa7336f088d49ff",
                "a3fd67ccb41ce2c8ee4f9c78a76ff2e2eaad718480d6b7958240159bd861ff63",
                "316f9a15160a0cc2a41460a03896c292afcf80908537e6837e8cb96bc0ee00f8",
                "958a4a79d3b60d570bbaf4d593fa2521e006e9c48bdf52103cb2872622086230",
                "14890eadab0581ab897703cc6fbe3577dfcf41530d7c44a9d1253e3a8df5cb3b",
                "ded216c83944916ca2674b57efaaf3eb4f9bfc2db3c90ef702808eee56f1e19a",
                "748b4419c6722711ebff450e7182ca10d84f22e11f1f2ccb948bdc9eb1c969d3",
                "238efce8f05a2145b41af3fac95eeec803a524eb192f280dd6ab65e0e865fd1a",
                "d6f2b6212ba9e870f3e4d010b22b17b87f85798aed6d076205eecceb71b7d6ca",
                "d27f37b49788a819d2bda67d7881f5b82490c59e0d05df85a1a08c809ff8dec0",
                "33291c996944d1b873d915ea40412398b0017a10692593677ecf88afd62508da",
                "12d4d05cffa8e36e680e87e4ebbc82d5c525848b67ec9a0745fb14ea5a864269",
                "9e34ce0af69c7a83be9514a05516a5d5484534af3978f540293faf806eb64ef8",
                "970d90b95fc4e7a1db0c279169f144f01591fcfc5bd500534f35a0824007151d",
                "7af1eeb91805429ee8a08640cac0b093dea9e6f8ac01e6650196b73a20052348",
                "0cf7b8ff30e3ea3bef1fed12c20369655b0198191e463520c890a123329e312b",
                "ed6d850c04eb9f8a99557ac8fd506d821d8d2363afed5822a47e2f99f513cb76",
                "f3b4c5e1623088e87b082d1485b8ed683fa781207ff47c3fc6645c68346b6bd7",
                "e261321b9491019006e543f816eb8c28aee7df8c5d88439f53724121909560f5",
                "b6e9bf00fad0de1f80bc977f0ddfc7a875b82198aaae59f37aeff57fd397f082",
                "8e8e82d51f01e189d3fc1dfc7e693e647f80983545850b45ef38468775a6d752",
                "f7197aa86dd51384be58cbe79fbcb82250243a9dfc9f8dd98a31a98c7f0f4549",
                "b0dd2710e804b276427d68a4ecd41a1fd3136159aecfda64deb03a6f6e667640",
                "3d731c8245a6215e02d29a678b253ba8b15da22806e774c8d87b9bd0f323129a",
                "0119d798df6e3956369fd40739e539750958a0631deaea234e3150624dd8e65e",
                "cf1e6cd6b33b7d097b873f0c0306a2a19adf8cb8c312bf628db9135d816a7679",
                "83e08db8083d5c143ca4f5eccb3671ecc6377395a7fe9df4a2fb5a868d5a4a76",
                "97433008afe7ac18cea3d01d5d627094e9c938f526dde312d2aff8d4c7727e92",
                "48ff384dfcfbaf91fb59838b7ce3431fc64f824b45b75440c53bb868907f9f7e",
                "8237afb5a5d0f99746267ba6d6de9e3239ff7ece261f08c66cba1507ad2a693f",
                "e9e04b54c33c4102c2cad09767ce5220f08c9201fd8e81028c2d46603743b400",
                "791a8b02d055199634bff173c95b5c831934bc3256c16ead8fcd22ba8ff183cc",
                "b82fc2c8f2bb8beaf7f2786b5f3c58e0f69547fbc0bab81f86b7bfc47fbd3187",
                "e5bcc745c5b45ba81c1b94854b7e7ef3b528117f7c8463a0927c2d99ea9842a1",
                "81124632ccc42e8298a8fac1c9e51f878ee0b9db74aebbc33f023efb4d1727d5"
            ],
            "type": "Fetch",
            "firstPartyCookies": {},
            "firstPartyCookiesSent": {
                "lotame_domain_check": 0.00045669570433383774,
                "_li_dcdm_c": 0.00012951072212452115,
                "__pid": 0.000013632707592054858,
                "_cats": 0.000006816353796027429
            },