{
    "domain": "gammamaximum.com",
    "owner": {
        "name": "Leven Labs, Inc. DBA Admiral",
        "displayName": "Admiral"
    },
    "source": [
        "DuckDuckGo-US"
    ],
    "prevalence": 0.00017,
    "sites": 25,
    "subdomains": [],
    "cnames": [],
    "fingerprinting": 2,
    "resources": [
        {
            "rule": "gammamaximum\\.com\\/ac595b0bd1b1f6e62ce46c2ce57c936ea6f47b8e2936dc2a3876a18eadffd94a289806f2a42865c2057288dd30b30f07490e2c6ae59ea0f801f1a13317ea",
            "cookies": 0.0000818,
            "fingerprinting": 2,
            "subdomains": [],
            "apis": {
                "Navigator.prototype.userAgent": 14,
                "window.localStorage": 14,
                "window.sessionStorage": 14,
                "HTMLCanvasElement.prototype.toDataURL": 14,
                "Date.prototype.getTimezoneOffset": 14,
                "CookieStore.prototype.getAll": 14,
                "CookieStore.prototype.set": 12,
                "Notification.permission": 12
            },
            "sites": 14,
            "prevalence": 0.0000954,
            "cnames": [],
            "responseHashes": [
                "a93059016773dc14348756f6b55aab54e53224583d65c48f5f038573942285d2",
                "0dc328c0389411585191a80829f417e755bd83f4fc01bce592f3a28acab57cf9",
                "46de66933bc3c09953e1ce4669c791999a1ff4705a72d6f015c57fac3325d5f3",
                "306e8e7cdc6efb37175dc8c86f781962c4b4c12390c1cd95cf715d6b16c706dc",
                "94f11615f8f4a2b7548dbdaafcc48350ba8cc1f525481c9834d9c9165cb62b6a",
                "37ca7e5de2da8a130006d71569b5bf3c0d4c734acff4530b5502468da5e57b97",
                "1a7def860ba70f7e066b4adf365543e091ab01b9c1f1ed32849eef2df067d88d",
                "fe8c9813483f4160f3d891c2c21ce341b844c529298335ef5213fedb553376bd",
                "88e37c4c6346364656462c0a2cadf0f66d4e073a1121aea307289838361d80c3",
                "809948e216408a1a814a3aa29dcd03c058d1127f2363b20314aaf48a5408cf78",
                "590d99f17a2d77af461f87e32e457c19a32c768a67cc1dd83033b33d8ca9f7ab",
                "5bdadf2ac81e90c22246dd0f5a81933e1505b90f171bfc33917a46b34c05904b",
                "21c3678a3b37eb896468bb07e8a1f1e7d1b80e96ff651f2596d536ca21dbbea3"
            ],
            "type": "Script",
            "firstPartyCookies": {},
            "firstPartyCookiesSent": {},
            "exampleSites": [
                "amazonadviser.com",
                "bamsmackpow.com",
                "beyondtheflag.com",
                "calltothepen.com",
                "chopchat.com",
                "dorksideoftheforce.com",
                "foodsided.com",
                "guiltyeats.com",
                "hiddenremote.com",
                "netflixlife.com",
                "nflspinzone.com",
                "saturdayblitz.com",
                "winteriscoming.net",
                "wreckemred.com"
            ]
        }
    ],
    "categories": [],
    "performance": {},
    "cookies": 0.00015,
    "topInitiators": [
        {
            "domain": "first party",
            "prevalence": 1
        }
    ],
    "types": {
        "Script": 14
    },
    "nameservers": [
        "ns-697.awsdns-23.net",
        "ns-1627.awsdns-11.co.uk",
        "ns-305.awsdns-38.com",
        "ns-1212.awsdns-23.org"
    ]
}