{
    "domain": "gammamaximum.com",
    "owner": {
        "name": "Leven Labs, Inc. DBA Admiral",
        "displayName": "Admiral"
    },
    "source": [
        "DuckDuckGo-US"
    ],
    "prevalence": 0.000123,
    "sites": 18,
    "subdomains": [],
    "cnames": [],
    "fingerprinting": 2,
    "resources": [
        {
            "rule": "gammamaximum\\.com\\/ac595b0bd1b1f6e62ce46c2ce57c936ea6f47b8e2936dc2a3876a18eadffd94a289806f2a42865c2057288dd30b30f07490e2c6ae59ea0f801f1a13317ea",
            "cookies": 0.0000682,
            "fingerprinting": 2,
            "subdomains": [],
            "apis": {
                "Navigator.prototype.userAgent": 10,
                "window.localStorage": 10,
                "window.sessionStorage": 10,
                "HTMLCanvasElement.prototype.toDataURL": 10,
                "Date.prototype.getTimezoneOffset": 10,
                "CookieStore.prototype.getAll": 10,
                "CookieStore.prototype.set": 10,
                "Notification.permission": 9
            },
            "sites": 10,
            "prevalence": 0.0000682,
            "cnames": [],
            "responseHashes": [
                "6e1689737ad5ab0410e15466d931c18cb9219eae09975604625213ef953ac23f",
                "cdc86d572ccec70fdfdf6cbb0b539b753978086ec6bac5425295320db57e0144",
                "c4258b53cfe88c01fa22738baf8a06975c08e5ce2fc16e643a59cc54969995e7",
                "ca1cba5088fe6213ac6d98baac16bd255ba13459249faf77bc9b401a0fdeda33",
                "62cfede1fe3667c11f2267cedd46105f6a05986d0f2737bcfeea0b63a917d8e6",
                "d5d8562ec582df75ee14a61d53b675f685255447897c31ad568950a99b909522",
                "8a596f02edbc50a0217f8dd573670794e2da7b2906dc06d2c2fbf7e7393e809b",
                "4a0a0997ce5bf56fda272a6ad2617b367b5b0d7d216a32294e163dba9afb90f7",
                "2124060d8508440d5972e8bc0de3c10a67d88c0849a04a9d474d5401fdeeab00"
            ],
            "type": "Script",
            "firstPartyCookies": {},
            "firstPartyCookiesSent": {},
            "exampleSites": [
                "amazonadviser.com",
                "bamsmackpow.com",
                "beyondtheflag.com",
                "calltothepen.com",
                "fansided.com",
                "foodsided.com",
                "guiltyeats.com",
                "hiddenremote.com",
                "netflixlife.com",
                "winteriscoming.net"
            ]
        }
    ],
    "categories": [],
    "performance": {},
    "cookies": 0.000116,
    "topInitiators": [
        {
            "domain": "first party",
            "prevalence": 1
        }
    ],
    "types": {
        "Script": 10
    },
    "nameservers": [
        "ns-1627.awsdns-11.co.uk",
        "ns-1212.awsdns-23.org",
        "ns-305.awsdns-38.com",
        "ns-697.awsdns-23.net"
    ]
}