{
    "domain": "gatorleads.co.uk",
    "owner": {},
    "source": [
        "DuckDuckGo-US"
    ],
    "prevalence": 0.0000545,
    "sites": 8,
    "subdomains": [
        "t"
    ],
    "cnames": [],
    "fingerprinting": 1,
    "resources": [
        {
            "rule": "gatorleads\\.co\\.uk\\/Scripts\\/ssl\\/a3b372f5-7517-4460-80f2-9444d850944d\\.js",
            "cookies": 0.00000681,
            "fingerprinting": 1,
            "subdomains": [
                "t"
            ],
            "apis": {
                "Date.prototype.getTime": 2,
                "Document.cookie setter": 1
            },
            "sites": 2,
            "prevalence": 0.0000136,
            "cnames": [],
            "responseHashes": [
                "a9bff1c66295fd22eb171ce6d7b57b84c9a7a098901e6961d5e2504bc4a2540a"
            ],
            "type": "Script",
            "firstPartyCookies": {
                "wow.anonymousId": {
                    "ttl": 63072005,
                    "length": 36,
                    "prevalence": 0.000006807583648184077,
                    "uniqueness": 1
                },
                "wow.schedule": {
                    "ttl": 1205,
                    "length": 13,
                    "prevalence": 0.000006807583648184077,
                    "uniqueness": 1
                },
                "wow.session": {
                    "ttl": 1205,
                    "length": 36,
                    "prevalence": 0.000006807583648184077,
                    "uniqueness": 1
                }
            },
            "firstPartyCookiesSent": {},
            "exampleSites": [
                "tforcefreight.com",
                "www.tforcefreight.com"
            ]
        },
        {
            "rule": "gatorleads\\.co\\.uk\\/Tracking\\/TrackUrlGet\\/",
            "cookies": 0,
            "fingerprinting": 0,
            "subdomains": [
                "t"
            ],
            "apis": {},
            "sites": 7,
            "prevalence": 0.0000477,
            "cnames": [],
            "responseHashes": [
                "a1b81146509a4c2a2744e156780af60c8f22e7590d87cff407bf1be1f6b5f5dd",
                "f8a448136be59e2c194e98ec7ef8dcb262e8433e1fd7598e38d29f53865ae711",
                "fe8841c02f7cc15266aac709ef125dbfa445442fddb0542b4c755227c9f1f685",
                "c0137c68cdb786cb1ce670bff1a53752b8428feaec0150833f32010d09888e7d",
                "48fe216e87c3a3781d3ef033a83868b4381fdf3ad5cc27eed218f6813f87bd35",
                "21a004658fc48c610d0031338e74fe73aae3b397dc2ac7b9ef1a7f836e65de0f"
            ],
            "type": "Script",
            "firstPartyCookies": {},
            "firstPartyCookiesSent": {},
            "exampleSites": [
                "tforcefreight.com",
                "www.brother.co.uk",
                "www.cadlinecommunity.co.uk",
                "www.fmb.org.uk",
                "www.gva.ch",
                "www.rotarycorp.com",
                "www.tforcefreight.com"
            ]
        }
    ],
    "categories": [],
    "performance": {},
    "cookies": 0.000034,
    "topInitiators": [
        {
            "domain": "first party",
            "prevalence": 0.875
        },
        {
            "domain": "wowanalytics.co.uk",
            "prevalence": 0.125
        }
    ],
    "types": {
        "Script": 9
    },
    "nameservers": [
        "brianna.ns.cloudflare.com",
        "rory.ns.cloudflare.com"
    ]
}