{
    "domain": "geotargetly-api-2.com",
    "owner": {},
    "source": [
        "DuckDuckGo-US"
    ],
    "prevalence": 0.000164,
    "sites": 24,
    "subdomains": [],
    "cnames": [],
    "fingerprinting": 1,
    "resources": [
        {
            "rule": "geotargetly-api-2\\.com\\/gr",
            "cookies": 0,
            "fingerprinting": 1,
            "subdomains": [],
            "apis": {
                "Document.cookie getter": 3,
                "Date.prototype.getTime": 2
            },
            "sites": 16,
            "prevalence": 0.000109,
            "cnames": [],
            "responseHashes": [
                "d130603a44c7e229103fe4f873362a6d7580e86be5d058d9f914c2c8f9f15a49",
                "fe554929d09bffde0dc59f37ad911b8abef036d17e61fdd3edd38123602d04c8",
                "148b6297a7261c007ff5504830736e57c769aa0c7dba4fbee6aa68b62d3f6f1f",
                "1e2843cf4ad12267dceb314baa119be4b346f1ca312476ed15732336bb089ab7",
                "5b109c70f4c398883cc593d005abf1f05fc824b8d22035201927cb38e7dd8b09",
                "e0f0a0321bec6ea9f2a2336f5bdfb778657d9245207cbe3dd937f51c892ed422",
                "fd63428476ab5ee3c72e6d9645b2ab02ec516bb59ee412185590aa041aafae85",
                "3a0cdc14fa7ecd0aa5e4e7b400b7907bbcb41b23e311b1035b96f5f2baef0c99",
                "f770c1ea20e7427844579b40ab77736ce83fde2b0d2717284709b74706331bb3",
                "28cc47da10518d6adb27d7bea18a488f8c4f7e96ba1ac87c8694c6533410d2df",
                "60ab33cdafe9879e0752e3a2713c49780e35bc4eb83efd45b55e1c9b6cb9f65d",
                "a0b86f61bdc96c5c1798519be2e5d343c06e3b948eb92c5c96e1d9588afb2ed3",
                "659ef4c25ea5287e68e79637e7072be5a995bef72cc8c0142179add1da893e6a",
                "2c642a35191bec6cac22d93761b13cae07bc255323aefb279d63e911a7009660"
            ],
            "type": "Script",
            "firstPartyCookies": {},
            "firstPartyCookiesSent": {
                "IR_gbd": 0.000006816632583503749
            },
            "exampleSites": [
                "bigassfans.com",
                "megafood.com",
                "tifosioptics.com",
                "us.amazfit.com",
                "us.maxmara.com",
                "us.plungie.com",
                "woodlandmills.com",
                "www.brabantia.com",
                "www.garageclothing.com",
                "www.instructure.com",
                "www.smithoptics.com",
                "www.straumann.com",
                "www.thermacell.com",
                "www.virginpulse.com",
                "www.webuyanycar.com",
                "www.webuyanycarusa.com"
            ]
        }
    ],
    "categories": [],
    "performance": {},
    "cookies": 0,
    "topInitiators": [
        {
            "domain": "first party",
            "prevalence": 0.64
        },
        {
            "domain": "googletagmanager.com",
            "prevalence": 0.28
        },
        {
            "domain": "yottaa.com",
            "prevalence": 0.04
        },
        {
            "domain": "dynamiteclothing.com",
            "prevalence": 0.04
        }
    ],
    "types": {
        "Script": 16
    },
    "nameservers": [
        "sandra.ns.cloudflare.com",
        "pranab.ns.cloudflare.com"
    ]
}