{
    "domain": "geotargetly-api-1.com",
    "owner": {},
    "source": [
        "DuckDuckGo-US"
    ],
    "prevalence": 0.000123,
    "sites": 18,
    "subdomains": [],
    "cnames": [],
    "fingerprinting": 0,
    "resources": [
        {
            "rule": "geotargetly-api-1\\.com\\/gr",
            "cookies": 0,
            "fingerprinting": 0,
            "subdomains": [],
            "apis": {},
            "sites": 14,
            "prevalence": 0.0000954,
            "cnames": [],
            "responseHashes": [
                "30c4dc00dbf60a2e715b603668d0b85429e0322af8dc582bc4bb63c6da46f916",
                "72cf133ca2c9078a20687e74d885073f6dad591eff5ae4a29a2d8f2780d37efd",
                "d7f0d8970f452c8dae991797a010fe195e52adf128e5df7a1aac4cb6dc04327f",
                "c7f259f3523bc6db14a63aca7bdb282c84315eb6f5848b02ee8a1d9e10682fc1",
                "88cf9ac817e6b7cce5449ee905a13462a083c331722335dc5c87b7fd1d9f282a",
                "999f9ea5a071c75edf754fa22fd66c3a727630bd166791c74ee62b5acd7448ba",
                "6b352b400e16d73cdc405130023c3e12c6be522619286a730952b02dad3fe11c",
                "f5db6ee69b6c3cf1981a53e7d1ea28997437f8c532f7c672204787b4a6e59c28",
                "2ff0259730b412a1a0424d46512c299161f8405bb0636a5117ef3d2971e39291",
                "90665520d749c68115b2e4b01ca679ad88717500aad7d7b3c296be783b1a6260",
                "1239d96dee90313c287e72e1971d0cfb11a80af5bfdd40ed07973cd3ab5937b7"
            ],
            "type": "Script",
            "firstPartyCookies": {},
            "firstPartyCookiesSent": {
                "_li_dcdm_c": 0.000006816353796027429
            },
            "exampleSites": [
                "aersf.com",
                "autel.com",
                "clubchampion.com",
                "legxercise.com",
                "pendulumlife.com",
                "ripskirthawaii.com",
                "us.davidoffgeneva.com",
                "www.autel.com",
                "www.chasebliss.com",
                "www.greenworkstools.com",
                "www.hillspet.com",
                "www.modelousa.com",
                "www.stereonet.com",
                "www.zagg.com"
            ]
        }
    ],
    "categories": [],
    "performance": {},
    "cookies": 0,
    "topInitiators": [
        {
            "domain": "first party",
            "prevalence": 1
        }
    ],
    "types": {
        "Script": 14
    },
    "nameservers": [
        "sandra.ns.cloudflare.com",
        "pranab.ns.cloudflare.com"
    ]
}