{
    "domain": "getsitectrl.com",
    "owner": {},
    "source": [
        "DuckDuckGo-US"
    ],
    "prevalence": 0.00134,
    "sites": 197,
    "subdomains": [
        "events"
    ],
    "cnames": [],
    "fingerprinting": 0,
    "resources": [
        {
            "rule": "getsitectrl\\.com\\/api\\/v1\\/events",
            "cookies": 0,
            "fingerprinting": 0,
            "subdomains": [
                "events"
            ],
            "apis": {},
            "sites": 145,
            "prevalence": 0.000988,
            "cnames": [],
            "responseHashes": [
                "eec485e91258edfc3d48e890ac0ee4edc7e9a9d41274ccb5e6783a7a90284b11",
                "d48e32142881fbc6ee9c18531e3d56630d03f3cc32433d57ed53dee0e0d6ebfb",
                "1000e7a6babf97a1944317d754a3247d53162f89745bdac4028a05ffc3d6ee45",
                "47607e492b1e01054b7085413bd9fc844b6449f9600778a4c37ec39de8d1fd61",
                "761607173c3e32d90590a1a9241681d04a22d6e6c868bc7ea7f3b516656fc880",
                "1c2dcce681c9a195511a8bf3d8ba352a7b91e9a165a960918d4c4481dd2d818e",
                "e1fe8ac9d5e5a6ec24a7d4af64eb4f9787144a1328404bbdd7c4814ed55ec774",
                "12b52fc6237afffc206ebf071898b89f362fcaa8699f217311bcabfce78c0c14",
                "b264888340418de0f65d41764ea6a9d7f5633dedecd725cc017d7caed4bfe4a5",
                "27d0a1741ba12c5309bbaa237f5025ca8194a2d45fa79dd7676b3673ce1aca82",
                "3ff44367e085ae3c40b3acd3b5378305ed8fb0ac069f46bd3c676673565b3f2b",
                "261c4717a2195ec010f31a02217011e22c4affb682dc6d16b19ad044f1727ec1",
                "d8e31d2eebf3abb3fe06d4005954d77ad12b945ded23ad0de1214ba09cbd38df",
                "49729ccd704468536bff24a803b2023e307050bdd4ba0906f426f8896e212652",
                "acd952dad4158c4c4f2aa3d5293cfacf5114c673def789a5c1025776692d36b3",
                "9ccc8510cc86a0f55c3f2e1a41a107d5a1cd33f405fd2d5ceb6c3abb5247bd29",
                "3643ad69927ad84154cba72034e856776a7a8d82e2cfeecfa7e2a350b7194adb",
                "3e93880f18e15f72ae23a82606921c7667e85a18a97b5bac5462abc7bfca0596",
                "96cd4def008bcdab6f40a7f3602e8d338f941a07bdc9289ed97ab9a064ba837c",
                "bf082e28c4e125c391ae5c2f6e1cdc66c9a85fdbdb3f39e9892306094e60dcca",
                "7e43c427f0b12b76035568fb41a2faff1762f76df6a10171fbaff3cea21dd0e4",
                "2390ffac48eddf5f093f1a68ef46ff1025f5d1a6f9ceb79ad21b36ce652490ae",
                "1d579c83d628fd92f1e7a4f40c42226301ab43d25c35dbc7296ca50b6afe3e1a",
                "a55dd1c057fea5c2f1dd437021c52ea59b9b23d7bf67e131be28f12d1691c881",
                "fbdfc9dc14049cac6a6f1e6d0230e6b476c32e2e98d7cb7269541b2759b23f0d",
                "5975797be28bb071fa520714c3239765553d4b35eba805c112c4c386f1dcfdbd",
                "71e574f931d56705596b7f5105a6ab9598a144192be1da274e549440abf7beca",
                "f68e2d28dd0cdf8f455020ab3b8beb990e25d29db7669a88b7df3059b22af949",
                "c4eeea75a5d0f61002d190a9f1715330bfd39b8d45e6de3ed935dffe7a366c5c",
                "1dee3899ee1f63a21f6a71398dd98dc564ba718e7e3ac4150493a0acdcf73448",
                "c96d6cec631847dc7a2260966f12399b83ffe96c53d224b281d756f7a3f22193",
                "44e43dee0a9362645d0c8c86e412d86afb68aacc7170a2aed70e09e434d1a328",
                "cdd9f7e6d67ad4bdc10f944a54e8ddb208c02bc355fc965d623ddbca915d06b6",
                "db18d28381210e8838a0ff660607e0ec1fae8439544a313b15492910e3dd1d31",
                "4b30499ee2a0fd66d28c26fbf01588e246eb843a2c1b6ef06f9f029fe8407f20",
                "3c2989ee08931023e9442264cef00d2f94a50f4a9aed5358f98731e2e833447f",
                "4de7630ec18b3541e8784749ba681f4ab8ce90dbeb12d6c8f8ec565bfa7e4142",
                "ec74ddd79ae114d08b6a6e121b5d6bd95c4f5cef4b7b2af58bed4cf43eb4b8fb",
                "6a4a84d3acb7f47ac6d86cb496ab3a51a02eb55d474ae98011e9bde27395d137",
                "15b3009499f7f7254e772ed31bb222bfae685c653a01733aa932406e774d5037",
                "027240d6c997583073091526de09bbba2992aadce107b066267a015c287db053",
                "c7794004e92ec647f4aa7063222c3bdc8531680685d359e05c846cdbbc98fba3",
                "805f1be007072f73cc74d1f34d1fd881718a94a07d883f773426859ad0d74f22",
                "cee97ec14677b2aa7392755911fcd2d456c4f79322e75365ce1bb93c7b96e817",
                "c1a854767c44e537954f20dab06eafb95410ed95c2424beed6c564c857bd5414",
                "5ab9eb76777b8f8a37f96952ac7c8cefb3ac843201e0f630d0e637a2f6ecab8b",
                "0e21d634a4a72506df17f7805b94a01bff4b326b344052e0d489759be7339b7c",
                "06bec3908c27924e5809806ef0ee00217a1ea541bfa19b290b63b66942523574",
                "d714c3bf49055a10975f3b34e76cecc1d47cad11b62d17ba46f52c360071b516",
                "7a1755e08741adfcdb561a3a739a09971b4f00953a165111556db1288a7b8a3f",
                "87716661efb08050ecebbdf7c896ce9e669c0589c46ee72e22fb0a1fc6751849",
                "c4c8a0140c22a4bed13c33ff901a9590488ca32054ae107f6794ee40b02b3b38",
                "db98c3f89b60d5a00d6ffc4f77e15df3b351356f27f66ab1d09a495025ad74ad",
                "c3bfbdfc625f4942dddce2659780bfc8e29a2b55d126783c31fe8fbec29f0f3c",
                "7dead6ed890edccb657ad4e70bda487e93cdb234e7461dd62fce47d700ce1493",
                "73e0babc31d6ef5d1eb1aa02804ca267c04420d25966ab2b428b420a8c421494",
                "ab2dd4405ccf02981e1092fc29d4f683265345be5e8368aa0f10c48faa51fdb4",
                "e0a10ee605a710ee2b06dbff5bf8f9b9ac610f6c750830a52270f5ee4cf53f0c",
                "0467bb28346a7454528db94c4cb2fe93fe7e9cd9f33af8d70467eecc35c4acaa",
                "4c5c992b80e4849b7814f368929bae8ea7a492de893d7003c1e9b483d675d361",
                "705d26eea8e8e07a77f99389b7b3c090b511e9f42f673ce814abb56e16e7ebdc",
                "0ed6b3768a86772f9d5f7f09e72f842483c5f58670711b8b3efba7d659f9ee75",
                "a42b27271d2075ae527801e5745e89a4480b19bd4a798a510f30945f1c12682f",
                "0d431c4a9b495900d1a6f39af5e7e2bfc168b1bc3cf65b40dc9957727db8b0bb",
                "348cf872c8beb544a1701c216628de13e899efcff9a47ae067b900de56f4acb6",
                "301bb0380113c0ada8188a67bae43b024bab3aadfc47709c8521ccd73e48cd50",
                "619d0c188ad5ceb4626d2631bd97280d3a8df3c312aba57c2258c3ab61065e08",
                "79a88b04c6f49d479534889f6016952c624ec5400c9671b9e95023f446578cb3",
                "e9b87bdb71328d78f12e9121612e11bb62175288e6cd018f6e0554c20c4fc821",
                "b4055b4600c4eb8e7c84bac2f80cad5eecd6822bb8aa0a4a2d761d5f0cc6da79",
                "0cf6175a1a131ab0c2f7b036e82e160575e776f492d5ce4ba5578925bd6de00f",
                "1096ea9e2e85274d17a598933aa176062de127e04683643cf7469fd9f7031bdc",
                "668839676b6502b433f73c2002983837c695085564686e7e3fca1d4a0fe95cc4",
                "80ef7d194fac547f974dfac19a1c85724d1c06a2dc44bb8e2798be3778abf19a",
                "69f7ceef5fe499dc639ff6b03f6e7da472047698a1c2b64f49f7a7142bc27208",
                "7ca97c0bde536b530cc0a757928d0dff3c6f9fd0a46e3da7e25b835cdbcd491a",
                "f823c1c034e0d0e5fb54ff22ac8130c8aee1be423854a4a8a225713e03fe0906",
                "97faba5c1b21d63fc94d08ff502f12d72a14d4d1f19752c8ce8ef7577cd23904",
                "556304dad7c258eb30e0f62eacf078ae91336b7d024519f92da935461cecc664",
                "d056c1992fa108f737d903df82aee27cb0cedcb0cbd2a65cffc6039ca1970b5b",
                "5983a73f3baf3342ebda915e0e3de40da76f160571db48b4ffe2a0851d36f18a",
                "8ab2384a402be20722eabe15621fcc6223a2dc5ee529e07a9754d969f7b2d125",
                "f37003f01070ad2056bda63b6b03b7ffb2d66338829a4080ed7fbb18d2b8029c",
                "ba9a8821c9290c1c60e34e13353951bf43fb207a1dfddc4af4c477a942f2278c",
                "6e7ee7f1bba15a700335e752e586a1685708e9a82986d7d58351837655049d33",
                "18c21e857ab4085556019a0ce29d9c117c55232bc4ce81b5849fb0ebd33dfbad",
                "25be534d3320ca5407ef0d187bda5828f7c91d4d51d2a14506c6a19eaa873301",
                "b2fe09b578990445375249bd198a877dcf548e58de51883f9855c1d6558cea4b",
