{
    "domain": "glancecdn.net",
    "owner": {
        "name": "Glance Networks Inc",
        "displayName": "Glance Networks"
    },
    "source": [
        "DuckDuckGo-US"
    ],
    "prevalence": 0.000606,
    "sites": 89,
    "subdomains": [
        "www",
        "storage"
    ],
    "cnames": [],
    "fingerprinting": 2,
    "resources": [
        {
            "rule": "glancecdn\\.net\\/cobrowse\\/CobrowseJS\\.ashx",
            "cookies": 0,
            "fingerprinting": 1,
            "subdomains": [
                "www"
            ],
            "apis": {
                "Navigator.prototype.userAgent": 46,
                "Navigator.prototype.platform": 34,
                "Navigator.prototype.appVersion": 34,
                "window.localStorage": 44,
                "Document.cookie getter": 43
            },
            "sites": 54,
            "prevalence": 0.000368,
            "cnames": [],
            "responseHashes": [
                "3ef68401711143ccbd561daccb352c3bb6f2e4071601fc02dc037e6be1ea26f7",
                "3b0c7142d136c616c3dad2299d11379902dfeed8dd04db234aeb300ca99b0b2b",
                "074e0d98606f92c20fa7dc41b7a022f72260bf07bcb70853b125bfa650d43b3b",
                "3adc4c687f0e91560316a8e926e2f2f89e5863104376894454cf1f9999628648",
                "ff76b824e8f45a7c19156f5b4aa4200ed51057fd4b8919c969fc0004814aba47",
                "f76c2aed837deb6ab5069475e5adedd607f88824f83edf9f775d11dca369b6eb",
                "fc3dbf8c2706d0485a6af45e0cc23f551c9d572ac40b59e52ffa70b98ac0c3a0",
                "3f4aa82226f0842f1ba33877db61789c1c59d99bec827898196e177d0d0252ed",
                "c419b9c22cfa6d7f0b5afcecd7f1c6c6506d4371d6a78de03a1d6ffb86df7b65",
                "f2b4b0b6ca44d0e5f8085f920da35f266af0c68a75b4337b6ca1c3dc1a169f7f",
                "d0fb70f58b68ace00afe8ceb2259529c049c5b967628a34845c0bbecfaa2e6f0"
            ],
            "type": "Script",
            "firstPartyCookies": {},
            "firstPartyCookiesSent": {},
            "exampleSites": [
                "sws-gateway.schwab.com",
                "screener.fidelity.com",
                "www.carecredit.com",
                "www.taxaudit.com",
                "portal.adp.com",
                "jcpenney.syf.com",
                "www.myaccountaccess.com",
                "infocenter.humana-military.com",
                "www.jcpcreditcard.com",
                "www.mysynchrony.com",
                "amazon.syf.com",
                "card.creditcard.acg.aaa.com",
                "www.fidelitycharitable.org",
                "www.krogermastercard.com",
                "client.schwab.com",
                "www.coned.com",
                "digital.fidelity.com",
                "www.schwab.com",
                "scs.fidelity.com",
                "schwab.com"
            ]
        },
        {
            "rule": "glancecdn\\.net\\/cobrowse\\/js\\/GlanceCobrowseLoader_6\\.1\\.1M\\.js",
            "cookies": 0,
            "fingerprinting": 0,
            "subdomains": [
                "storage"
            ],
            "apis": {},
            "sites": 7,
            "prevalence": 0.0000477,
            "cnames": [],
            "responseHashes": [
                "3b0c7142d136c616c3dad2299d11379902dfeed8dd04db234aeb300ca99b0b2b"
            ],
            "type": "Script",
            "firstPartyCookies": {},
            "firstPartyCookiesSent": {},
            "exampleSites": [
                "schwab.com",
                "client.schwab.com",
                "infocenter.humana-military.com",
                "sws-gateway.schwab.com",
                "workplace.schwab.com",
                "www.humanamilitary.com",
                "www.schwab.com"
            ]
        },
        {
            "rule": "glancecdn\\.net\\/cobrowse\\/js\\/GlanceCobrowseLoader_4\\.15\\.0M\\.js",
            "cookies": 0,
            "fingerprinting": 0,
            "subdomains": [
                "storage"
            ],
            "apis": {},
            "sites": 16,
            "prevalence": 0.000109,
            "cnames": [],
            "responseHashes": [
                "3ef68401711143ccbd561daccb352c3bb6f2e4071601fc02dc037e6be1ea26f7"
            ],
            "type": "Script",
            "firstPartyCookies": {},
            "firstPartyCookiesSent": {},
            "exampleSites": [
                "syf.com",
                "amazon.syf.com",
                "auth.synchronybank.com",
                "belk.syf.com",
                "credit.syf.com",
                "ebaymastercard.syf.com",
                "harborfreight.syf.com",
                "jcpenney.syf.com",
                "samsclub.syf.com",
                "securelogin.synchronybank.com",
                "tjx.syf.com",
                "verizonvisacard.syf.com",
                "www.belkcredit.com",
                "www.carecredit.com",
                "www.jcpcreditcard.com",
                "www.mysynchrony.com"
            ]
        },
        {
            "rule": "glancecdn\\.net\\/cobrowse\\/js\\/GlanceCobrowseLoader_5\\.8\\.7M\\.js",
            "cookies": 0,
            "fingerprinting": 0,
            "subdomains": [
                "storage"
            ],
            "apis": {},
            "sites": 10,
            "prevalence": 0.0000681,
            "cnames": [],
            "responseHashes": [
                "074e0d98606f92c20fa7dc41b7a022f72260bf07bcb70853b125bfa650d43b3b"
            ],
            "type": "Script",
            "firstPartyCookies": {},
            "firstPartyCookiesSent": {},
            "exampleSites": [
                "aaa.com",
                "card.creditcard.acg.aaa.com",
                "creditcard.usbank.com",
                "ir.usbank.com",
                "onlinebanking.usbank.com",
                "www.h-dvisa.com",
                "www.krogermastercard.com",
                "www.myaccountaccess.com",
                "www.unionbank.com",
                "www.usbank.com"
            ]
        },
        {
            "rule": "glancecdn\\.net\\/cobrowse\\/js\\/GlancePresenceVisitor_5\\.8\\.7M\\.js",
            "cookies": 0,
            "fingerprinting": 1,
            "subdomains": [
                "www",
                "storage"
            ],
            "apis": {
                "Navigator.prototype.userAgent": 9,
                "Navigator.prototype.platform": 9,
                "Navigator.prototype.appVersion": 9,
                "window.localStorage": 9
            },
            "sites": 10,
            "prevalence": 0.0000681,
            "cnames": [],
            "responseHashes": [
                "dd1b817a4e03c3ce4e351cfafb6c075958c5644e195c20646b1093e86bb571fb"
            ],
            "type": "Script",
            "firstPartyCookies": {},
            "firstPartyCookiesSent": {},
            "exampleSites": [
                "aaa.com",
                "card.creditcard.acg.aaa.com",
                "creditcard.usbank.com",
                "ir.usbank.com",
                "onlinebanking.usbank.com",
                "www.h-dvisa.com",
                "www.krogermastercard.com",
                "www.myaccountaccess.com",
                "www.unionbank.com",
                "www.usbank.com"
            ]
        },
        {
            "rule": "glancecdn\\.net\\/cobrowse\\/js\\/GlanceCobrowseLoader_5\\.8\\.5M\\.js",
            "cookies": 0,
            "fingerprinting": 0,
            "subdomains": [
                "storage"
            ],
            "apis": {},
            "sites": 7,
            "prevalence": 0.0000477,
            "cnames": [],
            "responseHashes": [
                "3adc4c687f0e91560316a8e926e2f2f89e5863104376894454cf1f9999628648"
            ],
            "type": "Script",
            "firstPartyCookies": {},
            "firstPartyCookiesSent": {},