{
    "domain": "gnezdo.ru",
    "owner": {},
    "source": [
        "DuckDuckGo-US"
    ],
    "prevalence": 0.000368,
    "sites": 54,
    "subdomains": [
        "fcgi5",
        "fcgi7",
        "fcgi4",
        "news"
    ],
    "cnames": [],
    "fingerprinting": 3,
    "resources": [
        {
            "rule": "gnezdo\\.ru\\/cgi-bin\\/tzr\\.fcgi",
            "cookies": 0.0000477,
            "fingerprinting": 0,
            "subdomains": [
                "fcgi5"
            ],
            "apis": {},
            "sites": 8,
            "prevalence": 0.0000545,
            "cnames": [],
            "responseHashes": [
                "2c43bd059c11a755ff45f834cb803385b45cbfb51fc08e66c4aa200471ff1df7",
                "40ef54d048e7ed4799c2ebd0fa8100f690e81b8e6a33537c3335f4182f10140f",
                "8ad56337d9b7681d009a15a8a24c8e67f4261d0c60c1c9cda08ddfb3a2c594a0",
                "39648cc0c7b2ae6665ca8839787e0911dd8e9d5231fd25fe99ea92da73084efc",
                "690401e7ca1cea00e5f5c06ea0e0f2e72748bd37b2f053201911b7d174f1941a",
                "755972d31ef44e797db877317f7ec50d56a21b52e6cf50c0fd85eaf8f36b8d11"
            ],
            "type": "XHR",
            "firstPartyCookies": {},
            "firstPartyCookiesSent": {
                "gnezdo_uid": 0.00004765308553728854
            },
            "exampleSites": [
                "fb.ru",
                "karpov-clinic.ru",
                "medportal.ru",
                "my-calend.ru",
                "www.consmed.ru",
                "www.eg.ru",
                "www.passion.ru",
                "www.sunhome.ru"
            ]
        },
        {
            "rule": "gnezdo\\.ru\\/e\\/",
            "cookies": 0,
            "fingerprinting": 0,
            "subdomains": [
                "fcgi5",
                "fcgi7"
            ],
            "apis": {},
            "sites": 13,
            "prevalence": 0.0000885,
            "cnames": [],
            "responseHashes": [
                "77b1d2c0857d4e95d4c2ae7aa0abc5aaafa6bd4581b31203d1592759c26f5c44"
            ],
            "type": "Image",
            "firstPartyCookies": {},
            "firstPartyCookiesSent": {
                "gnezdo_uid": 0.00008169100377820892
            },
            "exampleSites": [
                "fb.ru",
                "karpov-clinic.ru",
                "medportal.ru",
                "my-calend.ru",
                "spb.cian.ru",
                "www.cian.ru",
                "www.citilink.ru",
                "www.consmed.ru",
                "www.eg.ru",
                "www.letu.ru",
                "www.passion.ru",
                "www.stoloto.ru",
                "www.sunhome.ru"
            ]
        },
        {
            "rule": "gnezdo\\.ru\\/hb\\/Yandex\\/",
            "cookies": 0.0000681,
            "fingerprinting": 0,
            "subdomains": [
                "fcgi4"
            ],
            "apis": {},
            "sites": 11,
            "prevalence": 0.0000749,
            "cnames": [],
            "responseHashes": [
                "846949c5a40e3ffbb702473e54dfac0646541aa624a844369b6e24e51ddaf96b",
                "e3b0c44298fc1c149afbf4c8996fb92427ae41e4649b934ca495991b7852b855"
            ],
            "type": "XHR",
            "firstPartyCookies": {},
            "firstPartyCookiesSent": {},
            "exampleSites": [
                "irecommend.ru",
                "ngs.ru",
                "tass.ru",
                "www.baby.ru",
                "www.e1.ru",
                "www.fontanka.ru",
                "www.irecommend.ru",
                "www.livelib.ru",
                "www.maximonline.ru",
                "www.mk.ru",
                "www.starhit.ru"
            ]
        },
        {
            "rule": "gnezdo\\.ru\\/1pc\\.html",
            "cookies": 0.000034,
            "fingerprinting": 1,
            "subdomains": [
                "news"
            ],
            "apis": {
                "Document.cookie getter": 4,
                "window.localStorage": 4
            },
            "sites": 12,
            "prevalence": 0.0000817,
            "cnames": [],
            "responseHashes": [
                "c6e0fc3d278b2e636153eac2d900942a0573459d0acaa4429f70d309212a2cf9"
            ],
            "type": "Document",
            "firstPartyCookies": {},
            "firstPartyCookiesSent": {},
            "exampleSites": [
                "karpov-clinic.ru",
                "medportal.ru",
                "my-calend.ru",
                "spb.cian.ru",
                "www.cian.ru",
                "www.citilink.ru",
                "www.consmed.ru",
                "www.eg.ru",
                "www.letu.ru",
                "www.passion.ru",
                "www.stoloto.ru",
                "www.sunhome.ru"
            ]
        },
        {
            "rule": "gnezdo\\.ru\\/img\\/settings\\/gnezdo_logo\\.png",
            "cookies": 0,
            "fingerprinting": 0,
            "subdomains": [
                "news"
            ],
            "apis": {},
            "sites": 5,
            "prevalence": 0.000034,
            "cnames": [],
            "responseHashes": [
                "4483a3fbc43dd66f46b915437a4208101e51dc188cc51c0b039d71e07243896c"
            ],
            "type": "Image",
            "firstPartyCookies": {},
            "firstPartyCookiesSent": {},
            "exampleSites": [
                "karpov-clinic.ru",
                "my-calend.ru",
                "www.consmed.ru",
                "www.eg.ru",
                "www.passion.ru"
            ]
        },
        {
            "rule": "gnezdo\\.ru\\/v",
            "cookies": 0,
            "fingerprinting": 0,
            "subdomains": [
                "fcgi5"
            ],
            "apis": {},
            "sites": 5,
            "prevalence": 0.000034,
            "cnames": [],
            "responseHashes": [
                "9b45422f153c5c2033c00cc466cc659780d9491ed971a0bb4b083a55d2ef8c23",
                "d5918ee369121bd87feb5056f4c71f3ff14e851e8300edcd5561168a9291aae7",
                "28ab0b595b9e62eff6ed11800795707829953432c2a5a5f8a559773f14ac3a28",
                "1dccd0c1200c215885240bebc6bd460d82b865a9fe2a5e800dd2d12b1155c947"
            ],
            "type": "XHR",
            "firstPartyCookies": {},
            "firstPartyCookiesSent": {},
            "exampleSites": [
                "karpov-clinic.ru",
                "my-calend.ru",
                "www.consmed.ru",
                "www.eg.ru",
                "www.passion.ru"
            ]
        },
        {
            "rule": "gnezdo\\.ru\\/cookie_matching\\/svk-native\\/",
            "cookies": 0.0000204,
            "fingerprinting": 0,
            "subdomains": [
                "fcgi4"
            ],
            "apis": {},
            "sites": 4,
            "prevalence": 0.0000272,
            "cnames": [],
            "responseHashes": [
                "e3b0c44298fc1c149afbf4c8996fb92427ae41e4649b934ca495991b7852b855"
            ],
            "type": "Image",
            "firstPartyCookies": {},
            "firstPartyCookiesSent": {},
            "exampleSites": [
                "lifehacker.ru",
                "ren.tv",
                "rg.ru",
                "www.baby.ru"
            ]
        },
        {
            "rule": "gnezdo\\.ru\\/cookie_matching\\/svk-native\\/\\/",
            "cookies": 0,
            "fingerprinting": 0,
            "subdomains": [
                "fcgi4"
            ],
            "apis": {},
            "sites": 3,
            "prevalence": 0.0000204,
            "cnames": [],
            "responseHashes": [
                "e3b0c44298fc1c149afbf4c8996fb92427ae41e4649b934ca495991b7852b855"
            ],
            "type": "Image",
            "firstPartyCookies": {},
            "firstPartyCookiesSent": {},