{
    "domain": "goaffpro.com",
    "owner": {},
    "source": [
        "DuckDuckGo-US"
    ],
    "prevalence": 0.000518,
    "sites": 76,
    "subdomains": [
        "api",
        "static",
        "api2"
    ],
    "cnames": [],
    "fingerprinting": 1,
    "resources": [
        {
            "rule": "goaffpro\\.com\\/loader\\.js",
            "cookies": 0,
            "fingerprinting": 1,
            "subdomains": [
                "api"
            ],
            "apis": {
                "Document.cookie getter": 35,
                "window.sessionStorage": 1,
                "window.localStorage": 5
            },
            "sites": 48,
            "prevalence": 0.000327,
            "cnames": [],
            "responseHashes": [
                "64f23985ed4e536bd15b54645382f45a11011cb1c0b8d9e24bfd8aa598c5a19b",
                "e1d1d1a042e5b736ca830d2a0146d0ef695a7d0af7db35293d47a3836802f306",
                "a196d1063a88b07c5bceed745b1f52247eb0cf741f6248de79a9cecdec5697f5",
                "3e9a189e80eec9853cf9345d6c1d39860665a3faedf4eb12b8e6abf48cadd860",
                "65dbed8c1a3a0caf9c51f9667654b76d53133c701d7aa817c8c562e389e46fcd",
                "613829f42cab0fe837d5274ef6abae0c9f5b9fdf5b3dd2ab9dc7ca054b384af7",
                "5433367a5f75ebd137897f29567a342f46e6719ff65cb46e0481f0d17b84ae16",
                "e3b0c44298fc1c149afbf4c8996fb92427ae41e4649b934ca495991b7852b855",
                "1481b621518927731db7577ad5194b6ba44164394e5f3bf33beec301714972d0",
                "7654288d1a0241d874253101df2cfb5281dd41aa46f6c9ad053667eae5ea9423",
                "51e388bc08ab5431628acf4694875ab82ee647944553b2aba0acb09e09e21df7",
                "8bb92db7a8c65f01c8246d5440fe9066221416d35dff65e6839f77d9cf814f32",
                "201ab34f564826b486eedec813e27228d28ad1db3ab30d6f5057b5fb10e9d780",
                "b264776924b53e91ab969cfe11eac98bfc4715c39b3b607f01b3ec415aeb8432",
                "a716ddb0c04a5bcfa85bad60707c9509151c965426e67e154a2a25cc72743f3c",
                "a05ed5db4598029ff7a9ff9cc38337984a49de2f6595062ba9124c35e7434a43",
                "03bf984db6c61fd873597af0db4dd3db76bc95449891f26774fef62a84ae7c9a",
                "770406e5ffb1c28f5788da7e8151aa77e5ef5415b21765a078e861d907e45569",
                "1df7c12e4e7ed1cdd7fb1e757533c4b82872494b31fffa06bf2b4117f5782bed",
                "17a30d243a50934b06e757f03b54e96c5be57ef89ed098f54e3ac794001b1f38",
                "65fba1c698b1f2225e4ce3f50f25cdef02b3e33a275f4b3d449ac0e7ffb4edb5",
                "e831abdb3e504c6d36108e2d149f82ed3af94d57a2ce6cfa97f4b3c036fd8561",
                "542c6593738eaa6e2b4771a4124002aeaa6a0f52c5412612e2f78ae9d624db01",
                "c3a70fd20612817376dc32c83c8f44d375c634a68209c921f08a4cc1bf47fe1a",
                "0895d4c5357a796aa0155f0f7280d43038b25c5b808cd060b64753d0aa6ed73a",
                "1eaa1c4a2276991dc887836766aee84be8c22de8aac33254ab339d29331b177f",
                "33cf3f394965425ba5fe148b3af7167d2369f433238bb130aa2cfa784584a61d",
                "4d4a32f3336604e1c732b50ecbe43d813cd663aa06d1e9ea823b01e9315960fe",
                "dbe4cb1678c93001577c5c0eb1132e75a2d7b9ee74bfa4e15f4a14964125722c",
                "2f1eb361aa0db599c4fa33a23403e54d2e1c8326559d7786d2fc9d99db08bb80",
                "867419bea8cd7be8c4a8043f8748d073454c3801dc09a1904536ccb47751050e",
                "0de53d5295f07e86267555135c171376ecb2f86c3692c9d3d9479ed505eb9715",
                "6e0dd7f235ae151a0312c9e8170c7a6d666f82339ccd374c5b9a5e94580d8121",
                "7ba6d57193d9baaf677671256a9dccef6ab7e386044631ac6a9aa3ad0637fb4d",
                "916a86b1ed177b3a4364b3de16c58525caa880c53ae398da4b2863f2b850d101",
                "149f7a96e9e7e3811715d7838e0754d4627b0abffd3f590c340978ab56782bb4",
                "d095bf2dc498a999383d20c419e4f300b0fa97adc521e3056928420a60d4fd8c",
                "4cd7738ac4884e541163b22fcefe01fe78da7c9e0686193d87af4ae1982715b4",
                "9ee47009d9da4852f3b9e86b928520e6449ecdf7c6fa132d8a8cda7b52d92466",
                "12127817abf10e82af5b18c12fa44fadbc6e4b005d2437f6fad7465731612e47",
                "c4d77bbf813f903b4222e6b2fd3f4d2c39a18091262f441df3d6c9a17cc106c7",
                "74c17f59fbabd2311afb807175fdee9ed45d7329fce7b4c5485cd4135080e5a6",
                "81644a924996887c5f01ffa9212839d1632df41ea0959376a79afbe6ffd0156e"
            ],
            "type": "Script",
            "firstPartyCookies": {},
            "firstPartyCookiesSent": {},
            "exampleSites": [
                "www.ecoenclose.com",
                "www.vacmasterfresh.com",
                "www.myupchar.com",
                "www.binoidcbd.com",
                "www.marcypro.com",
                "www.wdw-magazine.com",
                "www.currentconnected.com",
                "www.vantrue.us",
                "www.truenakedyoga.com",
                "sharpsheets.io",
                "www.dripworks.com",
                "hellomood.co",
                "uscutter.com",
                "www.righttobear.com",
                "www.nakedoll.com",
                "www.gesswein.com",
                "store.jockofuel.com",
                "www.cutesexdoll.com",
                "otistec.com",
                "www.retrotink.com"
            ]
        },
        {
            "rule": "goaffpro\\.com\\/cross-domain-sharing-innner-frame\\.html",
            "cookies": 0,
            "fingerprinting": 1,
            "subdomains": [
                "static"
            ],
            "apis": {
                "window.localStorage": 3
            },
            "sites": 6,
            "prevalence": 0.0000409,
            "cnames": [],
            "responseHashes": [
                "e803caa67eb0a2f34fba4ad9b14b263df67f53aae17737d47e31bca0f7b3842b"
            ],
            "type": "Document",
            "firstPartyCookies": {},
            "firstPartyCookiesSent": {},
            "exampleSites": [
                "3dconnexion.com",
                "bulletjournal.com",
                "originmaine.com",
                "store.jockofuel.com",
                "www.luvele.com",
                "www.xtool.com"
            ]
        },
        {
            "rule": "goaffpro\\.com\\/shop",
            "cookies": 0,
            "fingerprinting": 0,
            "subdomains": [
                "api2"
            ],
            "apis": {},
            "sites": 2,
            "prevalence": 0.0000136,
            "cnames": [],
            "responseHashes": [
                "9f46e023d98274cdc86c9f247d92d53d3db962c813fb94cec71c13b8b0422c04"
            ],
            "type": "Fetch",
            "firstPartyCookies": {},
            "firstPartyCookiesSent": {
                "ref": 0.000013633265167007499
            },
            "exampleSites": [
                "allstitch.com",
                "omtechlaser.com"
            ]
        },
        {
            "rule": "goaffpro\\.com\\/wix_loader\\.js",
            "cookies": 0,
            "fingerprinting": 0,
            "subdomains": [
                "api"
            ],
            "apis": {},
            "sites": 4,
            "prevalence": 0.0000273,
            "cnames": [],
            "responseHashes": [
                "14187de3a632523ff8fe3de7341d7b7d3244cafd8641a52db11f9669acfedef8",
                "5f879067377c2aa0f5edd5c31527379feb1031bb4502f92f2ac764ac4dcc8cb0",
                "66d3e306d42f077c126108c9f9767a0c657adaa253614a79a1280839d0fb7c27"
            ],
            "type": "Script",
            "firstPartyCookies": {},
            "firstPartyCookiesSent": {},
            "exampleSites": [
                "onefinitycnc.com",
                "www.retrotink.com",
                "www.us.sokbattery.com",
                "www.vantrue.us"
            ]
        }
    ],
    "categories": [],
    "performance": {},
    "cookies": 0,
    "topInitiators": [
        {
            "domain": "first party",