{
    "domain": "granify.com",
    "owner": {
        "name": "Granify Inc.",
        "displayName": "Granify"
    },
    "source": [
        "DuckDuckGo-US"
    ],
    "prevalence": 0.000259,
    "sites": 38,
    "subdomains": [
        "cdn",
        "matching"
    ],
    "cnames": [],
    "fingerprinting": 2,
    "resources": [
        {
            "rule": "granify\\.com\\/assets\\/javascript\\.js",
            "cookies": 0.0000818,
            "fingerprinting": 2,
            "subdomains": [
                "cdn"
            ],
            "apis": {
                "Navigator.prototype.userAgent": 21,
                "window.localStorage": 21,
                "Document.cookie getter": 18,
                "Date.prototype.getTime": 21,
                "Document.cookie setter": 12,
                "window.innerHeight": 16,
                "window.innerWidth": 16,
                "Date.prototype.getTimezoneOffset": 16,
                "PerformanceTiming.prototype.navigationStart": 16,
                "WebGLRenderingContext.prototype.getExtension": 17,
                "WebGLRenderingContext.prototype.getParameter": 17,
                "window.sessionStorage": 1
            },
            "sites": 23,
            "prevalence": 0.000157,
            "cnames": [],
            "responseHashes": [
                "72726d887053b878d2c92dc0ea837476453c6c8121049066cc7d8bc86a181463",
                "2f5fdcb9d87508fd7fb5b2d25fe8cc6f1c6fe9f41d7ec1320cd992439cf0c803",
                "9634fda07cfc31dcc61b55eda170ad6d075e6d35ec5e66ac000c97a82b7acfee",
                "7608ed241cea5be5ea2d423d3c48d29ba8f71c0f961994d58d9be2fb7ab6f8b3",
                "658084f7cdc2af05435fd8241ef455daff3823162a2d46af66799a4a4aab5c3b",
                "edb6c1103a9c3c1c456184ace875af8eac56392d180b4a5633a366796dc6056c",
                "a00ea44e4750749905934954c8d063dd75c30d1b14ac6a0e224c3e12574c94ce",
                "49b407a52ac8e8b76f111de654f385922e3e257181c0412c111049ebe9302a01",
                "e7932664676dc477e8d42514914e07da84f0c3b5d526640f206f7aef2962f7d8",
                "dde1b4b81ff8648d35b05a29f99f6f351379bcdd5b617ed4f340b013ea9606fc",
                "fff6da3abb1566ce0648ef97e955d173c620d59298f31528f12563744dea70dd",
                "fd21d00a6d7ea3e6fb75bb667f720f9500affe8d3fe6e3c9b3685f8c2a3186b4",
                "28420fd4730f217bfa1f36d99bbde5c65efc2973131089bae72f17bbca38455a",
                "a9d7d49b6b73bdcb845b89512a32729dc8854e5e6436c44e6455be3f98313b6f",
                "33c521cd0e43c4fdf154f3f840f34c250163cdab0cd94973a26d83d0ba826b82",
                "000088b037a5444fdaa4b966f3ef560bec52fea5c266ad9be4935bd7d1942e70",
                "0ef69f4eee0a5a88ac75742a73ae93edcf2c4384c09e00c5c64244bf4eb5cff6"
            ],
            "type": "Script",
            "firstPartyCookies": {
                "granify.uuid": {
                    "ttl": 157680013,
                    "length": 36,
                    "prevalence": 0.00008179624555232915,
                    "uniqueness": 1
                },
                "granify.session.BpFfW": {
                    "ttl": 157680024,
                    "length": 2,
                    "prevalence": 0.000013632707592054858,
                    "uniqueness": 0.5
                },
                "granify.new_user.BpFfW": {
                    "ttl": 157680018,
                    "length": 4,
                    "prevalence": 0.000013632707592054858,
                    "uniqueness": 0.5
                },
                "granify.session.qivBM": {
                    "ttl": 157680013,
                    "length": 2,
                    "prevalence": 0.000013632707592054858,
                    "uniqueness": 0.5
                },
                "granify.new_user.qivBM": {
                    "ttl": 157680011,
                    "length": 4,
                    "prevalence": 0.000013632707592054858,
                    "uniqueness": 0.5
                },
                "granify.session.JUFHS": {
                    "ttl": 157680004,
                    "length": 2,
                    "prevalence": 0.000006816353796027429,
                    "uniqueness": 1
                },
                "granify.new_user.JUFHS": {
                    "ttl": 157680005,
                    "length": 4,
                    "prevalence": 0.000006816353796027429,
                    "uniqueness": 1
                },
                "granify.session.1447": {
                    "ttl": 157680017,
                    "length": 2,
                    "prevalence": 0.000006816353796027429,
                    "uniqueness": 1
                },
                "granify.new_user.1447": {
                    "ttl": 157680014,
                    "length": 4,
                    "prevalence": 0.000006816353796027429,
                    "uniqueness": 1
                },
                "granify.session.1244": {
                    "ttl": 157680035,
                    "length": 2,
                    "prevalence": 0.000006816353796027429,
                    "uniqueness": 1
                },
                "granify.session.1245": {
                    "ttl": 157680033,
                    "length": 2,
                    "prevalence": 0.000006816353796027429,
                    "uniqueness": 1
                },
                "granify.new_user.1245": {
                    "ttl": 157680029,
                    "length": 4,
                    "prevalence": 0.000006816353796027429,
                    "uniqueness": 1
                },
                "granify.session.1402": {
                    "ttl": 157680024,
                    "length": 2,
                    "prevalence": 0.000006816353796027429,
                    "uniqueness": 1
                },
                "granify.new_user.1402": {
                    "ttl": 157680023,
                    "length": 4,
                    "prevalence": 0.000006816353796027429,
                    "uniqueness": 1
                },
                "granify.session.nJpuD": {
                    "ttl": 157680025,
                    "length": 2,
                    "prevalence": 0.000006816353796027429,
                    "uniqueness": 1
                },
                "granify.new_user.nJpuD": {
                    "ttl": 157680015,
                    "length": 4,
                    "prevalence": 0.000006816353796027429,
                    "uniqueness": 1
                }
            },
            "firstPartyCookiesSent": {},
            "exampleSites": [
                "etsy.com",
                "www.etsy.com",
                "bananarepublic.gap.com",
                "m.alibris.com",
                "www.frontgate.com",
                "www.express.com",
                "bananarepublicfactory.gapfactory.com",
                "www.ballarddesigns.com",
                "www.gapcanada.ca",
                "www.grandinroad.com",
                "www.copart.com",
                "gap.com",
                "www.gapfactory.com",
                "www.alibris.com",
                "bananarepublic.gapcanada.ca",
                "www.qvc.com",
                "community.qvc.com",
                "ballarddesigns.com",
                "gapfactory.com",
                "www.hsn.com"
            ]
        },
        {
            "rule": "granify\\.com\\/match",
            "cookies": 0,
            "fingerprinting": 0,
            "subdomains": [
                "matching"
            ],
            "apis": {},
            "sites": 17,
            "prevalence": 0.000116,
            "cnames": [],