{
    "domain": "grxchange.gr",
    "owner": {},
    "source": [
        "DuckDuckGo-US"
    ],
    "prevalence": 0.0000955,
    "sites": 14,
    "subdomains": [
        "x"
    ],
    "cnames": [],
    "fingerprinting": 0,
    "resources": [
        {
            "rule": "grxchange\\.gr\\/ads",
            "cookies": 0,
            "fingerprinting": 0,
            "subdomains": [
                "x"
            ],
            "apis": {},
            "sites": 14,
            "prevalence": 0.0000955,
            "cnames": [],
            "responseHashes": [
                "cdf9f2d1149e459f360f4c2a588dc0c5802fa999e28e0a7d84a56c5cc464142f",
                "3fe34233d646f32b9b2db9976fc11bf2a483028677d280ee09ad3b791150e17f",
                "932e98d3e6df7b75a8988225f7c0a270d9be32c32991c5cf6faa5233a8a6d1ae",
                "66b5f6e5f643a75833c99d3533b71dc85c30fe34ea362ce8358eb108278e1d36",
                "013d57863e19584b9ce3feafcc31e29b5ef67772d6b325f9f7caa504a4fc89f7",
                "97a369a05d96613002644946f44e6138a193c4a9e0e6c72aa1b063afdcac5673",
                "3547670649c0c4b5411bf3e8c7417009da131c88ae5a9220be54e2f33f710ae6",
                "f75a9debfec835ae88065ccfddefbf627a1f0e87f26999c21d97b082965ca154",
                "c2a1aa300c885065e2104f3b96acb96a97707af0b7cf84274790ab95e8a685ff",
                "c521bbb227e12b0d62e61fb1cc68ba7781da953d448afe3ac09821accc3ca1a0",
                "5d2c7b3a8ad68c2e8fd307b4a810cad98e043c27b54e650e2ccce2a066bf4ed5",
                "ca7ea4aead0cf946638ff1d684fa02340c95747b3718ef464a8175cbeb628033",
                "e131c2d10297375ff3fdcbf23a64503941a6ba33811a33428ef63dd2c1f07eb0"
            ],
            "type": "Fetch",
            "firstPartyCookies": {},
            "firstPartyCookiesSent": {
                "lotame_domain_check": 0.000047725211865851246,
                "cookies.js_dtest": 0.000013635774818814642,
                "parsely_uuid": 0.000013635774818814642
            },
            "exampleSites": [
                "meteo.gr",
                "www.athinorama.gr",
                "www.capital.gr",
                "www.car.gr",
                "www.iatropedia.gr",
                "www.lifo.gr",
                "www.meteo.gr",
                "www.news247.gr",
                "www.pentapostagma.gr",
                "www.sdna.gr",
                "www.sport-fm.gr",
                "www.sport24.gr",
                "www.thetoc.gr",
                "www.to10.gr"
            ]
        }
    ],
    "categories": [],
    "performance": {},
    "cookies": 0,
    "topInitiators": [
        {
            "domain": "adman.gr",
            "prevalence": 0.9629629629629629
        },
        {
            "domain": "first party",
            "prevalence": 0.037037037037037035
        }
    ],
    "types": {
        "Fetch": 14
    },
    "nameservers": [
        "phaistos.phaistosnetworks.gr",
        "onderon.phaistosnetworks.gr",
        "dnsdt.phaistosnetworks.gr"
    ]
}