{
    "domain": "h5v.eu",
    "owner": {},
    "source": [
        "DuckDuckGo-US"
    ],
    "prevalence": 0.000191,
    "sites": 28,
    "subdomains": [
        "prebid-server",
        "frag-mutti",
        "yield",
        "cdialer",
        "gutefrage",
        "stylight"
    ],
    "cnames": [],
    "fingerprinting": 2,
    "resources": [
        {
            "rule": "h5v\\.eu\\/cookie_sync",
            "cookies": 0,
            "fingerprinting": 0,
            "subdomains": [
                "prebid-server"
            ],
            "apis": {},
            "sites": 13,
            "prevalence": 0.0000885,
            "cnames": [],
            "responseHashes": [
                "b24a672f786a3dda6c90adb8e75a193ec2ef7a9658fa0097870658bcd5bcab4c",
                "8742ee7536824d80d858480bbb349a89527e165e229c29c2cc050ab42eae23e6",
                "4096a782702f4a19e13adebd849f935c9e6678c3dc834f2f707edcc59062944a",
                "8616510f5859c7f477071eeb49c1b574f69038211b29104a6978076056f716d9",
                "0e2bca5fe6b289b49a18556ca20f043aee2ac461ad24679e3aa784bf31282a68",
                "4b911e57b2b4e267ef1bab294d7b0224031a60fde1b54b43001623a2881c1bf9",
                "783bb4cf0e50b35e2c16a5d7c886c1e61a05a9632cd5b275811a9239f289efb3",
                "687433e43a06fde1d3d5513356158ea35a85be4b4ed111558d0dd09420627cef",
                "5f5733f6d3c8b95de975c6958534d5672187b4da652398403d0b4dae65fe16b7",
                "f411e0a006f91b7ad55d86d36567d37fe6529d35112c63862c790141e8736b10",
                "aef8999a384ee15890b28c38dee923c20a5064694f3e370edeb52c7fd6f8d535",
                "6bb0e7fcf20b80cae973e0eea0ab4cde0fc5944b1f0d4e646e513c8b55b431e1"
            ],
            "type": "XHR",
            "firstPartyCookies": {},
            "firstPartyCookiesSent": {},
            "exampleSites": [
                "4fansites.de",
                "forum.frag-mutti.de",
                "stellplatz.info",
                "www.aerzte.de",
                "www.anisearch.com",
                "www.astrosofa.com",
                "www.dogforum.de",
                "www.frag-mutti.de",
                "www.helpster.de",
                "www.lovelybooks.de",
                "www.sanego.de",
                "www.speisekarte.de",
                "www.testedich.de"
            ]
        },
        {
            "rule": "h5v\\.eu\\/openrtb2\\/auction",
            "cookies": 0,
            "fingerprinting": 0,
            "subdomains": [
                "prebid-server"
            ],
            "apis": {},
            "sites": 14,
            "prevalence": 0.0000953,
            "cnames": [],
            "responseHashes": [
                "7c93e1526ef1ecaeda33373b9502d75cafbf5cbe29812d235ccfe5372b973947",
                "7290c463dd604adf6defe3184478b6e3f1eed9fe9ac0df3c6ab506db9c536615",
                "750e67acc14e29ce47716e160d0fc0f0727fd1dbcf6949b886a0cbab81390e26",
                "264b16a9aa768ae0aa7a246f312a4884fee630c529e25f44cef24224d0511c19",
                "a94316017ded3a225fe121f1614da1a4b2d52bd080145f9ec3118c6d859414ec",
                "e55a812f5c2d282a0dd63d950feb4006b570e0eb63c6579c6a8651249a6a7a67",
                "fd16d30508bbfe6366e69126913adea7af0d83a03f8052a041626b6cd02a8c17",
                "3399ee04c7a4e3e734f28fae8e8b5dfee27decf06fa7d7b382f44952811095f7",
                "cf97b9ae29c5207f55bc97a9f4b71ed6683c3f491b72d624182a73b800ee7534",
                "f4082f7adabd098dcda996deed1f463325ee5ca25c8a92abd5b4c23fdc2512f5",
                "9a0a5fbe3e2ff3ca8b6953792f3ab646c5b73419564e57be5d6a0c48d58946f6",
                "f380db68a730be2c4f48747ed24c5aed79b33298c3aa901bceff5745092ceda7"
            ],
            "type": "XHR",
            "firstPartyCookies": {},
            "firstPartyCookiesSent": {},
            "exampleSites": [
                "4fansites.de",
                "diablo.4fansites.de",
                "forum.frag-mutti.de",
                "stellplatz.info",
                "www.aerzte.de",
                "www.anisearch.com",
                "www.astrosofa.com",
                "www.dogforum.de",
                "www.frag-mutti.de",
                "www.helpster.de",
                "www.lovelybooks.de",
                "www.sanego.de",
                "www.speisekarte.de",
                "www.testedich.de"
            ]
        },
        {
            "rule": "h5v\\.eu\\/setuid",
            "cookies": 0.0000953,
            "fingerprinting": 0,
            "subdomains": [
                "prebid-server"
            ],
            "apis": {},
            "sites": 14,
            "prevalence": 0.0000953,
            "cnames": [],
            "responseHashes": [
                "c956a8bbf43bb56f60d1beefcc5a70f2cb0725083a00e8a0daf423176509fd18",
                "e3b0c44298fc1c149afbf4c8996fb92427ae41e4649b934ca495991b7852b855"
            ],
            "type": "Image",
            "firstPartyCookies": {},
            "firstPartyCookiesSent": {},
            "exampleSites": [
                "4fansites.de",
                "diablo.4fansites.de",
                "forum.frag-mutti.de",
                "stellplatz.info",
                "www.aerzte.de",
                "www.anisearch.com",
                "www.astrosofa.com",
                "www.dogforum.de",
                "www.frag-mutti.de",
                "www.helpster.de",
                "www.lovelybooks.de",
                "www.sanego.de",
                "www.speisekarte.de",
                "www.testedich.de"
            ]
        },
        {
            "rule": "h5v\\.eu\\/162\\/moli_6eaa047d821fdf2ea1b0\\.min\\.mjs",
            "cookies": 0.0000136,
            "fingerprinting": 2,
            "subdomains": [
                "frag-mutti"
            ],
            "apis": {
                "Navigator.prototype.userAgent": 2,
                "window.sessionStorage": 2,
                "Navigator.prototype.appName": 2,
                "Date.prototype.getTime": 2,
                "window.localStorage": 2,
                "Navigator.prototype.cookieEnabled": 2,
                "Document.cookie getter": 2,
                "Document.cookie setter": 2,
                "window.innerWidth": 2,
                "window.innerHeight": 2,
                "Navigator.prototype.doNotTrack": 2,
                "Navigator.prototype.language": 2,
                "Screen.prototype.width": 2,
                "Screen.prototype.height": 2,
                "Date.prototype.getTimezoneOffset": 2,
                "PerformanceTiming.prototype.navigationStart": 2,
                "window.name": 2,
                "Navigator.prototype.connection": 2
            },
            "sites": 2,
            "prevalence": 0.0000136,
            "cnames": [],
            "responseHashes": [
                "3e7a78e6e6245fae951e9051e26e32fb6b70c470d13289da95c9113d772ff1f7"
            ],
            "type": "Script",
            "firstPartyCookies": {
                "_pbjs_userid_consent_data": {
                    "ttl": 2592003,
                    "length": 16,
                    "prevalence": 0.000013615167296368154,
                    "uniqueness": 0.5
                },
                "cto_bundle": {
                    "ttl": 33696001,
                    "length": 222,
                    "prevalence": 0.000013615167296368154,
                    "uniqueness": 1
                },
                "cto_bidid": {
                    "ttl": 33696001,
                    "length": 159,
                    "prevalence": 0.000013615167296368154,
                    "uniqueness": 1
                },
                "_sharedID": {
                    "ttl": 2592003,
                    "length": 36,
                    "prevalence": 0.000006807583648184077,
                    "uniqueness": 1
                }
            },
            "firstPartyCookiesSent": {},