{
    "domain": "h5v.eu",
    "owner": {},
    "source": [
        "DuckDuckGo-US"
    ],
    "prevalence": 0.000218,
    "sites": 32,
    "subdomains": [
        "prebid-server",
        "frag-mutti",
        "yield",
        "cdialer",
        "oertliche",
        "gutefrage",
        "stylight"
    ],
    "cnames": [],
    "fingerprinting": 2,
    "resources": [
        {
            "rule": "h5v\\.eu\\/cookie_sync",
            "cookies": 0,
            "fingerprinting": 0,
            "subdomains": [
                "prebid-server"
            ],
            "apis": {},
            "sites": 11,
            "prevalence": 0.000075,
            "cnames": [],
            "responseHashes": [
                "b26383119598e6781fdf7cbb24ce3663315914d4ad1e7cf6ebb98ea98c80c9ea",
                "1250623cfac34a6224009c6803fa815f07183d5995f5a280926c8fbfa75aeddf",
                "23f1622ee067e668fabff4335f51e38aafb4da243074695ff0e51d87e3f8bb3d",
                "141944dd3254ecba534bb39d3c2cfb6bb048d1e736b855c5b8eef7837be35f3f",
                "896c616aa8f65fdc37e57f0edcd498112bb519912de691ed691468737aabb581",
                "c0ebefde06c6997dd3cc6a8139a177ed18a95c4c54773d0a735a097acebbb493",
                "9b13eb7a2219cf1904055c08873af1d68ed792b332c283119e3f56c03acf7f3a",
                "10a97d2a002323fa30b83f9abd49ec58f63759639644c2424a7c2413bd410217",
                "2b534d9d4854799d88d6bca1f825f6a7c01adab8cbc6f5950316181ff15744e9",
                "a42101a037afc93dce2f83e9f2929746199fc54afebb2dbc8714bdd955936b6b"
            ],
            "type": "XHR",
            "firstPartyCookies": {},
            "firstPartyCookiesSent": {},
            "exampleSites": [
                "4fansites.de",
                "familienausflug.info",
                "forum.frag-mutti.de",
                "stellplatz.info",
                "www.aerzte.de",
                "www.astrosofa.com",
                "www.dogforum.de",
                "www.frag-mutti.de",
                "www.sanego.de",
                "www.speisekarte.de",
                "www.testedich.de"
            ]
        },
        {
            "rule": "h5v\\.eu\\/openrtb2\\/auction",
            "cookies": 0,
            "fingerprinting": 0,
            "subdomains": [
                "prebid-server"
            ],
            "apis": {},
            "sites": 11,
            "prevalence": 0.000075,
            "cnames": [],
            "responseHashes": [
                "85882d740fe6686dd5f368f790576acd7bc5c82afb68c55c899811af7f5e4f2e",
                "3ddd573ada4b69fcde122b82ddc9e29e3960326ef17a0258c15d5a85ac9f569c",
                "b84a4ad6c489de28c44b25ccf3055d634191227847ee33b1e3ca032a92ec0b43",
                "6c088d6232a0ce9e98dddedc265845d62e7d059bc14a472525abcf883c2f710d",
                "aa6ccfcb16ce73279464f80bac0c2dd34d5ad7823604ec75e6816597a3fdf793",
                "409a1f0099dce1c9d1f4f33117b834f55afbeb69bc543e7f1816648c39dcd901",
                "65acdb2ea17d9a14e0c4d47708422a69c3b872d00be32f7031a037a1bbb9dd76",
                "130a1edba2c71728f6926651eb342aec8f8e6d34186f5a0cc4c4c88feea611e9",
                "4074ddf7245a5ad0f7103bed8d2ebb943f916aed5c9638e533ad8fd89ac76960",
                "ff31e91fb36b6ba9597665f0f0cc44a28200ab1fa3f264eed35741a214abb7bc"
            ],
            "type": "XHR",
            "firstPartyCookies": {},
            "firstPartyCookiesSent": {},
            "exampleSites": [
                "4fansites.de",
                "familienausflug.info",
                "forum.frag-mutti.de",
                "stellplatz.info",
                "www.aerzte.de",
                "www.astrosofa.com",
                "www.dogforum.de",
                "www.frag-mutti.de",
                "www.sanego.de",
                "www.speisekarte.de",
                "www.testedich.de"
            ]
        },
        {
            "rule": "h5v\\.eu\\/setuid",
            "cookies": 0.000075,
            "fingerprinting": 0,
            "subdomains": [
                "prebid-server"
            ],
            "apis": {},
            "sites": 11,
            "prevalence": 0.000075,
            "cnames": [],
            "responseHashes": [
                "c956a8bbf43bb56f60d1beefcc5a70f2cb0725083a00e8a0daf423176509fd18",
                "e3b0c44298fc1c149afbf4c8996fb92427ae41e4649b934ca495991b7852b855"
            ],
            "type": "Image",
            "firstPartyCookies": {},
            "firstPartyCookiesSent": {},
            "exampleSites": [
                "4fansites.de",
                "diablo.4fansites.de",
                "familienausflug.info",
                "forum.frag-mutti.de",
                "stellplatz.info",
                "www.aerzte.de",
                "www.astrosofa.com",
                "www.dogforum.de",
                "www.sanego.de",
                "www.speisekarte.de",
                "www.testedich.de"
            ]
        },
        {
            "rule": "h5v\\.eu\\/166\\/moli_6b1f224b861eee649552\\.min\\.mjs",
            "cookies": 0.0000136,
            "fingerprinting": 2,
            "subdomains": [
                "frag-mutti"
            ],
            "apis": {
                "Navigator.prototype.userAgent": 2,
                "NavigatorUAData.prototype.brands": 2,
                "NavigatorUAData.prototype.platform": 2,
                "window.sessionStorage": 2,
                "Navigator.prototype.appName": 2,
                "Date.prototype.getTime": 2,
                "window.localStorage": 2,
                "Navigator.prototype.cookieEnabled": 2,
                "Document.cookie getter": 2,
                "Document.cookie setter": 2,
                "window.innerWidth": 2,
                "window.innerHeight": 2,
                "Navigator.prototype.doNotTrack": 2,
                "Navigator.prototype.language": 2,
                "Screen.prototype.height": 2,
                "Screen.prototype.width": 2,
                "Date.prototype.getTimezoneOffset": 2,
                "PerformanceTiming.prototype.navigationStart": 2,
                "window.name": 2,
                "Navigator.prototype.connection": 2
            },
            "sites": 2,
            "prevalence": 0.0000136,
            "cnames": [],
            "responseHashes": [
                "07ee6481d2bf8d920a737de81a11a6063e5b7e7bf70cb11427fce7ea6dba8e49"
            ],
            "type": "Script",
            "firstPartyCookies": {
                "_pbjs_userid_consent_data": {
                    "ttl": 2592001,
                    "length": 16,
                    "prevalence": 0.000013633265167007499,
                    "uniqueness": 0.5
                },
                "cto_bundle": {
                    "ttl": 33696000,
                    "length": 249,
                    "prevalence": 0.000013633265167007499,
                    "uniqueness": 1
                },
                "cto_bidid": {
                    "ttl": 33696000,
                    "length": 195,
                    "prevalence": 0.000013633265167007499,
                    "uniqueness": 1
                },
                "_sharedID": {
                    "ttl": 2592001,
                    "length": 36,
                    "prevalence": 0.000006816632583503749,
                    "uniqueness": 1
                }
            },
            "firstPartyCookiesSent": {},
            "exampleSites": [
                "frag-mutti.de",
                "www.frag-mutti.de"
            ]
        },
        {
            "rule": "h5v\\.eu\\/config\\/frag_mutti",
            "cookies": 0,
            "fingerprinting": 0,
            "subdomains": [
                "yield"
            ],
            "apis": {},
            "sites": 2,
            "prevalence": 0.0000136,
            "cnames": [],
            "responseHashes": [],
            "type": "Preflight",
            "firstPartyCookies": {},
            "firstPartyCookiesSent": {},