{
    "domain": "hatenaapis.com",
    "owner": {},
    "source": [
        "DuckDuckGo-US"
    ],
    "prevalence": 0.000102,
    "sites": 15,
    "subdomains": [
        "bookmark"
    ],
    "cnames": [],
    "fingerprinting": 0,
    "resources": [
        {
            "rule": "hatenaapis\\.com\\/count\\/entry",
            "cookies": 0,
            "fingerprinting": 0,
            "subdomains": [
                "bookmark"
            ],
            "apis": {},
            "sites": 13,
            "prevalence": 0.0000885,
            "cnames": [],
            "responseHashes": [
                "b40a1c5901a0ffaff92d4382cb3294b88db061ba9e6230be53157f9837541d44",
                "95ac3744e87f79f331fed236c6318743b72598d770d7f69e556bf6a01c7c1a2f",
                "2c32443603ce94cb3769dd327937c08a0e61e278da72ac88201627a9c9b849b0",
                "4e2874bfe7d282e3a86e5abc999ce9f3294075faf7434c85194ce54ddad4b358",
                "3f2886cbc63b39e044cf2ca0d6ff23fd78d3bd6810fd5a582dd7e6a1f9d9a142",
                "bee3ffab02c14b76afea23df9eec0fd60f557be2241dd570cee5931048f44eec",
                "c961f9cf7925240c38f1da73b5e4e38449d6e269493d2b290f6fe8169f89ed3f",
                "df26e7d7410788b8c5ec6743ece15d830bdc4fa2118a0d6ebf598a1829de75a5",
                "c7b7fa5fe4808e3de5b719faf8ccb1f8f111ebcaa624f02baf908cbe2dcdcd88",
                "c43b4ba34ee4d3b82971173f48b881dffa0ab1596b701962e534f31cc3432a91",
                "09ecc35c2bb478fd85464762e5f2e183794707cf34baacdd4527c96c13686dd0",
                "ad96fe8b2219a1566b2d4144583c59fa43ea6d698cc728470b05a7720b28c44b"
            ],
            "type": "Script",
            "firstPartyCookies": {},
            "firstPartyCookiesSent": {},
            "exampleSites": [
                "itmedia.co.jp",
                "bunshun.jp",
                "crystalmark.info",
                "happymail.co.jp",
                "hugkum.sho.jp",
                "macrobiotic-daisuki.jp",
                "mognavi.jp",
                "president.jp",
                "raksul.com",
                "roomclip.jp",
                "ure.pia.co.jp",
                "withnews.jp",
                "world-fusigi.net"
            ]
        },
        {
            "rule": "hatenaapis\\.com\\/count\\/entries",
            "cookies": 0,
            "fingerprinting": 0,
            "subdomains": [
                "bookmark"
            ],
            "apis": {},
            "sites": 2,
            "prevalence": 0.0000136,
            "cnames": [],
            "responseHashes": [
                "04f5c2f85e4ffd3b13c2e14172384a095c84dd498464c82815e7c25847161bba"
            ],
            "type": "Script",
            "firstPartyCookies": {},
            "firstPartyCookiesSent": {},
            "exampleSites": [
                "front-row.jp",
                "tokusengai.com"
            ]
        }
    ],
    "categories": [],
    "performance": {},
    "cookies": 0,
    "topInitiators": [
        {
            "domain": "first party",
            "prevalence": 0.5789473684210527
        },
        {
            "domain": "ajax.googleapis.com",
            "prevalence": 0.3157894736842105
        },
        {
            "domain": "ismcdn.jp",
            "prevalence": 0.05263157894736842
        },
        {
            "domain": "i2i.jp",
            "prevalence": 0.05263157894736842
        }
    ],
    "types": {
        "Script": 15
    },
    "nameservers": [
        "ns-1161.awsdns-17.org",
        "ns-1853.awsdns-39.co.uk",
        "ns-819.awsdns-38.net",
        "ns-426.awsdns-53.com"
    ]
}