{
    "domain": "headerlift.com",
    "owner": {},
    "source": [
        "DuckDuckGo-US"
    ],
    "prevalence": 0.000191,
    "sites": 28,
    "subdomains": [
        "pub",
        "ana"
    ],
    "cnames": [],
    "fingerprinting": 0,
    "resources": [
        {
            "rule": "headerlift\\.com\\/opphb",
            "cookies": 0,
            "fingerprinting": 0,
            "subdomains": [
                "pub"
            ],
            "apis": {},
            "sites": 26,
            "prevalence": 0.000177,
            "cnames": [],
            "responseHashes": [
                "1512205b61125946fe60f3bf787b8dcb7bbb5e6140fddda79d3298e7f7dc65a9",
                "6493c5c9056fec553ff58439aadcc8ec195b8765a4d4f63889acf6f61ba51f19",
                "c5b56890ffabade49fb97ba0d22caf73494e40e4920e5a44afaa155ee27f6bd0",
                "2acedaa216d8982d6909e3f8b13194cd0c9ba75377c9fb14d2e19599b311f9b8",
                "279c7d7f2d2586c85e50ec3dd833d514d891828e1f08374a64166093afd988fe",
                "f0e989bcc90efa40767a57661e3e0e22872e176c9a2ced7a4372b003e285fcab",
                "c3540521fc35246737af1b78b0e99ec16757fb66f6eee84ff8fba502868b1746",
                "91b3a0eb416884e7c9a333e071f929926d4dcb720b59556b5b2a47ba9f507272",
                "3f8e69bc286e94bc5e672e6878ec888f30955b919f71988ad9a2b700b3d7e00b",
                "27f1735ae10562a16821bb807518431d39d45a177dbd9dbc40621b33d5b681d9",
                "968112bc3ca86ef944ca0b49417c21a0b3ea68555b7c6ce07032f0dd1903a842",
                "8b8761b99faecd542ff6307db3a5eb85354423f70df34e9ebb3adc45c41eca42",
                "4a85931474792306699eba19e63f0ea04e03d12d04efbfc5fa934403c17cc388",
                "78283832e12891e29dcec2e39ca8e5cd77c5e9abe87c079b464d8c4d705a3969",
                "7951e27d43cd17eed942c0c85dc89e723b086b62d04fa30aab1e58adbcf594f3",
                "cc12de7deda6651c10e1fe88e55a5f5f68bd0789569c3cff560a65ed6795b09f",
                "35bd89c39350ebce215c8463c1b772e763abf319cf1070d57c3882887c0766d4",
                "56f8a9830a046356813da891867c2cf8e2cb8754847f2aebb66d7b78473e3bfb",
                "1b0b3374484e1fb944974408ca81719c37a31c4e2996c27baa35c238a067ccfc",
                "24895c5706ceb307da95d2bf3d0b1bd252c2b9b3134384ed0f67c83c8223a811",
                "67d5bf37df522ee9efa8e1c9fe941f986587e5c571c20cbda82f0014e7627a13",
                "60ffd85d4b25c000858344ddbc876152dd6ff62baf7ea3c80dd7887fc2f75dd2",
                "5f3a314131f22fd9afe9b74c4cccbca435e2942813348567a8b5dae082b07e72",
                "ef9e97bb61688bc8465fdfd5f8f11a85e5d0f93012b875e82ef761e27f5f2268"
            ],
            "type": "Fetch",
            "firstPartyCookies": {},
            "firstPartyCookiesSent": {
                "hcatFrom": 0.000013632707592054858,
                "lotame_domain_check": 0.00012269436832849372
            },
            "exampleSites": [
                "www.spiele-umsonst.de",
                "www.1001jeux.fr",
                "www.tvinfo.de",
                "www.cnnturk.com",
                "www.mahjongconnect.net",
                "www.vkmag.com",
                "fun.chicagotribune.com",
                "wordwipe.io",
                "www.fanatik.com.tr",
                "www.yourlittleblackbook.me",
                "www.drifted.com",
                "www.hurriyet.com.tr",
                "www.openingsuren.com",
                "bitlifeonline.com",
                "hurriyet.com.tr",
                "www.milliyet.com.tr",
                "www.metal.de",
                "www.elkspel.nl",
                "favorflav.com",
                "www.1001spiele.de"
            ]
        },
        {
            "rule": "headerlift\\.com\\/event",
            "cookies": 0,
            "fingerprinting": 0,
            "subdomains": [
                "ana"
            ],
            "apis": {},
            "sites": 10,
            "prevalence": 0.0000682,
            "cnames": [],
            "responseHashes": [],
            "type": "Fetch",
            "firstPartyCookies": {},
            "firstPartyCookiesSent": {
                "lotame_domain_check": 0.000047714476572192006
            },
            "exampleSites": [
                "bitlifeonline.com",
                "fun.chicagotribune.com",
                "wordwipe.io",
                "www.drifted.com",
                "www.elkspel.nl",
                "www.kidsproof.nl",
                "www.mahjongconnect.net",
                "www.okokorecepten.nl",
                "www.spiele-umsonst.de",
                "www.toolshero.com"
            ]
        },
        {
            "rule": "headerlift\\.com\\/event",
            "cookies": 0,
            "fingerprinting": 0,
            "subdomains": [
                "ana"
            ],
            "apis": {},
            "sites": 2,
            "prevalence": 0.0000136,
            "cnames": [],
            "responseHashes": [
                "e3b0c44298fc1c149afbf4c8996fb92427ae41e4649b934ca495991b7852b855"
            ],
            "type": "Image",
            "firstPartyCookies": {},
            "firstPartyCookiesSent": {},
            "exampleSites": [
                "minijuegos.com",
                "www.miniplay.com"
            ]
        }
    ],
    "categories": [],
    "performance": {},
    "cookies": 0,
    "topInitiators": [
        {
            "domain": "improvedigital.com",
            "prevalence": 0.7254901960784313
        },
        {
            "domain": "gamedistribution.com",
            "prevalence": 0.21568627450980393
        },
        {
            "domain": "googletagmanager.com",
            "prevalence": 0.0392156862745098
        },
        {
            "domain": "first party",
            "prevalence": 0.0196078431372549
        }
    ],
    "types": {
        "Fetch": 36,
        "Image": 2
    },
    "nameservers": [
        "max.ns.cloudflare.com",
        "mimi.ns.cloudflare.com"
    ]
}