{
    "domain": "hindiporn.su",
    "owner": {},
    "source": [
        "DuckDuckGo-US"
    ],
    "prevalence": 0.000102,
    "sites": 15,
    "subdomains": [],
    "cnames": [],
    "fingerprinting": 0,
    "resources": [
        {
            "rule": "hindiporn\\.su\\/myvids\\/mltbn2\\/hindipornsu-multi-exo4\\.php",
            "cookies": 0,
            "fingerprinting": 0,
            "subdomains": [],
            "apis": {},
            "sites": 5,
            "prevalence": 0.0000341,
            "cnames": [],
            "responseHashes": [
                "ac7533812cb740941a54bc676839b209ea622c08a277ab77439351f82888399a"
            ],
            "type": "Document",
            "firstPartyCookies": {},
            "firstPartyCookiesSent": {},
            "exampleSites": [
                "bhabhixxxvideos.com",
                "free-porn-videos.su",
                "koreanporn.su",
                "pornindia.su",
                "xxxsexxx.net"
            ]
        },
        {
            "rule": "hindiporn\\.su\\/myvids\\/exofall\\/exofb\\.php",
            "cookies": 0,
            "fingerprinting": 0,
            "subdomains": [],
            "apis": {},
            "sites": 14,
            "prevalence": 0.0000954,
            "cnames": [],
            "responseHashes": [
                "ab6205a988a126718c3b0311e40caf49f0eddd113e0b0840a1397612fd8c478f",
                "d59b27f7ad06a1f99559b389799b39e509efe167a32543312d1874662e8581c0",
                "6a255a721da79f5ccb8b759da734e9aff76422a2d9ac7e6dcd86661abc224348",
                "d1465d0c5e9b56df519341be5f06984f3297620cd13667ca2a409921aa805d3e",
                "53e08c119050af7e0264d94c42da1785ddf5976f9805d42ee036b6c19c5dcfc9",
                "7d187b07d28f87e0004141d7df3568f65757dbf23484996e35e5c5d81c1b2f66",
                "ff616df3fa48d6610764886ec317e9a556f8eb26d21db4dbc974b7da853e10ff",
                "6b3ee3846b141f6d507bd48b8f410d64739856b174d93e5bfe1fbef0a9069631",
                "411104beaca015f4213bf33a74c5453ebd7b3e226e5ce0e0f6aaed2ec5aa0601",
                "d26197832de9a845564bd24dcf2e397a7180a26b4c37eb2890e7eec61ef51e9b",
                "edef08191551850f360ed5b1143da09aa683e0c90d1f8c90fa75ade245555cf9",
                "e599da5dcbdc58d19e9f5a5c7fcfc75c6f22bfe3e0f56144d0197dd4124e17ab"
            ],
            "type": "Document",
            "firstPartyCookies": {},
            "firstPartyCookiesSent": {},
            "exampleSites": [
                "bhabhixxxvideos.com",
                "chineseporn.su",
                "free-porn-videos.su",
                "hot-porn.pro",
                "hotmomxxx.net",
                "indiaporn.su",
                "koreanporn.su",
                "lesbitube.net",
                "momvideos24.com",
                "newsexvideos.net",
                "pornindia.su",
                "x-videos.pro",
                "xxxhdmom.net",
                "xxxsexxx.net"
            ]
        },
        {
            "rule": "hindiporn\\.su\\/myvids\\/mltbn2\\/hindipornsu-multi-exo2\\.php",
            "cookies": 0,
            "fingerprinting": 0,
            "subdomains": [],
            "apis": {},
            "sites": 6,
            "prevalence": 0.0000409,
            "cnames": [],
            "responseHashes": [
                "626702f1a16b3ddf6acffd5546853fdc27194b0d5b0ad161186d6e741ee0f3b0"
            ],
            "type": "Document",
            "firstPartyCookies": {},
            "firstPartyCookiesSent": {},
            "exampleSites": [
                "chineseporn.su",
                "free-porn-videos.su",
                "hot-porn.pro",
                "indiaporn.su",
                "lesbitube.net",
                "x-videos.pro"
            ]
        },
        {
            "rule": "hindiporn\\.su\\/myvids\\/mltbn2\\/hindipornsu-multi-exo1\\.php",
            "cookies": 0,
            "fingerprinting": 0,
            "subdomains": [],
            "apis": {},
            "sites": 5,
            "prevalence": 0.0000341,
            "cnames": [],
            "responseHashes": [
                "0b7fa8b01976e57920aa5eb73e61d374409d456b7a70f8e782d50d79ccfac97c"
            ],
            "type": "Document",
            "firstPartyCookies": {},
            "firstPartyCookiesSent": {},
            "exampleSites": [
                "free-porn-videos.su",
                "hotmomxxx.net",
                "momvideos24.com",
                "x-videos.pro",
                "xxxsexxx.net"
            ]
        },
        {
            "rule": "hindiporn\\.su\\/myvids\\/exofall\\/thumbs\\/71\\.jpg",
            "cookies": 0,
            "fingerprinting": 0,
            "subdomains": [],
            "apis": {},
            "sites": 2,
            "prevalence": 0.0000136,
            "cnames": [],
            "responseHashes": [
                "d4f7dbba6a77d9ef18fdcdaba20a01abd2ae090507d984d25f0d5b6631daa165"
            ],
            "type": "Image",
            "firstPartyCookies": {},
            "firstPartyCookiesSent": {},
            "exampleSites": [
                "free-porn-videos.su",
                "xxxsexxx.net"
            ]
        },
        {
            "rule": "hindiporn\\.su\\/myvids\\/mltbn2\\/hindipornsu-multi-exo3\\.php",
            "cookies": 0,
            "fingerprinting": 0,
            "subdomains": [],
            "apis": {},
            "sites": 4,
            "prevalence": 0.0000273,
            "cnames": [],
            "responseHashes": [
                "6afa698993618a1aac537f31010ca46782f920f346b60ce5c104c1db25415b93"
            ],
            "type": "Document",
            "firstPartyCookies": {},
            "firstPartyCookiesSent": {},
            "exampleSites": [
                "japaneseporn.su",
                "momvideos24.com",
                "newsexvideos.net",
                "xxxhdmom.net"
            ]
        },
        {
            "rule": "hindiporn\\.su\\/myvids\\/exofall\\/thumbs\\/44\\.jpg",
            "cookies": 0,
            "fingerprinting": 0,
            "subdomains": [],
            "apis": {},
            "sites": 2,
            "prevalence": 0.0000136,
            "cnames": [],
            "responseHashes": [
                "452f711fca4a4b6c9fe89ea29b56baf639c28a42ea1843a92a3b2caa53da2849"
            ],
            "type": "Image",
            "firstPartyCookies": {},
            "firstPartyCookiesSent": {},
            "exampleSites": [
                "lesbitube.net",
                "momvideos24.com"
            ]
        }
    ],
    "categories": [],
    "performance": {},
    "cookies": 0,
    "topInitiators": [
        {
            "domain": "magsrv.com",
            "prevalence": 0.4883720930232558
        },
        {
            "domain": "lby2kd27c.com",
            "prevalence": 0.2558139534883721
        },
        {
            "domain": "first party",
            "prevalence": 0.18604651162790697
        },
        {
            "domain": "deliman.net",
            "prevalence": 0.06976744186046512
        }
    ],
    "types": {
        "Document": 34,
        "Image": 4
    },
    "nameservers": [
        "ns1.hostiservices.com",
        "ns2.hostiservices.com"
    ]
}