{
    "domain": "homefiniti.com",
    "owner": {},
    "source": [
        "DuckDuckGo-US"
    ],
    "prevalence": 0.0000408,
    "sites": 6,
    "subdomains": [
        "tracking"
    ],
    "cnames": [],
    "fingerprinting": 1,
    "resources": [
        {
            "rule": "homefiniti\\.com\\/script\\.js",
            "cookies": 0.0000272,
            "fingerprinting": 1,
            "subdomains": [
                "tracking"
            ],
            "apis": {
                "Document.cookie setter": 4
            },
            "sites": 4,
            "prevalence": 0.0000272,
            "cnames": [],
            "responseHashes": [
                "37bcd0500c92acd8e2404b8c3bc50015b74a1da5ff8afd391de827fcc72813db",
                "4dc86de82134d4b279e27eead209d663c2d88a6d5f50784e16f4224b43a86e14",
                "032486101015195430a5f963dd687469e15ccb368c39b74ebe8a01e314afde16"
            ],
            "type": "Script",
            "firstPartyCookies": {
                "hfcid": {
                    "ttl": 453727174,
                    "length": 36,
                    "prevalence": 0.000027230334592736308,
                    "uniqueness": 1
                }
            },
            "firstPartyCookiesSent": {},
            "exampleSites": [
                "schellbrothers.com",
                "www.fischerhomes.com",
                "www.meritagehomes.com",
                "www.mihomes.com"
            ]
        },
        {
            "rule": "homefiniti\\.com\\/pixel\\.js",
            "cookies": 0.0000272,
            "fingerprinting": 1,
            "subdomains": [
                "tracking"
            ],
            "apis": {
                "Document.cookie setter": 4
            },
            "sites": 4,
            "prevalence": 0.0000272,
            "cnames": [],
            "responseHashes": [
                "a0c1e9a0013da7ff68f9701c7f495cf97984b2771704fb7141870d5f62c7b8ba",
                "daa8f5b42820df31acef7c119670cb2de89be98220837a50070015d5566982ab",
                "0efda6541fc81c4306195844d5297176571fe4d0be0a3b6ba7e36fefca96473b"
            ],
            "type": "Script",
            "firstPartyCookies": {
                "hfcid": {
                    "ttl": 453727174,
                    "length": 36,
                    "prevalence": 0.000027230334592736308,
                    "uniqueness": 1
                }
            },
            "firstPartyCookiesSent": {},
            "exampleSites": [
                "schellbrothers.com",
                "www.fischerhomes.com",
                "www.meritagehomes.com",
                "www.mihomes.com"
            ]
        }
    ],
    "categories": [],
    "performance": {},
    "cookies": 0.0000408,
    "topInitiators": [
        {
            "domain": "googletagmanager.com",
            "prevalence": 0.8333333333333334
        },
        {
            "domain": "first party",
            "prevalence": 0.16666666666666666
        }
    ],
    "types": {
        "Script": 8
    },
    "nameservers": [
        "ns-696.awsdns-23.net",
        "ns-505.awsdns-63.com",
        "ns-1069.awsdns-05.org",
        "ns-1715.awsdns-22.co.uk"
    ]
}