{
    "domain": "hushly.com",
    "owner": {},
    "source": [
        "DuckDuckGo-US"
    ],
    "prevalence": 0.0000886,
    "sites": 13,
    "subdomains": [
        "app",
        "tag",
        "hubfront"
    ],
    "cnames": [],
    "fingerprinting": 2,
    "resources": [
        {
            "rule": "hushly\\.com\\/runtime\\/widget\\.js",
            "cookies": 0.000075,
            "fingerprinting": 1,
            "subdomains": [
                "app"
            ],
            "apis": {
                "window.localStorage": 4
            },
            "sites": 11,
            "prevalence": 0.000075,
            "cnames": [],
            "responseHashes": [
                "a7d92992008b46515578762b3e72bbdc96c2f577bf7eeb20e46027eb90ce458e",
                "517381e9702df6a6b6bf7921e93447d4b7d626a45fc55d31934a8392946b79c5",
                "c802de3c22e9a328b1d29280893f6f67cfecdb421501575505aad842549888ad",
                "6fe202600ce6adaabb887b7070676af53cb86237748199656efdd111e41c7d1e",
                "f4bc22021356653839784b9d2549fafb9a42d1b8c9921255d6018083824862b4",
                "1562e27de7863a58580b49076bbd442e3e7d5a78e4be25eb1229d7d7e07e1add",
                "bafa19a90f0cbc872432c366548587e0fafd9320520ca4397466639801b5e78d",
                "bbde48b9513e430eabddfd3cebde7cfeec3513d74c174349fc39736d2acadb25"
            ],
            "type": "Script",
            "firstPartyCookies": {},
            "firstPartyCookiesSent": {},
            "exampleSites": [
                "nvidia.com",
                "developer.nvidia.com",
                "gomotive.com",
                "sc1.checkpoint.com",
                "www.blackberry.com",
                "www.checkpoint.com",
                "www.coupa.com",
                "www.motorolasolutions.com",
                "www.nutanix.com",
                "www.nvidia.com",
                "www.qualys.com"
            ]
        },
        {
            "rule": "hushly\\.com\\/assets\\/widget-6ea6e06aafd7e8688a9682af475fc7db\\.js",
            "cookies": 0.0000341,
            "fingerprinting": 2,
            "subdomains": [
                "app"
            ],
            "apis": {
                "Navigator.prototype.platform": 5,
                "Date.prototype.getTime": 5,
                "Navigator.prototype.userAgent": 5,
                "Document.cookie getter": 5,
                "Document.cookie setter": 4,
                "Navigator.prototype.appVersion": 5,
                "Navigator.prototype.language": 4,
                "Screen.prototype.availWidth": 4,
                "Screen.prototype.availHeight": 4,
                "Event.prototype.timeStamp": 3,
                "Element.prototype.getClientRects": 1
            },
            "sites": 5,
            "prevalence": 0.0000341,
            "cnames": [],
            "responseHashes": [
                "50727bb494fe5a7a0caa0f700d257698e7b4cc84171e6658ba286a1e42f59178"
            ],
            "type": "Script",
            "firstPartyCookies": {
                "_hly_vid": {
                    "ttl": 315360008,
                    "length": 36,
                    "prevalence": 0.000020449061388082287,
                    "uniqueness": 1
                },
                "_hly_sid": {
                    "ttl": null,
                    "length": 36,
                    "prevalence": 0.000027265415184109715,
                    "uniqueness": 1
                }
            },
            "firstPartyCookiesSent": {},
            "exampleSites": [
                "gomotive.com",
                "sc1.checkpoint.com",
                "www.checkpoint.com",
                "www.coupa.com",
                "www.nutanix.com"
            ]
        },
        {
            "rule": "hushly\\.com\\/assets\\/widget-365e4fc9661820c90743b852a36fef3c\\.css",
            "cookies": 0.0000341,
            "fingerprinting": 0,
            "subdomains": [
                "app"
            ],
            "apis": {},
            "sites": 5,
            "prevalence": 0.0000341,
            "cnames": [],
            "responseHashes": [
                "d8b080802cba44025db6515c924fd17cfba0f2d9123093aaa779d43f8a04a522"
            ],
            "type": "Stylesheet",
            "firstPartyCookies": {},
            "firstPartyCookiesSent": {},
            "exampleSites": [
                "gomotive.com",
                "sc1.checkpoint.com",
                "www.blackberry.com",
                "www.coupa.com",
                "www.nutanix.com"
            ]
        },
        {
            "rule": "hushly\\.com\\/webx-runtime-eef7431e-fb86-11ec-8859-067373548d75\\.js",
            "cookies": 0.0000136,
            "fingerprinting": 1,
            "subdomains": [
                "tag"
            ],
            "apis": {
                "Date.prototype.getTime": 2,
                "Navigator.prototype.userAgent": 2,
                "Document.cookie getter": 2,
                "Document.cookie setter": 2
            },
            "sites": 2,
            "prevalence": 0.0000136,
            "cnames": [],
            "responseHashes": [
                "8ad04dd2085aa0a22391281826addeccf63244339f481d00f449d1922f0ef0ba"
            ],
            "type": "Script",
            "firstPartyCookies": {
                "_hly_vid": {
                    "ttl": null,
                    "length": 36,
                    "prevalence": 0.000013632707592054858,
                    "uniqueness": 1
                }
            },
            "firstPartyCookiesSent": {},
            "exampleSites": [
                "checkpoint.com",
                "www.checkpoint.com"
            ]
        },
        {
            "rule": "hushly\\.com\\/runtime\\/webxVisitor",
            "cookies": 0.0000136,
            "fingerprinting": 0,
            "subdomains": [
                "app"
            ],
            "apis": {},
            "sites": 2,
            "prevalence": 0.0000136,
            "cnames": [],
            "responseHashes": [],
            "type": "Preflight",
            "firstPartyCookies": {},
            "firstPartyCookiesSent": {},
            "exampleSites": [
                "checkpoint.com",
                "www.checkpoint.com"
            ]
        },
        {
            "rule": "hushly\\.com\\/runtime\\/webxVisitor",
            "cookies": 0.0000136,
            "fingerprinting": 0,
            "subdomains": [
                "app"
            ],
            "apis": {},
            "sites": 2,
            "prevalence": 0.0000136,
            "cnames": [],
            "responseHashes": [
                "6f6a0818085a34b4366f3f520f5ded48fdd6f799854d48ef39e0b0e9c52ae0d3"
            ],
            "type": "Fetch",
            "firstPartyCookies": {},
            "firstPartyCookiesSent": {},
            "exampleSites": [
                "checkpoint.com",
                "www.checkpoint.com"
            ]
        },
        {
            "rule": "hushly\\.com\\/runtime\\/widgets\\/5264",
            "cookies": 0.0000136,
            "fingerprinting": 0,
            "subdomains": [
                "app"
            ],
            "apis": {},
            "sites": 2,
            "prevalence": 0.0000136,
            "cnames": [],
            "responseHashes": [
                "a8331d520e307081359e060643052b00e5529d0062b5ce516c251f4da1b9fae2"
            ],
            "type": "XHR",
            "firstPartyCookies": {},
            "firstPartyCookiesSent": {},
            "exampleSites": [
                "checkpoint.com",
                "www.checkpoint.com"
            ]
        },
        {
            "rule": "hushly\\.com\\/runtime\\/visitor\\/5264",
            "cookies": 0.0000136,
            "fingerprinting": 0,
            "subdomains": [
                "app"
            ],
            "apis": {},
            "sites": 2,
            "prevalence": 0.0000136,
            "cnames": [],