{
    "domain": "imdserve.com",
    "owner": {},
    "source": [
        "DuckDuckGo-US"
    ],
    "prevalence": 0.000075,
    "sites": 11,
    "subdomains": [
        "related-content-production.headless"
    ],
    "cnames": [],
    "fingerprinting": 0,
    "resources": [
        {
            "rule": "imdserve\\.com\\/",
            "cookies": 0,
            "fingerprinting": 0,
            "subdomains": [
                "related-content-production.headless"
            ],
            "apis": {},
            "sites": 12,
            "prevalence": 0.0000818,
            "cnames": [],
            "responseHashes": [
                "2c0e6beaedd77e0daf54389c88c2c052d7b3232dbf9aac558c1bed71608d9ec0",
                "3476498b8643f7a52e057cb7990f6459b1fd35bc167b1e8c5515da6932aa755b",
                "1506dc0187d0da24f52351bbd5acb9ef3e9dfbe0da2ba3220c787d6c5e2896ce",
                "74a11aa51b23427c9ed862d7bc3fabf72fc81ffe8d26dc77e74c2fc69c3fadc1",
                "eeb8f1df1f53855df1077037b3ea5d530e106e7414ceb736b51778187fc73d6c",
                "402c36f5d35be2fd43670f7035a39cbcb0a437116c82050e6306c62869b22449",
                "d6e4b3e1e314efc187b7fafe7cd3317ffcf275fc99fdb840251cf12e425b4f5c",
                "f4f8b15ed9e6eff4a18704676cc1a38067d987a55a2eb94281fb76d769cf60c0",
                "b18339530a86a51ebe83e658c22fe142052299154cdbc035390acdcc01186140",
                "8d66e30863f43f0cec02e3f502e1692ad2e359862daaea5ab6710d862206d250",
                "761986946808441bc183b297e731a3cdb2dcc55613c38bafa7038455862d19d1"
            ],
            "type": "Fetch",
            "firstPartyCookies": {},
            "firstPartyCookiesSent": {},
            "exampleSites": [
                "220triathlon.com",
                "www.220triathlon.com",
                "www.bbcgoodfood.com",
                "www.bikeradar.com",
                "www.classical-music.com",
                "www.countryfile.com",
                "www.discoverwildlife.com",
                "www.gardenersworld.com",
                "www.gathered.how",
                "www.madeformums.com",
                "www.olivemagazine.com",
                "www.radiotimes.com"
            ]
        }
    ],
    "categories": [],
    "performance": {},
    "cookies": 0,
    "topInitiators": [
        {
            "domain": "first party",
            "prevalence": 1
        }
    ],
    "types": {
        "Fetch": 12
    },
    "nameservers": [
        "ns1.imdserve.com",
        "ns2.imdserve.com",
        "ns3.imdserve.com",
        "ns4.imdserve.com",
        "ns5.imdserve.com",
        "ns6.imdserve.com"
    ]
}