{
    "domain": "imdserve.com",
    "owner": {},
    "source": [
        "DuckDuckGo-US"
    ],
    "prevalence": 0.0000682,
    "sites": 10,
    "subdomains": [
        "related-content-production.headless"
    ],
    "cnames": [],
    "fingerprinting": 0,
    "resources": [
        {
            "rule": "imdserve\\.com\\/",
            "cookies": 0,
            "fingerprinting": 0,
            "subdomains": [
                "related-content-production.headless"
            ],
            "apis": {},
            "sites": 11,
            "prevalence": 0.000075,
            "cnames": [],
            "responseHashes": [
                "2c0e6beaedd77e0daf54389c88c2c052d7b3232dbf9aac558c1bed71608d9ec0",
                "339ce54a31285899392e5d650fdfee18255961d32a185d5391f7dc3c374f6b6b",
                "7f440924dcbbe4beed1640ddb9b6a1c1e9c27eb4357f16270bc91a32cad8577e",
                "74a11aa51b23427c9ed862d7bc3fabf72fc81ffe8d26dc77e74c2fc69c3fadc1",
                "eeb8f1df1f53855df1077037b3ea5d530e106e7414ceb736b51778187fc73d6c",
                "402c36f5d35be2fd43670f7035a39cbcb0a437116c82050e6306c62869b22449",
                "154ba0290d2829f75ac072aed6da78323157eadb28e04f38bc8227505452fe75",
                "f4f8b15ed9e6eff4a18704676cc1a38067d987a55a2eb94281fb76d769cf60c0",
                "b18339530a86a51ebe83e658c22fe142052299154cdbc035390acdcc01186140",
                "8d66e30863f43f0cec02e3f502e1692ad2e359862daaea5ab6710d862206d250"
            ],
            "type": "Fetch",
            "firstPartyCookies": {},
            "firstPartyCookiesSent": {},
            "exampleSites": [
                "220triathlon.com",
                "www.220triathlon.com",
                "www.bbcgoodfood.com",
                "www.bikeradar.com",
                "www.classical-music.com",
                "www.countryfile.com",
                "www.discoverwildlife.com",
                "www.gardenersworld.com",
                "www.gathered.how",
                "www.madeformums.com",
                "www.olivemagazine.com"
            ]
        }
    ],
    "categories": [],
    "performance": {},
    "cookies": 0,
    "topInitiators": [
        {
            "domain": "first party",
            "prevalence": 1
        }
    ],
    "types": {
        "Fetch": 11
    },
    "nameservers": [
        "ns5.imdserve.com",
        "ns6.imdserve.com",
        "ns4.imdserve.com",
        "ns1.imdserve.com",
        "ns2.imdserve.com",
        "ns3.imdserve.com"
    ]
}