{
    "domain": "impactify.media",
    "owner": {},
    "source": [
        "DuckDuckGo-US"
    ],
    "prevalence": 0.000232,
    "sites": 34,
    "subdomains": [
        "sonic",
        "ad",
        "logs",
        "vpaid",
        "dvr"
    ],
    "cnames": [],
    "fingerprinting": 2,
    "resources": [
        {
            "rule": "impactify\\.media\\/bidder",
            "cookies": 0,
            "fingerprinting": 0,
            "subdomains": [
                "sonic"
            ],
            "apis": {},
            "sites": 17,
            "prevalence": 0.000116,
            "cnames": [],
            "responseHashes": [
                "739d3daa2e5f5a9917da009b40ff93fc75be5db41de0715b86f02edbb8506b34",
                "123e8a4148cc2de5fb3c2a79cfe971a9098f5f3613da63d252550d8f59ca3d65",
                "4d9c53dcc932283dcc4414e31edfec692f91a03b5260ccf859918c06bcb7b9ff",
                "38c50423608e071fcb170f42b6dbafc38eb354b6029b60d4dbc1d766ad5fe0e8",
                "be11e785c0ef140fcedfe49a2eac9eb42779248f9659c2050a6cc4a10eb961e5",
                "26372a392f928d00d2c92a5510775fcd7ddbc25f9c2137a0de37b86bfa7c83d2",
                "b1812f828ffdf5c6b41d6985878e33772e7c512984fbce08e36bcb2e3b93ee9e",
                "16fd6e07c81459f5199c408545bb283aa42398941adb81dcf866ba80e32e91cd",
                "5e35b9f9b8835f1086e65bedea5c65948fdd808b3b87a59ab3f1220ee8d3b50b",
                "6e88fa05ecf7c582c5d2ef4aeffabb9e9329c49b74bb7e8da105d5da3a97545a",
                "268c2dd1490d264858beff0748cdc212e62394831e10829204b1f934a241c62c",
                "b3cb3faeb0be839eec68ab23e08909870d537bc61738e0e853b7cabd07ae1bf8",
                "d48190978fb1fd0358cd89bb411d2e2223cfa2aab5e8edef3cf23954f2afc21e",
                "94f8d3fb4940f51ab0c5c643643350cac7e15f30756a962d8e50d18e1c9b437a",
                "939ccc97cddb8884a79d624823a3be52c74db65b389b43dfa7e02b6bc5393d39"
            ],
            "type": "XHR",
            "firstPartyCookies": {},
            "firstPartyCookiesSent": {},
            "exampleSites": [
                "asuneta.com",
                "emagtrends.com",
                "haraheri.net",
                "livejapan.com",
                "racingnews365.nl",
                "rocketnews24.com",
                "routenet.nl",
                "soranews24.com",
                "tabichannel.com",
                "theriver.jp",
                "utaten.com",
                "www.at-s.com",
                "www.finanznachrichten.de",
                "www.mein-schoener-garten.de",
                "www.olive-hitomawashi.com",
                "www.sportsillustrated.de",
                "www.streamwijzer.nl"
            ]
        },
        {
            "rule": "impactify\\.media\\/static\\/cookie_sync\\.html",
            "cookies": 0,
            "fingerprinting": 0,
            "subdomains": [
                "sonic"
            ],
            "apis": {},
            "sites": 30,
            "prevalence": 0.000205,
            "cnames": [],
            "responseHashes": [
                "280b57a57e08af36875437fd24f32086a15be46cc6facb69cb6aa695eebc04db"
            ],
            "type": "Document",
            "firstPartyCookies": {},
            "firstPartyCookiesSent": {},
            "exampleSites": [
                "routenet.nl",
                "www.sportsillustrated.de",
                "utaten.com",
                "en.pons.com",
                "www.streamwijzer.nl",
                "rocketnews24.com",
                "www.jawapos.com",
                "soranews24.com",
                "www.haibunda.com",
                "www.yumelise.fr",
                "es.pons.com",
                "www.intipseleb.com",
                "www.at-s.com",
                "detectaspam.com",
                "www.ldoceonline.com",
                "www.axioma.id",
                "mamikos.com",
                "emagtrends.com",
                "www.olive-hitomawashi.com",
                "www.mein-schoener-garten.de"
            ]
        },
        {
            "rule": "impactify\\.media\\/cookie_sync",
            "cookies": 0,
            "fingerprinting": 0,
            "subdomains": [
                "sonic"
            ],
            "apis": {},
            "sites": 27,
            "prevalence": 0.000184,
            "cnames": [],
            "responseHashes": [
                "e89d79b3be98abbd3f6e7b6bc3a804ac0504a8001131957b6f4a5ab4b800d5e5"
            ],
            "type": "XHR",
            "firstPartyCookies": {},
            "firstPartyCookiesSent": {},
            "exampleSites": [
                "www.yumelise.fr",
                "www.sportsillustrated.de",
                "utaten.com",
                "es.pons.com",
                "www.paddock-gp.com",
                "rocketnews24.com",
                "renote.net",
                "www.streamwijzer.nl",
                "www.finanznachrichten.de",
                "en.pons.com",
                "emagtrends.com",
                "www.mein-schoener-garten.de",
                "tabichannel.com",
                "routenet.nl",
                "livejapan.com",
                "haraheri.net",
                "www.forbes.fr",
                "radarjember.jawapos.com",
                "theriver.jp",
                "www.at-s.com"
            ]
        },
        {
            "rule": "impactify\\.media\\/static\\/ad\\/v5-1\\.9\\.87\\/screen\\.js",
            "cookies": 0,
            "fingerprinting": 2,
            "subdomains": [
                "ad"
            ],
            "apis": {
                "window.sessionStorage": 15,
                "Screen.prototype.width": 15,
                "window.innerWidth": 15,
                "Navigator.prototype.userAgent": 15,
                "Intl.DateTimeFormat.prototype.resolvedOptions": 15,
                "window.localStorage": 15,
                "Navigator.prototype.language": 13,
                "Date.prototype.getTimezoneOffset": 13,
                "Navigator.prototype.doNotTrack": 13,
                "window.matchMedia(\"prefers-color-scheme\")": 13,
                "window.innerHeight": 13,
                "Date.prototype.getTime": 13,
                "Screen.prototype.height": 13,
                "Event.prototype.timeStamp": 4
            },
            "sites": 15,
            "prevalence": 0.000102,
            "cnames": [],
            "responseHashes": [
                "9f5404c69108f183df786f418b13aecc672e66f42e9f33be2062038984e80b28"
            ],
            "type": "Script",
            "firstPartyCookies": {},
            "firstPartyCookiesSent": {},
            "exampleSites": [
                "detectaspam.com",
                "en.pons.com",
                "es.pons.com",
                "mamikos.com",
                "radarjember.jawapos.com",
                "renote.net",
                "www.axioma.id",
                "www.forbes.fr",
                "www.haibunda.com",
                "www.huffingtonpost.jp",
                "www.intipseleb.com",
                "www.jawapos.com",
                "www.ldoceonline.com",
                "www.paddock-gp.com",
                "www.yumelise.fr"
            ]
        },
        {
            "rule": "impactify\\.media\\/static\\/ad\\/v5-1\\.9\\.87\\/lib\\.js",
            "cookies": 0,
            "fingerprinting": 1,
            "subdomains": [
                "ad"
            ],
            "apis": {
                "HTMLMediaElement.prototype.canPlayType": 12,
                "Event.prototype.timeStamp": 13
            },
            "sites": 14,
            "prevalence": 0.0000955,
            "cnames": [],
            "responseHashes": [
                "b322c6326ad701faf1328eeceffc3e25801f6aa30f7f770e30e9d721eeaa2686"
            ],
            "type": "Script",
            "firstPartyCookies": {},
            "firstPartyCookiesSent": {},