{
    "domain": "infinity-tracking.net",
    "owner": {},
    "source": [
        "DuckDuckGo-US"
    ],
    "prevalence": 0.000341,
    "sites": 50,
    "subdomains": [
        "ict",
        "nas.lon"
    ],
    "cnames": [],
    "fingerprinting": 1,
    "resources": [
        {
            "rule": "infinity-tracking\\.net\\/dcm",
            "cookies": 0,
            "fingerprinting": 0,
            "subdomains": [
                "ict"
            ],
            "apis": {},
            "sites": 8,
            "prevalence": 0.0000545,
            "cnames": [],
            "responseHashes": [
                "d621db0d24562fc453f40b9a96c060aa7853bf9aa1951f35c0f835599324f108",
                "0fa8df432e54646b9d53e61892e1893ba1e43b9cb8ae50a468a5bdd20feebc4c",
                "10d665b9b33645d3a8f55112ebcd9e8e4e22e969523b3c9b7545d91b1aae1293",
                "9af920cb71cccac476a618e4b9043a26b7fcfefff40f55a1e1709191ef30ae72",
                "605201cf489e77e7487ccb2833cac917143c82bd0db13b1e40c0ffcee82679a1",
                "d14cb08e59f117e4cda667150b4d134ad5740b4aef5a82e6ed486d187e4a5ce3",
                "087de88f2be8d9755aa79a9903ca5aef89b4a3cab7f1dba29feece10cb52f0e3"
            ],
            "type": "Script",
            "firstPartyCookies": {},
            "firstPartyCookiesSent": {
                "ictf_dcm_gid": 0.000006816353796027429
            },
            "exampleSites": [
                "brinkshome.com",
                "www.circlehealthgroup.co.uk",
                "www.hillarys.co.uk",
                "www.macmillan.org.uk",
                "www.taylorwimpey.co.uk",
                "www.thebreakers.com",
                "www.vitality.co.uk",
                "www.waldenu.edu"
            ]
        },
        {
            "rule": "infinity-tracking\\.net\\/track",
            "cookies": 0,
            "fingerprinting": 0,
            "subdomains": [
                "ict"
            ],
            "apis": {},
            "sites": 34,
            "prevalence": 0.000232,
            "cnames": [],
            "responseHashes": [
                "58be36d8c130933b5aa32c6df81130b9343c01184692ca89e5dde58abcd88042",
                "023e9242b65c6b13b33a4199d5b82f6e5cff371434d8122586e1ab66574c38af",
                "40a95c68ad98aecc9cd5f396507bcf177f0bf88b156cdc3119d4fb411a9a4fc2",
                "d34ac386aab621d275c5a2d8cc8c99b5798ba7124c6a4efdd92a971472467193",
                "9dff5fa99c26ed4ca914d16fa6a1c382b6e1d36dce69ab998f682fd46e368a34",
                "887921ef1f7311a6b7a46805b8097902d9bec6f20fec564b9f643949bcc78cc1",
                "24fdb2e7f06a7d3a8c886e4dbbaa6b0e179853308e9c91cba993c67b6cda8d08",
                "f96bd1afe165d842fa08fac296a48b623fae120c7b7a9ce286873c918697f38c",
                "eb57ef039770da47b15261d0478419e17c8e65a5de10f38a0ea1280016da59cb",
                "bdd08c57af53ee881eb1a0c9753f490eafd393f14cfb55fa297731d058f2045d",
                "16b9732c31c6a17ba2b9fa0fc9e029bcfcef9f363cd927480451d0cac7df9f3e",
                "4a0675126417bc5741526cafaf02246efeff86f391a44f5e7fd4687b2cac38a4",
                "40625fa250a95e790b61eace877071c7f41b3f141c1e0083843f9a28d4fa53d5",
                "e71a3e52e90729186d3b7e7870ba28e231527f4cf017ff12b7d48a74aa7e45e6",
                "19f91ca5b48b87d0786cb7d149d4094cc636eecbfe19671c71d62276df65d532",
                "a806439473e7f9002a0f9361f72ac598edd326f2aa7dd3440ab59566dc7a30d6",
                "544682924c80bd908aab1c16485e56e1b7d91feb0b8e161b9347e30c0bc5e6b4",
                "290f8f0aed45a69260e84ac9015f632de8a661fdec334a9724a3a3fe3ce89cf7",
                "acbc12376be517ce0cafafd67ca47d269c19ac1ca80ca426282e4d62bfbe1eff",
                "d09f3ae5bba924aaef8f4e3a8f3bdb3552c0205e60333e47e36291fe25b109e1",
                "d9f0fcf5cca715311dfc658756976d5f7ec4b68ee5507663d39ac04f8162fc23",
                "60179252f81360f26558ba63281154b5a2ad3df0dcd79b9954be14b873f6b8e6",
                "a5af5b46fa75127810838f25c04b5d42eb607e02b7564373976bbbda4f20aa52",
                "975d09ecdb269f0acd1dc5ae40e432f7a53f61b42ac94bc2c2b59568c56d52da",
                "d2a37b223a956f87d40b0a39251a40500a79c212b11ee01c4d220536fbcefbad",
                "f5d63b6e0bb61f747fc54d6cf5b2582a966725d37eda500731abc6ac42b9c620",
                "b640c3850cfab3d5a6cd34032fb57992a466ba9382cbd9d766d9047ea3bb2f92",
                "c5c841f358a53803491e930404ef7e29246d42ec176307a4c9a7358705a2d2cc",
                "d03153d08d9de5f9b2016e3e285676acb1d3883640ca0e3b182d581af1fc854b",
                "75cc9098ffead8f710227c8f35d5e656c9927585b3105278f195043ab4d68a90",
                "dcd97dfb785ec11b1ef569f14d69bed5cf257d0463fccf5086f3dad540ad9680",
                "2e0033b828a47c3e0bb665c62ccbca97cea0639539be330b82bd6363700a1fc1",
                "85962033b664477f072bf1a70fd054e4a584c292dc1aebd0c4fa03d68d6e3214"
            ],
            "type": "Fetch",
            "firstPartyCookies": {},
            "firstPartyCookiesSent": {
                "_ga": 0.0002522050904530149,
                "_ym_d": 0.000006816353796027429,
                "ajs_anonymous_id": 0.000013632707592054858,
                "_fbp": 0.000013632707592054858,
                "_its.238.vid": 0.000006816353796027429
            },
            "exampleSites": [
                "www.vitality.co.uk",
                "www.circlehealthgroup.co.uk",
                "www.scenicusa.com",
                "quickbooks.intuit.com",
                "www.protyre.co.uk",
                "www.emeraldcruises.com",
                "www.dignityfunerals.co.uk",
                "preowned.ferrari.com",
                "www.calor.co.uk",
                "www.watchfinder.co.uk",
                "www.barcelo.com",
                "www.saintleo.edu",
                "www.macmillan.org.uk",
                "www.ferrari.com",
                "www.watchfinder.com",
                "www.gartner.com",
                "www.travelrepublic.co.uk",
                "www.spirehealthcare.com",
                "www.taylorwimpey.co.uk",
                "www.macsadventure.com"
            ]
        },
        {
            "rule": "infinity-tracking\\.net\\/js\\/nas\\.v1\\.min\\.js",
            "cookies": 0.0000545,
            "fingerprinting": 1,
            "subdomains": [
                "ict"
            ],
            "apis": {
                "window.localStorage": 8,
                "Document.cookie setter": 8,
                "Document.cookie getter": 8,
                "Screen.prototype.width": 8,
                "Screen.prototype.height": 8,
                "Navigator.prototype.userAgent": 8,
                "Date.prototype.getTime": 8
            },
            "sites": 8,
            "prevalence": 0.0000545,
            "cnames": [],
            "responseHashes": [
                "b47c7d7ba73cc7ff595e8610a50d308fceec5a1d1d94e63e6020ee9d538140cf"
            ],
            "type": "Script",
            "firstPartyCookies": {
                "testinfinitycookie": {
                    "ttl": -1693863678,
                    "length": 1,
                    "prevalence": 0.00005453083036821943,
                    "uniqueness": 0.125
                },
                "ictf_master": {
                    "ttl": 4,
                    "length": 65,
                    "prevalence": 0.00005453083036821943,
                    "uniqueness": 1
                },
                "ictf_il3345": {
                    "ttl": 1,
                    "length": 67,
                    "prevalence": 0.000013632707592054858,
                    "uniqueness": 1
                },
                "ictf_in3345": {
                    "ttl": 1,
                    "length": 67,
                    "prevalence": 0.000013632707592054858,
                    "uniqueness": 1
                },
                "ictf_il3297": {
                    "ttl": 4,
                    "length": 67,
                    "prevalence": 0.000006816353796027429,