{
    "domain": "influ2.com",
    "owner": {},
    "source": [
        "DuckDuckGo-US"
    ],
    "prevalence": 0.000164,
    "sites": 24,
    "subdomains": [
        "www",
        "t"
    ],
    "cnames": [],
    "fingerprinting": 0,
    "resources": [
        {
            "rule": "influ2\\.com\\/tracker",
            "cookies": 0,
            "fingerprinting": 0,
            "subdomains": [
                "www"
            ],
            "apis": {},
            "sites": 15,
            "prevalence": 0.000102,
            "cnames": [],
            "responseHashes": [
                "aae3d375d90f01f15d8b81b27809521f22fd80c9dad75d1763899c8d17501eea",
                "54568b94c971f27d6bd4e8b416eb8e54a673e9f2a2eb845fc3a8f95158c079cc",
                "37a3a8fb7345a9b10b2c4a6847271eae03422796b07ccda15b2bdc51221dfccd",
                "1beb0e494d2d258b1e5a564599a69e068859511c2254116a864369cfd5494760",
                "a3e8b0e45e186751ca27588656574771162530d09bdd1b71550906b0151c9a51",
                "639c5560ccc11b3034193aa337e6fd011ff3036dcd197a560ab44d5902ea6f1b",
                "a9d92f9880d95efd1e4739cd98457fbb521a70b82f57425238f947853a367c75",
                "9b3af0342e0354d0ca369f31907eceb0cd1c1607dddcaf9f8af1ad00a4dcdd3d",
                "6037fdd3f937481d2f6304ee17dc868fbf468cebe9391562abe82d512bdac5d3",
                "9c8d327fb0c4e037cf20b155c67a695b27b5e08d26a169a949e1dbe13dac3158",
                "71590150e5c2f1dd4f394cb5699418006f98aff3aa2356014c67adc50730c5fa",
                "7591420e86257a7473dadfbd31e863cdf77aefadd87e5800c096db10ed738bed",
                "7c897853defdab96d1e0102cf7a6f4bc925842ae77a778f5aa4c6519a79140ac"
            ],
            "type": "Script",
            "firstPartyCookies": {},
            "firstPartyCookiesSent": {},
            "exampleSites": [
                "perficient.com",
                "community.cloudera.com",
                "community.snowflake.com",
                "guidehouse.com",
                "wheniwork.com",
                "www.akingump.com",
                "www.datadoghq.com",
                "www.dynatrace.com",
                "www.infosys.com",
                "www.lightspeedhq.com",
                "www.nvidia.com",
                "www.ptc.com",
                "www.rittal.com",
                "www.servicetitan.com",
                "www.sumologic.com"
            ]
        },
        {
            "rule": "influ2\\.com\\/u\\/",
            "cookies": 0.0000954,
            "fingerprinting": 0,
            "subdomains": [
                "t"
            ],
            "apis": {},
            "sites": 14,
            "prevalence": 0.0000954,
            "cnames": [],
            "responseHashes": [
                "704799146fc7953e0b30f81a683a4841728c6a1b6e5561ee6b7d9a0e9f2a307d",
                "9d1bf0da9ba09283c7dc1ee423b776547116d2644836de8de47624e37d4dbde6",
                "b1c9a40707ea5e43c0aca31886c0f92b777b568da4c34b6e93a966bf648a7cde",
                "41f482f460bb11ae6a210861c41cddfcca1816d4c912ce731d7928ebd8b47d3b",
                "9e33560ae7a839753090781f351f02c10e36e601ca60798d01159c3b54b65d2f",
                "fc492fbc1b05fcef21f80e06dca479852dde7b9d7e9d80c7b1607b6ba7daa48d",
                "c3cc083ba06e001c3f8d6c1776a93d4d81e86719e009f4eb40956acecdcaafbb",
                "f54e5547ade3fb36d3c019a3d2f044e7866d6db0a36fdf6dc55efed7464f6682",
                "6152ca6eddd817ee9c1f9502c2b86c2325ae099e98de2fc0f94a33805ddb7ee5",
                "b9a31655e3670e1b19355a57cd10f24a1eeaa620ca3230df1352cba2d93a30fd",
                "c0bfd4b19b06618300114bbc7af4ddcf34499b89e874edde1233c82ae7df5cd1",
                "91a213746af11ae4b04dce9b1079aa025529689d0f260d749c74cb99099b1a12",
                "cd4476174edb444b32f0fe77480ff9d22e911c4957b96c1c3815661eef38d699"
            ],
            "type": "XHR",
            "firstPartyCookies": {},
            "firstPartyCookiesSent": {},
            "exampleSites": [
                "perficient.com",
                "community.cloudera.com",
                "guidehouse.com",
                "wheniwork.com",
                "www.akingump.com",
                "www.datadoghq.com",
                "www.dynatrace.com",
                "www.infosys.com",
                "www.lightspeedhq.com",
                "www.nvidia.com",
                "www.ptc.com",
                "www.rittal.com",
                "www.servicetitan.com",
                "www.sumologic.com"
            ]
        }
    ],
    "categories": [],
    "performance": {},
    "cookies": 0.00015,
    "topInitiators": [
        {
            "domain": "first party",
            "prevalence": 0.4222222222222222
        },
        {
            "domain": "googletagmanager.com",
            "prevalence": 0.4
        },
        {
            "domain": "adobedtm.com",
            "prevalence": 0.08888888888888889
        },
        {
            "domain": "cloudflare.com",
            "prevalence": 0.044444444444444446
        },
        {
            "domain": "datadoghq-browser-agent.com",
            "prevalence": 0.044444444444444446
        }
    ],
    "types": {
        "Script": 15,
        "XHR": 14
    },
    "nameservers": [
        "dns1.registrar-servers.com",
        "dns2.registrar-servers.com"
    ]
}