{
    "domain": "ipgeolocation.io",
    "owner": {},
    "source": [
        "DuckDuckGo-US"
    ],
    "prevalence": 0.00032,
    "sites": 47,
    "subdomains": [
        "api"
    ],
    "cnames": [],
    "fingerprinting": 0,
    "resources": [
        {
            "rule": "ipgeolocation\\.io\\/ipgeo",
            "cookies": 0,
            "fingerprinting": 0,
            "subdomains": [
                "api"
            ],
            "apis": {},
            "sites": 28,
            "prevalence": 0.000191,
            "cnames": [],
            "responseHashes": [
                "b5690d57ec18057c253abf96123eb75fb87f596413600cb3b8a45c1b7739dd51",
                "cd08c83abb0d1b45888374394dbab193f18ff24674a278e6f7352a35122ed586",
                "1a2ff64ddfe0364b409e5a64556083712c727e3ec0a06e49d6719a4343cdfffe",
                "e67dc2114809a937443b6429519f5515529e81585185bb0fea8256b0b1a6ce06",
                "f5a544eec3fae6605ea11e88c9632b5405bcb17d784260bd9fa52caecce740ab",
                "c39edf90570d35b7eac348ff62bb718cd2e71d178fcdcb38a6409391e9c3a442",
                "444a8a1e8d31ca8731b98147766d8cb1de4fe24b3dea88b4a9716044e78b6330",
                "148340d1a38fde631d3a85106a7c3dc1b20a863ea635207dd0813bfc550e3483",
                "6b7d880ad6faaa381abcfe6bb331e8740aee9bc1c7c91d175c64d2bbc88e827f",
                "be2404af5a9afa9ec4cfd3b004cb969d11181b74371e4561eca819d4ba888ca1",
                "111ad15b40059a827574674e6710cc73cf2b12915d78dd85822a5ee9a4955261",
                "ceb504a0658f58d0fa99f32740230c45dbc9831c58b2aa78b1ba37be9673afa2",
                "7e6c60e188a00f7d4559e5904e7cf0600b9fa05122dd67beb83036cc31da2791",
                "5298f899adb93a41072421579c2f8012314994850b4d26c4c4a69e9cc75ee503",
                "824559dc85fa74e66e395d326c179d134bbf2b594bcdc3f39be229e1acd3f976",
                "b744fbb49f3f6676ce210348f7bd22343e3b08830dd231a86ec27727a5578607",
                "4addb3b72a3356f30b582dd89685f9a86874646f98445ca39eab5bfd7d54723c",
                "96fbab9cb862d66786b6edfbe11c57622501380569dc45ddbd02411f68d4e9eb",
                "bbdc31b6a4e4b8e26bc535ab0dca19b4ebbe84194336d920985b8b08c302cf19",
                "374e318c9ea90d49b0a6b9df583e752191fd78abd2b284943524ecd551315788",
                "a0986d71975e738162d8776ccae2dc5eca79173b8b6fb6b2a300a08cdf86aceb",
                "015a668e59bd417d0f31b41c155ad80cc730a645f482c6d15a34781366566326",
                "a4fdb8d5dbb64cb0ec06978b3d62e4abf7c1776a62eb7c319623f5676c07c735",
                "72946f23391c63e9e230a4781a0c7a275ac48f93065a7ade83829290a425d71b",
                "0f98c167dd309a6ce915058ec9581eeb7156729d1ea8c1f3208e1adb77479ac2",
                "b499c452e0d3279bdebb8d5a292733dd06b43b11bf82a140a603fa5d6af8e54c"
            ],
            "type": "XHR",
            "firstPartyCookies": {},
            "firstPartyCookiesSent": {},
            "exampleSites": [
                "navage.com",
                "www.trulieve.com",
                "www.iewc.com",
                "www.goatguns.com",
                "ippei.com",
                "www.tivo.com",
                "www.leidos.com",
                "www.gianttiger.com",
                "getchipdrop.com",
                "totalgymdirect.com",
                "www.uti.edu",
                "www.mous.co",
                "www.tenthousand.cc",
                "www.firefightersfirstcu.org",
                "www.calculators.tech",
                "mobilevikings.be",
                "www.performancelab.com",
                "www.theconqueror.events",
                "babybrezza.com",
                "www.evoqua.com"
            ]
        },
        {
            "rule": "ipgeolocation\\.io\\/ipgeo",
            "cookies": 0,
            "fingerprinting": 0,
            "subdomains": [
                "api"
            ],
            "apis": {},
            "sites": 6,
            "prevalence": 0.0000409,
            "cnames": [],
            "responseHashes": [
                "0e11dc442ab6d23ee910b4869fe5aafec31427dfa45c9377c0fa5ae3660502c5",
                "71191d1fcccce88c75ef8cd88d8dd16fd93b7354fde3468a1db59e7d0985952c",
                "49af15fe610157a17e5a49be61f40320c43f1d334bca5e5e1f36d28b820eb67d",
                "e069faa29b2316301893d3a5dc46cff4a3f54b5f669ac0eeb74da93186d38f45",
                "36491232ed3571fbb4a98918e3336b98339ca836644f7e2697cf310bce09f86b"
            ],
            "type": "Fetch",
            "firstPartyCookies": {},
            "firstPartyCookiesSent": {},
            "exampleSites": [
                "simplelooseleaf.com",
                "www.ghostlifestyle.com",
                "www.gozney.com",
                "www.orientwatchusa.com",
                "www.positivegrid.com",
                "www.upliftdesk.com"
            ]
        }
    ],
    "categories": [],
    "performance": {},
    "cookies": 0,
    "topInitiators": [
        {
            "domain": "first party",
            "prevalence": 0.5
        },
        {
            "domain": "jsdelivr.net",
            "prevalence": 0.28
        },
        {
            "domain": "bigcommerce.com",
            "prevalence": 0.08
        },
        {
            "domain": "conferwith.io",
            "prevalence": 0.04
        },
        {
            "domain": "ajax.googleapis.com",
            "prevalence": 0.04
        },
        {
            "domain": "sentry-cdn.com",
            "prevalence": 0.02
        },
        {
            "domain": "msecnd.net",
            "prevalence": 0.02
        },
        {
            "domain": "datadoghq-browser-agent.com",
            "prevalence": 0.02
        }
    ],
    "types": {
        "XHR": 28,
        "Fetch": 6
    },
    "nameservers": [
        "nash.ns.cloudflare.com",
        "cheryl.ns.cloudflare.com"
    ]
}