{
    "domain": "itskiddoan.club",
    "owner": {},
    "source": [
        "DuckDuckGo-US"
    ],
    "prevalence": 0.000136,
    "sites": 20,
    "subdomains": [
        "cdn"
    ],
    "cnames": [],
    "fingerprinting": 3,
    "resources": [
        {
            "rule": "itskiddoan\\.club\\/apu\\.php",
            "cookies": 0.000129,
            "fingerprinting": 3,
            "subdomains": [
                "cdn"
            ],
            "apis": {
                "window.localStorage": 18,
                "Navigator.prototype.userAgent": 18,
                "window.innerHeight": 18,
                "Screen.prototype.availHeight": 18,
                "Date.prototype.getTime": 18,
                "Navigator.prototype.plugins": 17,
                "Navigator.prototype.mimeTypes": 17,
                "Screen.prototype.width": 17,
                "Screen.prototype.height": 17,
                "window.screenX": 17,
                "window.screenY": 17,
                "window.outerWidth": 17,
                "window.outerHeight": 17,
                "window.innerWidth": 17,
                "Navigator.prototype.maxTouchPoints": 17,
                "window.sessionStorage": 17,
                "Document.cookie getter": 17,
                "Document.cookie setter": 13,
                "NavigatorUAData.prototype.getHighEntropyValues": 15
            },
            "sites": 19,
            "prevalence": 0.000129,
            "cnames": [],
            "responseHashes": [
                "1de6b3d9772820f5ff908a98e5fd47fc0317b29a052c1cf92d7115e02f683f6f",
                "d9cb54a08e89855871b65c31d52f6ada08234a6b918d76354c64edead9007e2b",
                "189f17b08f816eba30ffbc2e02a94c61d3c61175365dbf3d9f966bd67e6a9a29",
                "2e36b37af16c42727d608bcb399a7890b5fb99b0281c19367ee3e2d0c8a294bb",
                "79b96e852fda0897b8886745fa303a05e6fd2997f980962d10bbb459f4a6fef6",
                "4e574a7362f5a4203327e952456b3e511dced1c1e0eb71950b5dfb4010f32e1b",
                "c0cb732a3d0a2ada23b9c4ba82eb725e270ebcb2c3ea58c91888ec22c9239302",
                "67b5e21be324de91cf55cea72195330e25be06ec3bd46631d43bd882ffa62709",
                "01fdce3509b186d4a7a3e8271e085b33c1df53077a520989de4f32095b816a3e",
                "051641831c3a793c2e4d58b40606effce9c43d80e546ae1ad6166d0fd4f2b5a1",
                "36f0a5c6898c3f9053751d2b4fef9edf99aaaac42d3c19b717dc6622577ccc48",
                "abd1bde59548a41a06a989692ba42819985deb914fddaec1383a846e6c00f038",
                "186758baee9071d0bd1c52316ec98541c951d42e3173f0ef0ed13ca28780c354",
                "aa3fed424d41fa423f85da4609c361c2e52ba1fe5946056f3fffae647f99054e",
                "020f86b57a45bc6d4bc6c1c49903438dc5d32ff54ed15d01ab2e6f2d097846d4",
                "b7fb3ba62ee411719e11a200c376a35e88355373fa2fa3f16811087f197903be",
                "93614947cbc9db197f19eb7df8ad4ab6a08846770b99529242dfc384c04bc111",
                "9bc59c652325cf9a521e4b72047263f7a5e1ee756e30dfe24c51ee2c11c02fc6"
            ],
            "type": "Script",
            "firstPartyCookies": {
                "prefetchAd_6121740": {
                    "ttl": 128,
                    "length": 4,
                    "prevalence": 0.000088498587426393,
                    "uniqueness": 0.07692307692307693
                }
            },
            "firstPartyCookiesSent": {},
            "exampleSites": [
                "abgcrot.bond",
                "colmeklink.icu",
                "desi49.org",
                "dod.bio",
                "kunmanga.com",
                "paranormal.epub.pub",
                "peler.cam",
                "pemersatu.top",
                "pestasex.cam",
                "pinayflix.biz",
                "wiflix.kiwi",
                "www.bokepid.site",
                "www.bokepsan.net",
                "www.colmeklink.com",
                "xxx.okxxx.cam"
            ]
        },
        {
            "rule": "itskiddoan\\.club\\/",
            "cookies": 0.0000885,
            "fingerprinting": 0,
            "subdomains": [
                "cdn"
            ],
            "apis": {},
            "sites": 13,
            "prevalence": 0.0000885,
            "cnames": [],
            "responseHashes": [
                "eff37f0d27ced1950c221b8480588d9d308161998a36d5e50687f3ac34a5e519",
                "a610b7599967607e545f44fbd85e4efaedade8ba464647834ed6ac518289d0e4",
                "b4ae38accc81a9018d003507b7ca9d482b5253c2970f983070ceec5fa5c4543d",
                "5ccc3f1f55bf0a2016e7a74d9161511bfd9a3dc504bb2e620d327bb1e050fb81",
                "e31f1e7da1d676964976721c3c65a6d533fc88e33a79acf1362394d4bbb581b2",
                "4dbdb5c4c2426686db47eb02d578d95af9ccd948426e0f585681950c69680a3f",
                "57ee15f40dbddd4c58025482c3dfd6377e1da280ac3eb38695166c5e7293986b",
                "622a1584e8448183af12650e2d2cf0d29a4816b936367113a9ab4063e5ce4499",
                "e773e612350c7b50c25c711e4e42290bf05731011fcd8d4e27397872997d83b2",
                "c06550a082246d41a50683b91218d10ce38c41704eff7911695b8342ddff17f4",
                "d56c3cbc46df313598bf888ec1924e092afe4787ce3c3cd45554a4d6280771cc",
                "eec806fc393d15da7c75eb3bcc2d61ccf06b2711a0c732ef69b7cfbeb4834070"
            ],
            "type": "Fetch",
            "firstPartyCookies": {},
            "firstPartyCookiesSent": {
                "lotame_domain_check": 0.000013615167296368154
            },
            "exampleSites": [
                "abgcrot.bond",
                "colmeklink.icu",
                "desi49.org",
                "peler.cam",
                "pemersatu.top",
                "pestasex.cam",
                "wiflix.kiwi",
                "www.bokepid.site",
                "www.colmeklink.com",
                "xxx.okxxx.cam"
            ]
        }
    ],
    "categories": [],
    "performance": {},
    "cookies": 0.000136,
    "topInitiators": [
        {
            "domain": "nanouwho.com",
            "prevalence": 0.7391304347826086
        },
        {
            "domain": "first party",
            "prevalence": 0.13043478260869565
        },
        {
            "domain": "ophoacit.com",
            "prevalence": 0.08695652173913043
        },
        {
            "domain": "upgulpinon.com",
            "prevalence": 0.043478260869565216
        }
    ],
    "types": {
        "Script": 19,
        "Fetch": 13
    },
    "nameservers": [
        "ns-916.awsdns-50.net",
        "ns-144.awsdns-18.com",
        "ns-1198.awsdns-21.org",
        "ns-1703.awsdns-20.co.uk"
    ]
}