{
    "domain": "itskiddoan.club",
    "owner": {},
    "source": [
        "DuckDuckGo-US"
    ],
    "prevalence": 0.000198,
    "sites": 29,
    "subdomains": [
        "cdn"
    ],
    "cnames": [],
    "fingerprinting": 3,
    "resources": [
        {
            "rule": "itskiddoan\\.club\\/apu\\.php",
            "cookies": 0.000184,
            "fingerprinting": 3,
            "subdomains": [
                "cdn"
            ],
            "apis": {
                "window.localStorage": 24,
                "Navigator.prototype.userAgent": 24,
                "window.innerHeight": 24,
                "Screen.prototype.availHeight": 24,
                "NavigatorUAData.prototype.getHighEntropyValues": 21,
                "Date.prototype.getTime": 24,
                "Navigator.prototype.plugins": 24,
                "Navigator.prototype.mimeTypes": 24,
                "Screen.prototype.width": 24,
                "Screen.prototype.height": 24,
                "window.screenX": 24,
                "window.screenY": 24,
                "window.outerWidth": 24,
                "window.outerHeight": 24,
                "window.innerWidth": 24,
                "Navigator.prototype.maxTouchPoints": 24,
                "WebGLRenderingContext.prototype.getExtension": 24,
                "WebGLRenderingContext.prototype.getParameter": 24,
                "window.sessionStorage": 24,
                "Document.cookie getter": 24,
                "Document.cookie setter": 21
            },
            "sites": 27,
            "prevalence": 0.000184,
            "cnames": [],
            "responseHashes": [
                "1611cfa13206d10a3956fd551850cd0ac4e05ba69f22588ae3729b27f7975160",
                "8b7986af6f022e41b3b0a180deb5d0c8184bf73244b05ea4ac2c1c53546f52b2",
                "ca3f6053e5d9c3b56654e9a8d30d91d0109a232e26d8192d0dae0160a2f3259d",
                "9ad0b65fc0b0b3a7800dd0968e087c8fc5aea9292895633477686583fdb886b2",
                "71e77098eb7f496f3aa8ace57d007b40327ad9239b7be71e2bbd3dadf8ec7e4c",
                "2238d9867762b14093f33d09679c9f20c8fe83ec014ab7249cafdbaa973e78a0",
                "11621f7c6a74402f6a253953cf39b30a521a72360adbc322b0f2360a211e9b39",
                "cbca8e6a96247c4c343eeb4160a45762d2e6e5f0fdd5780f8b88561d07a6c2ed",
                "cbf4cf2e9aacd640fd920036270f87e2a2b2758f6232002c017725b212cb34d9",
                "f464f8f77967a17ad4f75c49cd70a93f184466c8331ceceb214b96c4c8f84b4d",
                "22cd440e70f2f3640d19c20c97708c16d6327dec7f35a58675b9cf53c6dc2ca2",
                "25b271d2a53414a272df9518d23cfa08f8daf6debe118c2416a40ba526e67289",
                "67b5e21be324de91cf55cea72195330e25be06ec3bd46631d43bd882ffa62709",
                "72c3f1d0aa292ac51f584467e742089a23ec2662796d6599078926b6a4c11707",
                "e87f97f8d975daa61731683013bfa72ec373960c404b335aec6f8c4c799cfae4",
                "b9862fd5bd25907f3d26da86302b3f041081c7958346cf6373318d510ed99c87",
                "34fe3c5b0eb308b8b61319b5a5bced26fdb7c5d1739b6f12be1474e03f5a5a1c",
                "d15364891e8d4550cd1e4ea86df8121207006e210badf76da726344f68fc0815",
                "4e4db11da962429bbe5b468e2294814f3ba69379261fd290b45ec6a2053114a8",
                "159dba029f66f511d744115585a66ea32d9f37aee4d4d637c11a1b84c95a9745",
                "5c0e261dd4e7caf8e9e6dcb157dbeb85d0da45c5dd968d068749e3188af822af",
                "e9a2598f901a01a4ce90124e6e5c02cc825a823f0ab5c683a875166cfedf1d00",
                "df8d3f67bf797422dbd3f0cd4919f4bc325d170f58cb44805465834bc626ba5e",
                "830b5b1382b5426dd72fbd5a2ce4097f0b184d012b64867db5ff3c48fd1776fd",
                "e2bf18d753b0555a3c94a2484cd82b33bdd45c0b14efbffe9cdd18ddc8ab3b2c",
                "31be917ad0db46898807bc9c3b6ef071866be21cfff3f1ce0e8f68ff3f64222b"
            ],
            "type": "Script",
            "firstPartyCookies": {
                "prefetchAd_6220015": {
                    "ttl": 128,
                    "length": 4,
                    "prevalence": 0.000143143429716576,
                    "uniqueness": 0.047619047619047616
                }
            },
            "firstPartyCookiesSent": {},
            "exampleSites": [
                "avtub.bond",
                "colmeklink.icu",
                "uncutdesi.com",
                "doods.pro",
                "pornx11.com",
                "www.xvidzone.com",
                "javhat.tv",
                "www.kontol.in",
                "bokep-indo-13.blogspot.com",
                "youngtube.tw",
                "www.bokepsin.cam",
                "www.bokepmesum.sbs",
                "colmeklink.com",
                "kunmanga.com",
                "temancoli.cfd",
                "abgcrot.pics",
                "pinayflix.biz",
                "www.colmek.link",
                "best.epub.pub",
                "sexmotarjam.com"
            ]
        },
        {
            "rule": "itskiddoan\\.club\\/",
            "cookies": 0.000143,
            "fingerprinting": 0,
            "subdomains": [
                "cdn"
            ],
            "apis": {},
            "sites": 21,
            "prevalence": 0.000143,
            "cnames": [],
            "responseHashes": [
                "f92b525813de508c82fbe8f09d1a100c60cdf2869ce89b6ced2e71ea68bfbdc4",
                "d46fe04322536827ac614185f1a5173565887f879706743f0e92c2c5340fad11",
                "dfeb81008eae259090c643d352d97517e95448083983bf332464546423aa8055",
                "aa8a8831db9850314fd5cdfc97f55480a288e7bfcbf25b2330b71dd21be20ad0",
                "88621d15fdadedab2629c46e0956d897fbf65f619d87fa70667568232987a2e4",
                "f4a5253fd1f451520bb2288e0fdedb038d9a553e89293e93d0e60a2a46d4bef4",
                "aa79bb4008f6413ad57cdf59dc3ef2a3e761e4ed762a21e40d45b7ed4dbdee57",
                "1af8548dab8aa6787f16c47727cbee01786470bbafdaf3f7189220f680a9fdf4",
                "4531acb547b4d70b8bd09e75436ce7fff70c3046cb67265fe51eb9290643e261",
                "15ae8b9b8e6f55ef93dd2cd6facfc8771dbffc3a911f098b03e5d71bd1a4f8d4",
                "7f49dcb1d500b3e641c8f59f4517c548e0b7f9a8ae5f2cc60829352f6a3e0732",
                "0af6d0c2dd7b40fbb966bc1d366de7b7b98ca5b487397e4f4cd84113ad63283f",
                "a7d6c4aaab6c0f3902fee7d5627e4072da44e810a8f53a00c316ebef3cc8586d",
                "1a54ae1e471170a747295dca51712877a2d13fbae64a560499962d182accb597",
                "2a313e17dc1b4d14d6079007c87d4e3c72f9cd583e30e4e718d9298cf9bfaaac",
                "433d1ddf1d7db8ea5b682effe07f667094385ece1eb767018fb048bcd58c3445",
                "61f10a5a3f25fe15ff5dd5551e67e771ba8eab37101731c5e2932cd212343e6b",
                "e75ba22f5709d8b564f73fbe41c080c637d86307dc1c342de904e0e597590b79",
                "2916f1506000e55b79a8a99cfa6c8c3881f73a60701e50b623cdaa6036d95059",
                "8e43dcbb3eb8da2cc61e01f8e524adfb5359907572debf1fd98374d036cf069a"
            ],
            "type": "Fetch",
            "firstPartyCookies": {},
            "firstPartyCookiesSent": {},
            "exampleSites": [
                "abgcrot.pics",
                "avtub.bond",
                "bokep-indo-13.blogspot.com",
                "colmeklink.com",
                "colmeklink.icu",
                "doods.pro",
                "javhat.tv",
                "nbtub.lol",
                "pornx11.com",
                "sexmotarjam.com",
                "temancoli.cfd",
                "uncutdesi.com",
                "www.bokepmesum.sbs",
                "www.bokepsin.cam",
                "www.javsub.xyz",
                "www.kontol.in",
                "www.xvidzone.com",
                "youngtube.tw"
            ]
        }
    ],
    "categories": [],
    "performance": {},
    "cookies": 0.000198,
    "topInitiators": [
        {
            "domain": "eedsaung.net",
            "prevalence": 0.75
        },
        {
            "domain": "ophoacit.com",