{
    "domain": "itskiddoan.club",
    "owner": {},
    "source": [
        "DuckDuckGo-US"
    ],
    "prevalence": 0.000143,
    "sites": 21,
    "subdomains": [
        "cdn"
    ],
    "cnames": [],
    "fingerprinting": 3,
    "resources": [
        {
            "rule": "itskiddoan\\.club\\/apu\\.php",
            "cookies": 0.000136,
            "fingerprinting": 3,
            "subdomains": [
                "cdn"
            ],
            "apis": {
                "Navigator.prototype.userAgent": 19,
                "Screen.prototype.availHeight": 19,
                "NavigatorUAData.prototype.getHighEntropyValues": 16,
                "Date.prototype.getTime": 19,
                "Navigator.prototype.mimeTypes": 19,
                "Screen.prototype.width": 19,
                "Screen.prototype.height": 19,
                "Navigator.prototype.maxTouchPoints": 19,
                "window.localStorage": 19,
                "window.sessionStorage": 19,
                "window.innerHeight": 19,
                "Navigator.prototype.plugins": 18,
                "window.screenX": 18,
                "window.screenY": 18,
                "window.outerWidth": 18,
                "window.outerHeight": 18,
                "window.innerWidth": 18,
                "Document.cookie getter": 18,
                "Document.cookie setter": 12
            },
            "sites": 20,
            "prevalence": 0.000136,
            "cnames": [],
            "responseHashes": [
                "f3a0957f09814fa0965319763f9911c51e905abf4cc17f267bd5064ab5e737b9",
                "e7026430cbb6df8f2133d753a14382f595a99ed07621dbdb75371ffd9f9034ca",
                "699617454effc10e4d701481898b70e2de9a911d8740671cce4d87090200c6ab",
                "55f2236a4f43482426b0c0ad6e73dc4c832bf244a71ee088180cfea8e50de70d",
                "5240d46c659b02aea760a02088b0d62a0baa59ce8e169ab76082ea7c5a729264",
                "15ea28bda0f966762362617fbce1193eea00093e676da516a9ddec49e8eddedd",
                "611424e8e1fb39196863c57ebe3801a8bdd8d29e79ee7c138152fb8eb1f467a0",
                "eeaee8fd43db5ada0a0517b27bd041e23a3b79fd4a6238fd12b626a07b1bd325",
                "2fdc417e7b1533cfd1ab26c8794e4487484b2f9e0943e07f176dbc7cefba1b7d",
                "75771df574e06be5cbd572661bb4b0fae74371b29edc5872858f0be829c91c31",
                "1a6c3edf202aad2b125fde8dbac3374fc2419cc798a3c149a9bf3120b2097658",
                "67b5e21be324de91cf55cea72195330e25be06ec3bd46631d43bd882ffa62709",
                "67fb8c3b3f751f9339031a70a2e558cd9bf5f0541105ae435d53d9d8b87efe45",
                "2587875897bddd8355668153d2c06f5b76cfe3d6e5960ad58c7e94f678991e1a",
                "34afa4f1deeb38f02fa925b2cd35252f0405eb53918bca5d16a37069d1178aba",
                "8aad5dd6535a13ed311567c7ad7087dc0606a8fd107c57b1d81a396614b08e79",
                "d740928ee21dbda1f75abd853a7a651490e3a391fa44d1ce5277c565e9d004ad",
                "97235debd421a72f3c578ab9e653892947ff5ae0fd1697b9e4135aca623edac4",
                "4ccc4ab6ad131036188f3b82b4be3cab2c7316d2cd3ef07974a731019082fbbb"
            ],
            "type": "Script",
            "firstPartyCookies": {
                "prefetchAd_6220015": {
                    "ttl": 129,
                    "length": 4,
                    "prevalence": 0.00008179959100204499,
                    "uniqueness": 0.08333333333333333
                }
            },
            "firstPartyCookiesSent": {},
            "exampleSites": [
                "avtub.bond",
                "bokebhub.pics",
                "bokepbocil.sbs",
                "bokepmesum.sbs",
                "bokepsin.skin",
                "colmeklink.icu",
                "dropmaza.store",
                "javhat.tv",
                "kunmanga.com",
                "nbtub.lol",
                "pestasex.cam",
                "pinayflix.biz",
                "sexmotarjam.com",
                "www.bokepid.site",
                "www.javsub.xyz",
                "www.xvidzone.com"
            ]
        },
        {
            "rule": "itskiddoan\\.club\\/",
            "cookies": 0.0000886,
            "fingerprinting": 0,
            "subdomains": [
                "cdn"
            ],
            "apis": {},
            "sites": 13,
            "prevalence": 0.0000886,
            "cnames": [],
            "responseHashes": [
                "6475e035629a6cbeeb0d5398354a2af25a353ca70dcef4800a05bf771a17454c",
                "e036d25bd0c16eb007dab911196c9416eb83ec83f1e144837ff95ff249bbd51a",
                "6c891f3f3388df56c8bb98b86ab483c14c8f27ee8ee752f9b163d5f02c3e0bc5",
                "252b0827781175cf18d2b3f88e430a24fa7e6f75e42077fba80c0c2204795b9d",
                "ef0ef649f552065cdd701da7bdf4ac38814906df9620db99c727a0bb71e555c2",
                "589a97dbf7f328fd8f61547867d7dba913f41727e58d46f454722bbf65d3c244",
                "22a88426bfa1cf2c945b561386ce5c27def62b85efb524bf32db919052f873b3",
                "ed2bc5641e57b75fb23df9f43b96b94d197b113647cfbc8dd867fc6a9d847156",
                "44229136eb70ecf49f939fba9a49ec4b0a80ac8ebd2c1dde5dddd26f6dc40e66",
                "a1a52e24cf42c0fa9df468d3c9be0280ba07c8779ec501d3fa4378476f22317e",
                "b0ae166d26ba4eae0eb0f7f9f8712f42492b7d32d823f67538a118cd2b39a82d",
                "816d291f4218c26e486a412e419e32fcc57605b7b5fd0b5d657c178ccdb3fed5"
            ],
            "type": "Fetch",
            "firstPartyCookies": {},
            "firstPartyCookiesSent": {
                "lotame_domain_check": 0.000006816632583503749
            },
            "exampleSites": [
                "bokepbocil.sbs",
                "bokepmesum.sbs",
                "bokepsin.skin",
                "colmeklink.icu",
                "javhat.tv",
                "nbtub.lol",
                "pestasex.cam",
                "pinayflix.biz",
                "sexmotarjam.com",
                "www.bokepid.site",
                "www.xvidzone.com"
            ]
        }
    ],
    "categories": [],
    "performance": {},
    "cookies": 0.000143,
    "topInitiators": [
        {
            "domain": "eedsaung.net",
            "prevalence": 0.8260869565217391
        },
        {
            "domain": "first party",
            "prevalence": 0.08695652173913043
        },
        {
            "domain": "ophoacit.com",
            "prevalence": 0.08695652173913043
        }
    ],
    "types": {
        "Script": 20,
        "Fetch": 13
    },
    "nameservers": [
        "ns-1198.awsdns-21.org",
        "ns-916.awsdns-50.net",
        "ns-1703.awsdns-20.co.uk",
        "ns-144.awsdns-18.com"
    ]
}