{
    "domain": "jscrambler.com",
    "owner": {},
    "source": [
        "DuckDuckGo-US"
    ],
    "prevalence": 0.000143,
    "sites": 21,
    "subdomains": [
        "ele26126",
        "rda00747"
    ],
    "cnames": [],
    "fingerprinting": 1,
    "resources": [
        {
            "rule": "jscrambler\\.com\\/cc\\/1588655105\\.js",
            "cookies": 0,
            "fingerprinting": 1,
            "subdomains": [
                "ele26126",
                "rda00747"
            ],
            "apis": {
                "window.localStorage": 14,
                "window.sessionStorage": 7
            },
            "sites": 15,
            "prevalence": 0.000102,
            "cnames": [],
            "responseHashes": [
                "2e409954aa010355ce7223acde30096721598da677c723a144b4fa59a8600a0f",
                "0b2d5d232525079e45f6dc4f2de4f1aa16ca3942ad9d020bedfd6dc9dfa49b94",
                "252cfcd0d6cb9a6b763f3d5ba892d8af8ecac08acfabf5dcf6028184af766e35",
                "eaa3189b56f2468347b6dcf39dd43f5c65f8a4911c602f56d8a4bd2ab595efc7",
                "3b8f628788066eacd13b9c8e7877349f853157e29970b2d3de468f3381b0e10b",
                "f16f270a8f65b682c18cf0573980e30e0ad27511b77c44164ffc897d1a98538f",
                "1becd114ed8b0b9c1688f5029c0c1ed9a102d19f0ebae33ca4d115b3e7fe3e78",
                "b0949c44bcc5d7f84b43d5194162cb9e45ca20656efe109d9338ba2f3d3fec70"
            ],
            "type": "Script",
            "firstPartyCookies": {},
            "firstPartyCookiesSent": {},
            "exampleSites": [
                "gap.com",
                "bananarepublic.gap.com",
                "bananarepublic.gapcanada.ca",
                "bananarepublicfactory.gapfactory.com",
                "oldnavy.gap.com",
                "www.airfrance.fr",
                "www.gapfactory.com",
                "www.gap.com",
                "www.klm.co.uk",
                "www.klm.com",
                "www.klm.de",
                "www.klm.nl",
                "wwws.airfrance.de",
                "wwws.airfrance.fr",
                "wwws.airfrance.us"
            ]
        }
    ],
    "categories": [],
    "performance": {},
    "cookies": 0,
    "topInitiators": [
        {
            "domain": "first party",
            "prevalence": 0.9523809523809523
        },
        {
            "domain": "airfrance.us",
            "prevalence": 0.047619047619047616
        }
    ],
    "types": {
        "Script": 15
    },
    "nameservers": [
        "barbara.ns.cloudflare.com",
        "algin.ns.cloudflare.com"
    ]
}