{
    "domain": "kataweb.it",
    "owner": {},
    "source": [
        "DuckDuckGo-US"
    ],
    "prevalence": 0.000123,
    "sites": 18,
    "subdomains": [
        "oasjs",
        "scripts",
        "login"
    ],
    "cnames": [],
    "fingerprinting": 1,
    "resources": [
        {
            "rule": "kataweb\\.it\\/adsetup_cmp\\.js",
            "cookies": 0.0000409,
            "fingerprinting": 1,
            "subdomains": [
                "oasjs"
            ],
            "apis": {
                "Navigator.prototype.userAgent": 6,
                "Document.cookie getter": 6,
                "Date.prototype.getTime": 6,
                "Document.cookie setter": 6,
                "window.localStorage": 6
            },
            "sites": 6,
            "prevalence": 0.0000409,
            "cnames": [],
            "responseHashes": [
                "a1e2de13673e820462c457749e4e3404506858cc517b3fb949ae6420888b7954",
                "61925738a067c5d112adec61317be396e272efb3a8a57b9f7fe076bc4d4e4249",
                "cf5b77f19bb733e37ea613e389105b4b61ea91f8f9b6d201d0d8a4fe616c1d48",
                "22b3db128213ea60fec73b15a609af251cb24887535f91b83808fc8a1d233461",
                "211a14c0f27fdf2d0f94294d51eb9b623dab8db9376544aec488ad983df4823d"
            ],
            "type": "Script",
            "firstPartyCookies": {
                "kw_1pc_enableds": {
                    "ttl": 311040002,
                    "length": 4,
                    "prevalence": 0.000027266530334014997,
                    "uniqueness": 0.25
                },
                "kw_dllimio_logdebugger": {
                    "ttl": null,
                    "length": 4,
                    "prevalence": 0.000027266530334014997,
                    "uniqueness": 0.25
                },
                "kw_prevUsrSts": {
                    "ttl": 31536002,
                    "length": 5,
                    "prevalence": 0.000027266530334014997,
                    "uniqueness": 0.25
                },
                "kw_pwlrt": {
                    "ttl": 86403,
                    "length": 1,
                    "prevalence": 0.00003408316291751875,
                    "uniqueness": 0.2
                },
                "kw_repubblica_lpv_ls": {
                    "ttl": 482,
                    "length": 118,
                    "prevalence": 0.000020449897750511246,
                    "uniqueness": 1
                },
                "kw_qr_dc": {
                    "ttl": 604812,
                    "length": 189,
                    "prevalence": 0.000006816632583503749,
                    "uniqueness": 1
                }
            },
            "firstPartyCookiesSent": {},
            "exampleSites": [
                "repubblica.it",
                "espresso.repubblica.it",
                "milano.repubblica.it",
                "roma.repubblica.it",
                "torino.repubblica.it",
                "www.repubblica.it"
            ]
        },
        {
            "rule": "kataweb\\.it\\/wt\\/wt\\.js",
            "cookies": 0,
            "fingerprinting": 0,
            "subdomains": [
                "scripts"
            ],
            "apis": {},
            "sites": 17,
            "prevalence": 0.000116,
            "cnames": [],
            "responseHashes": [
                "2109b1dd9c33aa89e38c11c50001cf8fc45e23e095f8e74e37da7f8d45907031",
                "24398a92c0388736aad77ee490fa886d3a67bad695d96507c44b8f0ac83402ce",
                "05a1ece007a48af8532155e8687e9d24f1130926ef28c8786061596ddaaa9a69",
                "3fcea58fc84994b7427b8c0450ed08f8e7437228de7c2027faa67480f1db58e2",
                "6bae5871bc7c7147e099e7ece718c0a8519a41d1d61bd73aa8d3af0d9a050e9a",
                "fda10c332c3999cb089314aa589f88f0e56a5e8731269862f8a8faee62f6f101",
                "4a75380595fcf17ee71c720d5651cb6cb387cad53a7980203ecba477855f3cab",
                "4539eda0ef9837670973af23db3263e9588b1e10e7b43e326f12d48dabf041cf",
                "43115b014a7e3ba4c5a660b04d810e882f6b77d1c3775635bd928ee3988493ef",
                "46d2e3f0d3edfd0c41005f089ff1d48ff3fca256ecf36afe293850189f558d9c",
                "272f3b60c2ca66ecf23b6d1b4c410f42125ebed700031b207032cb1735ca3df0",
                "7f936da582ce2e6c6737381e35faf5f85eeb1b414f4fdefe8199f435ff41b880",
                "2d378bdea19202674a07bbad92b5f3d2540ee6930ac9688e98e3cd9d63afd63a",
                "294667033983195fa41226084fbc639a97714464a66e0537ae9583a0a34a0b34",
                "4ac94d60ef185176d7ad5cb2944296f1b5f2ab823d1b31f51a397bd65c001674",
                "fb955f202665658bb79f468eaef85ec286e85d87b809ea7e2ae60ee5d560b094"
            ],
            "type": "Script",
            "firstPartyCookies": {},
            "firstPartyCookiesSent": {
                "kw_testata": 0.000013633265167007499,
                "lotame_domain_check": 0.000006816632583503749
            },
            "exampleSites": [
                "repubblica.it",
                "espresso.repubblica.it",
                "forum.alfemminile.com",
                "ilpiccolo.gelocal.it",
                "messaggeroveneto.gelocal.it",
                "milano.repubblica.it",
                "nuovavenezia.gelocal.it",
                "roma.repubblica.it",
                "torino.repubblica.it",
                "www.alfemminile.com",
                "www.deejay.it",
                "www.formulapassion.it",
                "www.huffingtonpost.it",
                "www.ilsecoloxix.it",
                "www.lastampa.it",
                "www.mymovies.it",
                "www.repubblica.it"
            ]
        },
        {
            "rule": "kataweb\\.it\\/zbanner_consorzio\\.js",
            "cookies": 0,
            "fingerprinting": 0,
            "subdomains": [
                "scripts"
            ],
            "apis": {},
            "sites": 5,
            "prevalence": 0.0000341,
            "cnames": [],
            "responseHashes": [
                "e3b0c44298fc1c149afbf4c8996fb92427ae41e4649b934ca495991b7852b855"
            ],
            "type": "Script",
            "firstPartyCookies": {},
            "firstPartyCookiesSent": {},
            "exampleSites": [
                "repubblica.it",
                "milano.repubblica.it",
                "roma.repubblica.it",
                "torino.repubblica.it",
                "www.repubblica.it"
            ]
        },
        {
            "rule": "kataweb\\.it\\/adsetup\\.real\\.js",
            "cookies": 0,
            "fingerprinting": 1,
            "subdomains": [
                "oasjs"
            ],
            "apis": {
                "Navigator.prototype.userAgent": 1
            },
            "sites": 2,
            "prevalence": 0.0000136,
            "cnames": [],
            "responseHashes": [
                "e8192311cac0e68992f5f29336b6eda14edfc503e7211fdea2e738c50e9b3da2"
            ],
            "type": "Script",
            "firstPartyCookies": {},
            "firstPartyCookiesSent": {},
            "exampleSites": [
                "repubblica.it",
                "www.repubblica.it"
            ]
        },
        {
            "rule": "kataweb\\.it\\/registrazione\\/newsletterwidget\\/launcher\\.html",
            "cookies": 0,
            "fingerprinting": 0,
            "subdomains": [
                "login"
            ],
            "apis": {},
            "sites": 7,
            "prevalence": 0.0000477,
            "cnames": [],
            "responseHashes": [
                "2396fbecf21c67a8cfe7da8d80ccc6e17a5f3eeac3340c58e274d55064964de6"
            ],
            "type": "Document",
            "firstPartyCookies": {},
            "firstPartyCookiesSent": {
                "kw_testata": 0.000013633265167007499
            },