{
    "domain": "kctag.net",
    "owner": {},
    "source": [
        "DuckDuckGo-US"
    ],
    "prevalence": 0.0000545,
    "sites": 8,
    "subdomains": [
        "t2"
    ],
    "cnames": [],
    "fingerprinting": 1,
    "resources": [
        {
            "rule": "kctag\\.net\\/live\\/json",
            "cookies": 0,
            "fingerprinting": 0,
            "subdomains": [
                "t2"
            ],
            "apis": {},
            "sites": 9,
            "prevalence": 0.0000613,
            "cnames": [],
            "responseHashes": [
                "85d99928a5a2812e062d44241129ff16ab60e37bfa753dffccdab27ad6b63cd6",
                "1621e4e77b2e912b029721fea82bda480fd1a65a12df48f052ec4c42cce53225",
                "efcf665f6f422876c571aa11e0dad38c3c97a9dfbd1edffb99b5aefd05b06ecf",
                "f2e8f8f8101abefb15e8a6a644d7cc24627fc805975d6b43d5e14a88081a3879",
                "72d15dab24ad855f00a6a4c260697cc52919580506eea98279aa06b6a9124be3",
                "a5e2de920b0aa8ba6841aa496ebdc3ccfcc35ffd72bf16abd6c005b4fa4275e8",
                "b162187848a73ae6f6b933b1ee589d9d3f6abea0eb0f942b6e3665fd83846e62",
                "0a6c591843823b1f01f7e672b43c2fd85c3a1e096603831817cd54e4825321f9"
            ],
            "type": "Script",
            "firstPartyCookies": {},
            "firstPartyCookiesSent": {
                "ksid": 0.000006816353796027429
            },
            "exampleSites": [
                "apodiscounter.de",
                "www.apodiscounter.de",
                "www.aponeo.de",
                "www.bio-apo.de",
                "www.expert-technomarkt.de",
                "www.medikamente-per-klick.de",
                "www.medizinfuchs.de",
                "www.medpex.de",
                "www.walaarzneimittel.de"
            ]
        }
    ],
    "categories": [],
    "performance": {},
    "cookies": 0.00000682,
    "topInitiators": [
        {
            "domain": "ksgct.de",
            "prevalence": 0.6666666666666666
        },
        {
            "domain": "first party",
            "prevalence": 0.26666666666666666
        },
        {
            "domain": "googletagmanager.com",
            "prevalence": 0.06666666666666667
        }
    ],
    "types": {
        "Script": 9
    },
    "nameservers": [
        "ns-287.awsdns-35.com",
        "ns-1328.awsdns-38.org",
        "ns-985.awsdns-59.net",
        "ns-2015.awsdns-59.co.uk"
    ]
}