{
    "domain": "keewoach.net",
    "owner": {},
    "source": [
        "DuckDuckGo-US"
    ],
    "prevalence": 0.000157,
    "sites": 23,
    "subdomains": [],
    "cnames": [],
    "fingerprinting": 3,
    "resources": [
        {
            "rule": "keewoach\\.net\\/5\\/6121752",
            "cookies": 0.000116,
            "fingerprinting": 3,
            "subdomains": [],
            "apis": {
                "window.localStorage": 17,
                "Navigator.prototype.userAgent": 17,
                "window.innerHeight": 17,
                "Screen.prototype.availHeight": 17,
                "Date.prototype.getTime": 17,
                "Navigator.prototype.plugins": 17,
                "Navigator.prototype.mimeTypes": 17,
                "Screen.prototype.width": 17,
                "Screen.prototype.height": 17,
                "window.screenX": 17,
                "window.screenY": 17,
                "window.outerWidth": 17,
                "window.outerHeight": 17,
                "window.innerWidth": 17,
                "Navigator.prototype.maxTouchPoints": 17,
                "window.sessionStorage": 17,
                "Document.cookie getter": 17,
                "Document.cookie setter": 16,
                "NavigatorUAData.prototype.getHighEntropyValues": 14
            },
            "sites": 17,
            "prevalence": 0.000116,
            "cnames": [],
            "responseHashes": [
                "9721f10e5db3b166503f6a0467f1962530115da92caf1c39792c502231a191cc",
                "2ed716d77f1b31f2acd393fcefe1692a9aee3d7bd468b0f0be2189cfc50e96f6",
                "bbc4d107f93a3349c83026de5368b71a0117f71da03ba3133124b13d3578e212",
                "debcf87b613fd0a144deacc66b0031333926e2e2c130a4cf276d0cb5b0b5c74f",
                "4d73b16d424d2da5de0007bd71f5c72c46e9daee46e2948a06c220afa659bff0",
                "e29047b6b400e55b2792e7fcdf72cc4a55af8189ef35a306b1a3f080325a4dec",
                "231a46c7147e2e9fddf18cd3c70c37e45b1143525b22cd5521b04d77be73a17d",
                "8c6d7de9b9941bff62f9c4e436e928822c89d1a122544cb157124e9103715044",
                "f50cedcd64a2e72aa0ce500e81dafe889961547dbf9e90960497cae7377cf49e",
                "8fa2cc9e30d05055b62455d16184f0c2449d805cc9e110066d063682f3f1cc5b",
                "95d6391173d5117a180f85fa6024e1265d2723f8227fa7ac74c9cb4f38b184dd",
                "f72d98718121d86f0565c08cceba4ae7dc891d0d0f9e09637f45c8ae44810e93",
                "2ad0f1312bb0b670dc76211345e819d8c44f370861de9e25755e49391cbbd8c5",
                "3d75a23d4c51173b43fc07a145a643f9e840fdf77a6af12ea149e5eecf9bf88e",
                "72204830347b1a3f0d99e3b6f1eb9f9ac500a8d40e0b2f6e82a3caa1a34a917b",
                "46e4cd71ce0d5e4b4a72bafd0accc31891a7227dee7a9f9ec6c386a3ed7111e3"
            ],
            "type": "Script",
            "firstPartyCookies": {
                "prefetchAd_6121752": {
                    "ttl": 128,
                    "length": 4,
                    "prevalence": 0.00010892133837094523,
                    "uniqueness": 0.0625
                }
            },
            "firstPartyCookiesSent": {},
            "exampleSites": [
                "abgcrot.bond",
                "colmeklink.icu",
                "desi49.org",
                "dod.bio",
                "peler.cam",
                "pemersatu.top",
                "pestasex.cam",
                "pinayflix.biz",
                "wiflix.kiwi",
                "www.bokepid.site",
                "www.bokepsan.net",
                "www.colmeklink.com",
                "xxx.okxxx.cam"
            ]
        },
        {
            "rule": "keewoach\\.net\\/",
            "cookies": 0.000116,
            "fingerprinting": 0,
            "subdomains": [],
            "apis": {},
            "sites": 17,
            "prevalence": 0.000116,
            "cnames": [],
            "responseHashes": [
                "f8aeb9ce6b843e61c96ea6c1fb99f6b8f4e8ad51dbefe82e3bd3547830499a54",
                "e2491639b6c2fa78d373fbbdfade5e5186da8da5a5486c79db59dbc249ecdac1",
                "b656b128e57fc662dd859564a591031fea99fa77b1048d7766e810520c5e36c4",
                "b56a8d536f2a85a3993a5d1e8bb84c95d44be0f345255954f2150ac49c48a130",
                "a52d922b9138ed42b9d0669f4daaa78d3325ea790966346b1f9a946a3aa0b946",
                "386e6c34670df78bcf37ccef79b4174187478cc06b92efa5905e80eeb6183139",
                "b737f0111e0cd6184ceff8068a0eecc00d900a7eba29ed895975e1f79a8265d3",
                "5a569a6e970193e8015aa1bd050da148672f387b4d14bcd820c10aee06f265b1",
                "fbef64ad71bede948e48ae6deb170dcf1b1afb09d4116e51325cef8b85cafae3",
                "bcb793d70f6785f4b49acb97ace4acd25937c957808cd18f06d1dfb8dd14916c",
                "ddfad0392d8f3221e5b8f0476a1a2896a415e3dd3caf34d2a4e23c2480f38dc9",
                "ff5c0f939e7a479c29124a502c65c475482ed6d41bac66a7077fea8b07793d8a",
                "bb73c4e4410f5023ead565f9a65883048a3889332cb4603d96437ae8f48cb4fd",
                "373f6b27968923e6bd4b9e4fea3d1f129a2f502e219b42c5e0ff3300724fa1f4",
                "d4fceb4eaecf5ea9f38c465d72acb16a355312cbf9f9925fb9facf007a21b294",
                "f367e0d23180cb9fb964c44665759145d3f0350bc4fb0ca12ea7418f4b02fe42"
            ],
            "type": "Fetch",
            "firstPartyCookies": {},
            "firstPartyCookiesSent": {
                "lotame_domain_check": 0.000013615167296368154
            },
            "exampleSites": [
                "abgcrot.bond",
                "colmeklink.icu",
                "desi49.org",
                "dod.bio",
                "peler.cam",
                "pemersatu.top",
                "pinayflix.biz",
                "w.5tv.ink",
                "wiflix.kiwi",
                "www.bokepid.site",
                "www.bokepsan.net",
                "www.colmeklink.com",
                "xxx.okxxx.cam"
            ]
        }
    ],
    "categories": [],
    "performance": {},
    "cookies": 0.000157,
    "topInitiators": [
        {
            "domain": "betotodilea.com",
            "prevalence": 0.5862068965517241
        },
        {
            "domain": "first party",
            "prevalence": 0.27586206896551724
        },
        {
            "domain": "desgolurkom.com",
            "prevalence": 0.034482758620689655
        },
        {
            "domain": "bedodrioer.com",
            "prevalence": 0.034482758620689655
        },
        {
            "domain": "5ttv.vip",
            "prevalence": 0.034482758620689655
        },
        {
            "domain": "goomaphy.com",
            "prevalence": 0.034482758620689655
        }
    ],
    "types": {
        "Script": 17,
        "Fetch": 17
    },
    "nameservers": [
        "ns-881.awsdns-46.net",
        "ns-1464.awsdns-55.org",
        "ns-316.awsdns-39.com",
        "ns-1598.awsdns-07.co.uk"
    ]
}