{
    "domain": "keewoach.net",
    "owner": {},
    "source": [
        "DuckDuckGo-US"
    ],
    "prevalence": 0.00017,
    "sites": 25,
    "subdomains": [],
    "cnames": [],
    "fingerprinting": 3,
    "resources": [
        {
            "rule": "keewoach\\.net\\/5\\/6220035",
            "cookies": 0.00015,
            "fingerprinting": 3,
            "subdomains": [],
            "apis": {
                "window.localStorage": 22,
                "Navigator.prototype.userAgent": 22,
                "window.innerHeight": 22,
                "Screen.prototype.availHeight": 22,
                "Date.prototype.getTime": 22,
                "Navigator.prototype.plugins": 22,
                "Navigator.prototype.mimeTypes": 22,
                "Screen.prototype.width": 22,
                "Screen.prototype.height": 22,
                "window.screenX": 22,
                "window.screenY": 22,
                "window.outerWidth": 22,
                "window.outerHeight": 22,
                "window.innerWidth": 22,
                "Navigator.prototype.maxTouchPoints": 22,
                "window.sessionStorage": 22,
                "Document.cookie getter": 22,
                "Document.cookie setter": 21,
                "NavigatorUAData.prototype.getHighEntropyValues": 18
            },
            "sites": 22,
            "prevalence": 0.00015,
            "cnames": [],
            "responseHashes": [
                "7d3afa09acfb9fbf2a54b2006a1f69872dddbec21a1141f4d072472c7bef9ef1",
                "a504bec8eaa3210840fb4b5409070ba2d81ac0ec072a4cc1de285e9afc3569e5",
                "809046d0dc6f4b21f25dd56e4c170b6a81f5864493923c811b7e5d1a2d45cfaa",
                "fe9b772445e53bf7ae3e5a8b3e90b42045eaa58d89cea1ba0ddbfe63397e51b6",
                "1dcb0a439463cfc509e061a4bc81361da8aa8be41e3f32feb80941d8773d3736",
                "e3f5eeba77c82448e538d0676923bc23e8b0599ebcc9f6df3492218f98e6ebd3",
                "a913545cd0ea4fd31edabc6ee13f87ae61c0e341bd0e61b841a2074b6fd4096b",
                "53e76b643b1c00a7c49aa0c296f3d5db4f85cd27a0776192342ec05831f8d4db",
                "691b3df2d74718ccd0be54db9b133d012f7d9e496958daa817daa7923658fb57",
                "b57073c3f45ef4d8587740d41ad0ec4f95af45c77052d9e4269abebcd3b1b8d7",
                "8105aa6aa93edd4f28fbf1ad16f4b7bca147945fb073d964322b4dc947c49e37",
                "986ab7fbd138320a04a8602a3d8759b86e9fc11e3262bde42f5a909548d915f5",
                "250b4ff5fed51b44e40d90f99ee07ebc6cb7278eced64b92a10df6a16ece8419",
                "7518a26b3d2d3bb49781de891173c7174206a6268400cf250c0d6841797dce03",
                "604b38d94be5f0c3f771d7074d9df2256ae38e33169820b61fcc9bb1ae1f3aaa",
                "77974c93932fa6285f20c6581b02ef702a9513481906e651d59a28715fa37b47",
                "9bb7c08cec4232db3c7ad04eb2aa95f3eb6a7dc892c3342b1d32f9416d1a8802",
                "eae754bbf86fa3d78961b1371f125f5fee7138be220ea1ca4483b3bcaf8d83dd",
                "bbb45b7bc53720dc17acd36f2edb1d1dd4e13017d6507c5b3ef9227b3a742d48",
                "c50c6077b4b06f0ad6f92db10cf6742b37a332b831e7b3b8cc3bbb9bbdfc235b",
                "9a0ba364168a409b6ccf68322ee5df95efd5943a5d7efde1cb88b55b58c71874"
            ],
            "type": "Script",
            "firstPartyCookies": {
                "prefetchAd_6220035": {
                    "ttl": 129,
                    "length": 4,
                    "prevalence": 0.00014317563559755375,
                    "uniqueness": 0.047619047619047616
                }
            },
            "firstPartyCookiesSent": {},
            "exampleSites": [
                "avtub.bond",
                "bokebhub.pics",
                "bokepbocil.sbs",
                "bokepmesum.sbs",
                "bokepsin.skin",
                "colmeklink.icu",
                "dropmaza.store",
                "javhat.tv",
                "nbtub.lol",
                "pemersatu.top",
                "pestasex.cam",
                "pinayflix.biz",
                "sexmotarjam.com",
                "www.bokepid.site",
                "www.javsub.xyz",
                "www.xvidzone.com",
                "youngtube.tw"
            ]
        },
        {
            "rule": "keewoach\\.net\\/",
            "cookies": 0.000143,
            "fingerprinting": 0,
            "subdomains": [],
            "apis": {},
            "sites": 21,
            "prevalence": 0.000143,
            "cnames": [],
            "responseHashes": [
                "fcdeaaffbd8308cca3f2a7413ab763ee7ad235372dad4fffce971d7e540fcf16",
                "70953a2ad543bd5a5e4bc7e37d627c7778966af7d0b76ab35933144d92c57bca",
                "0f0d46d5eb11a596f2cda685f0e6ff5f61219218ffb86bff88cf5a4bb207436a",
                "b8c8318c5e8771016b1ce3a7a7583c0301d2cc174513301694e97f97bac0b740",
                "720773e8a1b2d1a43965475b0943a3f99dce0c08c839189ed667e1f67a88bd0a",
                "66975f7f58dc95e15962120e2e5719e8bff264a536410395976f5ffec1db50d4",
                "55f674bfa08bf7eea4b24bc359490119a943490511eadf41de41355548aeb08a",
                "4373b60a2443e96a82502cdacdf50e1a62f62e2446850a5cf07761468d6a457c",
                "0916869f8ae9ba4298cd23054a32d5b8b2ae60bc58d36ea89c5c3d57c67fdf67",
                "b0a14c377617a07accb9e41ef77be86b9124d73bf67d265247d7a7cf1e096f7f",
                "6cd0b58b76f36b1252836c06204d8ecac807d0d23ba29cc5ed478051fd32ddc6",
                "572d0609e6406a76c295bdc19f296397af8454291679b7b36067d2c71556c8d7",
                "4d9190c257db4e24269da09d31d10a9ae1fc9a68d69096aed22343d941ed91c7",
                "1de441e93f14329486cbc22c8a03c12f68d4eab1228b420b93dfbd3ef1d3565d",
                "4e18235ca832be98843b148f41b41a5755c34b818abfcf80b663d59a324daf79",
                "cd9aa93dcada7787e8b0a52efa125242b7b2362407695d3f354f69378b918df6",
                "cfb34c8ce58de898d520fbf80e9baab4d585b2ba258d52c54d5d838844403376",
                "1ac3dd42564cee531c639b3d84721fde85e78109ec43e1d678453e9650ac7307",
                "310498acf8b1c7c2f1b83b01613783555a39edef1c17f489ddc4c383ced18587",
                "925e1e69b36eb6fa8f2ffe370a675545dc8d8695499a61802618ad5bef1b32b2"
            ],
            "type": "Fetch",
            "firstPartyCookies": {},
            "firstPartyCookiesSent": {
                "lotame_domain_check": 0.000013635774818814642
            },
            "exampleSites": [
                "avtub.bond",
                "bokebhub.pics",
                "bokepbocil.sbs",
                "bokepmesum.sbs",
                "bokepsin.skin",
                "colmeklink.icu",
                "dropmaza.store",
                "javhat.tv",
                "nbtub.lol",
                "pemersatu.top",
                "pestasex.cam",
                "pinayflix.biz",
                "sexmotarjam.com",
                "www.bokepid.site",
                "www.xvidzone.com",
                "youngtube.tw"
            ]
        },
        {
            "rule": "keewoach\\.net\\/tag\\.min\\.js",
            "cookies": 0,
            "fingerprinting": 3,
            "subdomains": [],
            "apis": {
                "window.localStorage": 1,
                "Navigator.prototype.userAgent": 1,
                "window.innerHeight": 1,
                "Screen.prototype.availHeight": 1,
                "NavigatorUAData.prototype.getHighEntropyValues": 1,
                "Date.prototype.getTime": 1,
                "Navigator.prototype.plugins": 1,
                "Navigator.prototype.mimeTypes": 1,
                "Screen.prototype.width": 1,
                "Screen.prototype.height": 1,
                "window.screenX": 1,
                "window.screenY": 1,
                "window.outerWidth": 1,
                "window.outerHeight": 1,
                "window.innerWidth": 1,
                "Navigator.prototype.maxTouchPoints": 1,
                "window.sessionStorage": 1,
                "Document.cookie getter": 1
            },
            "sites": 2,