{
    "domain": "kenect.com",
    "owner": {},
    "source": [
        "DuckDuckGo-US"
    ],
    "prevalence": 0.000286,
    "sites": 42,
    "subdomains": [
        "resource",
        "location"
    ],
    "cnames": [],
    "fingerprinting": 1,
    "resources": [
        {
            "rule": "kenect\\.com\\/api\\/v1\\/widget\\/client-data\\/ixcFP1uamH6oVeqTLBBbZU",
            "cookies": 0,
            "fingerprinting": 0,
            "subdomains": [
                "resource"
            ],
            "apis": {},
            "sites": 2,
            "prevalence": 0.0000136,
            "cnames": [],
            "responseHashes": [
                "eeb85eb9b529cb9f9e7b9f98ab1b50ea2fc79489acea5b234be92622931b2bc5"
            ],
            "type": "Script",
            "firstPartyCookies": {},
            "firstPartyCookiesSent": {},
            "exampleSites": [
                "kubotausa.com",
                "shop.kubotausa.com"
            ]
        },
        {
            "rule": "kenect\\.com\\/api\\/v1\\/location\\/by-widget",
            "cookies": 0,
            "fingerprinting": 0,
            "subdomains": [
                "location"
            ],
            "apis": {},
            "sites": 18,
            "prevalence": 0.000123,
            "cnames": [],
            "responseHashes": [
                "5fe1894cd3baab0a08e8d0b9d1dc8a21a344532b945159657939123e852928fb",
                "a5f70dffe89acb93ec79f4da8571852f9b42ee33246a5561ea087038b2fca6e8",
                "abb332ae59fae748e989c7cdc953759711efde1fa642c1837983427e6cca840d",
                "f8ae60662daf98292d0e752d70c872d648c6502fd635e4e52f5c998313574f6f",
                "1c2fd639fac041aaa2465dd815f4f8e8330706bce84035c7eedb3831826916bb",
                "119fc4448d87ab88ac621787fbb581f6b8d0ec58fca5307e82b6d458cf5ca917",
                "89dde6347f93402ebd4902aaae1dc40ae0b468a20b3651e1970fccd03ef6ffd3",
                "75f3043f3529e8e35df6454b805fcb3093bb8b34da29e7dd36e862ab822e0eee",
                "6b2dfc5eb06ba42089cffe555f859781eb93fc23ce84ce075a5116862e23566f",
                "10e2e7b62922b5218d6eed6b3f7fd8955f3a78057e7b76405f9331c883a24b06",
                "771b9fa0ac01dd314d2159c41dc8b9dfd677cc21b420271a9030f55a10d65726",
                "3b69643444b61d9bba2ae586e6b99e667815fd727b861c58331159e8dd00ca7c",
                "49e254dc086f36ff600fd509d9662ad08d738296f86b5ef105df61af49fe2585",
                "b4bbeb7d1e869473642cd58732e57106511f650a9559cfc4a9b7e6119c1af510",
                "4e2040972351a6af678913dd730ed56edd16df42668f46eee6a3894c573044f3",
                "b31bcd619b22dc2a361c4a6230791e19926f6ab3b603fd279362a082ffb79fe7",
                "5ce4b8d732564c4ba29384d44b2a5c5b09611bc89fdf5304af2aa2a5bbda74aa"
            ],
            "type": "XHR",
            "firstPartyCookies": {},
            "firstPartyCookiesSent": {},
            "exampleSites": [
                "kubotausa.com",
                "shop.kubotausa.com",
                "www.benningtonmarine.com",
                "www.bishs.com",
                "www.bluedogrv.com",
                "www.crestviewrv.com",
                "www.exploreusa.com",
                "www.godfreypontoonboats.com",
                "www.hurricaneboats.com",
                "www.pleasurelandrv.com",
                "www.pplmotorhomes.com",
                "www.princesscraft.com",
                "www.rvcountry.com",
                "www.scottsrecreation.com",
                "www.tomscamperland.com",
                "www.whitesfarmsupply.com",
                "www.wilkinsrv.com",
                "www.windishrv.com"
            ]
        },
        {
            "rule": "kenect\\.com\\/api\\/v1\\/location\\/by-widget",
            "cookies": 0,
            "fingerprinting": 0,
            "subdomains": [
                "location"
            ],
            "apis": {},
            "sites": 18,
            "prevalence": 0.000123,
            "cnames": [],
            "responseHashes": [],
            "type": "Preflight",
            "firstPartyCookies": {},
            "firstPartyCookiesSent": {},
            "exampleSites": [
                "kubotausa.com",
                "shop.kubotausa.com",
                "www.benningtonmarine.com",
                "www.bishs.com",
                "www.bluedogrv.com",
                "www.crestviewrv.com",
                "www.exploreusa.com",
                "www.godfreypontoonboats.com",
                "www.hurricaneboats.com",
                "www.pleasurelandrv.com",
                "www.pplmotorhomes.com",
                "www.princesscraft.com",
                "www.rvcountry.com",
                "www.scottsrecreation.com",
                "www.tomscamperland.com",
                "www.whitesfarmsupply.com",
                "www.wilkinsrv.com",
                "www.windishrv.com"
            ]
        },
        {
            "rule": "kenect\\.com\\/api\\/v1\\/widget\\/client-data\\/du3rmRMP9N7OX5a8uJizjt",
            "cookies": 0,
            "fingerprinting": 0,
            "subdomains": [
                "resource"
            ],
            "apis": {},
            "sites": 2,
            "prevalence": 0.0000136,
            "cnames": [],
            "responseHashes": [
                "396849f05f86fd7a8fe6cb0f1accdc60e4f263e0a37b72c46b8e804cc783fabe"
            ],
            "type": "Script",
            "firstPartyCookies": {},
            "firstPartyCookiesSent": {},
            "exampleSites": [
                "agprocompanies.com",
                "www.agprocompanies.com"
            ]
        },
        {
            "rule": "kenect\\.com\\/api\\/v1\\/widget\\/client-data\\/ks5byXRwHlFPJ0Vt6BNOyM",
            "cookies": 0,
            "fingerprinting": 0,
            "subdomains": [
                "resource"
            ],
            "apis": {},
            "sites": 2,
            "prevalence": 0.0000136,
            "cnames": [],
            "responseHashes": [
                "c3d6685cda59604374928867da77ad236e92afffddd69f44900e531f9bbece62"
            ],
            "type": "Script",
            "firstPartyCookies": {},
            "firstPartyCookiesSent": {},
            "exampleSites": [
                "bishs.com",
                "www.bishs.com"
            ]
        },
        {
            "rule": "kenect\\.com\\/api\\/v1\\/widget\\/client-data\\/xXcJG8c3rDUhSbS8qgFe",
            "cookies": 0,
            "fingerprinting": 0,
            "subdomains": [
                "resource"
            ],
            "apis": {},
            "sites": 2,
            "prevalence": 0.0000136,
            "cnames": [],
            "responseHashes": [
                "6b3c1604d242e1a7cfc98472246bcd83a1cff34d898748031d6f1761722f30dd"
            ],
            "type": "Script",
            "firstPartyCookies": {},
            "firstPartyCookiesSent": {},
            "exampleSites": [
                "cyclepartsnation.com",
                "www.hondapartsnation.com"
            ]
        },
        {
            "rule": "kenect\\.com\\/api\\/v1\\/widget\\/client-data\\/uXrmIRi0Jicar4PH29p5",
            "cookies": 0,
            "fingerprinting": 0,
            "subdomains": [
                "resource"
            ],
            "apis": {},
            "sites": 2,
            "prevalence": 0.0000136,
            "cnames": [],
            "responseHashes": [
                "d72cec9e538d474d28450656a58ccb5ba4541add1e54df5026d47db097b042da"
            ],
            "type": "Script",
            "firstPartyCookies": {},
            "firstPartyCookiesSent": {},
            "exampleSites": [
                "exploreusa.com",
                "www.exploreusa.com"
            ]
        },
        {
            "rule": "kenect\\.com\\/api\\/v1\\/widget\\/client-data\\/waVhqtJ9rW0fiRclCsfniC",
            "cookies": 0,
            "fingerprinting": 0,
            "subdomains": [
                "resource"
            ],
            "apis": {},