{
    "domain": "kiosked.com",
    "owner": {},
    "source": [
        "DuckDuckGo-US"
    ],
    "prevalence": 0.00043,
    "sites": 63,
    "subdomains": [
        "scripts",
        "resources",
        "events"
    ],
    "cnames": [],
    "fingerprinting": 2,
    "resources": [
        {
            "rule": "kiosked\\.com\\/loader\\/kiosked-loader\\.js",
            "cookies": 0.000184,
            "fingerprinting": 2,
            "subdomains": [
                "scripts"
            ],
            "apis": {
                "window.localStorage": 44,
                "window.sessionStorage": 45,
                "Navigator.prototype.appName": 42,
                "Navigator.prototype.userAgent": 45,
                "Date.prototype.getTime": 45,
                "Document.cookie getter": 44,
                "window.innerWidth": 37,
                "window.innerHeight": 37,
                "Navigator.prototype.platform": 35,
                "Navigator.prototype.cookieEnabled": 29,
                "Document.cookie setter": 27,
                "Navigator.prototype.doNotTrack": 27,
                "Navigator.prototype.language": 27,
                "Screen.prototype.width": 27,
                "Screen.prototype.height": 27,
                "Navigator.prototype.appVersion": 29,
                "NavigatorUAData.prototype.getHighEntropyValues": 17,
                "Screen.prototype.colorDepth": 15,
                "Date.prototype.getTimezoneOffset": 15
            },
            "sites": 45,
            "prevalence": 0.000307,
            "cnames": [],
            "responseHashes": [
                "f0fabcf1c1ad8abb66f6e951d83cf0cd5e32ece38c005155b06984c63bf3023c",
                "02ee4b137a5709a06fc5979f2e345b1a7498725f50a7bae26949dfe7224bb336",
                "65227cac723980b700aefc34db06c55b313ee3aed0ec962823ffc9c75d1f2a59",
                "35e74fe7ec606137fd0115bd282471f360f0f160feda0df0c9180b534b4dd169",
                "7324f3871292608feaa094c88b0fc8ec4cb65f1a90569228712c5c2f3ea30716",
                "510849e8f80e856732344a7120012b0d71fa26f531864a60203bdddb7644a0c5",
                "0677c060688cfb3bc8a2ba2f36ce361f0f95e267d06d264eb0e54a35d374c02c",
                "d913f73cdce7fd7467bb4517f411f06323580b7ada33e1d1e3db94ddd0205903",
                "f9925715686e9646a2b7135e183f58877525fea0678aa6a127e002ca2752e680",
                "9481e7a9481b311d049144447c850f8b4fd3121623140af3b432e8ada0d55749",
                "0ae82e348fa6d46df979bae47876afcf72ab60848a80d1316dffe616e81ac001",
                "986c22dcdb29a8d71576cae6cc84ed9bd53405da12b521fc7e159ceed2903088",
                "0d7281e73a76a0b22449d523fa5bea3d0285a5ed3526da182fc3f4627409f395",
                "c1675d6fe092cd06d20d85bcfbb854be928c92fbe090d4c88d43218bb860a902",
                "9052a8f72b11266282bd9f9580b9d80038d7975031f6ca00db754abe5fa1ed08",
                "deb68068277c0416bdba59ce3897c035a530c4661871cb1ef681fd777315026d",
                "85d4da4d8fd993ec943158b2d518029ac63efa24c6bf9f69f8c03566e3916122",
                "4687bc64871e0e78e6ad80b026e1d7d84c0a20caf00f4966bba7bcacccdf3ed3",
                "f86e2014bcc4a3d2b143430e0280b361e50119d56395b0278042a32e6157eb3e",
                "2abe26b9b478bb706c947780f41b108b3f5d5fd9a0cb551c65a1435477165733",
                "e35a25110b631743e4dfe06009fc5e53d77ab42b90c5b4687bd952ed0af92004",
                "5975a3ebec365d03043c0460a83c1ef44b14db77511ee2f0f9ef82668c3acf1b",
                "5cf89edf3300f5de1c2829e586cbdcd718a2cbc748fc5dde6b7ce0019acb808e",
                "fca6eb85fd0be92e5715e65e1447aab7a6df389c7c07f144bb2ff2d4afb772bd",
                "59c588dc4efa5d562cc18be610d9e5eedb173d8cdcbb541b28e7517e9007c432",
                "a3623273100dde164f7ced0273c504ceec54782687bfa1737ea2b386f765246e",
                "7bf795f5c6c645ef1ff79d35c058b025f1de86ab30fb3fe2e15eb1a21412fcdb",
                "987cd8ff11983b66c3d01bf11e52ff1c90157dbe9e675b2371da9b5ec4dd4320",
                "7a9ce2e950c6d60533ddf0053a1f7986aec799c17128d0186721dbf36b408a29",
                "b1219530f1ce0906397d71e410f962a97fe567cd598df36d63b05d6d6164e9be",
                "27964f3c2cf187c10c3ab59a7b9c5c57c7f70530105904dd5432c551f7473a7a",
                "006bd8d5878c0c88ad3ea404c0497ffd7fc63ddce4f034567658623244d9c585",
                "9214917ef3dafd49af079235c7569e2fa3a30e83f79f5f87630d645035cc5a91",
                "d6c0786d90f717783a63b0079476d3f66c414d71209f8e81d93880c480204171",
                "103aa421e2b02cba4131cd1000333a666deaba4a5ac244187aeac395608b7f3b",
                "ca3063d70043c4f6afe07c0a6e14c06817287b673118d2c440b1f87d994f267a",
                "21a9e8ef5cbfbbceb0aed572df50f6a80ed39b7b1501325e3f1ed5366605b718",
                "331167def2824d3368739b7f4af0a344908a3233a9aef8e47d5a7ab2659a57f7",
                "871754a7804389624368164d59da84c4a5e37c596d18fb14b6bf0da6759cc24d",
                "2971445c1c81b88751aecad973105c61ab02e8bc5dec741b98da0e0b15bcc485",
                "991beca4bdc56b3a69c49e7be0ad1a4ccc52fdf83ad02535c0c0c52eb2f1fe1c",
                "1e00f8f16f4ad66615bee129764c19c7f3572759dc80ccb2b4cc710a784ae6d1",
                "85381158139c09e2ab937b9d400e84aee4af92226dcecfff11d349f9b87bc925"
            ],
            "type": "Script",
            "firstPartyCookies": {
                "_pbjs_userid_consent_data": {
                    "ttl": 2592003,
                    "length": 16,
                    "prevalence": 0.00018408296005399766,
                    "uniqueness": 0.07407407407407407
                },
                "_sharedID": {
                    "ttl": 2592003,
                    "length": 36,
                    "prevalence": 0.00018408296005399766,
                    "uniqueness": 1
                }
            },
            "firstPartyCookiesSent": {},
            "exampleSites": [
                "www.ushistory.org",
                "www.pauladeen.com",
                "acurazine.com",
                "www.mrfood.com",
                "www.allfreeknitting.com",
                "www.allfreesewing.com",
                "www.yotatech.com",
                "www.utusan.com.my",
                "olhardigital.com.br",
                "www.cnnturk.com",
                "myfigurecollection.net",
                "bigpara.hurriyet.com.tr",
                "thegolfnewsnet.com",
                "www.medicaldaily.com",
                "nerdist.com",
                "www.usaudiomart.com",
                "www.player.one",
                "www.thegardenisland.com",
                "www.hurriyet.com.tr",
                "militarymachine.com"
            ]
        },
        {
            "rule": "kiosked\\.com\\/loader\\/kiosked-ad\\.js",
            "cookies": 0.0000205,
            "fingerprinting": 2,
            "subdomains": [
                "scripts"
            ],
            "apis": {
                "window.localStorage": 4,
                "window.sessionStorage": 4,
                "Navigator.prototype.appName": 5,
                "Navigator.prototype.userAgent": 5,
                "Date.prototype.getTime": 5,
                "Navigator.prototype.platform": 5,
                "window.innerWidth": 4,
                "window.innerHeight": 4,
                "Navigator.prototype.cookieEnabled": 3,
                "Document.cookie getter": 3,
                "Document.cookie setter": 3,
                "NavigatorUAData.prototype.getHighEntropyValues": 3,
                "Navigator.prototype.doNotTrack": 3,
                "Navigator.prototype.language": 3,
                "Screen.prototype.width": 3,
                "Screen.prototype.height": 3,
                "Screen.prototype.colorDepth": 3,
                "Date.prototype.getTimezoneOffset": 3,
                "Navigator.prototype.appVersion": 4,
                "Screen.prototype.orientation": 1
            },
            "sites": 5,
            "prevalence": 0.0000341,
            "cnames": [],