{
    "domain": "l1vec4ms.com",
    "owner": {},
    "source": [
        "DuckDuckGo-US"
    ],
    "prevalence": 0.000163,
    "sites": 24,
    "subdomains": [
        "cdn"
    ],
    "cnames": [],
    "fingerprinting": 0,
    "resources": [
        {
            "rule": "l1vec4ms\\.com\\/zn\\/1ed33658-5b8a-6ac6-a294-7b9a31a89705",
            "cookies": 0.0000272,
            "fingerprinting": 0,
            "subdomains": [],
            "apis": {},
            "sites": 4,
            "prevalence": 0.0000272,
            "cnames": [],
            "responseHashes": [
                "c9ebbcbc9e9a6daafb6a90e85dbb3e40e120bb31b6617895458f7ac2c928357d",
                "d2c8bc8e732fc5e6ddaaad2103e5912d2da78df81215aaa6ad095e0d679eee50",
                "60c0141b9b468098d3bcbcc03c6989cc118edb0574bf62a37de65ca5ea87618c"
            ],
            "type": "Document",
            "firstPartyCookies": {},
            "firstPartyCookiesSent": {},
            "exampleSites": [
                "allporncomic.com",
                "exporntoons.net",
                "www.moviefap.com",
                "xgroovy.com"
            ]
        },
        {
            "rule": "l1vec4ms\\.com\\/zn\\/1ed642a5-a5b1-6dfa-9907-c13496a8e47f",
            "cookies": 0.0000204,
            "fingerprinting": 0,
            "subdomains": [],
            "apis": {},
            "sites": 3,
            "prevalence": 0.0000204,
            "cnames": [],
            "responseHashes": [
                "1610b8da0a92fd68aec658241de776f76a60cebc36d3a9db808d742c81dce17e",
                "52785aaa87b76f103ec9d7998553c7a4bc802107c3f51fe5a2d16f70626c5533"
            ],
            "type": "Document",
            "firstPartyCookies": {},
            "firstPartyCookiesSent": {},
            "exampleSites": [
                "arabysexy.mobi",
                "kompoz2.com",
                "www.iporntv.net"
            ]
        },
        {
            "rule": "l1vec4ms\\.com\\/zn\\/1ed33645-9c08-6b92-8937-f9a41492c3b0",
            "cookies": 0.0000613,
            "fingerprinting": 0,
            "subdomains": [],
            "apis": {},
            "sites": 9,
            "prevalence": 0.0000613,
            "cnames": [],
            "responseHashes": [
                "ab92878f22aca2d9a517d6afafb0a43472a2660b9641a5dec825b865ebeabbaf",
                "d752c8289652533ebafd0f447d5acefef51b8a91709566fbb5f333056da5b6c8",
                "10653bafa1aa366f422f035324369bbc756d2bb640af9afb86406637a77bf260",
                "7126917276aaf4bdc3bc493433d6c71406e3ae3af45df5c191071d4dcbc8d7e3",
                "98345b1c9ca5aa157a02227c4198eed2d075ad8394fd4ff7a449d9764b7ebde9",
                "938dc5b247536a302725bc00ec608fd356da945283468ca956de19f58092cabf",
                "05018265e39699056ff24513c8f49cf8855358314ab5e8bef7308060c4c0c592",
                "ac3b9bd446e76754cf39afa7f2f28cb457ad7939218b60698fe19ee5838996bd"
            ],
            "type": "Document",
            "firstPartyCookies": {},
            "firstPartyCookiesSent": {},
            "exampleSites": [
                "eroticmv.com",
                "javhdhd.com",
                "porndhvideo.com",
                "porndish.org",
                "starpornhd.com",
                "www.feetporno.com",
                "www.mycelebrityfakes.com",
                "www.xvideos88.com",
                "yourdailypornvideos.ws"
            ]
        },
        {
            "rule": "l1vec4ms\\.com\\/creatives\\/1ece3704-7940-615e-90aa-9f675185b8b8\\/040b8df028fbb895837ed0dd8858ab5952e5b80d\\.gif",
            "cookies": 0,
            "fingerprinting": 0,
            "subdomains": [
                "cdn"
            ],
            "apis": {},
            "sites": 3,
            "prevalence": 0.0000204,
            "cnames": [],
            "responseHashes": [
                "25f422d430f6b07ca959ccfe0fe62f48dcd72e37c5ca6c15d7490565c902e82c"
            ],
            "type": "Image",
            "firstPartyCookies": {},
            "firstPartyCookiesSent": {},
            "exampleSites": [
                "eroticmv.com",
                "porndish.org",
                "starpornhd.com"
            ]
        },
        {
            "rule": "l1vec4ms\\.com\\/creatives\\/1ece3704-7940-615e-90aa-9f675185b8b8\\/92ae40911fef6ecf9ae0d22010dd55735a51ce34\\.gif",
            "cookies": 0,
            "fingerprinting": 0,
            "subdomains": [
                "cdn"
            ],
            "apis": {},
            "sites": 2,
            "prevalence": 0.0000136,
            "cnames": [],
            "responseHashes": [
                "8c5c19e56e7a828265a726f736828165859965a8d6ac77ada54f5c270ff43fe5"
            ],
            "type": "Image",
            "firstPartyCookies": {},
            "firstPartyCookiesSent": {},
            "exampleSites": [
                "exporntoons.net",
                "xgroovy.com"
            ]
        },
        {
            "rule": "l1vec4ms\\.com\\/zn\\/1ed2ef03-3449-627e-804b-416b2950cca9",
            "cookies": 0.0000136,
            "fingerprinting": 0,
            "subdomains": [],
            "apis": {},
            "sites": 2,
            "prevalence": 0.0000136,
            "cnames": [],
            "responseHashes": [
                "2fb00e748765ad7d4d0bdcea4821132652500590d2bf36d48f638c15c8d31c27"
            ],
            "type": "Document",
            "firstPartyCookies": {},
            "firstPartyCookiesSent": {},
            "exampleSites": [
                "hotpussypics.com",
                "viewgals.com"
            ]
        },
        {
            "rule": "l1vec4ms\\.com\\/creatives\\/1ece3704-7940-615e-90aa-9f675185b8b8\\/a17bd1a1e481eeab4ca0528ea9076ffe02b959e3\\.gif",
            "cookies": 0,
            "fingerprinting": 0,
            "subdomains": [
                "cdn"
            ],
            "apis": {},
            "sites": 5,
            "prevalence": 0.000034,
            "cnames": [],
            "responseHashes": [
                "afd5d32caa50bea55f4a7ed5ae23568b3692f5339044d1a5d8536ecfc2f041d6"
            ],
            "type": "Image",
            "firstPartyCookies": {},
            "firstPartyCookiesSent": {},
            "exampleSites": [
                "javhdhd.com",
                "porndhvideo.com",
                "www.mycelebrityfakes.com",
                "www.xvideos88.com",
                "yourdailypornvideos.ws"
            ]
        },
        {
            "rule": "l1vec4ms\\.com\\/creatives\\/1ece3704-7940-615e-90aa-9f675185b8b8\\/f35cf1d3ca6353a1850145b5ec14700a463fde7f\\.gif",
            "cookies": 0,
            "fingerprinting": 0,
            "subdomains": [
                "cdn"
            ],
            "apis": {},
            "sites": 2,
            "prevalence": 0.0000136,
            "cnames": [],
            "responseHashes": [
                "71c3810152223f85c2f94ca5bc57416a62534e1bc325ad95aaa5d8335cc39b63"
            ],
            "type": "Image",
            "firstPartyCookies": {},
            "firstPartyCookiesSent": {},
            "exampleSites": [
                "javhdhd.com",
                "www.feetporno.com"
            ]
        }
    ],
    "categories": [],
    "performance": {},
    "cookies": 0.000163,
    "topInitiators": [
        {
            "domain": "realsrv.com",
            "prevalence": 0.625
        },
        {
            "domain": "exosrv.com",
            "prevalence": 0.16666666666666666
        },
        {
            "domain": "bestcontentcost.top",
            "prevalence": 0.08333333333333333
        },
        {
            "domain": "jads.co",
            "prevalence": 0.08333333333333333
        },
        {
            "domain": "trk-imps.com",
            "prevalence": 0.041666666666666664
        }
    ],
    "types": {
        "Document": 18,
        "Image": 12
    },
    "nameservers": [
        "langston.ns.cloudflare.com",
        "tina.ns.cloudflare.com"
    ]
}