{
    "domain": "leaddyno.com",
    "owner": {},
    "source": [
        "DuckDuckGo-US"
    ],
    "prevalence": 0.000388,
    "sites": 57,
    "subdomains": [
        "collector",
        "static"
    ],
    "cnames": [],
    "fingerprinting": 2,
    "resources": [
        {
            "rule": "leaddyno\\.com\\/bigcommerce\\.js",
            "cookies": 0,
            "fingerprinting": 0,
            "subdomains": [
                "collector"
            ],
            "apis": {},
            "sites": 11,
            "prevalence": 0.0000749,
            "cnames": [],
            "responseHashes": [
                "0a70772f083acf8ab0d1638b433a94cc2de22bd28e2eacf9dd614987cc50dd40",
                "c23ea9dce7b6df568a2a38e6e3642f44d1191bb22b5e5c18cf5c3344940a82fb",
                "66c4dc5421f27bdb71bf348a8bb86f8a2b0c06c05fbba3a03daff298ca9d1fff",
                "e08c743f7edd6be4dc1cd235f1eb660dcda8f0695a7c6f08993a24971cf8bcea",
                "94f7927206dde8df88f2095eb929ac97d44c16c68c5246b4f9f8f04c34f62327",
                "eeffffd88c2cea54733b4d1bcc6b6f4fdf62278a5ab393df7ba9de15cb01b5ce",
                "9ee838b3d48cee27df85ee9d9e21d1bc8fa7398aeed50aaf14cabb1529684b44",
                "1fe0734431bdb59dd37c323168413693d31e01c05326a6afe540234e7353a48f",
                "f74e2fd86b7dddc584b23328390e6c79b042f919c10d5cadb2c1048a0cb61b1f",
                "5fa37bc89f9114693070f50af35a910eeca1878ed5811c0ca38ad3ecb46d5741"
            ],
            "type": "Script",
            "firstPartyCookies": {},
            "firstPartyCookiesSent": {},
            "exampleSites": [
                "barlowstackle.com",
                "globalordnance.com",
                "nootropicsdepot.com",
                "stoneagegamer.com",
                "tulster.com",
                "www.anarchyoutdoors.com",
                "www.bigduckcanvas.com",
                "www.empireabrasives.com",
                "www.icybreeze.com",
                "www.sabrered.com",
                "www.tickperformance.com"
            ]
        },
        {
            "rule": "leaddyno\\.com\\/js",
            "cookies": 0.000191,
            "fingerprinting": 2,
            "subdomains": [
                "static"
            ],
            "apis": {
                "Date.prototype.getTime": 32,
                "Navigator.prototype.userAgent": 30,
                "Navigator.prototype.language": 23,
                "Date.prototype.getTimezoneOffset": 32,
                "Document.cookie setter": 28,
                "Document.cookie getter": 29,
                "Screen.prototype.colorDepth": 22,
                "window.sessionStorage": 22,
                "window.localStorage": 22,
                "Navigator.prototype.plugins": 22
            },
            "sites": 32,
            "prevalence": 0.000218,
            "cnames": [],
            "responseHashes": [
                "1b301612c2223d3fa922e3a4b3667f87e13f417f67490d9e71162da62b1e5084",
                "e3b0c44298fc1c149afbf4c8996fb92427ae41e4649b934ca495991b7852b855"
            ],
            "type": "Script",
            "firstPartyCookies": {
                "LD_T": {
                    "ttl": 3153600003,
                    "length": 36,
                    "prevalence": 0.00019061234214915417,
                    "uniqueness": 1
                },
                "LD_S": {
                    "ttl": 303,
                    "length": 13,
                    "prevalence": 0.00013615167296368154,
                    "uniqueness": 1
                },
                "LD_U": {
                    "ttl": 3153600003,
                    "length": 46,
                    "prevalence": 0.00013615167296368154,
                    "uniqueness": 1
                },
                "LD_EXT": {
                    "ttl": 3153600004,
                    "length": 32,
                    "prevalence": 0.000006807583648184077,
                    "uniqueness": 1
                }
            },
            "firstPartyCookiesSent": {},
            "exampleSites": [
                "www.academicexcellence.com",
                "www.roomsurf.com",
                "stoneagegamer.com",
                "tulster.com",
                "www.anarchyoutdoors.com",
                "carlsonlabs.com",
                "www.smallrig.com",
                "privacypros.io",
                "globalordnance.com",
                "www.choczero.com",
                "bladeops.com",
                "www.optimaldx.com",
                "www.lodgify.com",
                "therasage.com",
                "snappa.com",
                "nootropicsdepot.com",
                "revelationhealth.com",
                "battlebornbatteries.com",
                "beddys.com",
                "www.tickperformance.com"
            ]
        },
        {
            "rule": "leaddyno\\.com\\/visit",
            "cookies": 0,
            "fingerprinting": 0,
            "subdomains": [
                "collector"
            ],
            "apis": {},
            "sites": 30,
            "prevalence": 0.000204,
            "cnames": [],
            "responseHashes": [
                "5c973e6a040154daaa77c8b1e7cb7ae3bbc0f49fa84db52a0431d539081c6c7e",
                "e3b0c44298fc1c149afbf4c8996fb92427ae41e4649b934ca495991b7852b855",
                "261f02bdcd5dff0aac9eca25a458537413dc8f7efd7f527f7c037e24d9ae60b3",
                "b252c0f9aa8736b207589a165c4433c33ee6b22acabf0ba225c5c9265298eb32",
                "40c43c8ba077dc0e4d6b799d18103730de0554f2dc204af0265c9233406e38fa",
                "5121932ba093867332aa29baf625d2ef507269d1c2c10d98728ea9128eac416d",
                "64b7ff84d0a73a29084c2b165e8aed8cf5b78e09ef34875e713f9912b2b22fce",
                "05a006e51d7c75702ee8ad70b1037d377d4e13d97fcd875e0d266abf661e95b9",
                "dccc51dbd7e903929428396b15af3d062734d40d715b0ac4644612054a9865dc",
                "7b33a7062c35285074fd1b9f3084225a956a69a8424daa1b8fb18e2852f56170",
                "2addf036d6383eeb10198a1d53494987dbe39383e8e46a663369b620210a587c",
                "b9c13e7c2664ce49f946b03b2a36049bc3c488085b6281adc75c280ddd190621",
                "9f38ab698a2f43756d4a23fb2390ee64bc8ae3200a02256a11a6b09f0eb7442c",
                "c2036bfb70b7c91c6573bbf145a40fc8a538c5443c95855e78b36e17428033f1",
                "84b053b3c257fd6e596db906520f1a83c683311306e49411e6920d5f26cc46f3",
                "f3ece5564487485cf830e04838d29e95d0967cea137273d56954cb008eaafdaf",
                "473c3b9f545253dfa8c6c4d8afa583c01085952eceec98387190e15a0dcca208",
                "f7a32774b3bdd6d2f28794d69b79b31f346cf42894ee533fed7839277fe605c4",
                "cfcd741765a09937d4bd10f46809ee6eac2ef889ebf6e0927d59d71e60aae671",
                "435b4db5771f4ca96087855a76d49b9c0071d809cc87eeee1e2b578390501450",
                "347fffdba6e4a54b1e06c3ca5fd433064fe18f27c5ac33abc8f11a87380d8c03",
                "29346507994c282f5e4d21f5a349c69802d8c264f8a5418ccd97d1fa83f41b62"
            ],
            "type": "Script",
            "firstPartyCookies": {},
            "firstPartyCookiesSent": {
                "LD_T": 0.00018380475850097007,
                "LD_U": 0.00013615167296368154,
                "https://mitoredlight.com/a/ldc/clickstream?url": 0.000006807583648184077,
                "https://mitoredlight.com/a/ldc//elc?url": 0.000006807583648184077,
                "LD_EXT": 0.000006807583648184077
            },