{
    "domain": "leadintel.io",
    "owner": {},
    "source": [
        "DuckDuckGo-US"
    ],
    "prevalence": 0.000245,
    "sites": 36,
    "subdomains": [],
    "cnames": [],
    "fingerprinting": 1,
    "resources": [
        {
            "rule": "leadintel\\.io\\/login-check",
            "cookies": 0,
            "fingerprinting": 1,
            "subdomains": [],
            "apis": {
                "Document.cookie getter": 2
            },
            "sites": 21,
            "prevalence": 0.000143,
            "cnames": [],
            "responseHashes": [
                "d600dd343d523908392205243c52f8cf2b09e75995a58aa265ee8009a7238506",
                "2beb9f379e472ae38eaa6ff3715d1e8bedd9dcf00e7cf40f88c88e03cf38c022",
                "710b379ace0dc08700ba0f35e7f201218a8cb279fb2b24c1ab2bc4655be92130",
                "92405b708e5bb0164e5423c763a1739964d8ac9ee51da38d2e45c389d4d9698b",
                "786b4b9e686cfcff376657f8d41fad9e89172d8db1b305c7da19b6519233fb8e",
                "6050860e23f678b12cafdb6d965cf465828197fbc095e4b114aa375aa7bf202c",
                "599e09a7b07d32059a3ad5c68fcf86171a253e1aa3a5faefa4f75fa7cdf553a6",
                "457a2bdd9e69ee6667648e07f861a9db2c1c2a339b917e4006a7126292ab8c81",
                "f0a81026cce579dd5a249ac446a7e560e9e8a9cac6fc763f313f77301fa8f939",
                "30ec2f25aae0e5269138015b64b7c6e152ded02410bde93bdc21290ed024e89b",
                "47952436c13b5872c8840a88a829029da048aeea01588390f3a88d71a63197f2"
            ],
            "type": "Script",
            "firstPartyCookies": {},
            "firstPartyCookiesSent": {
                "cookies.js_dtest": 0.00008861259934835657,
                "parsely_uuid": 0.00008861259934835657,
                "dnsDisplayed": 0.000047714476572192006,
                "signedLspa": 0.000047714476572192006
            },
            "exampleSites": [
                "www.yachtingmonthly.com",
                "forums.golfmonthly.com",
                "www.mixonline.com",
                "www.techlearning.com",
                "forums.ybw.com",
                "forums.horseandhound.co.uk",
                "www.countrylife.co.uk",
                "www.mbr.co.uk",
                "www.nexttv.com",
                "golfmonthly.com",
                "www.rugbyworld.com",
                "www.tvtechnology.com",
                "www.horseandhound.co.uk",
                "www.avnetwork.com",
                "www.yachtingworld.com",
                "www.golfmonthly.com",
                "www.decanter.com",
                "www.pbo.co.uk",
                "www.homebuilding.co.uk",
                "www.whathifi.com"
            ]
        },
        {
            "rule": "leadintel\\.io\\/track",
            "cookies": 0.00013,
            "fingerprinting": 0,
            "subdomains": [],
            "apis": {},
            "sites": 21,
            "prevalence": 0.000143,
            "cnames": [],
            "responseHashes": [
                "e3b0c44298fc1c149afbf4c8996fb92427ae41e4649b934ca495991b7852b855",
                "89f5a4e41d7ed324e43916ae63bea641e5016570fe6b0033aa7c55c2f410fba9",
                "77b7c7f73f3d7182d0affe16cb8c907ce0ad7bdf0b37a6106b90869aa65f8fc0",
                "e4a7b228a9d6d7bf3cec75393abcf0f384be1ccd465b7c73e5f4d80f2b03c153",
                "2a3b00fd605dd1c5703498e804637fcbb90b8a26aa3f443a8cbb9e0486ae1978",
                "c8349740fb151e0f47bd486d05fa2df168b4b7b0f38d94312f4f55099a171536",
                "c9e4b08dddc2dbbfa2b17cc46eda987e67f319bfc9c7ecbd87a47b10dcefe05a",
                "8670b0f885d1186df997387e454c442aabbf3169c299521f29379c90be66eb89",
                "4225b2752217559c69ed7757780c7b2823ac4dbbf67a1405c86fb577f6aba4c7",
                "4206eb907454322e0424cfec5b678965d0fedcd59ac46ee50e7f551031167b41",
                "fad722a8b17295481bcc05941fc45bc2d7ea26a64ec0edfd644bf8e30496065e",
                "78cec993fbace069e8e17549c062964d840ecccf9f326d4369d4f02c4cc28b23",
                "7b9ee2bd9adc59ff80b86ef89d6e80562ef4a0cf9de82d6272b0246ccf41aa19",
                "c73b65d8a55b74898e56c690c64a4423a0703a9334f9a2eb82794007ef2755e4",
                "a17952c25a2c8757f5305aee9131d69339796c82cfc41c7639f24a7dffb7945d",
                "4002e0c6967ef8159766c1b08a9354177ea97d6e0227dd48c7f6fb1fae7c013c",
                "62485fcdf3b67e80a36d40abfcbc7f593e035a2678a2cf801db0ef941d4df481",
                "e7c6fb2e4f29aea52162c63b9c6c068a0197dfb689edbab09a5eb0ea7031926a",
                "5d72cfecf7f03d923e8f48811cceda21823d23282827b59b5f877767b8e806c5"
            ],
            "type": "Script",
            "firstPartyCookies": {},
            "firstPartyCookiesSent": {
                "cookies.js_dtest": 0.00008861259934835657,
                "parsely_uuid": 0.00008861259934835657,
                "dnsDisplayed": 0.000047714476572192006,
                "signedLspa": 0.000047714476572192006,
                "lotame_domain_check": 0.00010224530694041144,
                "__pid": 0.000013632707592054858,
                "_li_dcdm_c": 0.000020449061388082287,
                "_cats": 0.000006816353796027429
            },
            "exampleSites": [
                "www.homebuilding.co.uk",
                "www.mbr.co.uk",
                "www.pbo.co.uk",
                "www.tvtechnology.com",
                "www.yachtingmonthly.com",
                "www.mby.com",
                "www.decanter.com",
                "forums.ybw.com",
                "www.horseandhound.co.uk",
                "www.nexttv.com",
                "forums.golfmonthly.com",
                "www.countrylife.co.uk",
                "www.mixonline.com",
                "www.avnetwork.com",
                "www.whathifi.com",
                "golfmonthly.com",
                "www.rugbyworld.com",
                "www.techlearning.com",
                "www.golfmonthly.com",
                "www.yachtingworld.com"
            ]
        },
        {
            "rule": "leadintel\\.io\\/m\\/",
            "cookies": 0.0000136,
            "fingerprinting": 0,
            "subdomains": [],
            "apis": {},
            "sites": 2,
            "prevalence": 0.0000136,
            "cnames": [],
            "responseHashes": [
                "8b13b862e8f56cc870c39b1007489e478e6ca18d05e98c149c789d3c16504e4e"
            ],
            "type": "Script",
            "firstPartyCookies": {},
            "firstPartyCookiesSent": {},
            "exampleSites": [
                "countrylife.co.uk",
                "www.decanter.com"
            ]
        },
        {
            "rule": "leadintel\\.io\\/li\\/event",
            "cookies": 0,
            "fingerprinting": 0,
            "subdomains": [],
            "apis": {},
            "sites": 3,
            "prevalence": 0.0000204,
            "cnames": [],
            "responseHashes": [
                "1866961a029c65376fefb7f2ba1e6187e09ff50ea58d97dedfd72c197947d002"
            ],
            "type": "Image",
            "firstPartyCookies": {},
            "firstPartyCookiesSent": {
                "lotame_domain_check": 0.000013632707592054858,
                "cookies.js_dtest": 0.000006816353796027429,
                "parsely_uuid": 0.000006816353796027429,
                "__pid": 0.000006816353796027429
            },
            "exampleSites": [
                "countrylife.co.uk",
                "www.countrylife.co.uk",
                "www.decanter.com"
            ]
        }
    ],
    "categories": [],
    "performance": {},
    "cookies": 0.000232,
    "topInitiators": [
        {
            "domain": "d39ion77s0ucuz.cloudfront.net",
            "prevalence": 0.8024691358024691
        },
        {
            "domain": "d4el4parm0zb3.cloudfront.net",
            "prevalence": 0.14814814814814814
        },
        {
            "domain": "script.ac",
            "prevalence": 0.04938271604938271
        }
    ],
    "types": {
        "Script": 44,