{
    "domain": "listtrac.com",
    "owner": {},
    "source": [
        "DuckDuckGo-US"
    ],
    "prevalence": 0.0000817,
    "sites": 12,
    "subdomains": [
        "code"
    ],
    "cnames": [],
    "fingerprinting": 1,
    "resources": [
        {
            "rule": "listtrac\\.com\\/monitor\\.ashx",
            "cookies": 0.0000613,
            "fingerprinting": 1,
            "subdomains": [
                "code"
            ],
            "apis": {
                "Date.prototype.getTime": 8,
                "Navigator.prototype.userAgent": 2
            },
            "sites": 9,
            "prevalence": 0.0000613,
            "cnames": [],
            "responseHashes": [
                "9927f6bf435ef765417b5592e51a5c2bd66792f63e535ff73bafe6de1f652c1d",
                "d0a4778b34f5ebea77956d9d5d04c080b911d01cf17ea2e5e7357b8c23a251dd",
                "51bb40a6d23d0860ff22312590b4ecd39b1ca714b878dc5b5f863a8a9b190b54",
                "99605a8814abc44d519e168d612ba849003339a5a9603798364d9bd945b6d0dc",
                "ef9b9f19d5c49a5c8c173eefc490648bea91fd115001cedcefbf2b5abd22dcba",
                "3a868c274d6212c09934d0dad5275a631ba250d124b1bdddd7195ab80d0110be",
                "a965d5cf30d9ce2275ac808c6a09a4ea9c9fe12dd9dc13ea2cb7c5bbb250123e",
                "9558011ac16493f34e52400b7d43ba71096b5c2a224587fbb2450aee6510bbec"
            ],
            "type": "Script",
            "firstPartyCookies": {},
            "firstPartyCookiesSent": {},
            "exampleSites": [
                "century21.com",
                "commercial.century21.com",
                "www.century21.com",
                "www.christiesrealestate.com",
                "www.georgiamls.com",
                "www.lakehomes.com",
                "www.properstar.com",
                "www.remax.ca",
                "www.valleymls.com"
            ]
        },
        {
            "rule": "listtrac\\.com\\/",
            "cookies": 0,
            "fingerprinting": 0,
            "subdomains": [
                "code"
            ],
            "apis": {},
            "sites": 2,
            "prevalence": 0.0000136,
            "cnames": [],
            "responseHashes": [
                "12ae32cb1ec02d01eda3581b127c1fee3b0dc53572ed6baf239721a03d82e126"
            ],
            "type": "XHR",
            "firstPartyCookies": {},
            "firstPartyCookiesSent": {},
            "exampleSites": [
                "remax.ca",
                "www.remax.ca"
            ]
        }
    ],
    "categories": [],
    "performance": {},
    "cookies": 0.0000817,
    "topInitiators": [
        {
            "domain": "first party",
            "prevalence": 0.5
        },
        {
            "domain": "googletagmanager.com",
            "prevalence": 0.3333333333333333
        },
        {
            "domain": "gtsstatic.net",
            "prevalence": 0.1111111111111111
        },
        {
            "domain": "ajax.googleapis.com",
            "prevalence": 0.05555555555555555
        }
    ],
    "types": {
        "Script": 9,
        "XHR": 2
    },
    "nameservers": [
        "ns1-02.azure-dns.com",
        "ns4-02.azure-dns.info",
        "ns2-02.azure-dns.net",
        "ns3-02.azure-dns.org"
    ]
}