{
    "domain": "listhub.net",
    "owner": {
        "name": "Listhub",
        "displayName": "Listhub"
    },
    "source": [
        "DuckDuckGo-US"
    ],
    "prevalence": 0.000184,
    "sites": 27,
    "subdomains": [
        "tracking"
    ],
    "cnames": [],
    "fingerprinting": 1,
    "resources": [
        {
            "rule": "listhub\\.net\\/scripts\\/la\\.js",
            "cookies": 0.0000204,
            "fingerprinting": 0,
            "subdomains": [
                "tracking"
            ],
            "apis": {},
            "sites": 3,
            "prevalence": 0.0000204,
            "cnames": [],
            "responseHashes": [
                "d9b736236bd743bd636605a92e16514f0a494b98b4432a3447023d64fad7dc59",
                "c48ce81c9e62fb2be8b3b68c55227bea501a00a9da10a88822c7f12625450465"
            ],
            "type": "Script",
            "firstPartyCookies": {},
            "firstPartyCookiesSent": {},
            "exampleSites": [
                "century21.com",
                "commercial.century21.com",
                "www.century21.com"
            ]
        },
        {
            "rule": "listhub\\.net\\/la\\.min\\.js",
            "cookies": 0.000102,
            "fingerprinting": 1,
            "subdomains": [
                "tracking"
            ],
            "apis": {
                "Date.prototype.getTime": 8
            },
            "sites": 15,
            "prevalence": 0.000102,
            "cnames": [],
            "responseHashes": [
                "e5ebf311970111418d5147a4df88914ba61d8abbbb4d316333dcca45101b0700",
                "65ea7b710c3569eab48297dbaa733929fd31bbbde3e932a949e426c34bb14f5b",
                "1111e72b3ee27129e8b9af2ab53ae5ed7ab00277f1da5550068f4ec91f152963",
                "b0a449c19f0a50e3a086876c804e74f89e16aed05694c912a956b8f2d52102c1",
                "d732aa0a544c05a9b2c34240eb298c76584f8c11e211bc6163cd09f2dc9d431f",
                "a4e5d0bcdb887d67d448d516f6c8cd8e4cc596b9ab476e6474d4985f9deab256",
                "826d0f70b74b1aee11dcaa7623da186d49389c28b6bea3901b42eabd25e973d7",
                "ec6995aecd1e0da3eb0c1e93898cfbad66ec35255c8de256061ead72478d0b6a",
                "e60ac727d50d2fc2a154dd99c9f817f43fbf65d67bbb007e643bfd81bc47f953",
                "29fcef5fcfcc3b95b4923663d0575a2330e7b913ceb8834c040108c55213490e",
                "96b42f1c922fcdf1cce8ffadbf447a8be3616c1435bd345789df90e215514e6a",
                "84e86a804dd82e8b1f0d2e52371cdb37966b889038c797849f4ef8a72b415c86",
                "137a0697c6aef46469f19d28ffd74242d55f9017a76c3d306753e702acbc270d",
                "cb6bd6dc45e68d85a7ca433ae1e5fddf6584f178d457c00490fb7f8c62b64d43"
            ],
            "type": "Script",
            "firstPartyCookies": {},
            "firstPartyCookiesSent": {},
            "exampleSites": [
                "homefinder.com",
                "uphomes.com",
                "www.bhhsneproperties.com",
                "www.cabinhomes.com",
                "www.golfhomes.com",
                "www.land.com",
                "www.landandfarm.com",
                "www.landwatch.com",
                "www.masiello.com",
                "www.mobilehome.net",
                "www.point2homes.com",
                "www.properstar.com",
                "www.realestatebook.com",
                "www.realtyhop.com",
                "www.rentals.com"
            ]
        },
        {
            "rule": "listhub\\.net\\/batch",
            "cookies": 0.0000273,
            "fingerprinting": 0,
            "subdomains": [
                "tracking"
            ],
            "apis": {},
            "sites": 4,
            "prevalence": 0.0000273,
            "cnames": [],
            "responseHashes": [
                "e3b0c44298fc1c149afbf4c8996fb92427ae41e4649b934ca495991b7852b855"
            ],
            "type": "XHR",
            "firstPartyCookies": {},
            "firstPartyCookiesSent": {},
            "exampleSites": [
                "homefinder.com",
                "www.golfhomes.com",
                "www.mobilehome.net",
                "www.point2homes.com"
            ]
        },
        {
            "rule": "listhub\\.net\\/tracker",
            "cookies": 0.0000477,
            "fingerprinting": 0,
            "subdomains": [
                "tracking"
            ],
            "apis": {},
            "sites": 7,
            "prevalence": 0.0000477,
            "cnames": [],
            "responseHashes": [
                "77b1d2c0857d4e95d4c2ae7aa0abc5aaafa6bd4581b31203d1592759c26f5c44"
            ],
            "type": "Image",
            "firstPartyCookies": {},
            "firstPartyCookiesSent": {
                "lotame_domain_check": 0.000020449897750511246
            },
            "exampleSites": [
                "uphomes.com",
                "www.land.com",
                "www.landandfarm.com",
                "www.landsearch.com",
                "www.landwatch.com",
                "www.realtyhop.com",
                "www.rentals.com"
            ]
        },
        {
            "rule": "listhub\\.net\\/scripts\\/la\\.min\\.js",
            "cookies": 0.0000136,
            "fingerprinting": 0,
            "subdomains": [
                "tracking"
            ],
            "apis": {},
            "sites": 2,
            "prevalence": 0.0000136,
            "cnames": [],
            "responseHashes": [
                "633493d9951f75a395f025cc36ee3854a3c23f6c2172bb3d08c9db2c149af50b"
            ],
            "type": "Script",
            "firstPartyCookies": {},
            "firstPartyCookiesSent": {},
            "exampleSites": [
                "newhomesource.com",
                "www.newhomesource.com"
            ]
        }
    ],
    "categories": [],
    "performance": {},
    "cookies": 0.000184,
    "topInitiators": [
        {
            "domain": "first party",
            "prevalence": 0.9130434782608695
        },
        {
            "domain": "googletagmanager.com",
            "prevalence": 0.07246376811594203
        },
        {
            "domain": "d26tqmt1mjuqkn.cloudfront.net",
            "prevalence": 0.014492753623188406
        }
    ],
    "types": {
        "Script": 20,
        "XHR": 4,
        "Image": 7
    },
    "nameservers": [
        "ns-1995.awsdns-57.co.uk",
        "ns-244.awsdns-30.com",
        "ns-563.awsdns-06.net",
        "ns-1307.awsdns-35.org"
    ]
}