{
    "domain": "listtrac.com",
    "owner": {},
    "source": [
        "DuckDuckGo-US"
    ],
    "prevalence": 0.0000954,
    "sites": 14,
    "subdomains": [
        "code"
    ],
    "cnames": [],
    "fingerprinting": 1,
    "resources": [
        {
            "rule": "listtrac\\.com\\/monitor\\.ashx",
            "cookies": 0.0000682,
            "fingerprinting": 1,
            "subdomains": [
                "code"
            ],
            "apis": {
                "Date.prototype.getTime": 8,
                "Navigator.prototype.userAgent": 2
            },
            "sites": 10,
            "prevalence": 0.0000682,
            "cnames": [],
            "responseHashes": [
                "b7adddbe41dc1e3c3c2aaa0b4baf3482dd708d254fe1f19288ebaaefa1a84666",
                "5406c2b1952c30975dc42e852b05ae56f01572d9e5fd91d6b2fa8c8f59c0c50d",
                "77130238698cc7a19292b443ac4fa644f309a715f1aeeaf0dcab77690b489a01",
                "ec82d8a1fddb3a70b1b4075b71b74affc5b80fc2f4a3333386f7dc9af33d5a22",
                "874955d057e14c98cbdbc7082da88b0f02371270954cfc5813c4e9b512a1cc4e",
                "eda7a4b818ea38dbdb046cf7bb540ef27a55614e51fd428e1fb37c0d14e5b4d1",
                "62ab70d076e36bba71003d28a96a964cb1a28b38208f8b9f1957ebd76624e123",
                "e89b450745e1dfa2abb27277a8fc251429abfb3360d0c8ab24940edd489a2466",
                "b98690da08a31c222996e2bda85db9a044e506e021f4138bbbf86ebb6804f109"
            ],
            "type": "Script",
            "firstPartyCookies": {},
            "firstPartyCookiesSent": {},
            "exampleSites": [
                "century21.com",
                "commercial.century21.com",
                "propertylistings.ft.com",
                "www.century21.com",
                "www.christiesrealestate.com",
                "www.georgiamls.com",
                "www.lakehomes.com",
                "www.remax.ca",
                "www.sothebysrealty.com",
                "www.valleymls.com"
            ]
        },
        {
            "rule": "listtrac\\.com\\/",
            "cookies": 0,
            "fingerprinting": 0,
            "subdomains": [
                "code"
            ],
            "apis": {},
            "sites": 2,
            "prevalence": 0.0000136,
            "cnames": [],
            "responseHashes": [
                "12ae32cb1ec02d01eda3581b127c1fee3b0dc53572ed6baf239721a03d82e126"
            ],
            "type": "XHR",
            "firstPartyCookies": {},
            "firstPartyCookiesSent": {},
            "exampleSites": [
                "remax.ca",
                "www.remax.ca"
            ]
        }
    ],
    "categories": [],
    "performance": {},
    "cookies": 0.0000954,
    "topInitiators": [
        {
            "domain": "first party",
            "prevalence": 0.5263157894736842
        },
        {
            "domain": "googletagmanager.com",
            "prevalence": 0.3157894736842105
        },
        {
            "domain": "gtsstatic.net",
            "prevalence": 0.10526315789473684
        },
        {
            "domain": "d3alzn55ieatqj.cloudfront.net",
            "prevalence": 0.05263157894736842
        }
    ],
    "types": {
        "Script": 10,
        "XHR": 2
    },
    "nameservers": [
        "ns2-02.azure-dns.net",
        "ns3-02.azure-dns.org",
        "ns1-02.azure-dns.com",
        "ns4-02.azure-dns.info"
    ]
}