{
    "domain": "livemarketshoppers.com",
    "owner": {},
    "source": [
        "DuckDuckGo-US"
    ],
    "prevalence": 0.000341,
    "sites": 50,
    "subdomains": [
        "app",
        "hits3"
    ],
    "cnames": [],
    "fingerprinting": 1,
    "resources": [
        {
            "rule": "livemarketshoppers\\.com\\/fullthrottlelims\\.js",
            "cookies": 0.0000682,
            "fingerprinting": 1,
            "subdomains": [
                "app"
            ],
            "apis": {
                "Document.cookie getter": 10,
                "Date.prototype.getTime": 11,
                "Document.cookie setter": 10,
                "Navigator.prototype.userAgent": 11,
                "Navigator.prototype.language": 11,
                "Date.prototype.getTimezoneOffset": 11
            },
            "sites": 22,
            "prevalence": 0.00015,
            "cnames": [],
            "responseHashes": [
                "5e27aa88713f4e909a80245a3705376ba4e564164858ce3c543f7c4979070004",
                "43bcbe2b2c7686afae7075a178098f596d10e6fb8f2485539febbcc2952f097f",
                "f7436b857493faa8bb9173b7cba25212c1e1fb83545d02681d9389370eca85e2",
                "f546c918491d6ab01a7fe820c6dc699ac43a4355478026bb1c620d5e1560ad37",
                "97b7e9bff809d73f12a729f53ab862b2789b00cadc7c20a4f93e5e3817f03f02",
                "421e2cd89249addd43850b26bf13c22be7f8066e1c32a26d04160c3f59777aec",
                "29fdf66301285b0548e7185b3c381e6b4820a4991781b2fa77e0b18b85e346d5",
                "1e9fc429b73ef0654a7cbb2e52608ea5d4f402b6a7df0ad6425fecf31c68ae1b",
                "948488443fa650e2be3b541caab050730aa840932390eeb411f4ba2f95379709"
            ],
            "type": "Script",
            "firstPartyCookies": {
                "fullthrottlelims_t2": {
                    "ttl": 630720004,
                    "length": 10,
                    "prevalence": 0.00006816353796027429,
                    "uniqueness": 1
                },
                "r": {
                    "ttl": 7204,
                    "length": 1,
                    "prevalence": 0.00006816353796027429,
                    "uniqueness": 0.1
                }
            },
            "firstPartyCookiesSent": {},
            "exampleSites": [
                "www.hughesfcu.org",
                "www.mitsubishicars.com",
                "www.ramjack.com",
                "www.myncu.com",
                "www.windownation.com",
                "mhsrv.com",
                "support.insinkerator.com",
                "grasspad.com",
                "www.masterspas.com",
                "www.americanfreight.com",
                "store.vioc.com",
                "www.lonestar.edu",
                "insinkerator.emerson.com",
                "www.alamo.edu",
                "www.members1st.org",
                "alpakagear.com",
                "newsouthwindow.com",
                "www.greencars.com",
                "www.toyotaofbellevue.com",
                "www.woodstockoutlet.com"
            ]
        },
        {
            "rule": "livemarketshoppers\\.com\\/fullthrottlelims_pxl\\.gif",
            "cookies": 0,
            "fingerprinting": 0,
            "subdomains": [
                "hits3"
            ],
            "apis": {},
            "sites": 23,
            "prevalence": 0.000157,
            "cnames": [],
            "responseHashes": [
                "f4eef8263281c0b26486637831251059757bc3fdc4c3a48045a8ef8646b36e8f"
            ],
            "type": "Image",
            "firstPartyCookies": {},
            "firstPartyCookiesSent": {
                "fullthrottlelims_t2": 0.00015677613730863087,
                "calltrk_landing": 0.000020449061388082287,
                "IR_gbd": 0.000006816353796027429,
                "lotame_domain_check": 0.000006816353796027429,
                "_li_dcdm_c": 0.000006816353796027429
            },
            "exampleSites": [
                "longhomeproducts.com",
                "www.bigtextrailers.com",
                "newsouthwindow.com",
                "grasspad.com",
                "www.kaaltv.com",
                "www.lithia.com",
                "www.toyotaofbellevue.com",
                "www.parkcommunity.com",
                "www.windownation.com",
                "www.annuity.org",
                "www.mitsubishicars.com",
                "mattresswarehouse.com",
                "www.myncu.com",
                "www.collegeofthedesert.edu",
                "www.alaskarailroad.com",
                "www.greencars.com",
                "www.bedrosians.com",
                "support.insinkerator.com",
                "www.asbestos.com",
                "www.woodstockoutlet.com"
            ]
        }
    ],
    "categories": [],
    "performance": {},
    "cookies": 0.0000818,
    "topInitiators": [
        {
            "domain": "1pdata.app",
            "prevalence": 0.3090909090909091
        },
        {
            "domain": "ftlaunchpad.ai",
            "prevalence": 0.2909090909090909
        },
        {
            "domain": "googletagmanager.com",
            "prevalence": 0.2727272727272727
        },
        {
            "domain": "first party",
            "prevalence": 0.07272727272727272
        },
        {
            "domain": "osano.com",
            "prevalence": 0.03636363636363636
        },
        {
            "domain": "autoid.com",
            "prevalence": 0.01818181818181818
        }
    ],
    "types": {
        "Script": 22,
        "Image": 23
    },
    "nameservers": [
        "ns-1172.awsdns-18.org",
        "ns-945.awsdns-54.net",
        "ns-432.awsdns-54.com",
        "ns-1996.awsdns-57.co.uk"
    ]
}