{
    "domain": "livemarketshoppers.com",
    "owner": {},
    "source": [
        "DuckDuckGo-US"
    ],
    "prevalence": 0.000348,
    "sites": 51,
    "subdomains": [
        "app",
        "hits3"
    ],
    "cnames": [],
    "fingerprinting": 1,
    "resources": [
        {
            "rule": "livemarketshoppers\\.com\\/fullthrottlelims\\.js",
            "cookies": 0.0000818,
            "fingerprinting": 1,
            "subdomains": [
                "app"
            ],
            "apis": {
                "Document.cookie getter": 11,
                "Date.prototype.getTime": 12,
                "Document.cookie setter": 11,
                "Navigator.prototype.userAgent": 12,
                "Navigator.prototype.language": 12,
                "Date.prototype.getTimezoneOffset": 12
            },
            "sites": 24,
            "prevalence": 0.000164,
            "cnames": [],
            "responseHashes": [
                "3bd8a13428ba2adb25bc8eaa53d3387d7139dd1ea16ac4bba40785449b8ac358",
                "5338b0b5e9cbcdba78aa9cf26a2e215d42d08c3c8b820aba6bf93ad5283be7f9",
                "f7436b857493faa8bb9173b7cba25212c1e1fb83545d02681d9389370eca85e2",
                "a3713a4a3eae02f8548d8862d8c088d2173803fc63c0e0e17c393e21e6f18094",
                "e3b586a4790dde4942f0b9e3d0793fdcc770c4c87e3e5d77fdbc7711ec573dbb",
                "89b066fbcd00440c51e6dea853aab9c6ef64f7564c7847aef073383470154ec8",
                "08cdfea52b4ba03e8ab48b184631cf7cb6f79d4620b6928abd799e0a8bddfd2e",
                "82fdcd8b22bff870a5b5d8711fae0c26e0c183c8671e7f59963c569ac0f3d88b",
                "0cbdf69a6ec4c5d30ecf95768343fd246c146d5fb806a3d8aeffa980a0a76408",
                "6f22dcbff74e1bf28a5cebb3d6bda7e991fc17dcca40ff90ce19c31c996638a7",
                "611f0d4daac2156751038721f3bd8913cf44d02ef97d87f4b7e7f837a0c916e7",
                "508dbc1f7b848d94901e29bc77110e104b241f7e457793457fe5bb991e534513"
            ],
            "type": "Script",
            "firstPartyCookies": {
                "fullthrottlelims_t2": {
                    "ttl": 630720003,
                    "length": 10,
                    "prevalence": 0.00007498295841854123,
                    "uniqueness": 1
                },
                "r": {
                    "ttl": 7203,
                    "length": 1,
                    "prevalence": 0.00007498295841854123,
                    "uniqueness": 0.09090909090909091
                }
            },
            "firstPartyCookiesSent": {},
            "exampleSites": [
                "www.masterspas.com",
                "fcymca.org",
                "www.floridacentralcu.com",
                "newsouthwindow.com",
                "alpakagear.com",
                "www.lonestar.edu",
                "www.americanfreight.com",
                "www.members1st.org",
                "mhsrv.com",
                "store.vioc.com",
                "support.insinkerator.com",
                "www.insinkerator.emerson.com",
                "www.hughesfcu.org",
                "www.alamo.edu",
                "www.woodstockoutlet.com",
                "insinkerator.emerson.com",
                "www.tuacahn.org",
                "www.ramjack.com",
                "www.vioc.com",
                "www.greencars.com"
            ]
        },
        {
            "rule": "livemarketshoppers\\.com\\/fullthrottlelims_pxl\\.gif",
            "cookies": 0,
            "fingerprinting": 0,
            "subdomains": [
                "hits3"
            ],
            "apis": {},
            "sites": 23,
            "prevalence": 0.000157,
            "cnames": [],
            "responseHashes": [
                "f4eef8263281c0b26486637831251059757bc3fdc4c3a48045a8ef8646b36e8f"
            ],
            "type": "Image",
            "firstPartyCookies": {},
            "firstPartyCookiesSent": {
                "fullthrottlelims_t2": 0.00015678254942058623,
                "calltrk_landing": 0.000027266530334014997,
                "IR_gbd": 0.000006816632583503749,
                "_li_dcdm_c": 0.000006816632583503749
            },
            "exampleSites": [
                "insinkerator.emerson.com",
                "www.5starford.com",
                "www.kaaltv.com",
                "www.greencars.com",
                "www.lithia.com",
                "www.masterstransportation.com",
                "www.hughesfcu.org",
                "www.visitpensacola.com",
                "www.insinkerator.emerson.com",
                "www.bedrosians.com",
                "support.insinkerator.com",
                "mattresswarehouse.com",
                "fcymca.org",
                "www.woodstockoutlet.com",
                "www.misaves.com",
                "www.myncu.com",
                "newsouthwindow.com",
                "www.asbestos.com",
                "www.alaskarailroad.com",
                "www.parkcommunity.com"
            ]
        }
    ],
    "categories": [],
    "performance": {},
    "cookies": 0.000109,
    "topInitiators": [
        {
            "domain": "ftlaunchpad.ai",
            "prevalence": 0.3148148148148148
        },
        {
            "domain": "googletagmanager.com",
            "prevalence": 0.2777777777777778
        },
        {
            "domain": "1pdata.app",
            "prevalence": 0.2777777777777778
        },
        {
            "domain": "first party",
            "prevalence": 0.09259259259259259
        },
        {
            "domain": "osano.com",
            "prevalence": 0.037037037037037035
        }
    ],
    "types": {
        "Script": 24,
        "Image": 23
    },
    "nameservers": [
        "ns-1996.awsdns-57.co.uk",
        "ns-432.awsdns-54.com",
        "ns-945.awsdns-54.net",
        "ns-1172.awsdns-18.org"
    ]
}