{
    "domain": "lovely-app.com",
    "owner": {},
    "source": [
        "DuckDuckGo-US"
    ],
    "prevalence": 0.000225,
    "sites": 33,
    "subdomains": [
        "ip"
    ],
    "cnames": [],
    "fingerprinting": 0,
    "resources": [
        {
            "rule": "lovely-app\\.com\\/",
            "cookies": 0,
            "fingerprinting": 0,
            "subdomains": [
                "ip"
            ],
            "apis": {},
            "sites": 14,
            "prevalence": 0.0000953,
            "cnames": [],
            "responseHashes": [
                "b4eeaa7e153432a946fccd6d557e0cc7519b36ad2e3af32c56b2476cc0c460ae",
                "326b98fa6c2a20147088df6bb1e02ccaa6647dbd61a987a014206a80320c980d",
                "8967ca58e796ed2823a259ae1cd993dfbc6f5b8732958a2ea3b0aa1e7d911509",
                "b051f0aadd00cd45757e85bc26a3a385a215c252deb1f0daede7f6b0e0385d8d",
                "c01e9189f4ac341e588ee9c5cc594d045bb94e5a2e774a937c21dbfe20919195",
                "3bae16ea6dbcc3451dd98490f78bb3f347c72f00b5c5ed53a8169a8df3bdfa91",
                "39cc9313107a7501739e9a9e00c43033269c5bc969de380797e4825f385d597d"
            ],
            "type": "XHR",
            "firstPartyCookies": {},
            "firstPartyCookiesSent": {},
            "exampleSites": [
                "boody.com",
                "heelys.com",
                "kith.com",
                "pelicansport.com",
                "queenofthethrones.com",
                "redragonshop.com",
                "us.davines.com",
                "vessi.com",
                "www.arccosgolf.com",
                "www.gladiatorgarageworks.com",
                "www.igloocoolers.com",
                "www.maperformance.com",
                "www.saxxunderwear.com",
                "www.sparrowslockpicks.com"
            ]
        },
        {
            "rule": "lovely-app\\.com\\/",
            "cookies": 0,
            "fingerprinting": 0,
            "subdomains": [
                "ip"
            ],
            "apis": {},
            "sites": 6,
            "prevalence": 0.0000408,
            "cnames": [],
            "responseHashes": [
                "b4eeaa7e153432a946fccd6d557e0cc7519b36ad2e3af32c56b2476cc0c460ae",
                "a98fb3bd5fed75a98bdfb4a5f9df5b8202a6442c44b021de3ccbf0bdbe2880c7",
                "d264043b5e8655ac230fd81a12f5280ae017e82fde930a17c11f63ed17830bf8",
                "3db659d6eaf300a4d61412297ba1825a21b7a33f6c2610784e03a1d01cac60e2"
            ],
            "type": "Fetch",
            "firstPartyCookies": {},
            "firstPartyCookiesSent": {},
            "exampleSites": [
                "maelove.com",
                "topodesigns.com",
                "travelpro.com",
                "www.fleshlight.com",
                "www.radioddity.com",
                "www.stussy.com"
            ]
        }
    ],
    "categories": [],
    "performance": {},
    "cookies": 0,
    "topInitiators": [
        {
            "domain": "first party",
            "prevalence": 0.7428571428571429
        },
        {
            "domain": "jquery.com",
            "prevalence": 0.05714285714285714
        },
        {
            "domain": "shopifyorderlimits.s3.amazonaws.com",
            "prevalence": 0.05714285714285714
        },
        {
            "domain": "sentry-cdn.com",
            "prevalence": 0.05714285714285714
        },
        {
            "domain": "d2fj3s7h83rb61.cloudfront.net",
            "prevalence": 0.02857142857142857
        },
        {
            "domain": "getelevar.com",
            "prevalence": 0.02857142857142857
        },
        {
            "domain": "shopify.com",
            "prevalence": 0.02857142857142857
        }
    ],
    "types": {
        "XHR": 14,
        "Fetch": 6
    },
    "nameservers": [
        "vida.ns.cloudflare.com",
        "ian.ns.cloudflare.com"
    ]
}