{
    "domain": "luxcdn.com",
    "owner": {},
    "source": [
        "DuckDuckGo-US"
    ],
    "prevalence": 0.00013,
    "sites": 19,
    "subdomains": [
        "s"
    ],
    "cnames": [],
    "fingerprinting": 2,
    "resources": [
        {
            "rule": "luxcdn\\.com\\/t\\/222800\\/360_light\\.js",
            "cookies": 0,
            "fingerprinting": 2,
            "subdomains": [
                "s"
            ],
            "apis": {
                "Navigator.prototype.userAgent": 3,
                "Date.prototype.getTime": 3,
                "window.localStorage": 3,
                "Document.cookie getter": 3,
                "Navigator.prototype.connection": 3,
                "window.innerWidth": 3,
                "window.innerHeight": 3,
                "Navigator.prototype.language": 3,
                "Navigator.prototype.cookieEnabled": 3,
                "window.sessionStorage": 3,
                "Element.prototype.getClientRects": 3
            },
            "sites": 3,
            "prevalence": 0.0000204,
            "cnames": [],
            "responseHashes": [
                "06c0ccb6c69bb84e448389be51bbae4bf01713a4cc5b871947a1d384b0866250"
            ],
            "type": "Script",
            "firstPartyCookies": {},
            "firstPartyCookiesSent": {},
            "exampleSites": [
                "abcdef.wiki",
                "fr.abcdef.wiki",
                "nl.abcdef.wiki"
            ]
        },
        {
            "rule": "luxcdn\\.com\\/hbadx\\/",
            "cookies": 0,
            "fingerprinting": 0,
            "subdomains": [],
            "apis": {},
            "sites": 18,
            "prevalence": 0.000123,
            "cnames": [],
            "responseHashes": [
                "edd2df14d718c9467ce1c8a5a06595f8c201f96d446da46ab451010f21fbdf75",
                "4c0b6dcd1dad9cd358a55baa4054078b77686bbeb000a4eb3c1a8008ae0caac4",
                "2aa27559b7aad3a7065d1908f44f5cb4ca8483a836cc284132724253549cec44",
                "e426732f6d1ec5ba1878ffa48ab19b1621e38ed4df6ea024a5d4fb817ef34e81",
                "6a930ddd9d1e6ecac2e6fcfb9b9ff2ce04ea425534dfa1a8b499e8a28b5b386a",
                "925bdf01c996563bad5e5278d54c8b77e52188e7ae90b64e316c551561d44af7",
                "12fc510d9962a3afda85820a8138db0634d72efcfc6a6090c470e655d5312dbd",
                "a215cc0bccd52e001dab3975797046fdd62ac0c4072405028b279fa0c1bedcd1",
                "a83c732807422b78806b32ba07958d7b77d197abbd460adc690e554371358989",
                "3a32685ae8e99773976f82e5b72da2624f266e9fe8891d4165817f14691732e4",
                "33fa44d8fc5a3c5c26a3d4253297f132b60d6745c073576e5736ed656d34e185",
                "d2e02729f4d1653b5a9c04eff9b75a21f2b80bf9cb123cc99a756117d1527e50",
                "7df385ed98f019006cb2e512bddc524f956ab5ff4139d790398116740cb3c2d6",
                "484f163fb112731fc827877d205a4f4da6e27b1151a0dfc933b3126e7d7ac151",
                "1ce7449ab9686525e98f7a0d5a24a01b392ae5ad8d7ed0a9c964e0723d02e801",
                "9243d444ce968076fde7c9966680d9360040c2af4c05c7f3d3a44f2a6d4f2c02",
                "3cc1144508b6ae2abdda04d4663b5f478e9a74ad64ddd9972d165b736d6f9524"
            ],
            "type": "Script",
            "firstPartyCookies": {},
            "firstPartyCookiesSent": {},
            "exampleSites": [
                "abcdef.wiki",
                "deti-online.com",
                "felomena.com",
                "fr.abcdef.wiki",
                "geekville.ru",
                "kartaslov.ru",
                "lumpics.ru",
                "magya-online.ru",
                "nl.abcdef.wiki",
                "ppt.ru",
                "pronedra.ru",
                "rifme.net",
                "sinonim.org",
                "style.rbc.ru",
                "www.astromeridian.ru",
                "www.calend.ru",
                "www.megacritic.ru",
                "www.tourister.ru"
            ]
        },
        {
            "rule": "luxcdn\\.com\\/luxuptag_log\\/",
            "cookies": 0,
            "fingerprinting": 0,
            "subdomains": [],
            "apis": {},
            "sites": 16,
            "prevalence": 0.000109,
            "cnames": [],
            "responseHashes": [
                "c5d59ca5efe244e6c2699defb08ab684016119f155f7ac18f153946819842f31",
                "0f7e6477f4350424c5562350b690c251a5c1dc59f53669b5919e28b4bb79b122",
                "cada93656f89025ba6f2e4276d7b6eac9897fde51062b534e00e38f494c88ddc",
                "5dcfdbcec22df6324b0ee437b5c04162e9e14e373fd6a4603cde5678df78968d",
                "160b5a8f7d393319e4bab7b3d853c13815fb9c5bb3dc013bc1076e667a83d436",
                "c81a994231deb5931843bba6ae647143965423c7ec25806bf89b29102948fc1f",
                "4980436905642aad3ab0906df84a279628c94d2b8c7e87dd647fd2a5eec5bdc5",
                "518707b9c8697a132eecff98ee6eac46874a98168d6f606646b02a018cf3a034",
                "b250900c77297c0aebc336b0d66b40f0b3d2b69a5e3dcba3f3263f3da3b98ff4",
                "9fb794a0424f8632f98cd900b7382f2b5ef4825ffd3a30041d2c4800ab88d0f2",
                "2fb7b7f0404d5fe086aae6c2b64879e00efc031d1b219c7c923a132cb4126e9e",
                "7411731a2f03b3246e6b9f64276fcf34e548e04a6945c0e2cab6a218f05f0062",
                "329d548a3f6814596b8b20f343b92e4dc4d6780c6742ab89af07f2a096f8aff8",
                "1322943b15cdca9592404630dadd8256d3c8413c7bd5db87c6c6af9ef8d1f4fb",
                "5b73182e6336c4c5eb8144d7e6617c75f3594cb1954ab1d870240c0a0ba28b0c"
            ],
            "type": "Script",
            "firstPartyCookies": {},
            "firstPartyCookiesSent": {},
            "exampleSites": [
                "abcdef.wiki",
                "de.abcdef.wiki",
                "deti-online.com",
                "fr.abcdef.wiki",
                "geekville.ru",
                "kartaslov.ru",
                "lumpics.ru",
                "magya-online.ru",
                "nl.abcdef.wiki",
                "ppt.ru",
                "pronedra.ru",
                "sinonim.org",
                "style.rbc.ru",
                "www.astromeridian.ru",
                "www.megacritic.ru",
                "www.tourister.ru"
            ]
        }
    ],
    "categories": [],
    "performance": {},
    "cookies": 0,
    "topInitiators": [
        {
            "domain": "first party",
            "prevalence": 0.5757575757575758
        },
        {
            "domain": "luxupcdnc.com",
            "prevalence": 0.2727272727272727
        },
        {
            "domain": "yandex.ru",
            "prevalence": 0.09090909090909091
        },
        {
            "domain": "yastatic.net",
            "prevalence": 0.030303030303030304
        },
        {
            "domain": "googletagmanager.com",
            "prevalence": 0.030303030303030304
        }
    ],
    "types": {
        "Script": 37
    },
    "nameservers": [
        "ns2.luxcdn.com",
        "ns1.luxcdn.com",
        "ns3.luxcdn.com"
    ]
}