{
    "domain": "lwcdn.com",
    "owner": {},
    "source": [
        "DuckDuckGo-US"
    ],
    "prevalence": 0.0000885,
    "sites": 13,
    "subdomains": [
        "ljsp"
    ],
    "cnames": [],
    "fingerprinting": 0,
    "resources": [
        {
            "rule": "lwcdn\\.com\\/web\\/public\\/countdown\\/time\\.json",
            "cookies": 0,
            "fingerprinting": 0,
            "subdomains": [
                "ljsp"
            ],
            "apis": {},
            "sites": 12,
            "prevalence": 0.0000817,
            "cnames": [],
            "responseHashes": [
                "43a0ed73544de3445ce35fe22841b2d683b7d6a8e4beeab266eeb48e542d59d2",
                "de68ceec4b73767bde86b3d6ea68be2f434ee05398a5328e759fa140f65c3ab5",
                "aa6f4a46aabfe4fa9d16919ecadfe48a043f8aab53a4575ffd7751879fbb31be",
                "47a177732be229a2fbb4f9b10be9e2bcefd6167aecdeaff61d99a409965bda8c",
                "188df168d13cfd74bcb2e4888c17d2887a7ed5178089c5988c4d73e609fc7d29",
                "49dddb858edc1e195a6df012a94c432568818e1e5e78e737426711bfa01acc5c",
                "0e1be2d853c57b3cc8dcf6a21e620a5bd0c69e0478cd665f520b44b3aa676465",
                "417134ff54cf9567f812c97f7499b21f26abe7e5f03be2b3b3892e3d46b383cd",
                "f3b8f08279fd8e0b1aa0d46c7e74fbd3224449572b9ba28db3312932a452334a",
                "189a73738fc23216bffc264e7b775742f6e98a2b9232d25f8c532e3552eb7142"
            ],
            "type": "Fetch",
            "firstPartyCookies": {},
            "firstPartyCookiesSent": {},
            "exampleSites": [
                "dollarsandsense.sg",
                "hotcopper.com.au",
                "stockhead.com.au",
                "www.dividendmax.com",
                "www.macrotrends.net",
                "www.marketindex.com.au",
                "www.rtvs.sk",
                "www.sisley-paris.com",
                "www.smithsonianmag.com",
                "www.sony.com.au",
                "www.ynetnews.com",
                "www.ynet.co.il"
            ]
        }
    ],
    "categories": [],
    "performance": {},
    "cookies": 0,
    "topInitiators": [
        {
            "domain": "flowplayer.com",
            "prevalence": 0.65
        },
        {
            "domain": "first party",
            "prevalence": 0.3
        },
        {
            "domain": "freecaster.com",
            "prevalence": 0.05
        }
    ],
    "types": {
        "Fetch": 12
    },
    "nameservers": [
        "ns-1734.awsdns-24.co.uk",
        "ns-1411.awsdns-48.org",
        "ns-77.awsdns-09.com",
        "ns-816.awsdns-38.net"
    ]
}