{
    "domain": "maturefreesex.net",
    "owner": {},
    "source": [
        "DuckDuckGo-US"
    ],
    "prevalence": 0.000102,
    "sites": 15,
    "subdomains": [],
    "cnames": [],
    "fingerprinting": 0,
    "resources": [
        {
            "rule": "maturefreesex\\.net\\/myvids\\/mltbn2\\/maturefreesexnet-multi-exo2\\.php",
            "cookies": 0,
            "fingerprinting": 0,
            "subdomains": [],
            "apis": {},
            "sites": 7,
            "prevalence": 0.0000477,
            "cnames": [],
            "responseHashes": [
                "65e5b7058902065a669ce0883ebdd81b6a865fbd6efeb9e1d2d4ba483980da83"
            ],
            "type": "Document",
            "firstPartyCookies": {},
            "firstPartyCookiesSent": {},
            "exampleSites": [
                "bhabhixxxvideos.com",
                "desifuck.cc",
                "desisex.su",
                "japaneseporn.su",
                "lesbitube.net",
                "momvideos24.com",
                "xvideos.rest"
            ]
        },
        {
            "rule": "maturefreesex\\.net\\/myvids\\/exofall\\/exofb\\.php",
            "cookies": 0,
            "fingerprinting": 0,
            "subdomains": [],
            "apis": {},
            "sites": 15,
            "prevalence": 0.000102,
            "cnames": [],
            "responseHashes": [
                "5d619ac96ae8d6dc37424446fda4946d113d15d17021ef9b111eeb3fc937fc41",
                "25d404422101c6b8e91e5c77d6e87fd12060f206d6f8d9b81cd3bb6e446a2a32",
                "e2f07af62e6cd1a70bcbfbf87a394dca37a8ce4915fff29b2cf0c2c4a85e39a5",
                "58ece9e0136864f76b54f0e246bbb6b929e4d17befb1b5c318dfad7f548fd283",
                "78acfb63cf7e43fff2b884a256b1fa7bf10e865a4683bd4a2ed3b6fa71fe1d99",
                "63e6a010b3ce75a641abaca5901cb727cd98a2294f98241fc472dc4a5a4ee15a",
                "20928212a515dc5e88234f27b257366195f8dbed362c9b4e5c80742274543303",
                "5b9d8cd8f6b531be7bb3f95d0694668fb83a80845e2aa82f8de4109abde980fa",
                "6b1d1d24cf3bd34c61b6f6d64c6a2fb97235eff60000e438ef37830b96ef28b2",
                "20f85f5a8bc7ea9aa870756927bc006fa2add869f4948d56b819ee4208e327e7",
                "efd33a57ed20dd17979ef9c101293fb230a7e513803def7d9d3bb593d6658014",
                "60770af93622a2158dd96ce01a679feea507e360d38b4d94a138c51463d8bff2",
                "69d3d0fb2025785ca707225ad6052f7e5ed55dc735be462a343d328d9bc0e6da",
                "c701fe3a9c30df0e98760a79cafcb02aab444a6511a794b6621b62dbf255bdbc"
            ],
            "type": "Document",
            "firstPartyCookies": {},
            "firstPartyCookiesSent": {},
            "exampleSites": [
                "bhabhixxxvideos.com",
                "desifuck.cc",
                "desisex.su",
                "hdjav.su",
                "hindipornhd.com",
                "hot-porn.pro",
                "indianxxx.su",
                "japaneseporn.su",
                "koreanporn.su",
                "lesbitube.net",
                "momvideos24.com",
                "newsexvideos.net",
                "x-videos.pro",
                "xvideos.rest",
                "xxxsexxx.net"
            ]
        },
        {
            "rule": "maturefreesex\\.net\\/myvids\\/mltbn2\\/maturefreesexnet-multi-exo3\\.php",
            "cookies": 0,
            "fingerprinting": 0,
            "subdomains": [],
            "apis": {},
            "sites": 5,
            "prevalence": 0.0000341,
            "cnames": [],
            "responseHashes": [
                "987a62b5aa0e668903ded1760addb28a014ae3b260ae7eedb610b6e3663cc7e3"
            ],
            "type": "Document",
            "firstPartyCookies": {},
            "firstPartyCookiesSent": {},
            "exampleSites": [
                "hdjav.su",
                "hot-porn.pro",
                "indianxxx.su",
                "newsexvideos.net",
                "xxxsexxx.net"
            ]
        },
        {
            "rule": "maturefreesex\\.net\\/myvids\\/mltbn2\\/maturefreesexnet-multi-exo4\\.php",
            "cookies": 0,
            "fingerprinting": 0,
            "subdomains": [],
            "apis": {},
            "sites": 2,
            "prevalence": 0.0000136,
            "cnames": [],
            "responseHashes": [
                "bcc2fc666af98e5301b43689a886a8d11b3f92400a194d13d36c0d4bfebb6ab9"
            ],
            "type": "Document",
            "firstPartyCookies": {},
            "firstPartyCookiesSent": {},
            "exampleSites": [
                "hindipornhd.com",
                "japaneseporn.su"
            ]
        },
        {
            "rule": "maturefreesex\\.net\\/myvids\\/exofall\\/thumbs\\/78\\.jpg",
            "cookies": 0,
            "fingerprinting": 0,
            "subdomains": [],
            "apis": {},
            "sites": 2,
            "prevalence": 0.0000136,
            "cnames": [],
            "responseHashes": [
                "963ec6f62804e0bcbc414dfe6facdcc8c5fcd2ab1c26a31c6b408730a68c8b81"
            ],
            "type": "Image",
            "firstPartyCookies": {},
            "firstPartyCookiesSent": {},
            "exampleSites": [
                "indianxxx.su",
                "xxxsexxx.net"
            ]
        },
        {
            "rule": "maturefreesex\\.net\\/myvids\\/mltbn2\\/maturefreesexnet-multi-exo1\\.php",
            "cookies": 0,
            "fingerprinting": 0,
            "subdomains": [],
            "apis": {},
            "sites": 4,
            "prevalence": 0.0000273,
            "cnames": [],
            "responseHashes": [
                "edc5f9a40bb5d85b902253f8c1064dc82c82c2f82defa4cc23d6ec6bece313fd"
            ],
            "type": "Document",
            "firstPartyCookies": {},
            "firstPartyCookiesSent": {},
            "exampleSites": [
                "koreanporn.su",
                "lesbitube.net",
                "x-videos.pro",
                "xvideos.rest"
            ]
        }
    ],
    "categories": [],
    "performance": {},
    "cookies": 0,
    "topInitiators": [
        {
            "domain": "first party",
            "prevalence": 0.5121951219512195
        },
        {
            "domain": "magsrv.com",
            "prevalence": 0.4878048780487805
        }
    ],
    "types": {
        "Document": 33,
        "Image": 2
    },
    "nameservers": [
        "ns1.hostiservices.com",
        "ns2.hostiservices.com"
    ]
}