{
    "domain": "mcpuwpsh.com",
    "owner": {},
    "source": [
        "DuckDuckGo-US"
    ],
    "prevalence": 0.00122,
    "sites": 179,
    "subdomains": [
        "video"
    ],
    "cnames": [],
    "fingerprinting": 0,
    "resources": [
        {
            "rule": "mcpuwpsh\\.com\\/get\\/",
            "cookies": 0,
            "fingerprinting": 0,
            "subdomains": [],
            "apis": {},
            "sites": 70,
            "prevalence": 0.000477,
            "cnames": [],
            "responseHashes": [
                "b753e86cdd146a7d4901e318439dfef0497176363da0ccb42773e72f52fca329",
                "ff7231aff00bd03d406578c3766d76aa114536429142ec51b7b582262d664036",
                "7ccabb0fdf171d9fff44e9ba2e61ce7fd5383e054b985fc20ceea54674363d16",
                "05a46d8ed2d00e00f748a73172754d7dcbb272e7d3a2dcaa74b1464a0585b913",
                "bf12d355df3f450428fe9d6aae8a51cb77b024383fb2f691d59413045e08f13e",
                "ba0e13231456c9ced9eb23dfc9cbd68159d45cc6b6c215a5e0b95ff162054113",
                "cde0e34b0d50d73582725debd290c8ad44b8e09a64838b26ebd653bea4d49e17",
                "82e482c8ea6abf8ba743974538b7273a0c9eed40e1138941d3293b3972c9b2f8",
                "0f0a2c9c5a07663e3f8012b7134ec11be2acd66fe3f7c4b691834c4da9eeebb0",
                "eba520d86172b1d1b4b8854de1fa930b21ac6a45be48dca2ab12bf73c1f9d26b",
                "bba6f112985046b508d7c34401c493980fda367f89723ab0181909e70e245c8e",
                "8cdb5bd85bbbab8a5bfa611e8b6926a654a50d5c9921af28d6b48811f635e83b",
                "75981ac15b560b46e075a84a6a790d7c1f5a159a8f53dcd4b870757c7f56e1d8",
                "d5bedc9d20dd5a8bb370d3640830cca716a35dd24087b60cab8067ace42d4a4a",
                "e3b0c44298fc1c149afbf4c8996fb92427ae41e4649b934ca495991b7852b855",
                "cea5cb43eff2410841fe611fc7c4c211634a5111309bb628e2190875cddefc35",
                "3956a5eab53912af1be68ae5d1f3980fea694245136809aa9e7f5b31fd565089",
                "5ca9761f9fe46a2b41fa25735762fabe601f715b6aa2fe8a28e79e830f145ed0",
                "37bcf3cdd083b59dbebc97f2129b96fd497a4e301da75b0ea5c32e3f6bea089e",
                "0964bf0c221ef6bd3384c82e590be1b650e5da5735a75f2a34e1428352ba7afe",
                "7f30b75e9aa538a28b6b74b9af770a23134ac20f8b3571e9c39998727d85b351",
                "cee7283dce9e52173faaa3d8b90a9dc2e593538ae6dd2c7226e030e7cdc566ee",
                "2adb2384bc55ab8ba6259f9ade62d37680de2f31df5dba3b543621a18ecf089e",
                "183e0bb5c527eb248cdfaca8197739acebc37aa69c86ee1a5f31bb4f64d23e19",
                "1f69334c25d3928bc37f9d7c6864c3e7f3db4c86e49da4ea467a125a5905f555",
                "d4300bd753ba9200dc5c96c84c60477f74d67ec2bd601b706bfb926040fc4548",
                "f947968bbe7ad7b4f38761508cf1b2744510cca091796b41a350cd1fc2c22e99",
                "63275febbb4738e1112404fae83464cf9dac32a1f581e056eb0c15453a67d126",
                "a02d503024f7aa7ad94c776c3743e59663f416bc901afad8980c3e2552985c79",
                "35506df34ffda5095e32b0154ee2a4f1b80a7772cc3663c8b3d565919dbe2a6a",
                "92a0a77943972ba36775ebb7ae120f9ef03b68024e0049fdaebeff9c31e8f3e7",
                "9ab91c9e81e731175bf221df82cf48c07937ab9e27a9c03c7232d896eb34c2cb",
                "1d77deb3a43d5c3326526c3e128bbbc8e3d56bfbb62e5ba56e8d32d04d27f0f0",
                "3374a6fbbba70616632cb64314f2f0fbb2d19695c4e0132cad733cfb21808e83",
                "426bad60820491d9ce417773a119cc58d593023c9560c4f4d03298bf5a218931",
                "8d159a1d0dff8e4864da07225c2e3dedb727ed0125a98004330c528ea797e722",
                "2b5ebd3a7b72fd166ad205e9b4cdb5208aedde295a17f4aa541960347b3499ee",
                "93d307f1c23bcd4dba5e052f0778db2b036bf02ad659f689e11fe1694e6ee02e",
                "9b103916dddcd2e88170631d118d9213be1901485559e04e17390493e758a786",
                "619bd16c07c6afe0f68574e329939e6011ac4058cf0da39ba37511c2ae1bfeaa",
                "6da79191a5eda3d34ad780b1c23e1193493c2779ae46a24db011e50a23bc7c73",
                "27feb195905177c342076faaac0cc837e5b8d2e360d6fc20ac197996cce41811",
                "0a85b39cd12d325f3ca6ec0cd91abe80e2e8f0851c2ea8d02cd4746c8dbb99a9",
                "cea18305f1c3e85c3eda0af6aa7a63c435708c94145fb19cc1a5be9edbedcdb6",
                "ce29574a788d4324725d3f9403cdad61fc286395cc2da48b9a4be946a04db569",
                "edfc9668b629e333806bd0360458f1777aa9a1b8b4673e32aa8f18411edc4567",
                "0272966a6dc23b2caf730979278b4d98f91921fae29abb7eab161ba899a61fe7",
                "f0cc820ea253b2521f12dca68695feed1f5330b6a575296eaf3d3fec22e12ac8",
                "9a3789d97db4a77a193ccb03694c1ebb18f9b151302cdc7d28cd3921063d5811",
                "7c68e8c09f30cd05664752ce84ea2b6e73edfcbb143740b00ea6edd6ba7bb02f",
                "769049a704c3ae620e357795d1516e8904019b8d9a51ec5837db804c6a52ec68",
                "915ce6051424762ef053dbf199cfaf206dc2125ff51a0761fb8795435e609640",
                "5eacfb792d8b6af726da8e7b068bee9ca1d6410c67197e345633758a30ac8819",
                "6bbea4101fbd6ee39ff2cfc31aa5f7064357848d6c309db089612ac0b8739aa4",
                "0e7426d5856b18f88f990e676ca3354c8c4d28f2a6f2c930bd357c0e4479a259",
                "366bee6328a74c4db86fb25d7dba3ead14ccb05b1741bac66fdda69231fc9cd8",
                "9129bbb5db74c81095991076b626dc9c691d55e06bd6a522e4aeef51721f3892",
                "81db23a8b0b8806169e3c4234c4d4e053f4fbbe958a7f0cba2cec617f711cdf3",
                "f0f6590faabec11c8fae51fae6a53e9b456e66c8b24611ad753a267a817399ed",
                "c29fa3f89cf342123d401e97848e47902f647beae6f7a01deaca421246df5671",
                "dd2783dc387275e7a6599fdab5fe8ce57043da5a9cc1ddd514351db44c1e4f6e",
                "d08d43c5f352d92ac3f85ec466d7d7a45aeab34b42f23ccaed5081afe3bd9403",
                "a1434208388a9798c13fea00c4358f70cc6bc8fec2373cb74a7f6123a88c5ce1",
                "2a85cf56a0d3dd300c2ae0762bd8e90be9b6ddbc6ef1dfc72b8c725b34841fcc",
                "7df70a98bdd5fab7467b58635932f4c4dd76b228e84fa5b8ac5b5270794a89b1",
                "7d25d919ec48b0e64db58e7f5d658221a5c00bd22f88599a7898816d5b0a01d7"
            ],
            "type": "Fetch",
            "firstPartyCookies": {},
            "firstPartyCookiesSent": {},
            "exampleSites": [
                "javfc2.net",
                "xxnxar.com",
                "auntymaza.cc",
                "bokep-jepang.pro",
                "desixflix.com",
                "extremescatporn.com",
                "masaporn.top",
                "mydesi.top",
                "milfpornxx.com",
                "chaturflix.cam",
                "peladas69.com",
                "porngo.xxx",
                "javhdmost.com",
                "masahub.live",
                "xnxxarby.com",
                "watchporn.to",
                "bokepcolmek.pro",
                "watchmdh.to",
                "leakhub.vip",
                "www.arabx69.com"
            ]
        },
        {
            "rule": "mcpuwpsh\\.com\\/get",
            "cookies": 0,
            "fingerprinting": 0,
            "subdomains": [],
            "apis": {},
            "sites": 60,
            "prevalence": 0.000409,
            "cnames": [],