{
    "domain": "medfoodsafety.com",
    "owner": {},
    "source": [
        "DuckDuckGo-US"
    ],
    "prevalence": 0.000211,
    "sites": 31,
    "subdomains": [
        "a",
        "cdn3"
    ],
    "cnames": [],
    "fingerprinting": 0,
    "resources": [
        {
            "rule": "medfoodsafety\\.com\\/loader",
            "cookies": 0,
            "fingerprinting": 0,
            "subdomains": [
                "a"
            ],
            "apis": {},
            "sites": 21,
            "prevalence": 0.000143,
            "cnames": [],
            "responseHashes": [
                "b1fe0f0ef8196cd5dd25f34832444ed84fb0656142cb9843ada274633960f66f",
                "6c9ee506a95cdf7886b631a4eee0c612567be105223b783b85580e58af581d6b",
                "9f86477f1f748d23050897cd8ba5953f87f2fe9a272fc45d4a03415f89347b33",
                "50ff50993e9b99de808a8c4952d60cbcb9b1c66a36170cf7519feb8ea5feb919",
                "02a54e6a791b8651c1244259ad7cf921eae86202a5660457d83a2aedf028c88d",
                "4b8ce9c78913395d83f71f700f5e120c367be6bdb3b16988d5a9669604b4b621",
                "82608ba63df473dad32f74e9e9de71e4703ec05f290da0541da0a13ca40abff4",
                "534aeeb1e40916c83a20ac22aadbe98c8690f66dce1ff0534f0d03ea91a86cab",
                "2995a09a3acaa9d93e9fa7a2254b813b4080b9e021e7f4f5af1d79cae49f5557",
                "c587d34251009aa5eb3df5bb26af8f8c86877730c4737a3d0bef7a2fdfe4f9af",
                "dbcfcb8263014b5659f36da2a1b3956397290064ed822ce24652a93edab62745",
                "c32c588d5bb136a8e670370af0a99b4aae9df2d7e5a2cb1605bf0b8099fe4ad8",
                "89e1d4fc2114b50f630cbef99ee5b82883aa951412193cdecb70e6f4c6a8cb23",
                "eef8a18e7528f1c9e47d015fe13d1c8d76cff1d900e988a7b24fda79a1b2c712",
                "e078b4b52d29b3d3201d0698ffd4a9f04315101e6d6ad13a72f838f6dcc6bb1e",
                "f3f0e24b917b3d20e68d354d6009482f3da7bad281213099ac03927f00ce7af2",
                "7cfd09cb1a51cf597078ca32111f013745907e562112a9893f9d94fd40ecde78",
                "ee6af55f36551831feaf0255b515d6a5bf16f08a6828d8cec92cea8b1b35ca0b",
                "2c43830654a0ebc46bc11f8522ee7b29d08835f9eb98aceec9e46881ec3922c9"
            ],
            "type": "Document",
            "firstPartyCookies": {},
            "firstPartyCookiesSent": {},
            "exampleSites": [
                "www.wankbus.com",
                "nsfw.xxx",
                "bustybus.com",
                "goldtits.com",
                "sextingfinder.com",
                "severeporn.com",
                "xxxvideo.world",
                "www.porngo.com",
                "www.pornhomemade.com",
                "hog.tv",
                "18nudeteens.net",
                "lesbify.com",
                "www.redgifs.com",
                "atkingdom.com",
                "xfantazy.com",
                "fivestarpornsites.com",
                "pop.xxx",
                "sexu.com",
                "tubehall.com",
                "sos.xxx"
            ]
        },
        {
            "rule": "medfoodsafety\\.com\\/i",
            "cookies": 0,
            "fingerprinting": 0,
            "subdomains": [
                "a"
            ],
            "apis": {},
            "sites": 21,
            "prevalence": 0.000143,
            "cnames": [],
            "responseHashes": [
                "e3b0c44298fc1c149afbf4c8996fb92427ae41e4649b934ca495991b7852b855"
            ],
            "type": "Image",
            "firstPartyCookies": {},
            "firstPartyCookiesSent": {},
            "exampleSites": [
                "sextingfinder.com",
                "sos.xxx",
                "severeporn.com",
                "lesbify.com",
                "sexu.com",
                "jizzbunker2.com",
                "xxxdan.com",
                "atkingdom.com",
                "pop.xxx",
                "nsfw.xxx",
                "18nudeteens.net",
                "jizzbunker.com",
                "www.wankbus.com",
                "www.porngo.com",
                "goldtits.com",
                "bustybus.com",
                "www.pornhomemade.com",
                "hog.tv",
                "tubehall.com",
                "xfantazy.com"
            ]
        },
        {
            "rule": "medfoodsafety\\.com\\/r",
            "cookies": 0,
            "fingerprinting": 0,
            "subdomains": [
                "a"
            ],
            "apis": {},
            "sites": 9,
            "prevalence": 0.0000613,
            "cnames": [],
            "responseHashes": [
                "e3b0c44298fc1c149afbf4c8996fb92427ae41e4649b934ca495991b7852b855"
            ],
            "type": "Image",
            "firstPartyCookies": {},
            "firstPartyCookiesSent": {},
            "exampleSites": [
                "fivestarpornsites.com",
                "jizzbunker.com",
                "nsfw.xxx",
                "severeporn.com",
                "sexu.com",
                "www.pornhomemade.com",
                "www.redgifs.com",
                "www.wankbus.com",
                "xxxdan.com"
            ]
        },
        {
            "rule": "medfoodsafety\\.com\\/warp",
            "cookies": 0,
            "fingerprinting": 0,
            "subdomains": [
                "a"
            ],
            "apis": {},
            "sites": 7,
            "prevalence": 0.0000477,
            "cnames": [],
            "responseHashes": [
                "51c4c11fa003423b36f9a094540b2d3f4ac6c32241253f8493cd267b9e748ba3",
                "cd9e2c2f5bc35bdb13ecb450a65cf6c77644c68a76eb3dd398306e46e67737a6",
                "55781bc1aad167245ec3af643cbbb8725947d6fe52fa72dd23dcdb05526f6c04"
            ],
            "type": "Script",
            "firstPartyCookies": {},
            "firstPartyCookiesSent": {},
            "exampleSites": [
                "goldtits.com",
                "lesbify.com",
                "pop.xxx",
                "sos.xxx",
                "tubehall.com",
                "www.wankbus.com",
                "xxxvideo.world"
            ]
        },
        {
            "rule": "medfoodsafety\\.com\\/3a\\/e0\\/55309\\/00000277680\\.gif",
            "cookies": 0,
            "fingerprinting": 0,
            "subdomains": [
                "cdn3"
            ],
            "apis": {},
            "sites": 2,
            "prevalence": 0.0000136,
            "cnames": [],
            "responseHashes": [
                "9462247d435c4d3d200b347c44129945423e4ae3d489f14e2a9e92ac594c4cd6"
            ],
            "type": "Image",
            "firstPartyCookies": {},
            "firstPartyCookiesSent": {},
            "exampleSites": [
                "goldtits.com",
                "sos.xxx"
            ]
        },
        {
            "rule": "medfoodsafety\\.com\\/3a\\/e0\\/55309\\/00000277685\\.gif",
            "cookies": 0,
            "fingerprinting": 0,
            "subdomains": [
                "cdn3"
            ],
            "apis": {},
            "sites": 3,
            "prevalence": 0.0000204,
            "cnames": [],
            "responseHashes": [
                "f88fd54aa5b3317b007edd7f9c7b362dc3f192487db69ff1d1ecb8216f5ada9f"
            ],
            "type": "Image",
            "firstPartyCookies": {},
            "firstPartyCookiesSent": {},
            "exampleSites": [
                "lesbify.com",
                "sos.xxx",
                "tubehall.com"
            ]
        },
        {
            "rule": "medfoodsafety\\.com\\/e7\\/ef\\/77736\\/1609604\\.png",
            "cookies": 0,
            "fingerprinting": 0,
            "subdomains": [
                "cdn3"
            ],
            "apis": {},
            "sites": 4,
            "prevalence": 0.0000273,
            "cnames": [],
            "responseHashes": [
                "833dc9983b1cd7a4781dc6ccdbef830d4c3c22d05ca0fba46286039728d8e671"
            ],
            "type": "Image",
            "firstPartyCookies": {},