{
    "domain": "mediaweaver.jp",
    "owner": {
        "name": "Japan Business Press Co.,Ltd.",
        "displayName": "Japan Business Press"
    },
    "source": [
        "DuckDuckGo-US"
    ],
    "prevalence": 0.0000409,
    "sites": 6,
    "subdomains": [],
    "cnames": [],
    "fingerprinting": 1,
    "resources": [
        {
            "rule": "mediaweaver\\.jp\\/oo\\/uu\\/ua\\.cgi",
            "cookies": 0.0000409,
            "fingerprinting": 1,
            "subdomains": [],
            "apis": {
                "Date.prototype.getTime": 6,
                "Document.cookie setter": 6
            },
            "sites": 6,
            "prevalence": 0.0000409,
            "cnames": [],
            "responseHashes": [
                "a9cdc2e8703e723ceb3ef3fcc71f4819ab76ce8b6260fb326dee5106238c331a",
                "5273c715f5524a05cb218d8980fc6d16f35d0c5470b3ac69c7d8edf124113776",
                "cef49593ba5437b927fd8685442fc125782707f04109688ad00e69cce23f6580",
                "d1e23b829db0aed6e2b416b2920c7d6519b56344a5eb4c9fb240a4f4fe8c499e",
                "adf731424bb7dc8d274225c6bd344ac9fccff8c560d2b7ec550f5aa1ff8363de"
            ],
            "type": "Script",
            "firstPartyCookies": {
                "ismua": {
                    "ttl": 63072007,
                    "length": 36,
                    "prevalence": 0.000040907324456443923,
                    "uniqueness": 1
                }
            },
            "firstPartyCookiesSent": {},
            "exampleSites": [
                "bunshun.jp",
                "gendai.media",
                "jbpress.ismedia.jp",
                "president.jp",
                "toyokeizai.net",
                "www.jprime.jp"
            ]
        },
        {
            "rule": "mediaweaver\\.jp\\/oo\\/uu\\/cl\\.cgi",
            "cookies": 0,
            "fingerprinting": 0,
            "subdomains": [],
            "apis": {},
            "sites": 6,
            "prevalence": 0.0000409,
            "cnames": [],
            "responseHashes": [
                "31383101d436db2febf59a592c5be6fc7b77b714f37254fb4400d35909e575c9",
                "568358740f94a481e308b5b5c059029ba7be6d27d8ec719934b86fc2ea5cc902",
                "184d4809ba331b9aa800c63c6830ae0425cf9b212181b5382e4eb10d6a747acb",
                "f1bf17405e64d029d8ca2fc00ec73294fe438465563dfc120b5fcac2a4ba209c",
                "51c80894db8504a716f3928a2400aae658b56228887836ee2f303d4ea92d3558"
            ],
            "type": "Script",
            "firstPartyCookies": {},
            "firstPartyCookiesSent": {},
            "exampleSites": [
                "bunshun.jp",
                "gendai.media",
                "jbpress.ismedia.jp",
                "president.jp",
                "toyokeizai.net",
                "www.jprime.jp"
            ]
        }
    ],
    "categories": [],
    "performance": {},
    "cookies": 0.0000409,
    "topInitiators": [
        {
            "domain": "first party",
            "prevalence": 1
        }
    ],
    "types": {
        "Script": 12
    },
    "nameservers": [
        "ns001-j2i4709tos6e4lah.j.d-53.net",
        "ns001-j2i4709tos6e4lah.j.d-53.jp",
        "ns001-j2i4709tos6e4lah.j.d-53.info"
    ]
}