{
    "domain": "mediacategory.com",
    "owner": {
        "name": "Enliple INC",
        "displayName": "Enliple"
    },
    "source": [
        "DuckDuckGo-US"
    ],
    "prevalence": 0.000109,
    "sites": 16,
    "subdomains": [
        "www",
        "tk",
        "api"
    ],
    "cnames": [],
    "fingerprinting": 1,
    "resources": [
        {
            "rule": "mediacategory\\.com\\/servlet\\/adBanner",
            "cookies": 0.0000818,
            "fingerprinting": 0,
            "subdomains": [
                "www"
            ],
            "apis": {},
            "sites": 12,
            "prevalence": 0.0000818,
            "cnames": [],
            "responseHashes": [
                "466e97e9056fabbb9ba42eb082638d7fbe4305f865d8bc37468320652e4adddc",
                "f314b6f64238d52891f238464242b5767ba3de07bdcf4513e1f1f4492bcae3c1",
                "663d1f487ca915fedbdbfb2f456524fde0929fc75f52dd8a5a54d2089c15482c",
                "5213c5b33c669779959ef49c96ef21ae8e19ea65933de41668a7e888312e7a23",
                "016fdf41dfb116d7e2825f18d3ecc55e2aa3296d7fab3afbdf09583b4d363432",
                "e413dbc48222c0f36496cbad25b720b8d316bc6a92bd8148c90344637ffa88d2",
                "cab023668b8899a8eb7a427f5a63f6773ca7cbb42bd50dce2e43527c327dfa7b",
                "f53feeaf028d3c96d790912efc6cfa11094b7768f8bb3b8ebd7749062bb2650b",
                "b4a3e02ae5ca1f536eeebf2d48a81cbc40ebe9d00b991461372851f376696284",
                "7006a488b9fe18245055174f65f2baed9e5f904b53388d496f94f3aaa51933c7"
            ],
            "type": "Document",
            "firstPartyCookies": {},
            "firstPartyCookiesSent": {
                "lotame_domain_check": 0.000006816353796027429,
                "au_id": 0.000006816353796027429
            },
            "exampleSites": [
                "bbaggome.com",
                "gifsf.com",
                "mlbpark.donga.com",
                "news.nate.com",
                "pann.nate.com",
                "www.chosun.com",
                "www.hankyung.com",
                "www.heye.kr",
                "www.ilbe.com",
                "www.inven.co.kr",
                "www.issuya.com",
                "www.yna.co.kr"
            ]
        },
        {
            "rule": "mediacategory\\.com\\/servlet\\/adbnMobileBanner",
            "cookies": 0.0000204,
            "fingerprinting": 0,
            "subdomains": [
                "www"
            ],
            "apis": {},
            "sites": 3,
            "prevalence": 0.0000204,
            "cnames": [],
            "responseHashes": [
                "84a20abd7802aa595a2e77485186ce554be5c95dfd0ee1a85e58d87451cf5afa",
                "edc59551546812ac99fdf9e28f743e00a9fcef328518ae966717b50be0576ca9"
            ],
            "type": "Document",
            "firstPartyCookies": {},
            "firstPartyCookiesSent": {
                "au_id": 0.000013632707592054858
            },
            "exampleSites": [
                "bbaggome.com",
                "m.ilbe.com",
                "www.issuya.com"
            ]
        },
        {
            "rule": "mediacategory\\.com\\/servlet\\/passbackWebServlet",
            "cookies": 0.0000136,
            "fingerprinting": 0,
            "subdomains": [
                "www"
            ],
            "apis": {},
            "sites": 2,
            "prevalence": 0.0000136,
            "cnames": [],
            "responseHashes": [
                "ddc4d575bb1046f3282978f52483517eaaa4b26517d192c5356b3c5967355d35"
            ],
            "type": "Script",
            "firstPartyCookies": {},
            "firstPartyCookiesSent": {},
            "exampleSites": [
                "nate.com",
                "pann.nate.com"
            ]
        },
        {
            "rule": "mediacategory\\.com\\/aggregate\\/mssg\\/common",
            "cookies": 0,
            "fingerprinting": 0,
            "subdomains": [
                "tk"
            ],
            "apis": {},
            "sites": 3,
            "prevalence": 0.0000204,
            "cnames": [],
            "responseHashes": [],
            "type": "Preflight",
            "firstPartyCookies": {},
            "firstPartyCookiesSent": {},
            "exampleSites": [
                "danawa.com",
                "search.danawa.com",
                "www.toomics.com"
            ]
        },
        {
            "rule": "mediacategory\\.com\\/aggregate\\/mssg\\/common",
            "cookies": 0.0000204,
            "fingerprinting": 0,
            "subdomains": [
                "tk"
            ],
            "apis": {},
            "sites": 3,
            "prevalence": 0.0000204,
            "cnames": [],
            "responseHashes": [
                "6361441df9e0e40d3ad4df31f339beb030ce8fb36b87f4f20d7c56bba87e994d",
                "32267083370caaa2e86421e7243c74d644eaff090be59a79a843a80d2c2d3acc"
            ],
            "type": "XHR",
            "firstPartyCookies": {},
            "firstPartyCookiesSent": {},
            "exampleSites": [
                "danawa.com",
                "search.danawa.com",
                "www.toomics.com"
            ]
        },
        {
            "rule": "mediacategory\\.com\\/rtb\\/redirectUrl",
            "cookies": 0.0000204,
            "fingerprinting": 0,
            "subdomains": [
                "api"
            ],
            "apis": {},
            "sites": 3,
            "prevalence": 0.0000204,
            "cnames": [],
            "responseHashes": [
                "c09fd11275844f5132eae5b510d029d8d8bf28a3fa0ddc0fa967fea04e69d55b",
                "13588249969f60c6353999fb83060f831525d993cf14a7e1e0769f42c06ad740"
            ],
            "type": "XHR",
            "firstPartyCookies": {},
            "firstPartyCookiesSent": {},
            "exampleSites": [
                "danawa.com",
                "search.danawa.com",
                "www.toomics.com"
            ]
        },
        {
            "rule": "mediacategory\\.com\\/rtb\\/redirectUrl",
            "cookies": 0,
            "fingerprinting": 0,
            "subdomains": [
                "api"
            ],
            "apis": {},
            "sites": 3,
            "prevalence": 0.0000204,
            "cnames": [],
            "responseHashes": [],
            "type": "Preflight",
            "firstPartyCookies": {},
            "firstPartyCookiesSent": {},
            "exampleSites": [
                "danawa.com",
                "search.danawa.com",
                "www.toomics.com"
            ]
        },
        {
            "rule": "mediacategory\\.com\\/servlet\\/iadbn",
            "cookies": 0.0000204,
            "fingerprinting": 0,
            "subdomains": [
                "www"
            ],
            "apis": {},
            "sites": 3,
            "prevalence": 0.0000204,
            "cnames": [],
            "responseHashes": [
                "e3b0c44298fc1c149afbf4c8996fb92427ae41e4649b934ca495991b7852b855"
            ],
            "type": "Document",
            "firstPartyCookies": {},
            "firstPartyCookiesSent": {},
            "exampleSites": [
                "hankyung.com",
                "www.heye.kr",
                "www.ilbe.com"
            ]
        }
    ],
    "categories": [],
    "performance": {},
    "cookies": 0.000109,
    "topInitiators": [
        {
            "domain": "mobon.net",
            "prevalence": 0.5915492957746479
        },
        {
            "domain": "first party",
            "prevalence": 0.1267605633802817
        },
        {
            "domain": "megadata.co.kr",
            "prevalence": 0.09859154929577464
        },
        {
            "domain": "mobwithad.com",
            "prevalence": 0.07042253521126761
        },
        {
            "domain": "adop.cc",
            "prevalence": 0.04225352112676056
        },
        {
            "domain": "doubleclick.net",