{
    "domain": "metabet.io",
    "owner": {},
    "source": [
        "DuckDuckGo-US"
    ],
    "prevalence": 0.000715,
    "sites": 105,
    "subdomains": [
        "go"
    ],
    "cnames": [],
    "fingerprinting": 1,
    "resources": [
        {
            "rule": "metabet\\.io\\/js\\/global\\.js",
            "cookies": 0,
            "fingerprinting": 1,
            "subdomains": [
                "go"
            ],
            "apis": {
                "window.localStorage": 69,
                "Date.prototype.getTime": 63
            },
            "sites": 69,
            "prevalence": 0.00047,
            "cnames": [],
            "responseHashes": [
                "0d773250f84aec690269f39577c0a4bd4ffa7a0cf233b2d0195aec3f563fe54a",
                "56695c23cc813b546543b63ae97bb12f1e853f1b84f01823b1f6ba83a9cd0339",
                "b68aa0ee5a67e79dc554c2fc5b0f79544d7d6d312ddefd87ca5f536b285526e0",
                "3e4b2a7b058596cd3e5cdf0f7a6e15b59cc3b7865603a4dba49670ea15c67e8c",
                "bfe83301b5f6175404a0cf8d7bf304f513808db884ac3d5f9117ca4a9d2de90d",
                "852fa5b46a525c0a8f0967e9bd866dffe3e83a9b866fea04e8ecbec7b82708e0",
                "0f1a8c1ab340b8f1a2f29e49d06aa9cc852295f37bb167781ddc174aa328bc15",
                "8247fd7b4d7461bea5005f079db37ae0ffb8161eb7c4e7835151063d1f9bd15f",
                "c966683bd0663c5db7a71c48d8adcdf1afa66f011bc24a13f69fd8c3254c6d70",
                "90d2b00c7468bd87bfa4d58ece3dea39e7ac1168550d747150ca9392caa31945",
                "4faca89ea308b9cae1ba0646b44c646f8a5c5a5a9751b82d553fb8a4de7735e8",
                "6f2d8c9474acbcfea300d1a24f041681c18a2b378fbb93d6547423f2562236f1",
                "c722b83522f4e8d888dd3baf97ee4cc64af2368ac8d4c32d024beddee45d42af",
                "1a5d6ab8244b87539ae09812838743bcc17856fb90643513b5d1d26047d58902",
                "9f75cddc02a9687b9e698b7512578a1c2dea3385796b2e0573e5c54778c4e84e",
                "07b2e56b5bed29d7b0e30a7eb2430d12870acaf5de51c9c3c70a74bccbd8dc05",
                "c9b29b8aa4504369339703bbcc23cbbdbe8f42393aefc6475813f457e68c618a",
                "b4c17370ffea28588681aa61dbb2ead89a6dffae2d43b8f8f045b6e1f4212e3e",
                "c4feb3ed011a2338a3a5ac83564c164e8d65ed4e20f384c1f9e925453fd591c5",
                "2fcaebb43a26cdc43d57dbc341ac89302f368e74089a9a7c67ba7e4e241c7752",
                "b89f4b64e0aa7491c849936fbf8e5c35d59153ea8b5fe5ccb215afbabf644fe5",
                "03ebb53c05495ffd4d88d500196d8bc35079e1a5a05012a2ff41abd02b878764",
                "4a14cb013fafcb91e42bd39d898e04d739828095158e2057e1abf1902de8ee0e",
                "bb03f67c95325934fe5515abe34542040998ad9f0600018d79ce1c0c0d6c1327",
                "fd8547a65b3efd5f7b44b822879d96a56990873997866aa66678cd36a279af0c",
                "74a33e6d36e3981733e589e805a3322b6f5fe4027ef14fb54f004bacbebc1575",
                "193f681581eb8b82ab45a909005f097c4acabf0885c73a3f2125ee8b785e76d6",
                "7ba260108d24daaf183ee8ed5625aae904df4db49a5171ab5839690c7faae6c4",
                "3b30aa8a8c73cea834489f20e9a42222e7d5d9cbcdc7335621aa3e8c7e85d210",
                "619c45edef86beb31010f786f4e765d3c1748f82838e518a0f0bfae7f55c4e54",
                "115ad5f390e3504c022a3464fb99426ada7c6c4e93d8ccc7bd395dca42f7de70",
                "d43d94d4307645a41c3028b71dcb4e07793a974346cd381d8bda429f90dc99fa",
                "f932c1f323f7511e274461ca9519bf93827c6d6e44b35f87525423779a8a9841",
                "fdfb8398b087690f240eda53f9ee42a4858660979b067548023af0f45bebee24",
                "63f354e734f18b61a5a914d4842b7d86ee79a17829c9bf97b189f75cd5477280",
                "5898cddada7a3345fc64108527fb281589e5b317e12b2290d711fca2f77056f6",
                "775a7565be67ae1bcf927054aa3a82ba364c6c9c3f96e44c9d2c46f489060a54",
                "d2ca4437e3456eaf5366e257d5ba3ed502f797ae09383044c82e422decd66a68",
                "9f82e200a35bb0c45558fd5f7c4d4676ad066bee4c5b10fb89f5c18e747f6409",
                "9d0f19a613a9cee005693ca9527aa25033a508f7ea2a43c3b655e607f24b450a",
                "11684c317ac8fb88a91c2fd4461e85bc6d77ddd39a218d412156d109bc5d7e85",
                "50639031ef7209b39660c9685ab05aee175495713713f9b415bc25ef4010d8b8",
                "2d13cc2ea24fc6d0671121d7ce517a8179a96c4ab262a0fbe0114f57f956f903",
                "81ac3a9f5d2dbbfdbe9dd8dba5a2804b201da144ed800c6a10a9b2f79308cab7",
                "0a17cde3250c1b6a0d5b1a9894407b1a1969784426fe937feb5c990d1af9d7f5",
                "1cf9f0acef175437cf2b85c6a36bfddb1ad1522ec240abe6adcf2a088118215d",
                "b5b1d35c65df1889badb18cb1383c6bc0620ef2eba0a8e4dc786004183fa91e6",
                "024b6643995d931df836208ee6202ecfca5e5e953391f50913cda84080970f79",
                "ac9762aec3dab68e69abfdf71bbc5972d1aeabd9c78838eff967160ebebacfc4",
                "fd5eac827385e959b09a8ab2b12c37a401d4f083ef3b7ebc36fca40aeecaf40a",
                "bd82f5da962dabbc010defc2cd683b54be12c8bb8ea74f1ced3078e16aa60d5f",
                "67901e121cbf50737004f62c11e061cbdc7ed6b36595ec04b1426e897b772025",
                "89f20601acc768bcaf77ed6e36e5ea6085eb772d41b919bb2b2cb6dd33523e6e",
                "42bdf2c505f249bd684717f5eca5d9bab3b21b1ee9aa4b480ca47207b5f39fc2",
                "4a3f762ac7e10540d6f4adf8c17959eaa6b36004e91df6dc1be85a63d71e6c6e",
                "bd88e946d1615931f694d416f1756f387f604d2793b7c23303275755e88c3605",
                "e4303631e592bf296374387b76ffd0a63cc46f12a90d20ab2306995949a943b8"
            ],
            "type": "Script",
            "firstPartyCookies": {},
            "firstPartyCookiesSent": {},
            "exampleSites": [
                "www.behindthesteelcurtain.com",
                "www.mavsmoneyball.com",
                "www.amazinavenue.com",
                "www.buffalorumblings.com",
                "www.redreporter.com",
                "weaintgotnohistory.sbnation.com",
                "www.sounderatheart.com",
                "www.dailynorseman.com",
                "www.prideofdetroit.com",
                "www.insidenu.com",
                "www.azdesertswarm.com",
                "www.camdenchat.com",
                "www.batterypower.com",
                "www.blessyouboys.com",
                "www.truebluela.com",
                "www.poundingtherock.com",
                "www.royalsreview.com",
                "draftkings.com",
                "www.pensburgh.com",
                "www.crawfishboxes.com"
            ]
        },
        {
            "rule": "metabet\\.io\\/css\\/main\\.css",
            "cookies": 0,
            "fingerprinting": 0,
            "subdomains": [
                "go"
            ],
            "apis": {},
            "sites": 70,
            "prevalence": 0.000477,
            "cnames": [],
            "responseHashes": [
                "7dd1d07203e0f4754c1f5d8f977b718b3d50906ab97d9fbb56dc397d92cee82f",
                "fd4d25496e78e3ca346a2bf85414540723e422ba6b5c80568bbe4fb83cca1693",
                "8c59b59523a1bfa0d2632ac88778b357e250f4eb2955d5b91641915b205bd92b",
                "8723de0feedc80d1f862305827ed1649ac28312c81bc802b47eef3e1a8b6da72"
            ],
            "type": "Stylesheet",
            "firstPartyCookies": {},
            "firstPartyCookiesSent": {},