{
    "domain": "mg2insights.com",
    "owner": {},
    "source": [
        "DuckDuckGo-US"
    ],
    "prevalence": 0.000116,
    "sites": 17,
    "subdomains": [
        "api",
        "events"
    ],
    "cnames": [],
    "fingerprinting": 0,
    "resources": [
        {
            "rule": "mg2insights\\.com\\/user",
            "cookies": 0,
            "fingerprinting": 0,
            "subdomains": [
                "api"
            ],
            "apis": {},
            "sites": 10,
            "prevalence": 0.0000682,
            "cnames": [],
            "responseHashes": [
                "61e8cb4d4ad75d8289efbca51040754273dde777770b2a31ec319c215a4c04fb",
                "bb97d65de5229bf55dc37b1049940d4df4f8f736d8bdd492af3b398358aebb3e",
                "0b0ed64cd3c9ede0be48cab75fd508340790474c39c478909a57f3b0bab3a5b7",
                "c29b932ce86afe345fbb3026a13354e0ff55dee89992a456f1c532a3d837ee26",
                "8279cfd3c61dfaf48c4ca3c5e715831544c34cd0019915ff62c3b17c8512299f",
                "a0c8432dc6df6b554d0e7be8fbf8dd0f90cca7ec07d320c435bd6d3118c67f78",
                "8c3d25f8ff09a7dc1dd5f5cdf56f3342f1f28bb81ace92f50b3e233522958994",
                "a49fd108067a7eddef63361defcb7a0790b8b220dd5c2df3320ba0c5bc543002",
                "8df1b697bef3068699f205bc587114c5cf64c6e20ffa9edfba6e8d6e1f5e7e01"
            ],
            "type": "Fetch",
            "firstPartyCookies": {},
            "firstPartyCookiesSent": {
                "anonDeviceId": 0.000054533060668029995
            },
            "exampleSites": [
                "ajc.com",
                "www.ajc.com",
                "www.centralmaine.com",
                "www.dayton.com",
                "www.daytondailynews.com",
                "www.journal-news.com",
                "www.pressherald.com",
                "www.reviewjournal.com",
                "www.springfieldnewssun.com",
                "www.sunjournal.com"
            ]
        },
        {
            "rule": "mg2insights\\.com\\/user",
            "cookies": 0,
            "fingerprinting": 0,
            "subdomains": [
                "api"
            ],
            "apis": {},
            "sites": 10,
            "prevalence": 0.0000682,
            "cnames": [],
            "responseHashes": [],
            "type": "Preflight",
            "firstPartyCookies": {},
            "firstPartyCookiesSent": {
                "anonDeviceId": 0.000054533060668029995
            },
            "exampleSites": [
                "ajc.com",
                "www.ajc.com",
                "www.centralmaine.com",
                "www.dayton.com",
                "www.daytondailynews.com",
                "www.journal-news.com",
                "www.pressherald.com",
                "www.reviewjournal.com",
                "www.springfieldnewssun.com",
                "www.sunjournal.com"
            ]
        },
        {
            "rule": "mg2insights\\.com\\/events",
            "cookies": 0,
            "fingerprinting": 0,
            "subdomains": [
                "events"
            ],
            "apis": {},
            "sites": 10,
            "prevalence": 0.0000682,
            "cnames": [],
            "responseHashes": [
                "e3b0c44298fc1c149afbf4c8996fb92427ae41e4649b934ca495991b7852b855"
            ],
            "type": "Ping",
            "firstPartyCookies": {},
            "firstPartyCookiesSent": {
                "anonDeviceId": 0.000054533060668029995
            },
            "exampleSites": [
                "ajc.com",
                "www.ajc.com",
                "www.centralmaine.com",
                "www.dayton.com",
                "www.daytondailynews.com",
                "www.journal-news.com",
                "www.pressherald.com",
                "www.reviewjournal.com",
                "www.springfieldnewssun.com",
                "www.sunjournal.com"
            ]
        },
        {
            "rule": "mg2insights\\.com\\/auth\\/token",
            "cookies": 0,
            "fingerprinting": 0,
            "subdomains": [
                "api"
            ],
            "apis": {},
            "sites": 4,
            "prevalence": 0.0000273,
            "cnames": [],
            "responseHashes": [],
            "type": "Preflight",
            "firstPartyCookies": {},
            "firstPartyCookiesSent": {},
            "exampleSites": [
                "centralmaine.com",
                "www.centralmaine.com",
                "www.dayton.com",
                "www.daytondailynews.com"
            ]
        },
        {
            "rule": "mg2insights\\.com\\/auth\\/token",
            "cookies": 0,
            "fingerprinting": 0,
            "subdomains": [
                "api"
            ],
            "apis": {},
            "sites": 4,
            "prevalence": 0.0000273,
            "cnames": [],
            "responseHashes": [
                "1c1d11550e028f8ec6128dfd13c40179e46d8e2e406b6b278eb3e816658dab9f",
                "05dd9d5853eb4acfedc1c08913f3c10de5e7ae8279d6656b984636cfd3279ead",
                "726baabf50d92be575839380e5dd0a5222d80f5874087203e216fdfa2e48fdad"
            ],
            "type": "Fetch",
            "firstPartyCookies": {},
            "firstPartyCookiesSent": {},
            "exampleSites": [
                "centralmaine.com",
                "www.centralmaine.com",
                "www.dayton.com",
                "www.daytondailynews.com"
            ]
        }
    ],
    "categories": [],
    "performance": {},
    "cookies": 0,
    "topInitiators": [
        {
            "domain": "ajc.com",
            "prevalence": 0.532258064516129
        },
        {
            "domain": "masthead.me",
            "prevalence": 0.27419354838709675
        },
        {
            "domain": "first party",
            "prevalence": 0.16129032258064516
        },
        {
            "domain": "o1ych4jb.com",
            "prevalence": 0.03225806451612903
        }
    ],
    "types": {
        "Fetch": 14,
        "Preflight": 14,
        "Ping": 10
    },
    "nameservers": [
        "ns-254.awsdns-31.com",
        "ns-703.awsdns-23.net",
        "ns-1923.awsdns-48.co.uk",
        "ns-1519.awsdns-61.org"
    ]
}