{
    "domain": "miqcommerce.com",
    "owner": {},
    "source": [
        "DuckDuckGo-US"
    ],
    "prevalence": 0.0000818,
    "sites": 12,
    "subdomains": [
        "ws",
        "cbdp"
    ],
    "cnames": [],
    "fingerprinting": 1,
    "resources": [
        {
            "rule": "miqcommerce\\.com\\/getcode\\.js",
            "cookies": 0.0000409,
            "fingerprinting": 1,
            "subdomains": [
                "ws"
            ],
            "apis": {
                "Navigator.prototype.userAgent": 6,
                "Date.prototype.getTime": 4
            },
            "sites": 6,
            "prevalence": 0.0000409,
            "cnames": [],
            "responseHashes": [
                "1909fb2370a3eb898d00254030d4a0b6824cee2e9a2e6889654c1cf711b03496",
                "0a043e9b1dc311ea2a0ac08d18877d4dde085446b4eddf09beea0c5368d0fc6e",
                "7cce78f86de6fa8eed729d86d932ea370d8b7011eca826b3d0e04c4970744cc2",
                "0d0b526847d7a5064bedbe642d8519199359c8996c22fcc850afbd36c57dbc09",
                "6fcbe2fef8ee369e3a019564e6c42042b47a0ebec14e9cb81f0353c645ac7a6a"
            ],
            "type": "Script",
            "firstPartyCookies": {},
            "firstPartyCookiesSent": {},
            "exampleSites": [
                "guideposts.org",
                "www.corcoran.com",
                "www.cubesmart.com",
                "www.keenfootwear.com",
                "www.salesforce.com",
                "www.tnvacation.com"
            ]
        },
        {
            "rule": "miqcommerce\\.com\\/wsrule",
            "cookies": 0,
            "fingerprinting": 0,
            "subdomains": [
                "cbdp"
            ],
            "apis": {},
            "sites": 6,
            "prevalence": 0.0000409,
            "cnames": [],
            "responseHashes": [
                "40e1ad9485b24d48a7458e1b797a89004ff3fedb6cc3fecc7a3bc7ed57ec9354",
                "7381f87ecae0034476957759c6e3a204ec576359c2bd11617bb17edc5fb7026d",
                "217fa6f85d6d8cd21a9cb5eec23ada7bbadeb6b5e5b66f50fb90583dfe912a26",
                "ca8872c49bd296a3868eaf73aa78a9ea995cc283538802f120f72b1ce6666436",
                "ea56b49f8a01264050d29bc8d72c771e168a582ecda72b782c5d1c8d5bab7a33"
            ],
            "type": "XHR",
            "firstPartyCookies": {},
            "firstPartyCookiesSent": {},
            "exampleSites": [
                "guideposts.org",
                "www.corcoran.com",
                "www.cubesmart.com",
                "www.keenfootwear.com",
                "www.salesforce.com",
                "www.tnvacation.com"
            ]
        }
    ],
    "categories": [],
    "performance": {},
    "cookies": 0.0000818,
    "topInitiators": [
        {
            "domain": "googletagmanager.com",
            "prevalence": 0.6470588235294118
        },
        {
            "domain": "first party",
            "prevalence": 0.11764705882352941
        },
        {
            "domain": "go-mpulse.net",
            "prevalence": 0.11764705882352941
        },
        {
            "domain": "datadoghq-browser-agent.com",
            "prevalence": 0.058823529411764705
        },
        {
            "domain": "sfdcstatic.com",
            "prevalence": 0.058823529411764705
        }
    ],
    "types": {
        "Script": 6,
        "XHR": 6
    },
    "nameservers": [
        "ns-259.awsdns-32.com",
        "ns-920.awsdns-51.net",
        "ns-1138.awsdns-14.org",
        "ns-1762.awsdns-28.co.uk"
    ]
}