{
    "domain": "miqcommerce.com",
    "owner": {},
    "source": [
        "DuckDuckGo-US"
    ],
    "prevalence": 0.0000818,
    "sites": 12,
    "subdomains": [
        "ws",
        "cbdp"
    ],
    "cnames": [],
    "fingerprinting": 1,
    "resources": [
        {
            "rule": "miqcommerce\\.com\\/getcode\\.js",
            "cookies": 0.0000409,
            "fingerprinting": 1,
            "subdomains": [
                "ws"
            ],
            "apis": {
                "Navigator.prototype.userAgent": 6,
                "Date.prototype.getTime": 4
            },
            "sites": 6,
            "prevalence": 0.0000409,
            "cnames": [],
            "responseHashes": [
                "eb69eee655ce83d5d0752d3f10231656df7f46c592af2536e9672a3c6976e779",
                "0836b324b86a29978e620b1182b496d1537fdb3b1dad77580701068be8c0bfdb",
                "f77e624a408b52439618f30179e637bf5e90ea8c0b8568441db3153a91c72d84",
                "3900e2ce3771c842d5d0a3e66002e661b4d66700e18e6f6532b8ad0660ff022b",
                "f55b13c9f3f08a4646a9943baead80c5c2e43f80d350e2b52894413e7223d038"
            ],
            "type": "Script",
            "firstPartyCookies": {},
            "firstPartyCookiesSent": {},
            "exampleSites": [
                "guideposts.org",
                "www.corcoran.com",
                "www.cubesmart.com",
                "www.keenfootwear.com",
                "www.salesforce.com",
                "www.tnvacation.com"
            ]
        },
        {
            "rule": "miqcommerce\\.com\\/wsrule",
            "cookies": 0,
            "fingerprinting": 0,
            "subdomains": [
                "cbdp"
            ],
            "apis": {},
            "sites": 6,
            "prevalence": 0.0000409,
            "cnames": [],
            "responseHashes": [
                "40e1ad9485b24d48a7458e1b797a89004ff3fedb6cc3fecc7a3bc7ed57ec9354",
                "7381f87ecae0034476957759c6e3a204ec576359c2bd11617bb17edc5fb7026d",
                "217fa6f85d6d8cd21a9cb5eec23ada7bbadeb6b5e5b66f50fb90583dfe912a26",
                "ca8872c49bd296a3868eaf73aa78a9ea995cc283538802f120f72b1ce6666436",
                "ea56b49f8a01264050d29bc8d72c771e168a582ecda72b782c5d1c8d5bab7a33"
            ],
            "type": "XHR",
            "firstPartyCookies": {},
            "firstPartyCookiesSent": {},
            "exampleSites": [
                "guideposts.org",
                "www.corcoran.com",
                "www.cubesmart.com",
                "www.keenfootwear.com",
                "www.salesforce.com",
                "www.tnvacation.com"
            ]
        }
    ],
    "categories": [],
    "performance": {},
    "cookies": 0.0000818,
    "topInitiators": [
        {
            "domain": "googletagmanager.com",
            "prevalence": 0.5333333333333333
        },
        {
            "domain": "doubleclick.net",
            "prevalence": 0.13333333333333333
        },
        {
            "domain": "sfdcstatic.com",
            "prevalence": 0.13333333333333333
        },
        {
            "domain": "go-mpulse.net",
            "prevalence": 0.13333333333333333
        },
        {
            "domain": "datadoghq-browser-agent.com",
            "prevalence": 0.06666666666666667
        }
    ],
    "types": {
        "Script": 6,
        "XHR": 6
    },
    "nameservers": [
        "ns-259.awsdns-32.com",
        "ns-1762.awsdns-28.co.uk",
        "ns-1138.awsdns-14.org",
        "ns-920.awsdns-51.net"
    ]
}