{
    "domain": "momxxxclips.net",
    "owner": {},
    "source": [
        "DuckDuckGo-US"
    ],
    "prevalence": 0.000143,
    "sites": 21,
    "subdomains": [],
    "cnames": [],
    "fingerprinting": 0,
    "resources": [
        {
            "rule": "momxxxclips\\.net\\/myvids\\/mltbn\\/momxxxclipsnet-multi-exo1\\.php",
            "cookies": 0,
            "fingerprinting": 0,
            "subdomains": [],
            "apis": {},
            "sites": 7,
            "prevalence": 0.0000477,
            "cnames": [],
            "responseHashes": [
                "a906c80a97adac0c5258baeec749478f14d1e719f22680c930392e427b413d79"
            ],
            "type": "Document",
            "firstPartyCookies": {},
            "firstPartyCookiesSent": {},
            "exampleSites": [
                "bhabhixxxvideos.com",
                "hdxxx.su",
                "indianxxx.su",
                "indiaporn.su",
                "x-video.pro",
                "xxxnxx.tv",
                "xxxporn.me"
            ]
        },
        {
            "rule": "momxxxclips\\.net\\/myvids\\/exofall\\/exofb\\.php",
            "cookies": 0,
            "fingerprinting": 0,
            "subdomains": [],
            "apis": {},
            "sites": 18,
            "prevalence": 0.000123,
            "cnames": [],
            "responseHashes": [
                "6c30686f3317f0293177864f2eed830945930f412796516fcffad7f82e5f5f76",
                "69d3d0fb2025785ca707225ad6052f7e5ed55dc735be462a343d328d9bc0e6da",
                "60770af93622a2158dd96ce01a679feea507e360d38b4d94a138c51463d8bff2",
                "20f85f5a8bc7ea9aa870756927bc006fa2add869f4948d56b819ee4208e327e7",
                "61a45c756878071c46630e6f36d1723e9aab0f23593bb6f39ee894ede82e9080",
                "70f7a8565be8a8355d0241452aca9c1fae1e1a19776c54cb80ab30efad9df1a7",
                "e2f07af62e6cd1a70bcbfbf87a394dca37a8ce4915fff29b2cf0c2c4a85e39a5",
                "01e87c47002eff137d2951bf2e6385f8806502440f1bb3779df862e8771ba62c",
                "0f1adfb381abc514e410dcc0323fe5e0e3ad290bdd11113a75e47e48a26c525b",
                "82fa1b61c41ecee53ee2e20f22d22a13ffeebd16489bec209b39d146ec2529da",
                "881297ed22c911913e0fde472b678a978923f7868e8641e4323223bad825aacb",
                "f4f13d8f07933338700f9718af1d864f8de9a117abbb091bd6e09907b296f47e",
                "ab8a7a7e0b7b80d49ce1bbd0b83412e0abf6f6457034e229d8f4f0e0fa9df32a",
                "5191518e739baa11762cc42953d57680801a3592248b0327dbbd423a5eee606b",
                "33f6aa074441123acace93f8de3c92a42ffa530318835cf48ba7ca8b34499088",
                "e07738968b04091f809104cd73c37e0da82b8658139087941dbc560c03586138",
                "b4ba4dc7f11fc8c1747a34fae23f33bc0d3e5e22d7f2aa550cdbb3ef86bff11c"
            ],
            "type": "Document",
            "firstPartyCookies": {},
            "firstPartyCookiesSent": {},
            "exampleSites": [
                "bhabhixxxvideos.com",
                "chinasex.su",
                "desifuck.cc",
                "hdxxx.su",
                "hindipornhd.com",
                "indianxxx.su",
                "indiaporn.su",
                "koreanporn.su",
                "lesbitube.net",
                "momhdporn.com",
                "panicporntube.com",
                "pornoxxx.pro",
                "thepornhub.me",
                "videosxxx.fun",
                "x-video.pro",
                "xxxnxx.tv",
                "xxxporn.me",
                "youngpornvideos.cc"
            ]
        },
        {
            "rule": "momxxxclips\\.net\\/myvids\\/mltbn\\/momxxxclipsnet-multi-exo4\\.php",
            "cookies": 0,
            "fingerprinting": 0,
            "subdomains": [],
            "apis": {},
            "sites": 7,
            "prevalence": 0.0000477,
            "cnames": [],
            "responseHashes": [
                "8a05ade8235cccc069095a04cbfb70fa8e7cd064d9497ecedf38bade84e33433"
            ],
            "type": "Document",
            "firstPartyCookies": {},
            "firstPartyCookiesSent": {},
            "exampleSites": [
                "chinasex.su",
                "chineseporn.su",
                "desifuck.cc",
                "hdjav.su",
                "hdxxx.su",
                "lesbitube.net",
                "momhdporn.com"
            ]
        },
        {
            "rule": "momxxxclips\\.net\\/myvids\\/mltbn\\/momxxxclipsnet-multi-exo2\\.php",
            "cookies": 0,
            "fingerprinting": 0,
            "subdomains": [],
            "apis": {},
            "sites": 11,
            "prevalence": 0.0000749,
            "cnames": [],
            "responseHashes": [
                "e88bd591783cb883c6cfe95873eb6ca0e36191e45102011eb19bd5ea8fe020a2"
            ],
            "type": "Document",
            "firstPartyCookies": {},
            "firstPartyCookiesSent": {},
            "exampleSites": [
                "hdxxx.su",
                "hindipornhd.com",
                "indianxxx.su",
                "indiaporn.su",
                "koreanporn.su",
                "momhdporn.com",
                "panicporntube.com",
                "thepornhub.me",
                "videosxxx.fun",
                "xxxnxx.tv",
                "youngpornvideos.cc"
            ]
        },
        {
            "rule": "momxxxclips\\.net\\/myvids\\/mltbn\\/momxxxclipsnet-multi-exo3\\.php",
            "cookies": 0,
            "fingerprinting": 0,
            "subdomains": [],
            "apis": {},
            "sites": 4,
            "prevalence": 0.0000272,
            "cnames": [],
            "responseHashes": [
                "dd95a62c051f8de2aec6eaa35b55dbabd9ea72b7fdaad103c43484805c12c159"
            ],
            "type": "Document",
            "firstPartyCookies": {},
            "firstPartyCookiesSent": {},
            "exampleSites": [
                "indianxxx.su",
                "newsexvideos.net",
                "panicporntube.com",
                "pornoxxx.pro"
            ]
        }
    ],
    "categories": [],
    "performance": {},
    "cookies": 0,
    "topInitiators": [
        {
            "domain": "first party",
            "prevalence": 0.543859649122807
        },
        {
            "domain": "realsrv.com",
            "prevalence": 0.45614035087719296
        }
    ],
    "types": {
        "Document": 47
    },
    "nameservers": [
        "ns1.hostiservices.com",
        "ns2.hostiservices.com"
    ]
}