{
    "domain": "moviead55.ru",
    "owner": {},
    "source": [
        "DuckDuckGo-US"
    ],
    "prevalence": 0.000109,
    "sites": 16,
    "subdomains": [
        "code",
        "logger",
        "static"
    ],
    "cnames": [],
    "fingerprinting": 3,
    "resources": [
        {
            "rule": "moviead55\\.ru\\/go\\/csync",
            "cookies": 0.000109,
            "fingerprinting": 0,
            "subdomains": [
                "code"
            ],
            "apis": {},
            "sites": 16,
            "prevalence": 0.000109,
            "cnames": [],
            "responseHashes": [
                "e3b0c44298fc1c149afbf4c8996fb92427ae41e4649b934ca495991b7852b855"
            ],
            "type": "Image",
            "firstPartyCookies": {},
            "firstPartyCookiesSent": {},
            "exampleSites": [
                "eldorado.ru",
                "h1.lordfilm.film",
                "hd-rezka.biz",
                "kinozal.tv",
                "lordserial.top",
                "lordserials.run",
                "msk.tele2.ru",
                "new-rutor.org",
                "ntvplus.tv",
                "onlinemultfilmy.ru",
                "reproduktor.net",
                "rutor.info",
                "vse-4asti-filmov.online",
                "www.citilink.ru",
                "www.cyberforum.ru",
                "yapolitic.ru"
            ]
        },
        {
            "rule": "moviead55\\.ru\\/madstyle\\.css",
            "cookies": 0,
            "fingerprinting": 0,
            "subdomains": [
                "code"
            ],
            "apis": {},
            "sites": 12,
            "prevalence": 0.0000818,
            "cnames": [],
            "responseHashes": [
                "483aa7527caa2172c37affb7adfa8527003e3a277987a953be269b9908c937c1",
                "8ce291f70892e28cdbdd567abe1112d7971653787e72536908f69daaa6d4e7e6",
                "90d3facaf7697d7005a36a024751ba083f39075a201572e19a9fae241e0907fb",
                "d431808c94325eddc176cf71afa2fc2c4c8d142f99888731ae6038d7616a7ebe",
                "a43f12513a4c495ecbb1eab49baf4aaf4ca03ef76246b7389f54e6c90a3bbc84",
                "e444a1d631a93b096997de28785f5d98d24a28242bf3a1c6182e6b77598326aa",
                "fc40960dbeded9fd3421897968e8b64b4ab35e879b1b994e162241a78a9df6a8",
                "adeab68f563919fd2b8147a5c49992c898f99b4e4dc7e1e76a5b60bbb52bc207",
                "0d0c0fe052bef402811e684d8fc4b398bbc8dc12a2b3e33fdfe1990e098c5305",
                "facd323ce08aa9ebdf8ac0a59c0b594beb0b1b5f81bed18f02155fd9f35f557e",
                "c7b1bdfac2e1ec73bbc821b408834e3d7ad87370feffaa39343ec6fc8ab0eac5"
            ],
            "type": "Stylesheet",
            "firstPartyCookies": {},
            "firstPartyCookiesSent": {},
            "exampleSites": [
                "lordfilm.film",
                "hd-rezka.biz",
                "kinozal.tv",
                "lordserial.top",
                "lordserials.run",
                "new-rutor.org",
                "onlinemultfilmy.ru",
                "reproduktor.net",
                "rutor.info",
                "vse-4asti-filmov.online",
                "www.cyberforum.ru",
                "yapolitic.ru"
            ]
        },
        {
            "rule": "moviead55\\.ru\\/logger\\.php",
            "cookies": 0,
            "fingerprinting": 0,
            "subdomains": [
                "logger"
            ],
            "apis": {},
            "sites": 13,
            "prevalence": 0.0000886,
            "cnames": [],
            "responseHashes": [
                "389d4abf83fdf0701b0e481fa43847b95201e1dc590e7f669283f421ddf13c3d"
            ],
            "type": "Image",
            "firstPartyCookies": {},
            "firstPartyCookiesSent": {},
            "exampleSites": [
                "lordfilm.film",
                "h1.lordfilm.film",
                "hd-rezka.biz",
                "kinozal.tv",
                "lordserial.top",
                "lordserials.run",
                "new-rutor.org",
                "onlinemultfilmy.ru",
                "reproduktor.net",
                "rutor.info",
                "vse-4asti-filmov.online",
                "www.cyberforum.ru",
                "yapolitic.ru"
            ]
        },
        {
            "rule": "moviead55\\.ru\\/mp_dist\\/mstream2\\.js",
            "cookies": 0,
            "fingerprinting": 3,
            "subdomains": [
                "static"
            ],
            "apis": {
                "Navigator.prototype.userAgent": 12,
                "Navigator.prototype.platform": 12,
                "Navigator.prototype.connection": 12,
                "Date.prototype.getTime": 12,
                "Navigator.prototype.appVersion": 12,
                "window.outerWidth": 11,
                "window.outerHeight": 11,
                "window.innerWidth": 11,
                "window.innerHeight": 11,
                "Navigator.prototype.plugins": 11,
                "Navigator.prototype.productSub": 12,
                "Navigator.prototype.mimeTypes": 12,
                "WebGLRenderingContext.prototype.getParameter": 12,
                "Navigator.prototype.webdriver": 11,
                "Navigator.prototype.language": 12,
                "Navigator.prototype.languages": 12,
                "Navigator.prototype.vendor": 12,
                "Navigator.prototype.permissions": 11,
                "Navigator.prototype.hardwareConcurrency": 12,
                "URL.createObjectURL": 11,
                "Notification.permission": 11,
                "Screen.prototype.width": 1,
                "Screen.prototype.height": 1,
                "Screen.prototype.orientation": 1,
                "window.devicePixelRatio": 1
            },
            "sites": 12,
            "prevalence": 0.0000818,
            "cnames": [],
            "responseHashes": [
                "d2ef440a1096a61e66eb344cee39ff3e283394b7ab7f06e0f3b46ecdecfcaeb4"
            ],
            "type": "Script",
            "firstPartyCookies": {},
            "firstPartyCookiesSent": {},
            "exampleSites": [
                "lordfilm.film",
                "hd-rezka.biz",
                "kinozal.tv",
                "lordserial.top",
                "lordserials.run",
                "new-rutor.org",
                "onlinemultfilmy.ru",
                "reproduktor.net",
                "rutor.info",
                "vse-4asti-filmov.online",
                "www.cyberforum.ru",
                "yapolitic.ru"
            ]
        },
        {
            "rule": "moviead55\\.ru\\/go\\/cinit",
            "cookies": 0.0000886,
            "fingerprinting": 0,
            "subdomains": [
                "code"
            ],
            "apis": {},
            "sites": 13,
            "prevalence": 0.0000886,
            "cnames": [],
            "responseHashes": [
                "e3b0c44298fc1c149afbf4c8996fb92427ae41e4649b934ca495991b7852b855"
            ],
            "type": "Image",
            "firstPartyCookies": {},
            "firstPartyCookiesSent": {
                "_ym_d": 0.000013632707592054858
            },
            "exampleSites": [
                "lordfilm.film",
                "h1.lordfilm.film",
                "hd-rezka.biz",
                "kinozal.tv",
                "lordserial.top",
                "lordserials.run",
                "new-rutor.org",
                "onlinemultfilmy.ru",
                "reproduktor.net",
                "rutor.info",
                "vse-4asti-filmov.online",
                "www.cyberforum.ru",
                "yapolitic.ru"
            ]
        },
        {
            "rule": "moviead55\\.ru\\/go\\/jmap",
            "cookies": 0,
            "fingerprinting": 0,
            "subdomains": [
                "code"
            ],
            "apis": {},
            "sites": 12,
            "prevalence": 0.0000818,
            "cnames": [],