{
    "domain": "myvideos.club",
    "owner": {},
    "source": [
        "DuckDuckGo-US"
    ],
    "prevalence": 0.000184,
    "sites": 27,
    "subdomains": [
        "asg"
    ],
    "cnames": [],
    "fingerprinting": 3,
    "resources": [
        {
            "rule": "myvideos\\.club\\/api\\/spots\\/56334",
            "cookies": 0.00015,
            "fingerprinting": 1,
            "subdomains": [
                "asg"
            ],
            "apis": {
                "Document.cookie setter": 1,
                "Document.cookie getter": 1
            },
            "sites": 22,
            "prevalence": 0.00015,
            "cnames": [],
            "responseHashes": [
                "7656c1dcb4ddb89193b34f96347fcf2a0a0631ab98fa7450f4a0696f5d421212",
                "dee5ea7b2cde4d07aa29c3458bc240b64ce2da7d890f3240ffa5ca0acf9457d7",
                "066ab31cc117fbaf9484233bb8cee7a4b96b668001d0bc503b45e1ac0be09402",
                "4f2ca6ff84f09033b83a70c7ef961ea63bec7704fe38c9b629f81091fa568085",
                "b591ddb7468a6dd927ffa78d5d9b582896dd328f08c80da482df874d761dd09f",
                "98339933175409c27598329b0befb62b7b13c9bf04e7eba84c1e129d1a867e60",
                "7a318a36acd1bfa953dfd5ea6981e5f05bb906a8bf8945b16e294e2adbe00525",
                "091911a9caba218b67ea985275885c0d11a837ee13222f5bf7cf324877300455",
                "aad8d6ee2ccf4c14488036ad35d68c856962811fa88cfc16257c044f0abecea8",
                "bce431e9cb795de66131019c1992c80eff0772e2424a5ab7785948d0b091e880",
                "e6410b6d2a0719b58ff7c639834862f0a2cc8b7bf67835b275d45b15ea5e8e06",
                "7df0388dcc6497340e09ce78b82f7e761e7c7f4a64a1d905f48ab84cadc38fa9",
                "d0b40ab6fe7630e8b06fee773962465c6ffe7c16583884d554c7c48cca221b0b",
                "1c0b9c28c4cb396f21cef0d6c854e2cc87e476664dd0798297bd26701365b899",
                "a4c12f72b973ad676b4d0e95089b78984eb4a12c4bfb2281547313b23117cf24",
                "3cf65e50bc88c28fccf35b457fedbded71080e13f54572db50ed51c05364af3b",
                "6af45d572f592d095a5a844379a2497ba79be9bdee71cdc1f0a462454c334ccb",
                "646ba518ab26ed7e878c247dd085162fa9c92448345a2160c059c47aec3e2451",
                "f6ecbc467b1dbf8ef061adaebb15071579839b326da0b5a26e89fad5f2c74841",
                "da30e21d67ba3b85b20f70d50f9e311b0d4393c1dbc8d8fd07ac875c69f4554f",
                "16249f749e11d9ac57eb7225ae1a4218cb58b7bfb650781477d1446c54d133e0"
            ],
            "type": "Document",
            "firstPartyCookies": {
                "asgfp": {
                    "ttl": 31622401,
                    "length": 32,
                    "prevalence": 0.000006817887409407321,
                    "uniqueness": 1
                }
            },
            "firstPartyCookiesSent": {},
            "exampleSites": [
                "porn-hab.com",
                "xxx-porn-hub.com",
                "indian-xnxx.pro",
                "desi-xxx.pro",
                "unlimporn.com",
                "x-xx.pro",
                "bhabhiporn.pro",
                "indian-porn.pro",
                "japaninporn.com",
                "hindi-porn.pro",
                "tubepornyoung.com",
                "hindixnxx.pro",
                "xnxx.club",
                "xnxx-xxx.pro",
                "x-n-x-x.pro",
                "bollywoodxxx.pro",
                "porn-xnxx.com",
                "the-moms.com",
                "fuckmovs.pro",
                "xxxfuck.pro"
            ]
        },
        {
            "rule": "myvideos\\.club\\/api\\/spots\\/56335",
            "cookies": 0.000157,
            "fingerprinting": 1,
            "subdomains": [
                "asg"
            ],
            "apis": {
                "Document.cookie setter": 1,
                "Document.cookie getter": 1
            },
            "sites": 23,
            "prevalence": 0.000157,
            "cnames": [],
            "responseHashes": [
                "9d0cca7808dbd1b2e6ac51972ec6772c24a3c8eb908982e25c8e4da4e2cdeb68",
                "078c01a843c02c8a0f8572acb80386e515e1c87d664defa62449f19abdd534cb",
                "60c0739b5b78670b414d23abd965627d3fd6ff2eb340911e656519b3211a1692",
                "9f3c21c95b6eb3bcdebee572a4cff91ca4ec31fc1388d200e49d0a9a2a23bf5b",
                "b18dc474b411dcacd6eb893306350edcede6290f96aedc28ce622b185e409625",
                "35ead00fdf00c3970f56878983eabb5bf6115e8998412da49a1a595f8fde3441",
                "8619a06a49d5400d67bebb61d3b50ae466d30ac011cfee0452ff8f3961b2932c",
                "0ba5e209627d6877613db16e986c275853bb701ba7ae8492086b190344c2cc49",
                "399ebacd38a7cd7f8a8115116abb914904f1bac7645957b57e0fa8d59362c9c1",
                "09600bcdb4d8604676bf6957cccc204bcdef15658b292d2d13ab857065c80e38",
                "cbd93f5925913f5c3d346bcf1c7890f229d4fe8e2c9d52ec8493ea01d47f1e33",
                "312cbf9d75b4ad6088236542c6dbbf476b618228f5a7f74c90d20c7ac1430551",
                "7a1180d46ed99d0227d0baf557c8c3054c796c8c330311a4c5d3f7d16f58ab27",
                "91442c576e00ba93b90805f141055659022212e7a119a21ee9dd52a24aa67e6f",
                "7baf980d95faec486f29ce5cf102a94fca21dc213499a1c848c9a2ec19f3bc64",
                "395a9aa6951a8ab76bce26cc66c47c0bc56b75114e88229e8bc2676f425a9abb",
                "f3d3662a779921df758fca952eda8ecbcfc8d7fc886272d1bc913391f8f4f552",
                "c3ef5436202efd76654b29a1949561054bf2b8c4fa6b30d6beda6523742573ba",
                "5d18f10d3ec28fc49e38b0a3557ae0051b282b2404f31554d91c9cb597e09b24",
                "b36c1553802088e885ba3b5dd869671bebb7a5362d18fa34789804a7f702cc43",
                "3f10ff583d82cc75ddde4aab0b2f62f5b63cc0d1603e7b280b57598172ce210f",
                "a455759b277536415c4d93d4350e3f3281d571462b3d43dd06e233a6ee248796"
            ],
            "type": "Document",
            "firstPartyCookies": {
                "asgfp": {
                    "ttl": 31622401,
                    "length": 32,
                    "prevalence": 0.000006817887409407321,
                    "uniqueness": 1
                }
            },
            "firstPartyCookiesSent": {},
            "exampleSites": [
                "bollywoodxxx.pro",
                "desi-xnxx.pro",
                "hindi-porn.pro",
                "xnxx.club",
                "desi-xxx.pro",
                "japaninporn.com",
                "indian-xnxx.pro",
                "the-moms.com",
                "porn-hab.com",
                "x-n-x-x.pro",
                "hindixnxx.pro",
                "fuckmovs.pro",
                "bhabhixxx.pro",
                "jav-pics.com",
                "xnxx-xxx.pro",
                "xxxfuck.pro",
                "porn-xnxx.com",
                "x-xx.pro",
                "indian-porn.pro",
                "tubepornyoung.com"
            ]
        },
        {
            "rule": "myvideos\\.club\\/api\\/spots\\/56336",
            "cookies": 0.000157,
            "fingerprinting": 1,
            "subdomains": [
                "asg"
            ],
            "apis": {
                "Document.cookie setter": 1,
                "Document.cookie getter": 1
            },
            "sites": 23,
            "prevalence": 0.000157,
            "cnames": [],