{
    "domain": "nativery.com",
    "owner": {},
    "source": [
        "DuckDuckGo-US"
    ],
    "prevalence": 0.0000682,
    "sites": 10,
    "subdomains": [
        "cdn",
        "w",
        "cdnimg"
    ],
    "cnames": [],
    "fingerprinting": 2,
    "resources": [
        {
            "rule": "nativery\\.com\\/widget\\/js\\/nat\\.js",
            "cookies": 0,
            "fingerprinting": 1,
            "subdomains": [
                "cdn"
            ],
            "apis": {
                "Navigator.prototype.userAgent": 9
            },
            "sites": 9,
            "prevalence": 0.0000613,
            "cnames": [],
            "responseHashes": [
                "7542e6a795e5b7fbbf76c30884552708713b5a324db577f213fdb7c53236e697"
            ],
            "type": "Script",
            "firstPartyCookies": {},
            "firstPartyCookiesSent": {},
            "exampleSites": [
                "sportando.basketball",
                "www.cognomix.it",
                "www.divinacocina.es",
                "www.ideegreen.it",
                "www.ilparagone.it",
                "www.maurizioblondet.it",
                "www.siciliafan.it",
                "www.targatocn.it",
                "www.teamworld.it"
            ]
        },
        {
            "rule": "nativery\\.com\\/delivery",
            "cookies": 0,
            "fingerprinting": 0,
            "subdomains": [
                "w"
            ],
            "apis": {},
            "sites": 10,
            "prevalence": 0.0000682,
            "cnames": [],
            "responseHashes": [
                "dd348dfba338c1ff705ca765c442f3e839950ee8dc22cb4581e6e5fb54d8f551",
                "5722efe0d4455469c9339d4ca4de080fef3f8662632031fe3f77c020bccdcf1d",
                "6be6262987eb5a66517b956751aa496b6a9dbf66d16b715b4298464486b87bd8",
                "9bd82812273ca0848ca7f6aab29d9cc0a13e92535183449d6f71efd1a27c4162",
                "c1dde83983424856f282f801f6fa279f48586090e440d511ecbe274487bd7866",
                "2e5fd66d839a1d44c05b79b362c1d85064709d9b9c2136b399763a77c5da8fd8",
                "cbf12d6594fcbc158d145b8abc930a3fc2a7629e0da66808eab4be9ccf8bdc8f",
                "46485d175ef881bb1078c078c2bd6cab1e1547b297cb2a93bf650a6996930e05",
                "9c327821bc7f520b45c97ebcbcbf47bba010b3f78cf6a4315b0b63b7fa597eb6"
            ],
            "type": "Fetch",
            "firstPartyCookies": {},
            "firstPartyCookiesSent": {
                "lotame_domain_check": 0.00004089979550102249
            },
            "exampleSites": [
                "sportando.basketball",
                "www.cognomix.it",
                "www.divinacocina.es",
                "www.ideegreen.it",
                "www.ilparagone.it",
                "www.maurizioblondet.it",
                "www.oroscopissimi.it",
                "www.siciliafan.it",
                "www.targatocn.it",
                "www.teamworld.it"
            ]
        },
        {
            "rule": "nativery\\.com\\/widget\\/js\\/prebid\\.js",
            "cookies": 0,
            "fingerprinting": 2,
            "subdomains": [
                "cdn"
            ],
            "apis": {
                "window.sessionStorage": 6,
                "Date.prototype.getTime": 5,
                "window.innerWidth": 5,
                "window.innerHeight": 5,
                "Navigator.prototype.doNotTrack": 5,
                "Navigator.prototype.userAgent": 5,
                "Navigator.prototype.language": 5,
                "Navigator.prototype.cookieEnabled": 5
            },
            "sites": 7,
            "prevalence": 0.0000477,
            "cnames": [],
            "responseHashes": [
                "fa0c7a0598540bc0f3f9b32a460fb5a4d0a37e9c181348d73f4075abcdc47794"
            ],
            "type": "Script",
            "firstPartyCookies": {},
            "firstPartyCookiesSent": {},
            "exampleSites": [
                "sportando.basketball",
                "www.cognomix.it",
                "www.ilparagone.it",
                "www.maurizioblondet.it",
                "www.siciliafan.it",
                "www.targatocn.it",
                "www.teamworld.it"
            ]
        },
        {
            "rule": "nativery\\.com\\/prebid",
            "cookies": 0,
            "fingerprinting": 0,
            "subdomains": [
                "w"
            ],
            "apis": {},
            "sites": 5,
            "prevalence": 0.0000341,
            "cnames": [],
            "responseHashes": [
                "93a1addcc7f25923106fb7780b6df7dc4b4248c52d5e77d64815d25fdf39fb18",
                "52b8f665fed502e0b3ca01624aa6dc2036f289a99f5955532475a03044033cc7",
                "840aced0c73cd3bd01452f5fbb88d03fb00900addeac9fa55b01d473ac924019",
                "9b229f6107c82574c96677ab80c990d28ce6121f31aef87705a84576626f5c10"
            ],
            "type": "XHR",
            "firstPartyCookies": {},
            "firstPartyCookiesSent": {},
            "exampleSites": [
                "cognomix.it",
                "www.ilparagone.it",
                "www.maurizioblondet.it",
                "www.siciliafan.it",
                "www.teamworld.it"
            ]
        },
        {
            "rule": "nativery\\.com\\/r",
            "cookies": 0,
            "fingerprinting": 0,
            "subdomains": [
                "w"
            ],
            "apis": {},
            "sites": 6,
            "prevalence": 0.0000409,
            "cnames": [],
            "responseHashes": [
                "f4eef8263281c0b26486637831251059757bc3fdc4c3a48045a8ef8646b36e8f"
            ],
            "type": "Fetch",
            "firstPartyCookies": {},
            "firstPartyCookiesSent": {
                "lotame_domain_check": 0.000027266530334014997
            },
            "exampleSites": [
                "cognomix.it",
                "www.ideegreen.it",
                "www.ilparagone.it",
                "www.maurizioblondet.it",
                "www.siciliafan.it",
                "www.teamworld.it"
            ]
        },
        {
            "rule": "nativery\\.com\\/images\\/logo\\.png",
            "cookies": 0,
            "fingerprinting": 0,
            "subdomains": [
                "cdnimg"
            ],
            "apis": {},
            "sites": 5,
            "prevalence": 0.0000341,
            "cnames": [],
            "responseHashes": [
                "c1afc7f0615b3bb3fb670ab7443c40f89f85b433c21bee156e2b2aa75cff0491"
            ],
            "type": "Image",
            "firstPartyCookies": {},
            "firstPartyCookiesSent": {},
            "exampleSites": [
                "cognomix.it",
                "www.ilparagone.it",
                "www.maurizioblondet.it",
                "www.siciliafan.it",
                "www.teamworld.it"
            ]
        },
        {
            "rule": "nativery\\.com\\/rr",
            "cookies": 0,
            "fingerprinting": 0,
            "subdomains": [
                "w"
            ],
            "apis": {},
            "sites": 2,
            "prevalence": 0.0000136,
            "cnames": [],
            "responseHashes": [
                "f4eef8263281c0b26486637831251059757bc3fdc4c3a48045a8ef8646b36e8f"
            ],
            "type": "Fetch",
            "firstPartyCookies": {},
            "firstPartyCookiesSent": {},
            "exampleSites": [
                "ideegreen.it",
                "www.ideegreen.it"
            ]
        }
    ],
    "categories": [],
    "performance": {},
    "cookies": 0,
    "topInitiators": [
        {
            "domain": "first party",
            "prevalence": 0.7647058823529411
        },
        {
            "domain": "doubleclick.net",
            "prevalence": 0.058823529411764705
        },
        {
            "domain": "exmarketplace.com",