{
    "domain": "nationalworld.com",
    "owner": {},
    "source": [
        "DuckDuckGo-US"
    ],
    "prevalence": 0.000116,
    "sites": 17,
    "subdomains": [
        "id"
    ],
    "cnames": [],
    "fingerprinting": 0,
    "resources": [
        {
            "rule": "nationalworld\\.com\\/id\\/api\\/v1\\/identity\\/token\\/verify",
            "cookies": 0.000102,
            "fingerprinting": 0,
            "subdomains": [
                "id"
            ],
            "apis": {},
            "sites": 15,
            "prevalence": 0.000102,
            "cnames": [],
            "responseHashes": [
                "dd835839e67076927fdd9cd0254dce14550066d518101255640c1f172d6953ee",
                "d6bec14a2c8703843a92a6f76284cb6feb3c7f7340494fe9a465bb1464daadcc",
                "a7628d6ae7f96f36590c67454bc3bc4a9527689edc3a5c9758b71f80fc7c6893",
                "e944c8e4616f62ba4131f962a18b19b2889d62990ee5cf89603355ffb31c9d30",
                "8c01365a857e03744f0faadfeacbee6b9e386830c7c39452b9886d0b2ffa4895",
                "8773da4a1bcd2313e3501f948453b2843d2ac1859565bbe281ce3edc83a21761",
                "147b03f563f954a1cf143c47d125521068154f59c8aa46e12250d752df185e3b",
                "87a9a44e08a160a99a32665eb3335a98b0398d0e4f63a04c0586c031f4179ab8",
                "0f7e6b4392fb22aca1ad8b49b877701a32ddbb12aea5293019173df21e4db88c",
                "57db2f092294cd7bdde527e188d52f98980e876ba364e5a36bcf100e2e6d199c",
                "faa8dcac11b171f7c5af74cac86dfab7337d7b6f8c7a8fe3b57b965bc4b4fc68",
                "72a98e1939a4155cbf9b9c42301b253fb4de21875f402402a3d1eae96bf149e9",
                "e1ce0346058145c82b3e8fa3d713ece7e69589ee9803fc633229a9fd5c9ea93b",
                "744c4bf5a5f008d74877552155e7098c174812d5ee9543990758a69460aa4063"
            ],
            "type": "Script",
            "firstPartyCookies": {},
            "firstPartyCookiesSent": {
                "__pid": 0.00008861622358554874,
                "lotame_domain_check": 0.0001976823449216087
            },
            "exampleSites": [
                "blackpoolgazette.co.uk",
                "www.edinburghnews.scotsman.com",
                "www.halifaxcourier.co.uk",
                "www.lep.co.uk",
                "www.londonworld.com",
                "www.newsletter.co.uk",
                "www.northamptonchron.co.uk",
                "www.peterboroughtoday.co.uk",
                "www.portsmouth.co.uk",
                "www.scotsman.com",
                "www.sunderlandecho.com",
                "www.sussexexpress.co.uk",
                "www.thestar.co.uk",
                "www.yorkshireeveningpost.co.uk",
                "www.yorkshirepost.co.uk"
            ]
        }
    ],
    "categories": [],
    "performance": {},
    "cookies": 0.000116,
    "topInitiators": [
        {
            "domain": "tinypass.com",
            "prevalence": 1
        }
    ],
    "types": {
        "Script": 15
    },
    "nameservers": [
        "ns2.nationalworld.com",
        "ns1.nationalworld.com"
    ]
}