{
    "domain": "nextmillmedia.com",
    "owner": {},
    "source": [
        "DuckDuckGo-US"
    ],
    "prevalence": 0.0027,
    "sites": 396,
    "subdomains": [
        "pbs",
        "cookies",
        "statics",
        "cdn",
        "video.analytics"
    ],
    "cnames": [],
    "fingerprinting": 1,
    "resources": [
        {
            "rule": "nextmillmedia\\.com\\/openrtb2\\/auction",
            "cookies": 0.00157,
            "fingerprinting": 0,
            "subdomains": [
                "pbs"
            ],
            "apis": {},
            "sites": 242,
            "prevalence": 0.00165,
            "cnames": [],
            "responseHashes": [
                "e3b0c44298fc1c149afbf4c8996fb92427ae41e4649b934ca495991b7852b855",
                "3a248413c159354b75e982a79afd6f78bb41539fd636dd1ff9075533f8c28e92",
                "bbfb9f6db07ed2e8696ff1d88a287260d746257c7a30a0254590cc7cd866a559",
                "fb7419e58cf58ab2bb3f40e5b26dd234d196aa2a56bebd1a58269e00039cdf13",
                "327d3ba751cef86ac88f1bab38f407751567c883add28abbdfa4636bd995aa07",
                "1d5b7d4b51cdbc7be970d849f4c5e8e1252f9aa71e41ad786e339e0371d17ac1",
                "3247c8df68ab9ed73032ac3d91597b7db96258117d42938d5e2463ed9c6f7bb8",
                "cfc4ded7fbafbb1187bd1274d3d00060c4f195b487e919f4dad381b348f47a03",
                "57762f9f24a608f6354c38e34e4e5dc3d637fc3fc1f9a9b6db4caae4df9e7cda",
                "95e442e006519ac74efa86b93a2e9162624850ae078d3836acadcea32ec7bf6b",
                "fdbb99f370accf15fe2f5f9ff072070e1b0989b5fe09c84ccea123c46aa1cabd",
                "36c185b07d2d9d147391f8f246993d63c9f89e451c5ed91d55b4fc6133df2d41"
            ],
            "type": "XHR",
            "firstPartyCookies": {},
            "firstPartyCookiesSent": {},
            "exampleSites": [
                "9to5mac.com",
                "ballotpedia.org",
                "screenrant.com",
                "www.drugs.com",
                "www.howtogeek.com",
                "www.makeuseof.com",
                "www.tutorialspoint.com",
                "www.wikihow.com",
                "www.xda-developers.com",
                "boop.pl",
                "spectrum.ieee.org",
                "topminecraftservers.org",
                "www.cureus.com",
                "www.90min.de",
                "cyclonefanatic.com",
                "www.golfmagic.com",
                "www.louderwithcrowder.com",
                "forum.killerfrogs.com",
                "www.wheresthematch.com",
                "de.freepik.com"
            ]
        },
        {
            "rule": "nextmillmedia\\.com\\/sync",
            "cookies": 0.00119,
            "fingerprinting": 0,
            "subdomains": [
                "cookies"
            ],
            "apis": {},
            "sites": 175,
            "prevalence": 0.00119,
            "cnames": [],
            "responseHashes": [
                "b3eab5c56b7aec210a763983a84c98c0dd96d55e02ab12d5264925f9ac6ae077",
                "b447a5456d3e53a09479b03b7b81f753154846f2d44ab6b5417b20ac81225c3b",
                "1074ca73249bc93c2cd169fd9f1da8dbc30a1d5c43e8a665b68e721d178e05f8",
                "744411c5c7dfa971446195779c32e3e8cdf0fb93cd4289dcaa50b0680a9b6cd8",
                "7c6d816fceb516f21d81b749daa0bef9dffc286111e28bfdb2d59a771b003d0a"
            ],
            "type": "Document",
            "firstPartyCookies": {},
            "firstPartyCookiesSent": {},
            "exampleSites": [
                "9to5mac.com",
                "screenrant.com",
                "www.drugs.com",
                "www.howtogeek.com",
                "www.makeuseof.com",
                "www.tutorialspoint.com",
                "www.kpopstarz.com",
                "uberhumor.com",
                "uk.investing.com",
                "versus.com",
                "fansided.com",
                "pocketnow.com",
                "www.kirklandreporter.com",
                "avgadgets.com",
                "cineuropa.org",
                "www.inspiringquotes.us",
                "stayhipp.com",
                "bamsmackpow.com",
                "best-hashtags.com",
                "1000logos.net"
            ]
        },
        {
            "rule": "nextmillmedia\\.com\\/setuid",
            "cookies": 0.000941,
            "fingerprinting": 0,
            "subdomains": [
                "cookies",
                "pbs"
            ],
            "apis": {},
            "sites": 144,
            "prevalence": 0.000982,
            "cnames": [],
            "responseHashes": [
                "c956a8bbf43bb56f60d1beefcc5a70f2cb0725083a00e8a0daf423176509fd18"
            ],
            "type": "Document",
            "firstPartyCookies": {},
            "firstPartyCookiesSent": {},
            "exampleSites": [
                "9to5mac.com",
                "www.drugs.com",
                "www.makeuseof.com",
                "www.tutorialspoint.com",
                "www.advfn.com",
                "www.kpopstarz.com",
                "news.sportslogos.net",
                "lawandcrime.com",
                "prosettings.net",
                "www.yenicaggazetesi.com.tr",
                "consequence.net",
                "lastwordonsports.com",
                "www.leaguesecretary.com",
                "www.culturagenial.com",
                "vaughn.live",
                "ezgif.com",
                "stageagent.com",
                "farmflavor.com",
                "www.auto-data.net",
                "www.cbr.com"
            ]
        },
        {
            "rule": "nextmillmedia\\.com\\/setuid",
            "cookies": 0.000709,
            "fingerprinting": 0,
            "subdomains": [
                "cookies",
                "pbs"
            ],
            "apis": {},
            "sites": 105,
            "prevalence": 0.000716,
            "cnames": [],
            "responseHashes": [
                "c956a8bbf43bb56f60d1beefcc5a70f2cb0725083a00e8a0daf423176509fd18",
                "e3b0c44298fc1c149afbf4c8996fb92427ae41e4649b934ca495991b7852b855"
            ],
            "type": "Image",
            "firstPartyCookies": {},
            "firstPartyCookiesSent": {},
            "exampleSites": [
                "9to5mac.com",
                "collive.com",
                "tunebat.com",
                "gamewith.net",
                "www.grammarbook.com",
                "imgflip.com",
                "amgreatness.com",
                "www.infobooks.org",
                "love.allwomenstalk.com",
                "www.cureus.com",
                "www.brandsoftheworld.com",
                "futbolparatodostv.com",
                "1000logos.net",
                "www.sarkariresult.com",
                "www.advfn.com",
                "transparentcalifornia.com",
                "jp.investing.com",
                "versus.com",
                "www.volnation.com",
                "texags.com"
            ]
        },
        {
            "rule": "nextmillmedia\\.com\\/sync",
            "cookies": 0.000511,
            "fingerprinting": 0,
            "subdomains": [
                "cookies"
            ],
            "apis": {},
            "sites": 75,
            "prevalence": 0.000511,
            "cnames": [],
            "responseHashes": [
                "e3b0c44298fc1c149afbf4c8996fb92427ae41e4649b934ca495991b7852b855"
            ],
            "type": "Image",
            "firstPartyCookies": {},
            "firstPartyCookiesSent": {},