{
    "domain": "nextmillmedia.com",
    "owner": {},
    "source": [
        "DuckDuckGo-US"
    ],
    "prevalence": 0.0031,
    "sites": 456,
    "subdomains": [
        "pbs",
        "cookies",
        "statics",
        "cdn",
        "video.analytics"
    ],
    "cnames": [],
    "fingerprinting": 1,
    "resources": [
        {
            "rule": "nextmillmedia\\.com\\/openrtb2\\/auction",
            "cookies": 0.00135,
            "fingerprinting": 0,
            "subdomains": [
                "pbs"
            ],
            "apis": {},
            "sites": 209,
            "prevalence": 0.00142,
            "cnames": [],
            "responseHashes": [
                "6116d0cbe0c4d0d9ff31b6e5c053185e496d96b14dd78a18fdec5574a3b4b754",
                "e3b0c44298fc1c149afbf4c8996fb92427ae41e4649b934ca495991b7852b855",
                "baed8a3a221d374ce81f99860ad08302baa7f1e1019831082ea87274071a8357",
                "bbfb9f6db07ed2e8696ff1d88a287260d746257c7a30a0254590cc7cd866a559",
                "59f2de15545727973cc5ccb6dd85e3f9b79ed62cd74179fd4ca0e2e0efbc9405",
                "5b8af0b28e9c0f872d8e286a392f0a7ee0bb39ff6803ea8c1b7d92926d675997",
                "32dc0345dc131ded19935e446f06ce1d0a2a38020d794723aee1e1f35ac8c644",
                "a7083593576cc37132c5a15f5e805f694868dcf8ef6543b860e3a6bb07046cdc",
                "cabd471725d4dcb34c176b320a4e4efea82a29e5c9abca2f564ca57a5caab73e",
                "de1c2653034046fbaefcad44b79e5756c4a3fd675a8a3f740a71d5c0bab36c0d",
                "1f2a9ee9b0f37c3001a0edeedb0e1270849e962b536d02b69b3914c80667c79c",
                "bcfd456f938c53a7eeaae6f7bb6ae1fc578dd9579bebddfcd6ff2a27c2d100ca",
                "65493e78b9846d10f2ebaf1868173c5bd790ddcb4a0d1029059fe1decc8181a4",
                "69c70fff48a3fec4bcde665e623eb8104601c8df7d0ef63e1db739f8f937199d",
                "51964e4a4f7d9d2f4bd62af269f4afa2559f105c80444509e52266147d5545b5",
                "65ee13570a35bb86402fc626cd56dad7ae9b6b3ce275fbd0105e1971ff6522a7",
                "f1fb9fd793f4acc1787d3f3aaae0b979227bb99867684f69564dd854e9ceedc9",
                "68c22a473665742e010254a0b05518f35baf68bb1d62ba7dbc1839e6addc983e",
                "0b8e40fac0a98ff18fa427d72dd0e61714f0320bca666c4815d6866004026f51",
                "282d534151b9c50da278ecffa020bfa6239abd424bf381afc714b6ebba52687c"
            ],
            "type": "XHR",
            "firstPartyCookies": {},
            "firstPartyCookiesSent": {},
            "exampleSites": [
                "ballotpedia.org",
                "screenrant.com",
                "www.drugs.com",
                "www.tutorialspoint.com",
                "www.wikihow.com",
                "www.iamexpat.nl",
                "arrowheadaddict.com",
                "pocketnow.com",
                "smallseotools.com",
                "www.gumtree.co.za",
                "www.trackitt.com",
                "saturdayblitz.com",
                "pl.investing.com",
                "ricochet.com",
                "mx.investing.com",
                "game-maps.com",
                "www.amchords.com",
                "www.dansdeals.com",
                "vectr.com",
                "tr.investing.com"
            ]
        },
        {
            "rule": "nextmillmedia\\.com\\/sync",
            "cookies": 0.000953,
            "fingerprinting": 0,
            "subdomains": [
                "cookies"
            ],
            "apis": {},
            "sites": 140,
            "prevalence": 0.000953,
            "cnames": [],
            "responseHashes": [
                "0a83f546e5e9cafc6a3dc54777b427442b55820eab89c79e84a8cd88e412d39c",
                "19f965c0f302a640fdb7ff28348a704cdc2ca929f7019d0f877d8dcab98784e3",
                "94225df60f2923bd721bb5878ea706fe34c32a73479df9fbca85b677675525e6",
                "c5bfc8b6bafbe0a2e78f8e89e38f9e0ca0acf939cde158e0f5be0520e2f18b63",
                "2e056644b61333cb996b93054f7aa0f414c84ed4a18c3cedf804e69288e0c28e",
                "433da3e4c2a4bcec1038bc71974599f13aba25a59fb1c9e809835eaab50f46ef",
                "db44195bdb3c5fd5aa3385920737b0f4f2951787dbe41e6b90cb1d7fe0af053d"
            ],
            "type": "Document",
            "firstPartyCookies": {},
            "firstPartyCookiesSent": {},
            "exampleSites": [
                "screenrant.com",
                "www.drugs.com",
                "www.tutorialspoint.com",
                "transparentnevada.com",
                "googlefeud.com",
                "www.dexerto.fr",
                "www.sciencetimes.com",
                "coder.social",
                "scorebooklive.com",
                "avgadgets.com",
                "www.sportskeeda.com",
                "www.whatfontis.com",
                "jp.investing.com",
                "www.significados.com",
                "whyy.org",
                "www.planet.fr",
                "www.ondemandkorea.com",
                "www.ebony.com",
                "getyarn.io",
                "obrazovaka.ru"
            ]
        },
        {
            "rule": "nextmillmedia\\.com\\/setuid",
            "cookies": 0.000796,
            "fingerprinting": 0,
            "subdomains": [
                "cookies",
                "pbs"
            ],
            "apis": {},
            "sites": 122,
            "prevalence": 0.000831,
            "cnames": [],
            "responseHashes": [
                "c956a8bbf43bb56f60d1beefcc5a70f2cb0725083a00e8a0daf423176509fd18"
            ],
            "type": "Document",
            "firstPartyCookies": {},
            "firstPartyCookiesSent": {},
            "exampleSites": [
                "www.drugs.com",
                "www.tutorialspoint.com",
                "www.chattanoogan.com",
                "www.nbadraft.net",
                "news.sportslogos.net",
                "www.culturagenial.com",
                "framed.wtf",
                "br.freepik.com",
                "breaking911.com",
                "www.bibliaon.com",
                "www.ffonts.net",
                "www.ondemandkorea.com",
                "www.kirklandreporter.com",
                "www.brandsoftheworld.com",
                "prosettings.net",
                "www.tonymacx86.com",
                "game-maps.com",
                "www.poeticous.com",
                "www.planet.fr",
                "www.sinonimosonline.com"
            ]
        },
        {
            "rule": "nextmillmedia\\.com\\/setuid",
            "cookies": 0.000647,
            "fingerprinting": 0,
            "subdomains": [
                "cookies",
                "pbs"
            ],
            "apis": {},
            "sites": 96,
            "prevalence": 0.000654,
            "cnames": [],
            "responseHashes": [
                "cdf01f732af29d4a13c384a2afa26c164bfe4be9ee36c04d7f2bf401f4cbeb8e",
                "e3b0c44298fc1c149afbf4c8996fb92427ae41e4649b934ca495991b7852b855",
                "c956a8bbf43bb56f60d1beefcc5a70f2cb0725083a00e8a0daf423176509fd18"
            ],
            "type": "Image",
            "firstPartyCookies": {},
            "firstPartyCookiesSent": {},
            "exampleSites": [
                "www.tutorialspoint.com",
                "gon.com",
                "googlefeud.com",
                "www.volnation.com",
                "www.mediaite.com",
                "usssa.com",
                "www.50states.com",
                "www.autabuy.com",
                "lakersnation.com",
                "amgreatness.com",
                "www.newslive.com",
                "www.sinonimosonline.com",
                "www.codingem.com",
                "obrazovaka.ru",
                "cyclonefanatic.com",
                "breaking911.com",
                "forum.gon.com",
                "toonily.com",
                "www.bibliaon.com",
                "www.denofgeek.com"
            ]
        },
        {
            "rule": "nextmillmedia\\.com\\/openrtb2\\/auction",