{
    "domain": "ngageics.com",
    "owner": {},
    "source": [
        "DuckDuckGo-US"
    ],
    "prevalence": 0.0000682,
    "sites": 10,
    "subdomains": [
        "messenger"
    ],
    "cnames": [],
    "fingerprinting": 1,
    "resources": [
        {
            "rule": "ngageics\\.com\\/ilnksrvr\\.aspx",
            "cookies": 0.0000545,
            "fingerprinting": 1,
            "subdomains": [
                "messenger"
            ],
            "apis": {
                "Navigator.prototype.userAgent": 8,
                "Document.cookie getter": 8,
                "Date.prototype.getTime": 8,
                "Document.cookie setter": 8,
                "window.localStorage": 8,
                "window.innerHeight": 5
            },
            "sites": 8,
            "prevalence": 0.0000545,
            "cnames": [],
            "responseHashes": [
                "42e26d673695e02f888423475a2151dac9bb5b74c376e7fb1a2af540f3a45ab0",
                "3fb39aad127c5229d9a696cf9669b233917901a8f5c6b09ae4dc67abd8adbff7",
                "6c2756c857e55d1e107e378f418e2e0e1d431d0b77d08251027de361a3adf3a0",
                "e75c1f75919007902b75445ec261044b9b9d9f7ea5a75d837e5f1bdfb6d7c6ae",
                "cb74feba1327c3ad4fd84c50103ee58ef59393b90c33de0b06422e68194efb21",
                "13701c1975bb2da9914b089125328e629fd9f4994514ad165278f65e11438a42",
                "7a742f5fb7608bac1e421a9744c897d1f8ed3c0f9b0380e2e5371e9ecece8851"
            ],
            "type": "Script",
            "firstPartyCookies": {
                "ngageFirstVisit": {
                    "ttl": 31536002,
                    "length": 13,
                    "prevalence": 0.000054533060668029995,
                    "uniqueness": 1
                },
                "splitVariantscwpdL2": {
                    "ttl": 3601,
                    "length": 1,
                    "prevalence": 0.000020449897750511246,
                    "uniqueness": 1
                },
                "ngageId": {
                    "ttl": 157680002,
                    "length": 36,
                    "prevalence": 0.000054533060668029995,
                    "uniqueness": 1
                },
                "NgageSourceTracker": {
                    "ttl": 86402,
                    "length": 27,
                    "prevalence": 0.000054533060668029995,
                    "uniqueness": 0.75
                }
            },
            "firstPartyCookiesSent": {
                "NgageSourceTracker": 0.000054533060668029995
            },
            "exampleSites": [
                "cuetolawgroup.com",
                "store.nolo.com",
                "sweetlaw.com",
                "www.alllaw.com",
                "www.criminaldefenselawyer.com",
                "www.nolo.com",
                "www.soberrecovery.com",
                "www.vosslawfirm.com"
            ]
        },
        {
            "rule": "ngageics\\.com\\/api\\/customscript\\/getscript",
            "cookies": 0,
            "fingerprinting": 0,
            "subdomains": [
                "messenger"
            ],
            "apis": {},
            "sites": 8,
            "prevalence": 0.0000545,
            "cnames": [],
            "responseHashes": [
                "e3b0c44298fc1c149afbf4c8996fb92427ae41e4649b934ca495991b7852b855",
                "1b46d2e672946d93a258edf504c68400869f682aaf491d1687bcdaebe670de45",
                "09bca9c665e09b79fdb38909072ba9d4c8c35caed5fc434fc3ac38cb4f7ca640"
            ],
            "type": "Stylesheet",
            "firstPartyCookies": {},
            "firstPartyCookiesSent": {
                "NgageSourceTracker": 0.000054533060668029995
            },
            "exampleSites": [
                "cuetolawgroup.com",
                "store.nolo.com",
                "sweetlaw.com",
                "www.alllaw.com",
                "www.criminaldefenselawyer.com",
                "www.nolo.com",
                "www.soberrecovery.com",
                "www.vosslawfirm.com"
            ]
        },
        {
            "rule": "ngageics\\.com\\/Content\\/Style\\/desktopInvite\\.min\\.css",
            "cookies": 0,
            "fingerprinting": 0,
            "subdomains": [
                "messenger"
            ],
            "apis": {},
            "sites": 8,
            "prevalence": 0.0000545,
            "cnames": [],
            "responseHashes": [
                "c2c4ed053bb4541f690295794b6eced02ddb2168c34651cb8fe48cb5c9372fb7"
            ],
            "type": "Stylesheet",
            "firstPartyCookies": {},
            "firstPartyCookiesSent": {},
            "exampleSites": [
                "cuetolawgroup.com",
                "store.nolo.com",
                "sweetlaw.com",
                "www.alllaw.com",
                "www.criminaldefenselawyer.com",
                "www.nolo.com",
                "www.soberrecovery.com",
                "www.vosslawfirm.com"
            ]
        },
        {
            "rule": "ngageics\\.com\\/Template\\/ngageSideButton\\.css",
            "cookies": 0,
            "fingerprinting": 0,
            "subdomains": [
                "messenger"
            ],
            "apis": {},
            "sites": 7,
            "prevalence": 0.0000477,
            "cnames": [],
            "responseHashes": [
                "d1c42464d77b45b47c7344e463a3886700cfb7ef22e5812e25ab6fbc35a55fab"
            ],
            "type": "Stylesheet",
            "firstPartyCookies": {},
            "firstPartyCookiesSent": {},
            "exampleSites": [
                "cuetolawgroup.com",
                "store.nolo.com",
                "www.alllaw.com",
                "www.criminaldefenselawyer.com",
                "www.nolo.com",
                "www.soberrecovery.com",
                "www.vosslawfirm.com"
            ]
        },
        {
            "rule": "ngageics\\.com\\/Images\\/Callout\\.png",
            "cookies": 0,
            "fingerprinting": 0,
            "subdomains": [
                "messenger"
            ],
            "apis": {},
            "sites": 3,
            "prevalence": 0.0000204,
            "cnames": [],
            "responseHashes": [
                "1917dcd560d2ed9a70999344e817d25f223469d944205564c97927d66b7368f0"
            ],
            "type": "Image",
            "firstPartyCookies": {},
            "firstPartyCookiesSent": {},
            "exampleSites": [
                "cuetolawgroup.com",
                "sweetlaw.com",
                "www.vosslawfirm.com"
            ]
        },
        {
            "rule": "ngageics\\.com\\/Images\\/cancel\\.png",
            "cookies": 0,
            "fingerprinting": 0,
            "subdomains": [
                "messenger"
            ],
            "apis": {},
            "sites": 3,
            "prevalence": 0.0000204,
            "cnames": [],
            "responseHashes": [
                "e9e7235727a106c960ff5cd17147e4864065406059f742741ea1d58a1e00da05"
            ],
            "type": "Image",
            "firstPartyCookies": {},
            "firstPartyCookiesSent": {},
            "exampleSites": [
                "cuetolawgroup.com",
                "sweetlaw.com",
                "www.vosslawfirm.com"
            ]
        },
        {
            "rule": "ngageics\\.com\\/Images\\/Callout-white\\.png",
            "cookies": 0,
            "fingerprinting": 0,
            "subdomains": [
                "messenger"
            ],
            "apis": {},
            "sites": 3,
            "prevalence": 0.0000204,
            "cnames": [],
            "responseHashes": [
                "9823945c19db145a91bf33fac1c06ffe4e5c5a77015923e40ece51bb9265ee36"
            ],
            "type": "Image",
            "firstPartyCookies": {},
            "firstPartyCookiesSent": {},