{
    "domain": "notifyvisitors.com",
    "owner": {},
    "source": [
        "DuckDuckGo-US"
    ],
    "prevalence": 0.0000545,
    "sites": 8,
    "subdomains": [
        "www",
        "cdn",
        "cdnp",
        "pushimages",
        "push",
        "wsshm"
    ],
    "cnames": [],
    "fingerprinting": 2,
    "resources": [
        {
            "rule": "notifyvisitors\\.com\\/ext\\/v1\\/settings",
            "cookies": 0.0000409,
            "fingerprinting": 2,
            "subdomains": [
                "www"
            ],
            "apis": {
                "window.sessionStorage": 6,
                "Document.cookie getter": 6,
                "Date.prototype.getTime": 6,
                "Document.cookie setter": 6,
                "Navigator.prototype.userAgent": 1,
                "Screen.prototype.availWidth": 1
            },
            "sites": 6,
            "prevalence": 0.0000409,
            "cnames": [],
            "responseHashes": [
                "2efa5f435e514dbf9cefbaa27e68d1b137e25afb16d4abe431915b114ea38514",
                "70ba3ef1c3e5769b00169f5dc03cf6ca96975740248641a3592a90c2bee0723d",
                "e5d163a3b1561f30cb423bb7528e39527a6812eb4b34cfa455a8d6a974075810",
                "47850f2bf4678bb28349c7483db7c0090015fec25e54604684be5a35888d3fac",
                "0ba3194f90e2bd4e3d6aad08ad4c25d57882fd217976d2a77a37543cbfc23a3d"
            ],
            "type": "Script",
            "firstPartyCookies": {
                "_nv_sess": {
                    "ttl": 1804,
                    "length": 70,
                    "prevalence": 0.00003408316291751875,
                    "uniqueness": 1
                },
                "_nv_uid": {
                    "ttl": 63060004,
                    "length": 82,
                    "prevalence": 0.00003408316291751875,
                    "uniqueness": 1
                },
                "_nv_utm": {
                    "ttl": 15768004,
                    "length": 151,
                    "prevalence": 0.00003408316291751875,
                    "uniqueness": 1
                },
                "_nv_hit_uid": {
                    "ttl": -86396,
                    "length": 1,
                    "prevalence": 0.00003408316291751875,
                    "uniqueness": 0.2
                },
                "_nv_form_x": {
                    "ttl": -86396,
                    "length": 1,
                    "prevalence": 0.00003408316291751875,
                    "uniqueness": 0.2
                },
                "_nv_banner_x": {
                    "ttl": -86398,
                    "length": 3,
                    "prevalence": 0.00003408316291751875,
                    "uniqueness": 0.4
                },
                "_nv_did": {
                    "ttl": 63060004,
                    "length": 35,
                    "prevalence": 0.00003408316291751875,
                    "uniqueness": 1
                },
                "_nv_hit": {
                    "ttl": 15768007,
                    "length": 43,
                    "prevalence": 0.00003408316291751875,
                    "uniqueness": 1
                },
                "_nv_banner_ab_19870": {
                    "ttl": 86402,
                    "length": 5,
                    "prevalence": 0.000006816632583503749,
                    "uniqueness": 1
                },
                "_nv_ab_ver_7342_1371": {
                    "ttl": null,
                    "length": 4,
                    "prevalence": 0.000006816632583503749,
                    "uniqueness": 1
                },
                "_nv_ab_ver_7342_1366": {
                    "ttl": 115286976005,
                    "length": 4,
                    "prevalence": 0.000006816632583503749,
                    "uniqueness": 1
                },
                "_nv_ab_ver_7342_5711": {
                    "ttl": null,
                    "length": 4,
                    "prevalence": 0.000006816632583503749,
                    "uniqueness": 1
                },
                "_nv_ab_cid": {
                    "ttl": 63060005,
                    "length": 22,
                    "prevalence": 0.000006816632583503749,
                    "uniqueness": 1
                },
                "_nv_push_neg": {
                    "ttl": null,
                    "length": 1,
                    "prevalence": 0.000006816632583503749,
                    "uniqueness": 1
                }
            },
            "firstPartyCookiesSent": {
                "jarvis-id": 0.000006816632583503749,
                "_fbp": 0.000013633265167007499,
                "_gcl_au": 0.000020449897750511246,
                "_ga": 0.000006816632583503749,
                "_gid": 0.000006816632583503749
            },
            "exampleSites": [
                "1mg.com",
                "www.1mg.com",
                "www.axisbank.com",
                "www.hdfclife.com",
                "www.sbilife.co.in",
                "www.vijaysales.com"
            ]
        },
        {
            "rule": "notifyvisitors\\.com\\/ext\\/js\\/nv-banner-upl\\.js",
            "cookies": 0.0000204,
            "fingerprinting": 2,
            "subdomains": [
                "cdn"
            ],
            "apis": {
                "Date.prototype.getTimezoneOffset": 3,
                "Screen.prototype.width": 3,
                "Screen.prototype.height": 3,
                "Navigator.prototype.userAgent": 3,
                "Navigator.prototype.cookieEnabled": 3,
                "Document.cookie getter": 3,
                "Document.cookie setter": 3
            },
            "sites": 3,
            "prevalence": 0.0000204,
            "cnames": [],
            "responseHashes": [
                "65a848c817bbf71fd50b4c21dee270fd71831d419c2a3205637a129551a4a8bf"
            ],
            "type": "Script",
            "firstPartyCookies": {
                "shw_13453": {
                    "ttl": 56671,
                    "length": 1,
                    "prevalence": 0.000013633265167007499,
                    "uniqueness": 0.5
                },
                "shw_14718": {
                    "ttl": 69498,
                    "length": 1,
                    "prevalence": 0.000006816632583503749,
                    "uniqueness": 1
                }
            },
            "firstPartyCookiesSent": {},
            "exampleSites": [
                "1mg.com",
                "www.1mg.com",
                "www.sbilife.co.in"
            ]
        },
        {
            "rule": "notifyvisitors\\.com\\/user\\/notifications_v2\\/updateViews",
            "cookies": 0,
            "fingerprinting": 0,
            "subdomains": [
                "www"
            ],
            "apis": {},
            "sites": 3,
            "prevalence": 0.0000204,
            "cnames": [],
            "responseHashes": [
                "b6e025ad60fc72618de7ad6b878cc9ade935ce3548f7713fb5a50422e94714ae",
                "bc53843c5a08e5abc2128bb7031e1553a3e91c07554b6cdc852c415d9846017d"
            ],
            "type": "Script",
            "firstPartyCookies": {},
            "firstPartyCookiesSent": {
                "_nv_sess": 0.000020449897750511246,
                "_nv_uid": 0.000020449897750511246,
                "_nv_utm": 0.000020449897750511246,
                "_nv_did": 0.000020449897750511246
            },
            "exampleSites": [
                "1mg.com",
                "www.1mg.com",
                "www.sbilife.co.in"
            ]
        },
        {
            "rule": "notifyvisitors\\.com\\/ext\\/js\\/nv-anal-upl\\.js",
            "cookies": 0,
            "fingerprinting": 2,
            "subdomains": [
                "cdn"
            ],
            "apis": {
                "Date.prototype.getTimezoneOffset": 5,
                "Screen.prototype.width": 5,