{
    "domain": "ns1p.net",
    "owner": {
        "name": "NSONE Inc",
        "displayName": "NSONE"
    },
    "source": [
        "DuckDuckGo-US"
    ],
    "prevalence": 0.000116,
    "sites": 17,
    "subdomains": [
        "cs",
        "s",
        "b"
    ],
    "cnames": [],
    "fingerprinting": 1,
    "resources": [
        {
            "rule": "ns1p\\.net\\/p\\.js",
            "cookies": 0,
            "fingerprinting": 1,
            "subdomains": [
                "cs"
            ],
            "apis": {
                "Date.prototype.getTime": 10
            },
            "sites": 10,
            "prevalence": 0.0000681,
            "cnames": [],
            "responseHashes": [
                "a078ddce2347907542298146c378bd03c10370d1dfe62719e1cea4f470fb0a91"
            ],
            "type": "Script",
            "firstPartyCookies": {},
            "firstPartyCookiesSent": {},
            "exampleSites": [
                "ebay.com",
                "mgoblog.com",
                "n.rivals.com",
                "nation.foxnews.com",
                "www.20minutes.fr",
                "www.burntorangenation.com",
                "www.ebay.ca",
                "www.ebay.com.my",
                "www.ebay.fr",
                "www.ebay.ie"
            ]
        },
        {
            "rule": "ns1p\\.net\\/",
            "cookies": 0,
            "fingerprinting": 0,
            "subdomains": [
                "s",
                "b"
            ],
            "apis": {},
            "sites": 11,
            "prevalence": 0.0000749,
            "cnames": [],
            "responseHashes": [
                "e3b0c44298fc1c149afbf4c8996fb92427ae41e4649b934ca495991b7852b855",
                "c55812e2b622ea16643f5eef8973dff375d9b563cfd32783e0b8630cb4c17684",
                "ff4da2fabbaac4284e91bd5b5f9e3fac81a9e79dc79d5c06adacdf34c18e35b9",
                "65a53765126403159bb3e1eab3f5378c54b0600db4c546d11fe0f45850fdd8bc",
                "8ff3b3663100642b3828b71e47a9c7c8ab49f600530c3416e50efd68052207c4",
                "d470a30849c530829f5c37c70efae00128f099e0c16190f22e530cb071895823",
                "54d3d6fa35fedaf4e338fb517e49cc74caed6c8bb430ab17ce412523f24dd168",
                "b6323c893e74c24d7fc65af73150bf0be3101a6e019475c4dc0939e20553b15f",
                "037276bace63f4f2d9db3abb0b7479d5444e36b330529096f0fad4ccab3b5ba9",
                "e54716dbff59b3e41a2325659d6ecca01442f677bf1c3457bc23e896b36abd14"
            ],
            "type": "XHR",
            "firstPartyCookies": {},
            "firstPartyCookiesSent": {},
            "exampleSites": [
                "ebay.com",
                "il.ebay.com",
                "mgoblog.com",
                "n.rivals.com",
                "nation.foxnews.com",
                "www.20minutes.fr",
                "www.burntorangenation.com",
                "www.ebay.ca",
                "www.ebay.com.my",
                "www.ebay.fr",
                "www.ebay.ie"
            ]
        },
        {
            "rule": "ns1p\\.net\\/",
            "cookies": 0,
            "fingerprinting": 0,
            "subdomains": [
                "b"
            ],
            "apis": {},
            "sites": 7,
            "prevalence": 0.0000477,
            "cnames": [],
            "responseHashes": [
                "e3b0c44298fc1c149afbf4c8996fb92427ae41e4649b934ca495991b7852b855"
            ],
            "type": "Ping",
            "firstPartyCookies": {},
            "firstPartyCookiesSent": {},
            "exampleSites": [
                "mtv.nl",
                "www.mtv.nl",
                "www.paramountnetwork.com",
                "www.paramountplus.com",
                "www.smithsonianchannel.com",
                "www.southparkstudios.com",
                "www.vh1.com"
            ]
        }
    ],
    "categories": [],
    "performance": {},
    "cookies": 0,
    "topInitiators": [
        {
            "domain": "cbsivideo.com",
            "prevalence": 0.43243243243243246
        },
        {
            "domain": "first party",
            "prevalence": 0.2972972972972973
        },
        {
            "domain": "ebaystatic.com",
            "prevalence": 0.16216216216216217
        },
        {
            "domain": "googletagmanager.com",
            "prevalence": 0.10810810810810811
        }
    ],
    "types": {
        "Script": 10,
        "XHR": 11,
        "Ping": 7
    },
    "nameservers": [
        "dns3.p07.nsone.net",
        "dns4.p07.nsone.net",
        "dns2.p07.nsone.net",
        "dns1.p07.nsone.net"
    ]
}