{
    "domain": "onclickprediction.com",
    "owner": {},
    "source": [
        "DuckDuckGo-US"
    ],
    "prevalence": 0.0000954,
    "sites": 14,
    "subdomains": [],
    "cnames": [],
    "fingerprinting": 2,
    "resources": [
        {
            "rule": "onclickprediction\\.com\\/a\\/display\\.php",
            "cookies": 0,
            "fingerprinting": 1,
            "subdomains": [],
            "apis": {
                "Navigator.prototype.userAgent": 12,
                "Navigator.prototype.mimeTypes": 12,
                "window.innerWidth": 6,
                "window.innerHeight": 6
            },
            "sites": 13,
            "prevalence": 0.0000886,
            "cnames": [],
            "responseHashes": [
                "28e6b624d4212997279564f601aed2354cfbf7d09cbeb63bcd23340c8265304b",
                "e3b0c44298fc1c149afbf4c8996fb92427ae41e4649b934ca495991b7852b855",
                "fc58d0fcc1c30fe7c8bc31418adf852d9dd99f440124e93071ee16b1ea45b1e3",
                "1271cbcdde29aabe59fb479941ea65735bafbfac7123fab5df82fc59f15cf6fa",
                "e08b6b3df7fb97a89bc08889b0f8bc339e09cbbc615ce438a7614edc1d684b30",
                "d3e1cca7fc2a9b088f4c64db64c7e8170507e4dfcb1b76137cb8568b989a3633",
                "17af9bbec4238eb3a6d1e358ad8116df8d5d7317c8fcc44214474cef74f04f2b",
                "f0785ea14a7fdca2d98a99086882677086017885e1cf6e7c551c5eac0708a7db",
                "66f0c01aa328172a2e2b91de548767cbca7f5e2b5c1f88a2a20667c32dd49d23",
                "7eaa5b17fe746b33feb51e5bfe17613b2226f1b24ca14fa5b4a7953c8e9046da",
                "4a9965c2b40124de0afced668f1bab52bd597a182dc2dfdcac992639bf95516b",
                "11148afef21f5a9812348086ee6cebb257efe5f3fac0181fca8d2e3e1388151e"
            ],
            "type": "Script",
            "firstPartyCookies": {},
            "firstPartyCookiesSent": {},
            "exampleSites": [
                "alloldpics.com",
                "bbwpictures.com",
                "bustypics.com",
                "hdpornpics.com",
                "hotblondepussy.com",
                "hotmilfpics.com",
                "hotpussypics.com",
                "idealmilf.com",
                "idealwifes.com",
                "maturecharm.com",
                "maturepussypics.com",
                "pornsticky.com",
                "shavedpics.com"
            ]
        }
    ],
    "categories": [],
    "performance": {},
    "cookies": 0,
    "topInitiators": [
        {
            "domain": "first party",
            "prevalence": 1
        }
    ],
    "types": {
        "Script": 13
    },
    "nameservers": [
        "lady.ns.cloudflare.com",
        "hank.ns.cloudflare.com"
    ]
}