{
    "domain": "onlinechatcenters.com",
    "owner": {},
    "source": [
        "DuckDuckGo-US"
    ],
    "prevalence": 0.0000613,
    "sites": 9,
    "subdomains": [
        "www"
    ],
    "cnames": [],
    "fingerprinting": 1,
    "resources": [
        {
            "rule": "onlinechatcenters\\.com\\/track\\.a-28229\\.js",
            "cookies": 0.0000136,
            "fingerprinting": 1,
            "subdomains": [
                "www"
            ],
            "apis": {
                "Document.cookie getter": 2,
                "Document.cookie setter": 2
            },
            "sites": 2,
            "prevalence": 0.0000136,
            "cnames": [],
            "responseHashes": [
                "86e5d0c8dd7315cbf54eecee43127cc68e8f7177a4985da8a35290c176ac0c07"
            ],
            "type": "Script",
            "firstPartyCookies": {
                "OCCSESSID": {
                    "ttl": null,
                    "length": 26,
                    "prevalence": 0.000013633265167007499,
                    "uniqueness": 1
                }
            },
            "firstPartyCookiesSent": {},
            "exampleSites": [
                "brosconcrete.com",
                "broshauling.com"
            ]
        },
        {
            "rule": "onlinechatcenters\\.com\\/visitor\\/",
            "cookies": 0,
            "fingerprinting": 0,
            "subdomains": [
                "www"
            ],
            "apis": {},
            "sites": 8,
            "prevalence": 0.0000545,
            "cnames": [],
            "responseHashes": [
                "0bd0627c38c57db5d538141300cc4ab25d2b885cd695c07263f500ed9dd15803",
                "2029e9eb44d8f44e96c235a534528993c1e52a95b7ab0343c88b2f1dfc90f898",
                "7d77a2458b199a163f042650df79dbef64f488be56c552b65740c3d8875426ac",
                "332ce33488f9335ef05a042cce91f8c4300c28048a2262c64f1b0cab345835ea",
                "2ddda9ed33d473fbdf2fa0e2d122d92206536186fa664e4f260c8d4a3c092801",
                "4da924a347964d08f393b8ab4520423aaa6f5140fabd589d1810713139a47b0b",
                "d0ea5f36b16c5ccb2978fe2eee92b19dd725ce31e98b07fd5c65586405e9785a"
            ],
            "type": "Script",
            "firstPartyCookies": {},
            "firstPartyCookiesSent": {},
            "exampleSites": [
                "brosconcrete.com",
                "broshauling.com",
                "www.206tours.com",
                "www.babbittsonline.com",
                "www.genuinepolarisparts.com",
                "www.hondapartshouse.com",
                "www.lcc.edu",
                "www.yamahapartshouse.com"
            ]
        },
        {
            "rule": "onlinechatcenters\\.com\\/code-29945\\.js",
            "cookies": 0.0000136,
            "fingerprinting": 1,
            "subdomains": [
                "www"
            ],
            "apis": {
                "Document.cookie getter": 2,
                "Document.cookie setter": 2
            },
            "sites": 2,
            "prevalence": 0.0000136,
            "cnames": [],
            "responseHashes": [
                "745ff024b790f15509b3b4b8b913f6abf59287c7cd91ab95302de39deb676909"
            ],
            "type": "Script",
            "firstPartyCookies": {
                "OCCSESSID": {
                    "ttl": null,
                    "length": 26,
                    "prevalence": 0.000013633265167007499,
                    "uniqueness": 1
                }
            },
            "firstPartyCookiesSent": {},
            "exampleSites": [
                "babbittsonline.com",
                "www.babbittsonline.com"
            ]
        },
        {
            "rule": "onlinechatcenters\\.com\\/status-29945",
            "cookies": 0,
            "fingerprinting": 0,
            "subdomains": [
                "www"
            ],
            "apis": {},
            "sites": 2,
            "prevalence": 0.0000136,
            "cnames": [],
            "responseHashes": [
                "2df2b4ba6543497f17efaeaa3355b600fa6dbdf6c1e25947f1e916e4b82eabab"
            ],
            "type": "Image",
            "firstPartyCookies": {},
            "firstPartyCookiesSent": {},
            "exampleSites": [
                "babbittsonline.com",
                "www.babbittsonline.com"
            ]
        },
        {
            "rule": "onlinechatcenters\\.com\\/code-29945-69580\\.js",
            "cookies": 0.0000136,
            "fingerprinting": 1,
            "subdomains": [
                "www"
            ],
            "apis": {
                "Document.cookie getter": 2,
                "Document.cookie setter": 2
            },
            "sites": 2,
            "prevalence": 0.0000136,
            "cnames": [],
            "responseHashes": [
                "8b105fb935b150ecec74fa56344e3915434d22c57d2ba0b0d120561270f3863a"
            ],
            "type": "Script",
            "firstPartyCookies": {
                "OCCSESSID": {
                    "ttl": null,
                    "length": 26,
                    "prevalence": 0.000013633265167007499,
                    "uniqueness": 1
                }
            },
            "firstPartyCookiesSent": {},
            "exampleSites": [
                "hondapartshouse.com",
                "www.yamahapartshouse.com"
            ]
        },
        {
            "rule": "onlinechatcenters\\.com\\/status-29945-69580",
            "cookies": 0,
            "fingerprinting": 0,
            "subdomains": [
                "www"
            ],
            "apis": {},
            "sites": 2,
            "prevalence": 0.0000136,
            "cnames": [],
            "responseHashes": [
                "2df2b4ba6543497f17efaeaa3355b600fa6dbdf6c1e25947f1e916e4b82eabab"
            ],
            "type": "Image",
            "firstPartyCookies": {},
            "firstPartyCookiesSent": {},
            "exampleSites": [
                "hondapartshouse.com",
                "www.yamahapartshouse.com"
            ]
        }
    ],
    "categories": [],
    "performance": {},
    "cookies": 0.0000613,
    "topInitiators": [
        {
            "domain": "first party",
            "prevalence": 0.5833333333333334
        },
        {
            "domain": "googletagmanager.com",
            "prevalence": 0.3333333333333333
        },
        {
            "domain": "storage.googleapis.com",
            "prevalence": 0.08333333333333333
        }
    ],
    "types": {
        "Script": 14,
        "Image": 4
    },
    "nameservers": [
        "ns-259.awsdns-32.com",
        "ns-1944.awsdns-51.co.uk",
        "ns-551.awsdns-04.net",
        "ns-1211.awsdns-23.org"
    ]
}