{
    "domain": "onlinechatcenters.com",
    "owner": {},
    "source": [
        "DuckDuckGo-US"
    ],
    "prevalence": 0.0000614,
    "sites": 9,
    "subdomains": [
        "www"
    ],
    "cnames": [],
    "fingerprinting": 1,
    "resources": [
        {
            "rule": "onlinechatcenters\\.com\\/track\\.a-28229\\.js",
            "cookies": 0.0000136,
            "fingerprinting": 1,
            "subdomains": [
                "www"
            ],
            "apis": {
                "Document.cookie getter": 2,
                "Document.cookie setter": 2
            },
            "sites": 2,
            "prevalence": 0.0000136,
            "cnames": [],
            "responseHashes": [
                "86e5d0c8dd7315cbf54eecee43127cc68e8f7177a4985da8a35290c176ac0c07"
            ],
            "type": "Script",
            "firstPartyCookies": {
                "OCCSESSID": {
                    "ttl": null,
                    "length": 26,
                    "prevalence": 0.000013635774818814642,
                    "uniqueness": 1
                }
            },
            "firstPartyCookiesSent": {},
            "exampleSites": [
                "brosconcrete.com",
                "broshauling.com"
            ]
        },
        {
            "rule": "onlinechatcenters\\.com\\/visitor\\/",
            "cookies": 0,
            "fingerprinting": 0,
            "subdomains": [
                "www"
            ],
            "apis": {},
            "sites": 8,
            "prevalence": 0.0000545,
            "cnames": [],
            "responseHashes": [
                "a4b9813153195c9cc3d994735e5df81d5bec5552b5fa29ccd12c2a2383011452",
                "3fbc89ad55b388c3b7296654d61c63cbfc3d2a2bbd9159a06a979a63949139be",
                "ae17bb687b600c1b776ef01f1071cef376b71f9ac1fd376578897aedc5f9dc3e",
                "9dc28f30bd83da40133aa0db4062c4c81d4c734295d428b30056f3894874bf5b",
                "550ac6e51997eda2d425db2cb7033b4c34671f72006df91abd2523d6bda80d09",
                "08d7038e5b7f5053265164b8d513254b33f0b4a5bd5762480bcdce4206e3c6c3",
                "aa56d918daff9a78e1bf05241d94b58bcaaf8452d3f2d3ea3314247e4584afa4"
            ],
            "type": "Script",
            "firstPartyCookies": {},
            "firstPartyCookiesSent": {},
            "exampleSites": [
                "brosconcrete.com",
                "broshauling.com",
                "www.206tours.com",
                "www.babbittsonline.com",
                "www.genuinepolarisparts.com",
                "www.hondapartshouse.com",
                "www.lcc.edu",
                "www.yamahapartshouse.com"
            ]
        },
        {
            "rule": "onlinechatcenters\\.com\\/code-29945\\.js",
            "cookies": 0.0000136,
            "fingerprinting": 1,
            "subdomains": [
                "www"
            ],
            "apis": {
                "Document.cookie getter": 2,
                "Document.cookie setter": 2
            },
            "sites": 2,
            "prevalence": 0.0000136,
            "cnames": [],
            "responseHashes": [
                "745ff024b790f15509b3b4b8b913f6abf59287c7cd91ab95302de39deb676909"
            ],
            "type": "Script",
            "firstPartyCookies": {
                "OCCSESSID": {
                    "ttl": null,
                    "length": 26,
                    "prevalence": 0.000013635774818814642,
                    "uniqueness": 1
                }
            },
            "firstPartyCookiesSent": {},
            "exampleSites": [
                "babbittsonline.com",
                "www.babbittsonline.com"
            ]
        },
        {
            "rule": "onlinechatcenters\\.com\\/status-29945",
            "cookies": 0,
            "fingerprinting": 0,
            "subdomains": [
                "www"
            ],
            "apis": {},
            "sites": 2,
            "prevalence": 0.0000136,
            "cnames": [],
            "responseHashes": [
                "5e79585b4747eb6df716261dc98961d0100dd1969834b026543a39cd92713910"
            ],
            "type": "Image",
            "firstPartyCookies": {},
            "firstPartyCookiesSent": {},
            "exampleSites": [
                "babbittsonline.com",
                "www.babbittsonline.com"
            ]
        },
        {
            "rule": "onlinechatcenters\\.com\\/code-29945-69580\\.js",
            "cookies": 0.0000136,
            "fingerprinting": 1,
            "subdomains": [
                "www"
            ],
            "apis": {
                "Document.cookie getter": 2,
                "Document.cookie setter": 2
            },
            "sites": 2,
            "prevalence": 0.0000136,
            "cnames": [],
            "responseHashes": [
                "8b105fb935b150ecec74fa56344e3915434d22c57d2ba0b0d120561270f3863a"
            ],
            "type": "Script",
            "firstPartyCookies": {
                "OCCSESSID": {
                    "ttl": null,
                    "length": 26,
                    "prevalence": 0.000013635774818814642,
                    "uniqueness": 1
                }
            },
            "firstPartyCookiesSent": {},
            "exampleSites": [
                "hondapartshouse.com",
                "www.yamahapartshouse.com"
            ]
        },
        {
            "rule": "onlinechatcenters\\.com\\/status-29945-69580",
            "cookies": 0,
            "fingerprinting": 0,
            "subdomains": [
                "www"
            ],
            "apis": {},
            "sites": 2,
            "prevalence": 0.0000136,
            "cnames": [],
            "responseHashes": [
                "2df2b4ba6543497f17efaeaa3355b600fa6dbdf6c1e25947f1e916e4b82eabab"
            ],
            "type": "Image",
            "firstPartyCookies": {},
            "firstPartyCookiesSent": {},
            "exampleSites": [
                "hondapartshouse.com",
                "www.yamahapartshouse.com"
            ]
        }
    ],
    "categories": [],
    "performance": {},
    "cookies": 0.0000614,
    "topInitiators": [
        {
            "domain": "first party",
            "prevalence": 0.5833333333333334
        },
        {
            "domain": "googletagmanager.com",
            "prevalence": 0.3333333333333333
        },
        {
            "domain": "storage.googleapis.com",
            "prevalence": 0.08333333333333333
        }
    ],
    "types": {
        "Script": 14,
        "Image": 4
    },
    "nameservers": [
        "ns-551.awsdns-04.net",
        "ns-259.awsdns-32.com",
        "ns-1211.awsdns-23.org",
        "ns-1944.awsdns-51.co.uk"
    ]
}