{
    "domain": "opentracker.net",
    "owner": {
        "name": "Opentracker",
        "displayName": "Opentracker"
    },
    "source": [
        "DuckDuckGo-US"
    ],
    "prevalence": 0.0000477,
    "sites": 7,
    "subdomains": [
        "server1",
        "script",
        "gm02f",
        "gm02e",
        "log"
    ],
    "cnames": [],
    "fingerprinting": 2,
    "resources": [
        {
            "rule": "opentracker\\.net\\/",
            "cookies": 0.0000477,
            "fingerprinting": 2,
            "subdomains": [
                "server1",
                "script"
            ],
            "apis": {
                "Navigator.prototype.appVersion": 7,
                "Document.cookie getter": 7,
                "Document.cookie setter": 7,
                "Date.prototype.getTime": 7,
                "Screen.prototype.height": 7,
                "Screen.prototype.width": 7,
                "Screen.prototype.pixelDepth": 5,
                "window.localStorage": 2,
                "Screen.prototype.colorDepth": 2
            },
            "sites": 7,
            "prevalence": 0.0000477,
            "cnames": [],
            "responseHashes": [
                "bd75812d7b05866107815f4c24a2a455cfab860c5d2daacda5a9633da707c457",
                "e4f73e47b9481cd1c61c07dba8055be4eebef8f5701cfcd55e5737289439c7a2",
                "7450c71c1dc2a6da232c8c7d76c7701de6ce811ba50e21f55266ffb639f2ea47",
                "37d7de3588f98edd8c98324f20d9ebb0aa38c9d6002616241fcd47b60fbfaf70",
                "e1adb149326d131befbbffed1b1b637bcdf786b681bfe8fe25713f2a7bb45474",
                "82e009f94370987712fb9146a0cd90cc8b5618c2b25cfc122cefa6b1f90b77e6"
            ],
            "type": "Script",
            "firstPartyCookies": {
                "machine-id": {
                    "ttl": 10097694,
                    "length": 29,
                    "prevalence": 0.00003408176898013714,
                    "uniqueness": 1
                },
                "_ots": {
                    "ttl": 1804,
                    "length": 43,
                    "prevalence": 0.000047714476572192006,
                    "uniqueness": 1
                },
                "_otui": {
                    "ttl": 63158401,
                    "length": 56,
                    "prevalence": 0.000047714476572192006,
                    "uniqueness": 1
                },
                "_otpe": {
                    "ttl": 1804,
                    "length": 44,
                    "prevalence": 0.000047714476572192006,
                    "uniqueness": 1
                }
            },
            "firstPartyCookiesSent": {},
            "exampleSites": [
                "inductiveautomation.com",
                "ipwatchdog.com",
                "tarisio.com",
                "www.canadianappliance.ca",
                "www.raptorsupplies.com",
                "www.tldm.org",
                "www.trendmicro.com"
            ]
        },
        {
            "rule": "opentracker\\.net\\/collect\\.jsp",
            "cookies": 0,
            "fingerprinting": 0,
            "subdomains": [
                "gm02f",
                "gm02e"
            ],
            "apis": {},
            "sites": 3,
            "prevalence": 0.0000204,
            "cnames": [],
            "responseHashes": [
                "75ea64d17237a31170ffe6d1cef300e68b129eb3a3c1c84ed099400ea3b17f9f"
            ],
            "type": "Image",
            "firstPartyCookies": {},
            "firstPartyCookiesSent": {
                "_otpe": 0.000020449061388082287
            },
            "exampleSites": [
                "inductiveautomation.com",
                "ipwatchdog.com",
                "www.tldm.org"
            ]
        },
        {
            "rule": "opentracker\\.net\\/",
            "cookies": 0,
            "fingerprinting": 0,
            "subdomains": [
                "log"
            ],
            "apis": {},
            "sites": 7,
            "prevalence": 0.0000477,
            "cnames": [],
            "responseHashes": [
                "756b8e02f86bc8e739229a1dec26bb1260d104efc531ab55d96cfc75f8349e71"
            ],
            "type": "Image",
            "firstPartyCookies": {},
            "firstPartyCookiesSent": {
                "machine-id": 0.00003408176898013714,
                "_ots": 0.000047714476572192006,
                "_otui": 0.000047714476572192006,
                "_otpe": 0.000013632707592054858
            },
            "exampleSites": [
                "inductiveautomation.com",
                "ipwatchdog.com",
                "tarisio.com",
                "www.canadianappliance.ca",
                "www.raptorsupplies.com",
                "www.tldm.org",
                "www.trendmicro.com"
            ]
        }
    ],
    "categories": [],
    "performance": {},
    "cookies": 0.0000477,
    "topInitiators": [
        {
            "domain": "first party",
            "prevalence": 0.7777777777777778
        },
        {
            "domain": "tiqcdn.com",
            "prevalence": 0.2222222222222222
        }
    ],
    "types": {
        "Script": 7,
        "Image": 10
    },
    "nameservers": [
        "ns-1051.awsdns-03.org",
        "ns-398.awsdns-49.com",
        "ns-611.awsdns-12.net",
        "ns-1983.awsdns-55.co.uk"
    ]
}