{
    "domain": "orangeclickmedia.com",
    "owner": {},
    "source": [
        "DuckDuckGo-US"
    ],
    "prevalence": 0.000157,
    "sites": 23,
    "subdomains": [
        "cdn",
        "pba"
    ],
    "cnames": [],
    "fingerprinting": 3,
    "resources": [
        {
            "rule": "orangeclickmedia\\.com\\/tech\\/marinetraffic\\.com\\/ocm\\.js",
            "cookies": 0,
            "fingerprinting": 1,
            "subdomains": [
                "cdn"
            ],
            "apis": {
                "Navigator.prototype.userAgent": 3,
                "Navigator.prototype.product": 3,
                "Date.prototype.getTime": 3
            },
            "sites": 3,
            "prevalence": 0.0000204,
            "cnames": [],
            "responseHashes": [
                "4a3066f948cfa8b321703371e587b287c0e2b4c99ce83038bf1beb9af08a9b9c",
                "b2ad64ec25e5e211fbabf507fcc1598cce1e976ab40975eca0f871708fb94efa"
            ],
            "type": "Script",
            "firstPartyCookies": {},
            "firstPartyCookiesSent": {},
            "exampleSites": [
                "canalpark.com",
                "www.cruisingearth.com",
                "www.duluthharborcam.com"
            ]
        },
        {
            "rule": "orangeclickmedia\\.com\\/usync",
            "cookies": 0.00000681,
            "fingerprinting": 0,
            "subdomains": [
                "pba"
            ],
            "apis": {},
            "sites": 9,
            "prevalence": 0.0000613,
            "cnames": [],
            "responseHashes": [
                "58cda6de2e0407703d21981295943ebe49ea6d666718234d9c057ae87595cfdd",
                "8d0a5384672ac6c0b257c6190a987e5394cbeb6dc6426e4e832e046bcaf58353",
                "9c1359ce8c80dfbddb0ee1214beb40ba63fc72798679cf9031884c25f8f6adea",
                "fdc79361e81c8520c1df05795f92042b854b7d03cb33954b83e3ed17ee6dec3d",
                "b3b2a7374b588535fc3022be50bc270614ef1d9be260203ddd85b6aab0801ef8",
                "55d3432a849f85266e3ff3fbf90bc4b03c2eb137518e7a98d188c01abf183701",
                "ef4690efa6b211561e5fb3fdcb9097e0ce2d3ba1d493ba900a7f4b7311aafa27",
                "1c7b49be7017bc249716cf81792aeb7205c455f4a11b45a64fd2bb6a2cd9f32c"
            ],
            "type": "XHR",
            "firstPartyCookies": {},
            "firstPartyCookiesSent": {},
            "exampleSites": [
                "greek-movies.com",
                "www.bank-codes.com",
                "www.efsyn.gr",
                "www.el.gr",
                "www.klix.ba",
                "www.lifo.gr",
                "www.news247.gr",
                "www.pentapostagma.gr",
                "www.sdna.gr"
            ]
        },
        {
            "rule": "orangeclickmedia\\.com\\/usync",
            "cookies": 0,
            "fingerprinting": 0,
            "subdomains": [
                "pba"
            ],
            "apis": {},
            "sites": 9,
            "prevalence": 0.0000613,
            "cnames": [],
            "responseHashes": [],
            "type": "Preflight",
            "firstPartyCookies": {},
            "firstPartyCookiesSent": {},
            "exampleSites": [
                "greek-movies.com",
                "www.bank-codes.com",
                "www.efsyn.gr",
                "www.el.gr",
                "www.klix.ba",
                "www.lifo.gr",
                "www.news247.gr",
                "www.pentapostagma.gr",
                "www.sdna.gr"
            ]
        },
        {
            "rule": "orangeclickmedia\\.com\\/tech\\/libs\\/ocmpb\\.js",
            "cookies": 0.0000545,
            "fingerprinting": 3,
            "subdomains": [
                "cdn"
            ],
            "apis": {
                "window.sessionStorage": 8,
                "Navigator.prototype.appName": 8,
                "Date.prototype.getTime": 8,
                "window.localStorage": 8,
                "Navigator.prototype.cookieEnabled": 8,
                "Document.cookie getter": 8,
                "Document.cookie setter": 8,
                "Navigator.prototype.userAgent": 8,
                "window.innerWidth": 8,
                "window.innerHeight": 8,
                "Navigator.prototype.doNotTrack": 8,
                "Navigator.prototype.language": 8,
                "Navigator.prototype.connection": 6,
                "Screen.prototype.width": 7,
                "Screen.prototype.height": 7,
                "window.name": 6,
                "window.outerWidth": 5,
                "window.outerHeight": 5,
                "Screen.prototype.availWidth": 5,
                "Screen.prototype.availHeight": 5,
                "window.screenLeft": 5,
                "window.screenTop": 5,
                "PerformanceTiming.prototype.navigationStart": 5
            },
            "sites": 8,
            "prevalence": 0.0000545,
            "cnames": [],
            "responseHashes": [
                "2210e02d7376504561297fbca97055c31d599a46587f94cb44439e2e734d54dd"
            ],
            "type": "Script",
            "firstPartyCookies": {
                "_pbjs_userid_consent_data": {
                    "ttl": 2592004,
                    "length": 16,
                    "prevalence": 0.000054460669185472616,
                    "uniqueness": 0.125
                },
                "panoramaId_expiry": {
                    "ttl": 86404,
                    "length": 13,
                    "prevalence": 0.000054460669185472616,
                    "uniqueness": 1
                },
                "_cc_id": {
                    "ttl": 23328005,
                    "length": 32,
                    "prevalence": 0.000054460669185472616,
                    "uniqueness": 1
                },
                "cto_bundle": {
                    "ttl": 33696004,
                    "length": 208,
                    "prevalence": 0.000054460669185472616,
                    "uniqueness": 1
                },
                "cto_bidid": {
                    "ttl": 33696004,
                    "length": 158,
                    "prevalence": 0.000054460669185472616,
                    "uniqueness": 1
                },
                "panoramaId": {
                    "ttl": 86427,
                    "length": 64,
                    "prevalence": 0.000013615167296368154,
                    "uniqueness": 1
                }
            },
            "firstPartyCookiesSent": {},
            "exampleSites": [
                "greek-movies.com",
                "www.bank-codes.com",
                "www.efsyn.gr",
                "www.el.gr",
                "www.lifo.gr",
                "www.news247.gr",
                "www.pentapostagma.gr",
                "www.sdna.gr"
            ]
        },
        {
            "rule": "orangeclickmedia\\.com\\/tech\\/libs\\/latest_currencies\\.txt",
            "cookies": 0,
            "fingerprinting": 0,
            "subdomains": [
                "cdn"
            ],
            "apis": {},
            "sites": 8,
            "prevalence": 0.0000545,
            "cnames": [],
            "responseHashes": [
                "40e431a718640f57c7ce0a14de5f7b9c56e621d831ef98fbe18d35af7e7629fc",
                "00cc4c2d5d24dda8033f86ea952f31373e153bf0bfbccd97acab2d2b1f303009"
            ],
            "type": "XHR",
            "firstPartyCookies": {},
            "firstPartyCookiesSent": {},
            "exampleSites": [
                "greek-movies.com",
                "www.bank-codes.com",
                "www.efsyn.gr",
                "www.el.gr",
                "www.lifo.gr",
                "www.news247.gr",
                "www.pentapostagma.gr",
                "www.sdna.gr"
            ]
        },
        {
            "rule": "orangeclickmedia\\.com\\/pba-stream",
            "cookies": 0,
            "fingerprinting": 0,