{
    "domain": "oxiapps.com",
    "owner": {},
    "source": [
        "DuckDuckGo-US"
    ],
    "prevalence": 0.000532,
    "sites": 78,
    "subdomains": [
        "social-login"
    ],
    "cnames": [],
    "fingerprinting": 1,
    "resources": [
        {
            "rule": "oxiapps\\.com\\/api\\/init",
            "cookies": 0.0000136,
            "fingerprinting": 0,
            "subdomains": [
                "social-login"
            ],
            "apis": {},
            "sites": 56,
            "prevalence": 0.000382,
            "cnames": [],
            "responseHashes": [
                "49269538f555f01c691b88806bf5316c4b7b47e521bb06e8a64631e5362c51ba",
                "b7bba4d5a7915313470e166c17e29d0245f2dd34a32d085fcf527a5c9c12c10e",
                "4929c1781b803e7747e7612ec72055bff82a90a7ca52db467f35baebbc4c969f",
                "b42fdec9b3b958b14380fd129770a5b6d066dac892736db4eae07ecfc89bde87",
                "1b97c7d5edb00621c989ef398f06d8bc9784097bdda3711efb571aef02686197",
                "4db805beb7ae11cbd883380c548cf6861cdc534a59501544e57592bbdf486b73",
                "be5170ecb6609c507e4beb4577beb63e15ca1eba06f89f9fc9651647976ae3e0",
                "e5456e034d71548de7fc3111d894968163ee302c3460831a301230534a6727ad",
                "f392191c7cd93ef056e67a3b9255ec5a854f41b4caa87ec1b9161e6d1aa3fadb",
                "109242d7d932892bf58fd94b096939c53abac81127a471d189779e4ff2ec6755",
                "5ac41e1adc8a83255c8fc8b3a04a01bca4102ed53541be2e11794def1cf3218c",
                "29d3804affc63000ca42cc1b39beb9e7fb349226e942ef2884c2f8474fc01af3",
                "4aab1a81c23bcb0e0e6292e2261fb7f89718fa32ede8b351044483eecf312b8e",
                "a56fa646a16ccec1effff26a4ad88c05d7613590811a984b6cf53278f262a281",
                "6d2236fdbcad55c03ce89546271a07ae64f70b0199013643bb406de28ef89d18",
                "0bdf095d040f249b0b09ed2535478149095d66e3d104f89e990071a7e00884fa",
                "bb89842f3c466106df4302df8d0d51b894eb6bc4ad0010d078ee3dfaf4162e56",
                "ca8b504e6837d3986cbb7a62381b7197b22dd5aaaefba48b3cede8f2674fa47f",
                "ad3e9c75fbd6696d5df527e5f33633700db4386d4db944f901501da383831bdc",
                "bcba680ee552061ccc40556c2bb2fcf88b4c028ad1f59012ecac0d7fb2c50cf9",
                "666207325ef6538609cee1ab798cbd6247a415f01f0b46bdc19d5f57fa87e7f3",
                "e79097d08355d4509d5f1190741e40e0994eaeefdc194bc4946ca6511c6b3bba",
                "64b3e12bedd5ea91bf9a5ae9ad63eb5ea3e77276caf49e6c4668bb12f876e1d6",
                "7520dc298d1843746503374cff2c9205313831ae090764017d324bf79586bc21",
                "41972d2dce7008bb8e0be674139226e5c045547f0cbe107d35e364a271e51bc8",
                "56988e72cb901466288ce6a05481853d7a7b11e25ad47abba7bf2edf929ebf04",
                "14f1cdf87f0818f9e0489484a7e8ea74dea825df173939044a4063e387531d7e",
                "8b48a18a5b5d24b9c70763e69cfbc4b0de99e6f5f6d2b8ebc2df2a8ed3fbfdcf",
                "4418f21f30438f587e6c45c4a5442d7168d21cdbd808673d752ca8d13ca11b09",
                "8f1643a0c0b607ea7c5e32a408bb48366aa6c9df5af1be084ed647ac08d48159",
                "84bfd41d65edc91871c7b3b555798bf6401da490c26986f90851314d2bc9cfb6",
                "62a4adbe26d0ec4d4d9a2a72c4b0bafe2a0244f761043270aae82ab200d6350c",
                "22127bb1729ef8ba444dfe79e44bf79855c0a9cbcd5498fc215bcd24a47fb892",
                "85da5f06975080af6f75e873cb86c41f6d56758fabf9dd83bb699016f0ff0572",
                "cef458d4b382a57f31c0851240b4a74044046b6d29e33305964ceb9defdb24f0",
                "8ea0dba3f0e850d5beaa1963c780e888d8e7ab28c6cb58a98d420910b4b4f676",
                "6760b5b67cf42248df70405f29fead977f406a2054584dee4281c7b3cc5bc44c",
                "859baf8aabceca426c992eecdfe9cd35ea661560f9f52dc0ab31237bf6627bb7",
                "895779084ebdac90cc95818e559100d27a9b04f74331086ca00fe822fe339f6d",
                "8d03473e0d65ba5c9cbe313c3aae014bbdbb557ba659c20e9aaa1e5ca11826c8",
                "216317929ff1865c68702b03dc53dd2e520c31262928e793f43d5a90673f95e3",
                "efbd9a16bd47f2d94c122075d252771de303ed5c25063274d67e873b6dd74501",
                "e3b0c44298fc1c149afbf4c8996fb92427ae41e4649b934ca495991b7852b855",
                "3c8e96921553f55005d8141c65eda3b5cb0ad03f68b3ff3b558f835f0c916046",
                "c91c940cb4899ec8852afece55d84fcabc3f1025408f60e8b0ed0d8e7e2e46e8",
                "d0f79af3aeca8b007bf83d72f40e5b3d907f15d586d04b6e2600ba406387a1eb",
                "4ba70f84d92020bb866aeb5eec1f5e1741e6b639bfcf121feecaa8364c8c0e5b",
                "cf79fbf595cfb260251d0a4caa0b4c442a071bf595db6ba863e330170715f87f",
                "1c6112d1709c9d597314c4612fca7fc3107ca30a67e832e67ce9a3cb3b4645ef",
                "3f57ebbc82a0ee76dc800c8891ddb2b33941cc8d128fa5c65ec18a2666e5a62d",
                "507003d86563e8c63b74f324a86f7db27e0af807e1234861ce820f096a2f4df3",
                "12c5f58aee81507c810ddef26424916cc4927d326760e3817abdb3ad9493e72d",
                "4d28ed87f7170892a744797ec35cbc5baee54f43dbfbc0c8bdc055a130f6834b",
                "bd1ceecae872b0ab0a51b5c3bcf93c5c29dec71f35177ea7944f0e25bcc459a0"
            ],
            "type": "Script",
            "firstPartyCookies": {},
            "firstPartyCookiesSent": {
                "checkout_shop": 0.00003408176898013714,
                "Scratchy": 0.000006816353796027429
            },
            "exampleSites": [
                "www.panaprium.com",
                "www.tenthousand.cc",
                "revisionskincare.com",
                "www.svsound.com",
                "www.bulbamerica.com",
                "www.taotronics.com",
                "www.reliableaftermarketparts.com",
                "furrion.com",
                "www.tantaly.com",
                "theleatherguy.org",
                "www.lesportsac.com",
                "www.rails.com",
                "natashadenona.com",
                "sunriseflourmill.com",
                "www.aloyoga.com",
                "buceplant.com",
                "www.nexigo.com",
                "www.jamesperse.com",
                "maglite.com",
                "www.classicshaving.com"
            ]
        },
        {
            "rule": "oxiapps\\.com\\/widget",
            "cookies": 0.0000341,
            "fingerprinting": 1,
            "subdomains": [
                "social-login"
            ],
            "apis": {
                "Navigator.prototype.userAgent": 6,
                "Navigator.prototype.appName": 8,
                "Navigator.prototype.appVersion": 8,
                "Date.prototype.getTime": 8,
                "Document.cookie setter": 5,
                "Document.cookie getter": 5
            },
            "sites": 8,
            "prevalence": 0.0000545,
            "cnames": [],
            "responseHashes": [
                "5bf106e2fc2f7d88af6883b4c5dd5665a3c47b005201cb913b3fe80294c03c98",
                "b35a6ef5cca3e836dc97a4ed90b3f4b3c1e6afebe8e13b06cb5d17d14e2b7b0d",
                "0665d2380e74e514ca39fe455840275bce8f2d27ff01feafa375a34bac21c55a",
                "e189f8fdccdaedaeb7a92de0a187ba732578e91c8655563ac357f8cce5c23fc0",
                "f79c8fa29157bbde999b3b105cdab35f10d53279acbe85619cb5e4574751b9b2",
                "96246a76dcc77b4d9ff421205ca50a9e22f0bb8d99497895323bfea396f86399",
                "c325fc8d0741af1f579d8b54257c96ae424883d640cd6ca1ad9b17e5557cf03e"
            ],
            "type": "Document",
            "firstPartyCookies": {
                "checkout_shop": {
                    "ttl": 604809,
                    "length": 26,
                    "prevalence": 0.00003408176898013714,
                    "uniqueness": 1
                },
                "oxi_referrer": {
                    "ttl": 604809,
                    "length": 25,
                    "prevalence": 0.00003408176898013714,
                    "uniqueness": 1
                },
                "parenturl": {
                    "ttl": 604809,