{
    "domain": "particularaudience.com",
    "owner": {},
    "source": [
        "DuckDuckGo-US"
    ],
    "prevalence": 0.000163,
    "sites": 24,
    "subdomains": [
        "recs-us-e1a",
        "recs-1a",
        "cdn"
    ],
    "cnames": [],
    "fingerprinting": 2,
    "resources": [
        {
            "rule": "particularaudience\\.com\\/2\\.7\\/Config",
            "cookies": 0,
            "fingerprinting": 0,
            "subdomains": [
                "recs-us-e1a",
                "recs-1a"
            ],
            "apis": {},
            "sites": 18,
            "prevalence": 0.000123,
            "cnames": [],
            "responseHashes": [
                "2ab2207be2bf97cbe60b1428c3decc86b0c5d0ca8d9f2323ceb227a58c58bf64",
                "f671650cef180f6d7b1dc98b9815d62946f1dcff75c337ec3ffd1da91f41254f",
                "c2200de25ebdb75f8aba2bbfd8168ea76ad313e7e7f4d3da7c282ebeeebb1e5e",
                "8339b2ee4b547abfb4762a8d306edfa79462c31f39f10d8f3dcebf861c13e1ec",
                "45ae63b62a5a809a6cb1cfe5ec1e610de265d0b458941bc3e629e030e3552b1d",
                "b98b5694b6930dc9cdde3787699e579008c995d2c71e479f8cafb2cd3ec01293",
                "11da6983acd8b5e84834057450ae9a8ec6a5f912bc62258d854ab46f66b48c23",
                "6a47f83a5b3d9eb49d06c06ecf332c8900131be2e838344b376bab043c76cd45",
                "a272bdcbbf3d279281d9aa378770d137d20ec1b684b23b205310b50a29c0cfeb",
                "d94be945d39dd1c0bfa3788b5ef419d27ec0eaa192a44c477f3a624987824241",
                "7bdef555248eafe9737c6e7ed86f1df232e8ea3fb32b3d00d7476bd1c5fd6020",
                "e8f3138bb75b554d08c35777fb78ad2a0ea196f2fb363f85c57d67f14ff3e200",
                "2ba9d48a7f7b2ea945ee1a550b8962c5cc547143f09089a617f2b9d329a0a689",
                "8f3135cbf85f477ca7c47920d85077bdcee9ff8219ba7e3d4b3b9170227de2ad",
                "600e78c44a83038fe348203dcfc90eac4fdfee0f7b3c96933cecd0c20825d776",
                "e017f959685e4ce74199094d8b97c5f7b8597aca13858362d25ab0ea2770abc7"
            ],
            "type": "Fetch",
            "firstPartyCookies": {},
            "firstPartyCookiesSent": {
                "IR_gbd": 0.00002042275094455223
            },
            "exampleSites": [
                "creativemarket.com",
                "djcity.com.au",
                "raymourflanigan.com",
                "uk.hornby.com",
                "www.appliancecity.co.uk",
                "www.bikesonline.com",
                "www.cotswoldco.com",
                "www.digidirect.com.au",
                "www.healthpost.co.nz",
                "www.holabirdsports.com",
                "www.lifepharmacy.co.nz",
                "www.memoryexpress.com",
                "www.outbackequipment.com.au",
                "www.raymourflanigan.com",
                "www.sportitude.com.au",
                "www.target.com.au",
                "www.thegoodguys.com.au",
                "www.wickedweasel.com"
            ]
        },
        {
            "rule": "particularaudience\\.com\\/2\\.7\\/PageView",
            "cookies": 0,
            "fingerprinting": 0,
            "subdomains": [
                "recs-us-e1a",
                "recs-1a"
            ],
            "apis": {},
            "sites": 18,
            "prevalence": 0.000123,
            "cnames": [],
            "responseHashes": [
                "ea2c1be4806fcc3a3756eb56a7b7d40d3482a2c19662e3c1b52e26e873315652",
                "e8f7b94b94fbb7d60b20cdb35c654bfc9a0d1c8937d9e18aa9e6c027d342220f",
                "c73d126d8ccd21f51ce7de20227aa9b1791968766fc397a921bb808c1afa1937",
                "2fe880a51aa9c51647829324c750026165d544c03e28bd79369c46c50edca415",
                "d66195cdbec49f52b44dacfd8128a30eb262881c3b83d3f606f5346653345b10",
                "8080317ddd177df34871ca926cf62d1fefbd63d27d74513de3589ee33d8427d2",
                "9a34b477608fe54a521dd88f6bd5b254c283e179842e4363887f91452693bef0",
                "9e0fdac0b6992558cb72e2ae479c736116bfc21b6550cab5a8815f612a8e985f",
                "4ec3a2e4e228800e0fe29ed00fa9041b8d275846957440791de66f4237376799",
                "93dde2af1523424aea0e4ea77acfd2e79c3c3376f547de7d336ad1c1a08e46bd",
                "910c08bdc049f4726d782ccea0f64966de8d6f099eed58e90111b679a255da7a"
            ],
            "type": "Fetch",
            "firstPartyCookies": {},
            "firstPartyCookiesSent": {
                "PAC": 0.00011572892201912931,
                "IR_gbd": 0.00002042275094455223
            },
            "exampleSites": [
                "creativemarket.com",
                "djcity.com.au",
                "raymourflanigan.com",
                "uk.hornby.com",
                "www.appliancecity.co.uk",
                "www.bikesonline.com",
                "www.cotswoldco.com",
                "www.digidirect.com.au",
                "www.healthpost.co.nz",
                "www.holabirdsports.com",
                "www.lifepharmacy.co.nz",
                "www.memoryexpress.com",
                "www.outbackequipment.com.au",
                "www.raymourflanigan.com",
                "www.sportitude.com.au",
                "www.target.com.au",
                "www.thegoodguys.com.au",
                "www.wickedweasel.com"
            ]
        },
        {
            "rule": "particularaudience\\.com\\/2\\.7\\/UpdateProductDetails",
            "cookies": 0,
            "fingerprinting": 0,
            "subdomains": [
                "recs-us-e1a",
                "recs-1a"
            ],
            "apis": {},
            "sites": 3,
            "prevalence": 0.0000204,
            "cnames": [],
            "responseHashes": [
                "383821f7a94aa5fd1114425e038536fb1b093f3a9f8e28398ece3f47c39f3e71"
            ],
            "type": "Fetch",
            "firstPartyCookies": {},
            "firstPartyCookiesSent": {},
            "exampleSites": [
                "creativemarket.com",
                "www.digidirect.com.au",
                "www.thegoodguys.com.au"
            ]
        },
        {
            "rule": "particularaudience\\.com\\/2\\.7\\/UpdateProductDetails",
            "cookies": 0,
            "fingerprinting": 0,
            "subdomains": [
                "recs-us-e1a",
                "recs-1a"
            ],
            "apis": {},
            "sites": 3,
            "prevalence": 0.0000204,
            "cnames": [],
            "responseHashes": [],
            "type": "Preflight",
            "firstPartyCookies": {},
            "firstPartyCookiesSent": {},
            "exampleSites": [
                "creativemarket.com",
                "www.digidirect.com.au",
                "www.thegoodguys.com.au"
            ]
        },
        {
            "rule": "particularaudience\\.com\\/2\\.7\\/Sync",
            "cookies": 0,
            "fingerprinting": 0,
            "subdomains": [
                "recs-us-e1a",
                "recs-1a"
            ],
            "apis": {},
            "sites": 8,
            "prevalence": 0.0000545,
            "cnames": [],
            "responseHashes": [],
            "type": "Preflight",
            "firstPartyCookies": {},
            "firstPartyCookiesSent": {},
            "exampleSites": [
                "creativemarket.com",
                "uk.hornby.com",
                "www.digidirect.com.au",
                "www.healthpost.co.nz",
                "www.lifepharmacy.co.nz",
                "www.outbackequipment.com.au",
                "www.thegoodguys.com.au",
                "www.wickedweasel.com"
            ]
        },
        {
            "rule": "particularaudience\\.com\\/2\\.7\\/Sync",
            "cookies": 0,
            "fingerprinting": 0,
            "subdomains": [
                "recs-us-e1a",
                "recs-1a"
            ],
            "apis": {},
            "sites": 8,
            "prevalence": 0.0000545,
            "cnames": [],