{
    "domain": "plavxml.com",
    "owner": {},
    "source": [
        "DuckDuckGo-US"
    ],
    "prevalence": 0.000116,
    "sites": 17,
    "subdomains": [
        "vxml4"
    ],
    "cnames": [],
    "fingerprinting": 1,
    "resources": [
        {
            "rule": "plavxml\\.com\\/sited\\/ref\\/ctrk\\/1257",
            "cookies": 0.00000682,
            "fingerprinting": 1,
            "subdomains": [
                "vxml4"
            ],
            "apis": {
                "Document.cookie getter": 1,
                "Date.prototype.getTime": 1
            },
            "sites": 2,
            "prevalence": 0.0000136,
            "cnames": [],
            "responseHashes": [
                "dbd93d2c6e681681bc13a0a42e71423574dc021934f0f6182c60eb69c12cd39b"
            ],
            "type": "Script",
            "firstPartyCookies": {},
            "firstPartyCookiesSent": {},
            "exampleSites": [
                "suncorpbank.com.au",
                "www.suncorp.com.au"
            ]
        },
        {
            "rule": "plavxml\\.com\\/sited\\/ref\\/phnumint_md_gp\\.jsp",
            "cookies": 0.000109,
            "fingerprinting": 1,
            "subdomains": [
                "vxml4"
            ],
            "apis": {
                "Document.cookie setter": 16,
                "Date.prototype.getTime": 1
            },
            "sites": 16,
            "prevalence": 0.000109,
            "cnames": [],
            "responseHashes": [
                "9157eb012a49275f16a3ca28c7333b9a181004917217a82ba2b379a5962d2a39",
                "12313145f6b9f7b20320dd0f9837f9d2d087acf914522ae9510391c7b7b8858a",
                "040dacb6f6567bc68ccfc35e2158f5ba5b3bed5a90e235e876c729bd4a8b9092",
                "8a47972e61cb31ed350da8edf3efcc0a242242fded3785516c82bc005592c2a2",
                "5c6188809db2b1eb7100bde0c6444d4c841c42e96be155026ef9ee73dcc902af",
                "e5e44090cb179ebdc9b540def31f6b72cd18e98a004e6e96259089d0042612db",
                "63ee1dc86be6bb64ba7af95061e8c3f06baa880e798513e76f43561211b8fe7d",
                "23cc781791d294255a9a75aefbe256d88adfbacf4a1ae9b5a011db47e0889a1d",
                "5b8b83bede7d18d7e82b500eab4494ac1218a90839086afd610f0ca4ba43d123",
                "8f53ba11460856ef983201a9d72502f7c9329e3f1ebb818c24302d9f7e31950e",
                "b77d757fe4584431f365b2c7899d749f4caa8682dc4f4d7d9e35f732db67e34d",
                "23c6addf29f55be734514d9f09e9465977d884b85067fd6be025ac74b733c82c",
                "c1ddbfb9a0c7cdb8d98542de88892ed3764cc6b41c13b6c936d7be84df6b5742",
                "b8cb1fded55ca3558ce6814cc1eb700816104a09f1ca69adf481582c77aa0ab2",
                "a9b96052f3dd2d0156468568f81814b1d3f9e10cc316500b70b5993452c9cfa1"
            ],
            "type": "Script",
            "firstPartyCookies": {
                "delaconsessid": {
                    "ttl": null,
                    "length": 32,
                    "prevalence": 0.00010906612133605999,
                    "uniqueness": 1
                },
                "delaconphonenums": {
                    "ttl": null,
                    "length": 74,
                    "prevalence": 0.000054533060668029995,
                    "uniqueness": 1
                }
            },
            "firstPartyCookiesSent": {},
            "exampleSites": [
                "bridgestone.com.au",
                "www.bupa.com.au",
                "www.e-sogi.com",
                "www.flightcentre.com.au",
                "www.intrepidtravel.com",
                "www.libertytravel.com",
                "www.mebank.com.au",
                "www.medibank.com.au",
                "www.mynrma.com.au",
                "www.nib.com.au",
                "www.optus.com.au",
                "www.runinrabbit.com",
                "www.shannons.com.au",
                "www.stratco.com.au",
                "www.suncorp.com.au",
                "www.tripadeal.com.au"
            ]
        },
        {
            "rule": "plavxml\\.com\\/sited\\/ref\\/integration\\.jsp",
            "cookies": 0.000109,
            "fingerprinting": 0,
            "subdomains": [
                "vxml4"
            ],
            "apis": {},
            "sites": 17,
            "prevalence": 0.000116,
            "cnames": [],
            "responseHashes": [
                "e3b0c44298fc1c149afbf4c8996fb92427ae41e4649b934ca495991b7852b855"
            ],
            "type": "Script",
            "firstPartyCookies": {},
            "firstPartyCookiesSent": {
                "_ga": 0.00023176550783912748,
                "delaconsessid": 0.00011588275391956374,
                "gaClientId": 0.000006816632583503749
            },
            "exampleSites": [
                "bridgestone.com.au",
                "www.bridgestone.com.au",
                "www.bupa.com.au",
                "www.e-sogi.com",
                "www.flightcentre.com.au",
                "www.intrepidtravel.com",
                "www.libertytravel.com",
                "www.mebank.com.au",
                "www.medibank.com.au",
                "www.mynrma.com.au",
                "www.nib.com.au",
                "www.optus.com.au",
                "www.runinrabbit.com",
                "www.shannons.com.au",
                "www.stratco.com.au",
                "www.suncorp.com.au",
                "www.tripadeal.com.au"
            ]
        },
        {
            "rule": "plavxml\\.com\\/sited\\/ref\\/integration\\.jsp",
            "cookies": 0.0000613,
            "fingerprinting": 0,
            "subdomains": [
                "vxml4"
            ],
            "apis": {},
            "sites": 11,
            "prevalence": 0.000075,
            "cnames": [],
            "responseHashes": [
                "1ed70d02696722505ec82915a7dd9fbf2c512366d009b74bdbe37c9869c250a4"
            ],
            "type": "Image",
            "firstPartyCookies": {},
            "firstPartyCookiesSent": {
                "delaconsessid": 0.00007498295841854123
            },
            "exampleSites": [
                "bridgestone.com.au",
                "www.bupa.com.au",
                "www.flightcentre.com.au",
                "www.intrepidtravel.com",
                "www.mebank.com.au",
                "www.medibank.com.au",
                "www.mynrma.com.au",
                "www.nib.com.au",
                "www.optus.com.au",
                "www.shannons.com.au",
                "www.suncorp.com.au"
            ]
        },
        {
            "rule": "plavxml\\.com\\/sited\\/ref\\/chkcmad_md_gp\\.jsp",
            "cookies": 0.0000136,
            "fingerprinting": 0,
            "subdomains": [
                "vxml4"
            ],
            "apis": {},
            "sites": 2,
            "prevalence": 0.0000136,
            "cnames": [],
            "responseHashes": [
                "334100c192c55cef9e5ad244d4b80a39672d84938c55f2d98e706f24878a1211"
            ],
            "type": "Script",
            "firstPartyCookies": {},
            "firstPartyCookiesSent": {
                "_ga": 0.000020449897750511246,
                "delaconsessid": 0.000013633265167007499
            },
            "exampleSites": [
                "e-sogi.com",
                "www.stratco.com.au"
            ]
        }
    ],
    "categories": [],
    "performance": {},
    "cookies": 0.000109,
    "topInitiators": [
        {
            "domain": "googletagmanager.com",
            "prevalence": 0.3333333333333333
        },
        {
            "domain": "google-analytics.com",
            "prevalence": 0.2916666666666667
        },
        {
            "domain": "first party",
            "prevalence": 0.2708333333333333
        },
        {
            "domain": "tiqcdn.com",
            "prevalence": 0.0625
        },
        {
            "domain": "ensighten.com",