{
    "domain": "plavxml.com",
    "owner": {},
    "source": [
        "DuckDuckGo-US"
    ],
    "prevalence": 0.000109,
    "sites": 16,
    "subdomains": [
        "vxml4"
    ],
    "cnames": [],
    "fingerprinting": 1,
    "resources": [
        {
            "rule": "plavxml\\.com\\/sited\\/ref\\/ctrk\\/1257",
            "cookies": 0.00000682,
            "fingerprinting": 1,
            "subdomains": [
                "vxml4"
            ],
            "apis": {
                "Document.cookie getter": 1,
                "Date.prototype.getTime": 1
            },
            "sites": 2,
            "prevalence": 0.0000136,
            "cnames": [],
            "responseHashes": [
                "dbd93d2c6e681681bc13a0a42e71423574dc021934f0f6182c60eb69c12cd39b"
            ],
            "type": "Script",
            "firstPartyCookies": {},
            "firstPartyCookiesSent": {},
            "exampleSites": [
                "suncorpbank.com.au",
                "www.suncorp.com.au"
            ]
        },
        {
            "rule": "plavxml\\.com\\/sited\\/ref\\/phnumint_md_gp\\.jsp",
            "cookies": 0.0000886,
            "fingerprinting": 1,
            "subdomains": [
                "vxml4"
            ],
            "apis": {
                "Document.cookie setter": 13,
                "Date.prototype.getTime": 2
            },
            "sites": 13,
            "prevalence": 0.0000886,
            "cnames": [],
            "responseHashes": [
                "f0e3c2085e1f51cd2ed462d479f07f67a641465f49664d984e48ffa3eef01997",
                "3297d931d009cd499afc1f77873361311facfbe27563e7c8a7baea4ffcb908ca",
                "caa4da4f1f86747a6eccc450e7372758dfb5e965305ae9c5723102eda9895ce0",
                "a23c8a9db1993bc1a5aeed889bbee2122ad7993e4bd49f53fe432768a18f6c62",
                "7a59a10c31513b45b5d09bc64d3c0ef3618572dc0b490103165060e72b57ec5f",
                "953002d7adbeaef518a36e6102de9519afa98df95cf344395de67fb64b4c29ce",
                "dca1eb5cda04892aef70699a53ff286a8d27c22f7632fa09fd2f91b63a32f190",
                "a5f78c9bd3a5dbc1c1da6e842331c639746639075c592f560641c69c32f4b901",
                "a98ad0cadec1a87351e5b722b0cce64f42568c29fcb87fbb29fcfd275d84c35c",
                "163a40d236076fa960cc66125fbe424b1fc05e5b0b969bb6fd17b5f4eb8205c3",
                "9f202f422c49b8419362472a16a476db8d101b3360245343660788db4e561c0a",
                "90a92d973113fab1e14831508e2cf42bfc6048a039ed8d6d5375edf7d2177dc8"
            ],
            "type": "Script",
            "firstPartyCookies": {
                "delaconsessid": {
                    "ttl": null,
                    "length": 32,
                    "prevalence": 0.00008861259934835657,
                    "uniqueness": 1
                },
                "delaconphonenums": {
                    "ttl": null,
                    "length": 84,
                    "prevalence": 0.000040898122776164575,
                    "uniqueness": 1
                }
            },
            "firstPartyCookiesSent": {},
            "exampleSites": [
                "bridgestone.com.au",
                "www.bupa.com.au",
                "www.e-sogi.com",
                "www.flightcentre.com.au",
                "www.libertytravel.com",
                "www.mebank.com.au",
                "www.medibank.com.au",
                "www.nib.com.au",
                "www.optus.com.au",
                "www.runinrabbit.com",
                "www.shannons.com.au",
                "www.stratco.com.au",
                "www.suncorp.com.au"
            ]
        },
        {
            "rule": "plavxml\\.com\\/sited\\/ref\\/integration\\.jsp",
            "cookies": 0.0000886,
            "fingerprinting": 0,
            "subdomains": [
                "vxml4"
            ],
            "apis": {},
            "sites": 14,
            "prevalence": 0.0000954,
            "cnames": [],
            "responseHashes": [
                "e3b0c44298fc1c149afbf4c8996fb92427ae41e4649b934ca495991b7852b855"
            ],
            "type": "Script",
            "firstPartyCookies": {},
            "firstPartyCookiesSent": {
                "_ga": 0.00018404155249274057,
                "delaconsessid": 0.00009542895314438401,
                "gaClientId": 0.000006816353796027429
            },
            "exampleSites": [
                "bridgestone.com.au",
                "www.bridgestone.com.au",
                "www.bupa.com.au",
                "www.e-sogi.com",
                "www.flightcentre.com.au",
                "www.libertytravel.com",
                "www.mebank.com.au",
                "www.medibank.com.au",
                "www.nib.com.au",
                "www.optus.com.au",
                "www.runinrabbit.com",
                "www.shannons.com.au",
                "www.stratco.com.au",
                "www.suncorp.com.au"
            ]
        },
        {
            "rule": "plavxml\\.com\\/sited\\/ref\\/integration\\.jsp",
            "cookies": 0.0000409,
            "fingerprinting": 0,
            "subdomains": [
                "vxml4"
            ],
            "apis": {},
            "sites": 8,
            "prevalence": 0.0000545,
            "cnames": [],
            "responseHashes": [
                "1ed70d02696722505ec82915a7dd9fbf2c512366d009b74bdbe37c9869c250a4"
            ],
            "type": "Image",
            "firstPartyCookies": {},
            "firstPartyCookiesSent": {
                "delaconsessid": 0.00005453083036821943
            },
            "exampleSites": [
                "bridgestone.com.au",
                "www.bupa.com.au",
                "www.flightcentre.com.au",
                "www.mebank.com.au",
                "www.medibank.com.au",
                "www.nib.com.au",
                "www.optus.com.au",
                "www.shannons.com.au"
            ]
        },
        {
            "rule": "plavxml\\.com\\/sited\\/ref\\/chkcmad_md_gp\\.jsp",
            "cookies": 0.0000136,
            "fingerprinting": 0,
            "subdomains": [
                "vxml4"
            ],
            "apis": {},
            "sites": 2,
            "prevalence": 0.0000136,
            "cnames": [],
            "responseHashes": [
                "1f8c2e7d2c8008285b281f60e8e10cb96b55d33fae2e8aecfa700ac67c78bac1"
            ],
            "type": "Script",
            "firstPartyCookies": {},
            "firstPartyCookiesSent": {
                "_ga": 0.000027265415184109715,
                "delaconsessid": 0.000013632707592054858
            },
            "exampleSites": [
                "e-sogi.com",
                "www.libertytravel.com"
            ]
        }
    ],
    "categories": [],
    "performance": {},
    "cookies": 0.000102,
    "topInitiators": [
        {
            "domain": "googletagmanager.com",
            "prevalence": 0.36585365853658536
        },
        {
            "domain": "first party",
            "prevalence": 0.34146341463414637
        },
        {
            "domain": "google-analytics.com",
            "prevalence": 0.21951219512195122
        },
        {
            "domain": "tiqcdn.com",
            "prevalence": 0.04878048780487805
        },
        {
            "domain": "ensighten.com",
            "prevalence": 0.024390243902439025
        }
    ],
    "types": {
        "Script": 31,
        "Image": 8
    },
    "nameservers": [
        "ns51.domaincontrol.com",
        "ns52.domaincontrol.com"
    ]
}