{
    "domain": "pocpoc.io",
    "owner": {},
    "source": [
        "DuckDuckGo-US"
    ],
    "prevalence": 0.000545,
    "sites": 80,
    "subdomains": [
        "adsystem",
        "px",
        "cdn"
    ],
    "cnames": [],
    "fingerprinting": 1,
    "resources": [
        {
            "rule": "pocpoc\\.io\\/adv\\/v1\\/bidding",
            "cookies": 0,
            "fingerprinting": 0,
            "subdomains": [
                "adsystem"
            ],
            "apis": {},
            "sites": 55,
            "prevalence": 0.000375,
            "cnames": [],
            "responseHashes": [
                "4f53cda18c2baa0c0354bb5f9a3ecbe5ed12ab4d8e11ba873c2f11161202b945",
                "aca5437d028868e55783617a7102ce31a74b8ca0edd2f4a86c1f83e1dc80a1f7",
                "f1f679d2f6e7afc70503ecad71f106be156f59a83967b53ae95419079ddef17c",
                "02b30c074ea3cf91d2e8e3a14e037c51e8bb208bcbcd5eb70eb3db5047a3f692",
                "e59312626187ef9466c164c765b484c1c97872ebfb2c5e1af3faa32b2f695586",
                "c3a3c42b05870e7eebfdcca112f4fac8b865c8e69b3dda4d071ca83900ffd3f9",
                "b4ff231e2b9ac52a05d5ac04d01b296b9359880c5f3a1f725e6a75f2e30bbd33",
                "1f04053fc49f969d1d053e971deeb8bf9e67b3ab29d0cfe5d23eb4d4f1762ad8",
                "0701ab3cce02381601708d347337ac198fccb24bc52f2cfeaa59d2ff9b947a4c",
                "6c70e0d5d363804e6f071f1436dbb648516955970cdd64f181ce3cb80bb30b9b",
                "778f51bc7216d6e2d480ccac6546cc034542892e2ad1f03c8b86a198f6d036a3",
                "5cb6311912f4548f0cc86d09b897b862e6e93e2697ebddb685e4b4f8e77f3d27",
                "27e4d739f3e1d881be46a2b1113f532995945c6d5acb9d353c4b77636a332f6b",
                "b19fed2115ee259f62c6386f0b3da4febd9529df3e38c78679f5aab703df39d7",
                "c6b61f71014d94a64b8aff70876a677cfb4904c5928bd65c25367d31f8651e30",
                "dc659360d18fc6448a2632a297644777eef37bed971dffdd8dc280b8959e95e9",
                "58bc2b9fe2bbbe4f7a843116dd3174a48f26b957be5413f673676e3c44bd0e0a",
                "43f4f4dba62a821506b8e1507c086e3ff2e4246fecb27efcde8dc539c17fbdf6"
            ],
            "type": "XHR",
            "firstPartyCookies": {},
            "firstPartyCookiesSent": {
                "lotame_domain_check": 0.00008861622358554874
            },
            "exampleSites": [
                "pastebin.com",
                "ww3.readkingdom.com",
                "elblogdelnarco.com",
                "procrastinafacil.com",
                "sot.com.al",
                "biowikis.com",
                "www.tektutorialshub.com",
                "tecadmin.net",
                "kinemasterpro.cc",
                "mangareader.to",
                "snapsave.app",
                "apkcunk.com",
                "www.vintag.es",
                "yesichat.com",
                "wikimili.com",
                "xiaomifirmwareupdater.com",
                "soamaps.com",
                "onelinefun.com",
                "www.ebookhunter.net",
                "readberserk.com"
            ]
        },
        {
            "rule": "pocpoc\\.io\\/v1\\/tfa\\.jpeg",
            "cookies": 0,
            "fingerprinting": 0,
            "subdomains": [
                "px"
            ],
            "apis": {},
            "sites": 55,
            "prevalence": 0.000375,
            "cnames": [],
            "responseHashes": [
                "e3b0c44298fc1c149afbf4c8996fb92427ae41e4649b934ca495991b7852b855"
            ],
            "type": "Image",
            "firstPartyCookies": {},
            "firstPartyCookiesSent": {},
            "exampleSites": [
                "pastebin.com",
                "unijokes.com",
                "totalsporteks.net",
                "tecadmin.net",
                "www.mycarspecs.com",
                "mexicodailypost.com",
                "www.worshipchords.net",
                "srbin.info",
                "mangareader.to",
                "www.how2shout.com",
                "liveuamap.com",
                "gotolike.com",
                "voz.vn",
                "www.ebookhunter.net",
                "www.ghgossip.com",
                "procrastinafacil.com",
                "ww3.readkingdom.com",
                "soamaps.com",
                "streamfare.com",
                "thesurfersview.com"
            ]
        },
        {
            "rule": "pocpoc\\.io\\/js\\/v1\\/adtag\\.js",
            "cookies": 0.0000409,
            "fingerprinting": 1,
            "subdomains": [
                "adsystem"
            ],
            "apis": {
                "window.localStorage": 7,
                "Date.prototype.getTime": 1,
                "window.innerWidth": 6,
                "Navigator.prototype.userAgent": 6,
                "Document.cookie setter": 6,
                "Document.cookie getter": 6
            },
            "sites": 7,
            "prevalence": 0.0000477,
            "cnames": [],
            "responseHashes": [
                "face0410603409299690fd191a2d54f32af028d96f2e3be1eff4e6eb7658acd9"
            ],
            "type": "Script",
            "firstPartyCookies": {},
            "firstPartyCookiesSent": {},
            "exampleSites": [
                "gotolike.com",
                "njbeachcams.com",
                "snapsave.app",
                "soamaps.com",
                "thesurfersview.com",
                "voz.vn",
                "www.fosslinux.com"
            ]
        },
        {
            "rule": "pocpoc\\.io\\/images\\/15\\/445x250\\/1691040482010617_thumb_7d63d7096d100f968d6ce9aeb65c3381\\.png",
            "cookies": 0,
            "fingerprinting": 0,
            "subdomains": [
                "cdn"
            ],
            "apis": {},
            "sites": 6,
            "prevalence": 0.0000409,
            "cnames": [],
            "responseHashes": [
                "530838451efa997ba997aeac61a99906a489c92147bbbbb429d56b0d5105918d"
            ],
            "type": "Image",
            "firstPartyCookies": {},
            "firstPartyCookiesSent": {},
            "exampleSites": [
                "gotolike.com",
                "linux.how2shout.com",
                "njbeachcams.com",
                "pastebin.com",
                "thesurfersview.com",
                "www.worshipchords.net"
            ]
        },
        {
            "rule": "pocpoc\\.io\\/v1\\/imp\\.jpeg",
            "cookies": 0,
            "fingerprinting": 0,
            "subdomains": [
                "px"
            ],
            "apis": {},
            "sites": 20,
            "prevalence": 0.000136,
            "cnames": [],
            "responseHashes": [
                "e3b0c44298fc1c149afbf4c8996fb92427ae41e4649b934ca495991b7852b855"
            ],
            "type": "Image",
            "firstPartyCookies": {},
            "firstPartyCookiesSent": {},
            "exampleSites": [
                "gotolike.com",
                "jamilacuisine.ro",
                "linux.how2shout.com",
                "njbeachcams.com",
                "pastebin.com",
                "procrastinafacil.com",
                "soamaps.com",
                "sot.com.al",
                "sparkbyexamples.com",
                "tecadmin.net",
                "techstory.in",
                "thesurfersview.com",
                "www.creaders.net",
                "www.integral-calculator.com",
                "www.mycarspecs.com",
                "www.nationmaster.com",
                "www.tektutorialshub.com",
                "www.vintag.es",
                "www.worshipchords.net",
                "xiaomifirmwareupdater.com"
            ]
        },
        {
            "rule": "pocpoc\\.io\\/v1\\/iv\\.jpeg",
            "cookies": 0,
            "fingerprinting": 0,
            "subdomains": [
                "px"
            ],
            "apis": {},
            "sites": 15,
            "prevalence": 0.000102,
            "cnames": [],