{
    "domain": "pop-convert.com",
    "owner": {},
    "source": [
        "DuckDuckGo-US"
    ],
    "prevalence": 0.000102,
    "sites": 15,
    "subdomains": [
        "script",
        "cdn",
        "api"
    ],
    "cnames": [],
    "fingerprinting": 1,
    "resources": [
        {
            "rule": "pop-convert\\.com\\/production\\.pc\\.min\\.js",
            "cookies": 0,
            "fingerprinting": 1,
            "subdomains": [
                "script"
            ],
            "apis": {
                "window.localStorage": 9,
                "window.sessionStorage": 9,
                "Navigator.prototype.userAgent": 9
            },
            "sites": 9,
            "prevalence": 0.0000613,
            "cnames": [],
            "responseHashes": [
                "ba9857a4818ce348685e59265d241f0cb9a0e8f5c9a4b7b9609b5350d611f195"
            ],
            "type": "Script",
            "firstPartyCookies": {},
            "firstPartyCookiesSent": {},
            "exampleSites": [
                "beardedbutchers.com",
                "beautyofjoseon.com",
                "casadesante.com",
                "crystalquest.com",
                "stateandliberty.com",
                "thedailygraceco.com",
                "www.gaiam.com",
                "www.hovsco.com",
                "www.playfulpromises.com"
            ]
        },
        {
            "rule": "pop-convert\\.com\\/micro\\/api\\/sites",
            "cookies": 0,
            "fingerprinting": 0,
            "subdomains": [
                "cdn"
            ],
            "apis": {},
            "sites": 9,
            "prevalence": 0.0000613,
            "cnames": [],
            "responseHashes": [
                "8e6a995a6c3791d5036e516537f2c73e1edf15a1b64cf95f695858084e9a6419",
                "2b331fa4108b1e2d3258a17258799fd6b02ed78e64ee8261285c57aa710813d0",
                "df5156ec0d33bbd8abd0c9b35c6042ac85deee4106ef4080ec6a0b1dd4f8e190",
                "8420c32d8e7c32a7c4f159208efd14f03148911ebdffc255342498437b46dc9c",
                "3f7df4e5494cea40cc9ce462ded3f33cb7f8ecb91488f07e188dc15240e63c73",
                "db78ec1c5fddf2e9dc660eff41f6330b6b9e97474b1ef7299ab9e7138d962c43",
                "f9d2b970fa60f5031743ec289acad60b379cd828f96c4776d624da8fc4172e56",
                "aae3d83b0f93141483fa04cf3961726612d0d01489a946a01209cec061b42c23"
            ],
            "type": "Fetch",
            "firstPartyCookies": {},
            "firstPartyCookiesSent": {},
            "exampleSites": [
                "beardedbutchers.com",
                "beautyofjoseon.com",
                "casadesante.com",
                "crystalquest.com",
                "stateandliberty.com",
                "thedailygraceco.com",
                "www.gaiam.com",
                "www.hovsco.com",
                "www.playfulpromises.com"
            ]
        },
        {
            "rule": "pop-convert\\.com\\/micro\\/api\\/micro_actions\\/create",
            "cookies": 0.0000204,
            "fingerprinting": 0,
            "subdomains": [
                "api"
            ],
            "apis": {},
            "sites": 3,
            "prevalence": 0.0000204,
            "cnames": [],
            "responseHashes": [
                "27badc983df1780b60c2b3fa9d3a19a00e46aac798451f0febdca52920faaddf"
            ],
            "type": "Fetch",
            "firstPartyCookies": {},
            "firstPartyCookiesSent": {},
            "exampleSites": [
                "casadesante.com",
                "thedailygraceco.com",
                "www.hovsco.com"
            ]
        }
    ],
    "categories": [],
    "performance": {},
    "cookies": 0.0000341,
    "topInitiators": [
        {
            "domain": "first party",
            "prevalence": 0.7428571428571429
        },
        {
            "domain": "shopifyorderlimits.s3.amazonaws.com",
            "prevalence": 0.11428571428571428
        },
        {
            "domain": "shopify.com",
            "prevalence": 0.05714285714285714
        },
        {
            "domain": "global-e.com",
            "prevalence": 0.05714285714285714
        },
        {
            "domain": "yottaa.com",
            "prevalence": 0.02857142857142857
        }
    ],
    "types": {
        "Script": 9,
        "Fetch": 12
    },
    "nameservers": [
        "dns1.registrar-servers.com",
        "dns2.registrar-servers.com"
    ]
}