{
    "domain": "pop-convert.com",
    "owner": {},
    "source": [
        "DuckDuckGo-US"
    ],
    "prevalence": 0.0000954,
    "sites": 14,
    "subdomains": [
        "script",
        "cdn",
        "api"
    ],
    "cnames": [],
    "fingerprinting": 1,
    "resources": [
        {
            "rule": "pop-convert\\.com\\/production\\.pc\\.min\\.js",
            "cookies": 0,
            "fingerprinting": 1,
            "subdomains": [
                "script"
            ],
            "apis": {
                "window.localStorage": 9,
                "window.sessionStorage": 9,
                "Navigator.prototype.userAgent": 9
            },
            "sites": 9,
            "prevalence": 0.0000613,
            "cnames": [],
            "responseHashes": [
                "ba9857a4818ce348685e59265d241f0cb9a0e8f5c9a4b7b9609b5350d611f195"
            ],
            "type": "Script",
            "firstPartyCookies": {},
            "firstPartyCookiesSent": {},
            "exampleSites": [
                "beardedbutchers.com",
                "beautyofjoseon.com",
                "casadesante.com",
                "gotductless.com",
                "southernedges.com",
                "stateandliberty.com",
                "thedailygraceco.com",
                "www.gaiam.com",
                "www.hovsco.com"
            ]
        },
        {
            "rule": "pop-convert\\.com\\/micro\\/api\\/sites",
            "cookies": 0,
            "fingerprinting": 0,
            "subdomains": [
                "cdn"
            ],
            "apis": {},
            "sites": 9,
            "prevalence": 0.0000613,
            "cnames": [],
            "responseHashes": [
                "fda885ab3c711a32994c4e028ff963fcb5fd5eadc81b2d61269d01e8dc96ca5a",
                "7d1e31c0bbfab9f9c1779712de3aa690b6632c6edc523e92b8b0d84de859a2bf",
                "6bc992d639ecf631c8d380d1fc070aa24a5c2185a846709352a47d9e914f2970",
                "77a4478a3f66635896903fe78f4a05e4924c2bf9e4a7deddb28ca982b88635bc",
                "35f2200bc59d6e374de2f39663a26f3cbe0cefb3b550b140b372cb8d10965537",
                "bae0bc4104a948d5fd182a2894ec51045a13f2f376171f24ce62a76d4dcab7c0",
                "b69234aeace77ac7e6063f513456fd9a8065480f949f4cbf66d918541e9513d1",
                "6d767ceea0de1bfb317fa26ec6c22b845d4203805817490998ed442100eb5bdf"
            ],
            "type": "Fetch",
            "firstPartyCookies": {},
            "firstPartyCookiesSent": {},
            "exampleSites": [
                "beardedbutchers.com",
                "beautyofjoseon.com",
                "casadesante.com",
                "gotductless.com",
                "southernedges.com",
                "stateandliberty.com",
                "thedailygraceco.com",
                "www.gaiam.com",
                "www.hovsco.com"
            ]
        },
        {
            "rule": "pop-convert\\.com\\/micro\\/api\\/micro_actions\\/create",
            "cookies": 0.0000273,
            "fingerprinting": 0,
            "subdomains": [
                "api"
            ],
            "apis": {},
            "sites": 4,
            "prevalence": 0.0000273,
            "cnames": [],
            "responseHashes": [
                "27badc983df1780b60c2b3fa9d3a19a00e46aac798451f0febdca52920faaddf"
            ],
            "type": "Fetch",
            "firstPartyCookies": {},
            "firstPartyCookiesSent": {},
            "exampleSites": [
                "casadesante.com",
                "gotductless.com",
                "thedailygraceco.com",
                "www.hovsco.com"
            ]
        }
    ],
    "categories": [],
    "performance": {},
    "cookies": 0.0000409,
    "topInitiators": [
        {
            "domain": "first party",
            "prevalence": 0.7352941176470589
        },
        {
            "domain": "shopifyorderlimits.s3.amazonaws.com",
            "prevalence": 0.11764705882352941
        },
        {
            "domain": "shopify.com",
            "prevalence": 0.08823529411764706
        },
        {
            "domain": "yottaa.com",
            "prevalence": 0.058823529411764705
        }
    ],
    "types": {
        "Script": 9,
        "Fetch": 13
    },
    "nameservers": [
        "dns1.registrar-servers.com",
        "dns2.registrar-servers.com"
    ]
}