{
    "domain": "pop6serve.com",
    "owner": {},
    "source": [
        "DuckDuckGo-US"
    ],
    "prevalence": 0.000123,
    "sites": 18,
    "subdomains": [],
    "cnames": [],
    "fingerprinting": 1,
    "resources": [
        {
            "rule": "pop6serve\\.com\\/popsixle\\.php",
            "cookies": 0.0000953,
            "fingerprinting": 1,
            "subdomains": [],
            "apis": {
                "Document.cookie getter": 8,
                "Navigator.prototype.userAgent": 8,
                "Date.prototype.getTime": 8,
                "Document.cookie setter": 7
            },
            "sites": 14,
            "prevalence": 0.0000953,
            "cnames": [],
            "responseHashes": [
                "1397989b09dffdbebf978bc8c755c29212de2c58e1951c783a6b1a641ace5ad6",
                "e6b927f5bf58a0f9b1fa737127b4a1e4e594195b4be9e9d103b05bcef6645d70",
                "754b8322065bb26bb3b767333f4a5c1fef9ab34c987187b84774745db21744e4",
                "629b10da69c6fc7084e70b05e01e970527cd1aec0500b7e7eea3ed0d14fc8c13",
                "dc2fabd43288af2e372de67213e09c7cd36bde64b7a5d70ac800701db420cafa",
                "1d7b43fc8b4eb2b7895f0b0d1d082b70be8935c8989f8d64af94ab8b9151b26f",
                "cab61c62dedeeb7783bc8196c099248e0ff98d0e8563bc4c94e49d05c3a9c7f3",
                "6eb1681aa3e00cb7854ed746bd40c7cf87a5655f4905324631b5671ff5f7c4aa",
                "ef7d7566ef5af17707d3001a486fdb2d5ce6c3eabff75a3a12f541a51c11ea9c",
                "be192a8d9e3010c8b1ea554b4ff6a89662908b83dad16a98d4880026edd6340b",
                "be155c7050704df7159d85331b01d8a435c26b5049f39bd958baf2f704c5eb67",
                "948e05c765a54f5011090e1d6801f2b31423df36bf2fcc220003159223216a18"
            ],
            "type": "Script",
            "firstPartyCookies": {
                "gtm_p6_ip": {
                    "ttl": 14403,
                    "length": 13,
                    "prevalence": 0.00004765308553728854,
                    "uniqueness": 0.14285714285714285
                },
                "gtm_p6_country_code": {
                    "ttl": 14403,
                    "length": 2,
                    "prevalence": 0.00004765308553728854,
                    "uniqueness": 0.14285714285714285
                },
                "gtm_p6_country": {
                    "ttl": 14403,
                    "length": 64,
                    "prevalence": 0.00004765308553728854,
                    "uniqueness": 0.14285714285714285
                },
                "gtm_p6_st": {
                    "ttl": 14403,
                    "length": 64,
                    "prevalence": 0.00004765308553728854,
                    "uniqueness": 0.14285714285714285
                },
                "gtm_p6_s_id": {
                    "ttl": 8035203,
                    "length": 8,
                    "prevalence": 0.00004765308553728854,
                    "uniqueness": 1
                },
                "gtm_p6_eid": {
                    "ttl": 303,
                    "length": 4,
                    "prevalence": 0.00004765308553728854,
                    "uniqueness": 0.14285714285714285
                },
                "gtm_p6_sh_cart_id": {
                    "ttl": 86408,
                    "length": 32,
                    "prevalence": 0.00002042275094455223,
                    "uniqueness": 1
                }
            },
            "firstPartyCookiesSent": {
                "checkout_shop": 0.000006807583648184077
            },
            "exampleSites": [
                "aoeyewear.com",
                "caddislife.com",
                "cozyearth.com",
                "pelacase.com",
                "servicecu.org",
                "sevenweekscoffee.com",
                "vinia.com",
                "www.arcadia.com",
                "www.atticus.com",
                "www.battlbox.com",
                "www.coreequipment.com",
                "www.diffeyewear.com",
                "www.torquedetail.com",
                "www.trumpstore.com"
            ]
        },
        {
            "rule": "pop6serve\\.com\\/sh_capi_sync\\.php",
            "cookies": 0.0000613,
            "fingerprinting": 0,
            "subdomains": [],
            "apis": {},
            "sites": 9,
            "prevalence": 0.0000613,
            "cnames": [],
            "responseHashes": [
                "4776a31b2c50ea657a283824d989223c3f48b6ce5a5a2e8d176809aed204070b"
            ],
            "type": "XHR",
            "firstPartyCookies": {},
            "firstPartyCookiesSent": {},
            "exampleSites": [
                "aoeyewear.com",
                "caddislife.com",
                "cozyearth.com",
                "vinia.com",
                "www.arcadia.com",
                "www.atticus.com",
                "www.coreequipment.com",
                "www.diffeyewear.com",
                "www.torquedetail.com"
            ]
        },
        {
            "rule": "pop6serve\\.com\\/pop6_init_ip\\.php",
            "cookies": 0.0000613,
            "fingerprinting": 0,
            "subdomains": [],
            "apis": {},
            "sites": 9,
            "prevalence": 0.0000613,
            "cnames": [],
            "responseHashes": [
                "98a4d3492332a64ec3bbe14b3cb3a2a67e4b839a0acd4fafd37f13abac333ecd"
            ],
            "type": "XHR",
            "firstPartyCookies": {},
            "firstPartyCookiesSent": {},
            "exampleSites": [
                "aoeyewear.com",
                "caddislife.com",
                "cozyearth.com",
                "vinia.com",
                "www.arcadia.com",
                "www.atticus.com",
                "www.coreequipment.com",
                "www.diffeyewear.com",
                "www.torquedetail.com"
            ]
        },
        {
            "rule": "pop6serve\\.com\\/pop6_init_02_02\\.php",
            "cookies": 0.0000545,
            "fingerprinting": 0,
            "subdomains": [],
            "apis": {},
            "sites": 8,
            "prevalence": 0.0000545,
            "cnames": [],
            "responseHashes": [
                "cdcc434c8b0d55e0a689815dc4552f05f05c3e816e486ed7e651df98c1d2806a",
                "43c8ef35bccbcbcd2e52e4e9c7305277dc1dd6bd641e8bdc10a78c957ea29da4",
                "14c38452f6fadff64bdd3b9aa1d4f948ac2f2ca1ac4526278d5cacc9bff59238",
                "cf8126a2a80a41e46225e4a8fc3c2d4ed95ad9df05a687b4a9ac363faed15460",
                "a52346ea24f0941f092733b5c1c410df1c4c8a4ef5922886e8a8f05712240f9e",
                "a48a8a747ad361597873ae5e221ca0f740c4f812f45796101e9251e14486db98",
                "6d0720b2bff51c1e8bbb32ad4ba4421f17b27d98ba71bea9343988d291d8a6d4"
            ],
            "type": "XHR",
            "firstPartyCookies": {},
            "firstPartyCookiesSent": {},
            "exampleSites": [
                "aoeyewear.com",
                "cozyearth.com",
                "vinia.com",
                "www.arcadia.com",
                "www.atticus.com",
                "www.coreequipment.com",
                "www.diffeyewear.com",
                "www.torquedetail.com"
            ]
        },
        {
            "rule": "pop6serve\\.com\\/pop6_sync\\.php",
            "cookies": 0.0000408,
            "fingerprinting": 0,
            "subdomains": [],
            "apis": {},
            "sites": 6,
            "prevalence": 0.0000408,
            "cnames": [],
            "responseHashes": [
                "6dedd3f6f6f0873c31fd45a4e04927509cfe0f201d9967a1139ebf1109995783",
                "82e39f95e5228df9f477ff863a4d10d51cb5d9fc0da19f793071a2812f569216",
                "0698a47f1c80eb217c477abc79b67aa04e2977bb7d7340e49afd0595d850357c",
                "d13d7532e968acd1f3469fda9f39888cd5dce7d568e054568f2dd2127dbff42a",
                "5531662337ac930705a3c3e6dd4ce39f80f71fe9ef3d3f9dc43c538c0617a6c2"
            ],
            "type": "XHR",