{
    "domain": "postescanada-canadapost.ca",
    "owner": {
        "name": "Canada Post Corporation",
        "displayName": "Canada Post"
    },
    "source": [
        "DuckDuckGo-US"
    ],
    "prevalence": 0.0000886,
    "sites": 13,
    "subdomains": [
        "ws1"
    ],
    "cnames": [],
    "fingerprinting": 1,
    "resources": [
        {
            "rule": "postescanada-canadapost\\.ca\\/css\\/addresscomplete-2\\.30\\.min\\.css",
            "cookies": 0,
            "fingerprinting": 0,
            "subdomains": [
                "ws1"
            ],
            "apis": {},
            "sites": 10,
            "prevalence": 0.0000682,
            "cnames": [],
            "responseHashes": [
                "c52482b42e38d4c54b2762dad73cb9394b77b029f530d8d77bf58d0f8f1b7a58",
                "e355ec4b69b3af42f563d9b77291c60a5fff4c18171b011056071b4e35dd6d03",
                "1cdd04db0e8aa88274513f8f540035791d15a05dc3e6fca3faf94e451e07a9a9",
                "23a8bf662cb0988222c062c95b005d8b160f52e8a49c96623970ceaa457a33dd",
                "75d5a65d8d8a200dfc6e61fb4dc292fd92560c4e632a066d31d1ea6110b9c34a",
                "f64645c077fd2f85e4bc5c7f4978977fa8ce4280496396c5f01fa2e1cc8217c5",
                "ce28ca9d900dc8339e43b1079dcd6e55b67463b6b7b1725132bb3cb9dfba3ee7",
                "905bed77a6eb5560815239139201dc08d34f23c9981adbc06e09a7b10c59d08c",
                "fb2efcf9a92c1bd4a319b231e16db930f7c28ad25633dfbd0576eba6e8c16a0f"
            ],
            "type": "Stylesheet",
            "firstPartyCookies": {},
            "firstPartyCookiesSent": {},
            "exampleSites": [
                "rates.ca",
                "www.bell.ca",
                "www.joefresh.com",
                "www.lushusa.com",
                "www.pcoptimum.ca",
                "www.sceneplus.ca",
                "www.thebeerstore.ca",
                "www.thelotterylab.com",
                "www.tru.earth",
                "www.vuse.com"
            ]
        },
        {
            "rule": "postescanada-canadapost\\.ca\\/js\\/addresscomplete-2\\.30\\.min\\.js",
            "cookies": 0,
            "fingerprinting": 1,
            "subdomains": [
                "ws1"
            ],
            "apis": {
                "Navigator.prototype.userAgent": 7
            },
            "sites": 8,
            "prevalence": 0.0000545,
            "cnames": [],
            "responseHashes": [
                "a7a2c784c1656b43e1e445823e1dfa0477c9fafa88ef402ceb7ac43d9568eb59",
                "e6ab4d4b9d88d292a2011cf5942cb8a35bf6910eba6e922e39588726957cb334",
                "0171680608148d7acd574dd6a5b815921fe3f7c11eae9cee650a98285373d349",
                "9541b4b5cfdcc261fa9737c6a916388a4eb7f0fb5157de1640330805dc9f4638",
                "8914322c51a86acf667ffbee9fcd3bba8b272e9918c1dd95ef13a311cc4903fa",
                "b2959803f300b2dfbaae415c2d034bbc0e69a6a7bae84a3ff7bbeecba6b420b9",
                "5f7d83ab3f4c1d987aa1fba41793ed8858f43ab3d91fbc179e584771725a6dbb"
            ],
            "type": "Script",
            "firstPartyCookies": {},
            "firstPartyCookiesSent": {},
            "exampleSites": [
                "rates.ca",
                "www.bell.ca",
                "www.lushusa.com",
                "www.pcoptimum.ca",
                "www.thebeerstore.ca",
                "www.thelotterylab.com",
                "www.tru.earth",
                "www.vuse.com"
            ]
        }
    ],
    "categories": [],
    "performance": {},
    "cookies": 0,
    "topInitiators": [
        {
            "domain": "first party",
            "prevalence": 1
        }
    ],
    "types": {
        "Stylesheet": 10,
        "Script": 8
    },
    "nameservers": [
        "a2-64.akam.net",
        "a1-226.akam.net",
        "a6-65.akam.net",
        "a13-67.akam.net",
        "a7-66.akam.net",
        "a8-67.akam.net"
    ]
}