{
    "domain": "professionalswebcheck.com",
    "owner": {},
    "source": [
        "DuckDuckGo-US"
    ],
    "prevalence": 0.000245,
    "sites": 36,
    "subdomains": [],
    "cnames": [],
    "fingerprinting": 0,
    "resources": [
        {
            "rule": "professionalswebcheck\\.com\\/px\\.gif",
            "cookies": 0.00015,
            "fingerprinting": 0,
            "subdomains": [],
            "apis": {},
            "sites": 22,
            "prevalence": 0.00015,
            "cnames": [],
            "responseHashes": [
                "e3b0c44298fc1c149afbf4c8996fb92427ae41e4649b934ca495991b7852b855"
            ],
            "type": "Image",
            "firstPartyCookies": {},
            "firstPartyCookiesSent": {},
            "exampleSites": [
                "kemono.su",
                "hitomi.la",
                "ocp-ts3.ocp.ucdavis.edu",
                "porngamesverse.com",
                "allporncomic.com",
                "lewdzone.com",
                "sukebei.nyaa.si",
                "javhd.com",
                "m.eroprofile.com",
                "saradahentai.com",
                "attachments.f95zone.com",
                "sxyprn.net",
                "f95zone.to",
                "totempole666.com",
                "adultgamescollector.com",
                "redbust.com",
                "attachments.f95zone.to",
                "hentaiprn.com",
                "8muses.xxx",
                "sexstoriesplus.com"
            ]
        },
        {
            "rule": "professionalswebcheck\\.com\\/stats",
            "cookies": 0.0000613,
            "fingerprinting": 0,
            "subdomains": [],
            "apis": {},
            "sites": 10,
            "prevalence": 0.0000682,
            "cnames": [],
            "responseHashes": [
                "7cbf3e1fe0ffdaefc94d95b3bf87698f32fc6e233f9b0526893b5a6c94044f4c",
                "f892e2a2daf339bb5fa5a0792e753b06b04de044ee6facea977c0b56cf45d99f",
                "aabb4dae4508fdb9dc16da188c03413e809973b359376a03c3b55613119fa9d8",
                "db0655cc1182f1472979a4b3953b9224385bfe603258b471a97ea351946c79d7",
                "8307ed207f0c93341885b36b73671233981e11f8fefa93331418fdd83dd852e5",
                "3e834551fa5c452b33067d10e8e81b85918e42c21e61238baa6f813ab0e483b3",
                "54c9843d452f26ce20fe43e6db5af806042a3ad5c13d813817eb4ec7e02d1334"
            ],
            "type": "XHR",
            "firstPartyCookies": {},
            "firstPartyCookiesSent": {},
            "exampleSites": [
                "avizoone.com",
                "bocilviral.pages.dev",
                "looti.org",
                "ronemo.com",
                "shahvani.com",
                "solostudio.tech",
                "welovemanga.one",
                "www.taktube.net",
                "www.xxxhdvideo.mobi",
                "www.xxxlucah.com"
            ]
        }
    ],
    "categories": [],
    "performance": {},
    "cookies": 0.000239,
    "topInitiators": [
        {
            "domain": "twistconcept.com",
            "prevalence": 0.675
        },
        {
            "domain": "extentaccreditedinsensitive.com",
            "prevalence": 0.075
        },
        {
            "domain": "exemptrequest.com",
            "prevalence": 0.05
        },
        {
            "domain": "whisperfog.com",
            "prevalence": 0.05
        },
        {
            "domain": "stoolsymphony.com",
            "prevalence": 0.05
        },
        {
            "domain": "bluffobdurategoodbye.com",
            "prevalence": 0.05
        },
        {
            "domain": "washsilly.com",
            "prevalence": 0.025
        },
        {
            "domain": "huskyzipper.com",
            "prevalence": 0.025
        }
    ],
    "types": {
        "Image": 22,
        "XHR": 10
    },
    "nameservers": [
        "ns-734.awsdns-27.net",
        "ns-1163.awsdns-17.org",
        "ns-158.awsdns-19.com",
        "ns-2010.awsdns-59.co.uk"
    ]
}