{
    "domain": "project1service.com",
    "owner": {},
    "source": [
        "DuckDuckGo-US"
    ],
    "prevalence": 0.000177,
    "sites": 26,
    "subdomains": [
        "site-api",
        "navigation-api"
    ],
    "cnames": [],
    "fingerprinting": 0,
    "resources": [
        {
            "rule": "project1service\\.com\\/v2\\/releases",
            "cookies": 0.000109,
            "fingerprinting": 0,
            "subdomains": [
                "site-api"
            ],
            "apis": {},
            "sites": 16,
            "prevalence": 0.000109,
            "cnames": [],
            "responseHashes": [],
            "type": "Preflight",
            "firstPartyCookies": {},
            "firstPartyCookiesSent": {},
            "exampleSites": [
                "bangbros.com",
                "mobile.bangbros.com",
                "www.babes.com",
                "www.brazzers.com",
                "www.digitalplayground.com",
                "www.fakehub.com",
                "www.faketaxi.com",
                "www.men.com",
                "www.mofos.com",
                "www.publicagent.com",
                "www.realitykings.com",
                "www.sweetsinner.com",
                "www.transangels.com",
                "www.transsensual.com",
                "www.twinkpop.com",
                "www.twistys.com"
            ]
        },
        {
            "rule": "project1service\\.com\\/v2\\/releases",
            "cookies": 0.000109,
            "fingerprinting": 0,
            "subdomains": [
                "site-api"
            ],
            "apis": {},
            "sites": 16,
            "prevalence": 0.000109,
            "cnames": [],
            "responseHashes": [
                "f2912515a433e7a0922aa839f9704e2c6ee127abab780810f9986b6c9ac4bde6",
                "321e8377120522269b1c642ffc9e77dc701e492f2ce45bd0bfb58656b4213495",
                "92a77bebc1a42c61733555dad651f5b3081cb89fdf5869d87cfeafce2d490aac",
                "05fc873c1ecc314ead1b646a6efc9bec350388f53e1ef1192f50e6a374277f2a",
                "b7cf8ae614e6adc1c485a004638c3a16433234926d8321130adaea58e126e189",
                "a454bee4d19cf23360e2d31bf269ef6668e3ab6f8cecc3a59191883faf705cd9",
                "ac4eb2779123cbaacd60da485e6864cd4e0f8ae16b77d55fb498b80f8f4d685a",
                "297594836ef8fca2a7e93e6ec55ada14c671ffb66b6712bce51e4aafdf55eaf5",
                "5a4dca193903c10c9e43ce92b6351624422c17a5715db91697478dac558fa68b",
                "24754c3e50d271a34d68da361d436d9638d1187ce0672995218e9e1072b92e88",
                "c8ef4d5270f166a88f95e7cb5fc3ef79525f87632158c4ef3cfac47dfbb4221b",
                "664e106e5661615831285c6397fcbd8658e76d8acb701c41d7265df60f97cc6c",
                "ece9eb6f1f3c0e88778dd6242d960fa616bc988385dd2ff0390b1adc9d390b22",
                "dc49ba213000a487060f66c86f0e76b73da0188fb0c1a980568ddc34485f540e",
                "93b712b94492d5010e6a269a3cfdc7e46e1d373583e52eef7087fab45bb05084"
            ],
            "type": "XHR",
            "firstPartyCookies": {},
            "firstPartyCookiesSent": {},
            "exampleSites": [
                "bangbros.com",
                "mobile.bangbros.com",
                "www.babes.com",
                "www.brazzers.com",
                "www.digitalplayground.com",
                "www.fakehub.com",
                "www.faketaxi.com",
                "www.men.com",
                "www.mofos.com",
                "www.publicagent.com",
                "www.realitykings.com",
                "www.sweetsinner.com",
                "www.transangels.com",
                "www.transsensual.com",
                "www.twinkpop.com",
                "www.twistys.com"
            ]
        },
        {
            "rule": "project1service\\.com\\/v1\\/navbar\\/7091",
            "cookies": 0.0000136,
            "fingerprinting": 0,
            "subdomains": [
                "navigation-api"
            ],
            "apis": {},
            "sites": 2,
            "prevalence": 0.0000136,
            "cnames": [],
            "responseHashes": [
                "e5ea24b262c5ac313d54e3ba96a3a4463991f87c1a5f0c688198d73ad84f4c0f"
            ],
            "type": "XHR",
            "firstPartyCookies": {},
            "firstPartyCookiesSent": {},
            "exampleSites": [
                "bangbros.com",
                "mobile.bangbros.com"
            ]
        },
        {
            "rule": "project1service\\.com\\/v1\\/actors",
            "cookies": 0.0000341,
            "fingerprinting": 0,
            "subdomains": [
                "site-api"
            ],
            "apis": {},
            "sites": 5,
            "prevalence": 0.0000341,
            "cnames": [],
            "responseHashes": [
                "c144d12c4134381b676149185e4ec4cdf9436d3888d067a234cba6b007691629",
                "9914c4f51777f04f114bc5666195c4dbbd6fa245203d48523bca8b14891a55dc",
                "1532051d73e57c3140514ff46c4ec980451295d6c3da0d92dd11bde0528d1e5e",
                "54564dff3775847a49bc27478a28203bdc69159e00a2ac63d06bde13caa079e3"
            ],
            "type": "XHR",
            "firstPartyCookies": {},
            "firstPartyCookiesSent": {},
            "exampleSites": [
                "bangbros.com",
                "www.digitalplayground.com",
                "www.realitykings.com",
                "www.transangels.com",
                "www.twistys.com"
            ]
        },
        {
            "rule": "project1service\\.com\\/v1\\/actors",
            "cookies": 0.0000341,
            "fingerprinting": 0,
            "subdomains": [
                "site-api"
            ],
            "apis": {},
            "sites": 5,
            "prevalence": 0.0000341,
            "cnames": [],
            "responseHashes": [],
            "type": "Preflight",
            "firstPartyCookies": {},
            "firstPartyCookiesSent": {},
            "exampleSites": [
                "bangbros.com",
                "www.digitalplayground.com",
                "www.realitykings.com",
                "www.transangels.com",
                "www.twistys.com"
            ]
        },
        {
            "rule": "project1service\\.com\\/v2\\/release-filters",
            "cookies": 0.0000545,
            "fingerprinting": 0,
            "subdomains": [
                "site-api"
            ],
            "apis": {},
            "sites": 8,
            "prevalence": 0.0000545,
            "cnames": [],
            "responseHashes": [],
            "type": "Preflight",
            "firstPartyCookies": {},
            "firstPartyCookiesSent": {},
            "exampleSites": [
                "bangbros.com",
                "mobile.bangbros.com",
                "www.babes.com",
                "www.digitalplayground.com",
                "www.fakehub.com",
                "www.realitykings.com",
                "www.sweetsinner.com",
                "www.transsensual.com"
            ]
        },
        {
            "rule": "project1service\\.com\\/v2\\/release-filters",
            "cookies": 0.0000477,
            "fingerprinting": 0,
            "subdomains": [
                "site-api"
            ],
            "apis": {},
            "sites": 7,
            "prevalence": 0.0000477,
            "cnames": [],
            "responseHashes": [
                "aa975862e874f5e67f0a5301e76dd07fdf6b8bc0210e705d45d958a3dd2b9f5b",
                "90a1a80730e54276a55eaac7eaf60d3bba20a45d5c8b2c012bdb1d4e3ab5eecf",
                "9512b7a65182b812f4f0b015987e29c3ed4f7987ae38e24f434a4ad5b3c0e063",
                "3820fec7d255dc2658ccf83052e6eecc7391b46bbab65b246e5b2e9427898b70",
                "a9410d9cdb3c1952df71406d28404f6d0f224df739d1b42b549d837de4795544",
                "87be8f1c31d10d30d52ae30b072debcaaea8f9205e4e5e843e336d485163214a"
            ],
            "type": "XHR",
            "firstPartyCookies": {},