{
    "domain": "proofpoint.com",
    "owner": {
        "name": "Proofpoint, Inc.",
        "displayName": "Proofpoint"
    },
    "source": [
        "DuckDuckGo-US"
    ],
    "prevalence": 0.000423,
    "sites": 62,
    "subdomains": [
        "urldefense"
    ],
    "cnames": [],
    "fingerprinting": 1,
    "resources": [
        {
            "rule": "proofpoint\\.com\\/v2\\/url",
            "cookies": 0.0000545,
            "fingerprinting": 1,
            "subdomains": [
                "urldefense"
            ],
            "apis": {
                "window.sessionStorage": 8,
                "Navigator.prototype.userAgent": 10,
                "NavigatorUAData.prototype.brands": 5,
                "NavigatorUAData.prototype.platform": 5,
                "Navigator.prototype.vendor": 5,
                "Document.cookie getter": 11,
                "Document.cookie setter": 8,
                "Screen.prototype.width": 6,
                "Screen.prototype.height": 6,
                "Navigator.prototype.appVersion": 2,
                "Date.prototype.getTime": 3,
                "NavigatorUAData.prototype.getHighEntropyValues": 1,
                "window.localStorage": 1
            },
            "sites": 18,
            "prevalence": 0.000123,
            "cnames": [],
            "responseHashes": [
                "ec140ae8baa4b61226d96beba9277a0072e45b805004b8ea983c5d43402aeb66",
                "899663bfeab6b11842c974c2417dc0ad88bd79bb7510b1e032384ccf2618dcc1",
                "89df841c5a691c415a66d4721546c76ddf654cf23e5cb9c428815e1364b8dedd",
                "26494c945e5b218b61d98e8be7fc6a3b4b04916f7fc03521187c418b998f9373",
                "086b0708cfb6c05ae54fdf52d3005cacd2f8e272ca80797757d8e556ce49a6d6",
                "0a3e0f755421c37f636595fb55e723b048dd9e0cb77df30048f52f3198f9ea5f",
                "fe2b89988be6488d66b65289c6b47803e70b214eb92294ba86695f9edf0b28a2",
                "fa53fcd8da139d256c0ca83b69cb37473ca627b6052368ed3327c80d9fb61e25",
                "25af98176b0f6b3b0eb96d73b543b2e0cce86fa9f3a7f52367631530f35c80fd",
                "30ccbe65f86ec55dbd7a5fc77b740a067d7f852432e17cf99db716ce8277590e"
            ],
            "type": "Script",
            "firstPartyCookies": {
                "_fbp": {
                    "ttl": 7776007,
                    "length": 28,
                    "prevalence": 0.00003408943704703661,
                    "uniqueness": 1
                },
                "rbuid": {
                    "ttl": 2592013,
                    "length": 41,
                    "prevalence": 0.000006817887409407321,
                    "uniqueness": 1
                },
                "session_id": {
                    "ttl": 2678409,
                    "length": 36,
                    "prevalence": 0.000006817887409407321,
                    "uniqueness": 1
                },
                "ln_or": {
                    "ttl": 86404,
                    "length": 20,
                    "prevalence": 0.000006817887409407321,
                    "uniqueness": 1
                }
            },
            "firstPartyCookiesSent": {},
            "exampleSites": [
                "aerogarden.com",
                "locator.carolinas.aaa.com",
                "ufonline.ufl.edu",
                "us.dealertrack.com",
                "us.norton.com",
                "www.excelsior.edu",
                "www.msg.com",
                "www.northwest.bank",
                "www.peninsula.com",
                "www.t-mobilearena.com",
                "www.talbots.com",
                "www.therabody.com",
                "www.visitcaymanislands.com",
                "www.visitgreenvillesc.com",
                "www.weightwatchers.com",
                "www.wimbledon.com",
                "www.woodlandscenter.org",
                "zacbrownband.com"
            ]
        },
        {
            "rule": "proofpoint\\.com\\/v2\\/url",
            "cookies": 0,
            "fingerprinting": 0,
            "subdomains": [
                "urldefense"
            ],
            "apis": {},
            "sites": 23,
            "prevalence": 0.000157,
            "cnames": [],
            "responseHashes": [
                "e3b0c44298fc1c149afbf4c8996fb92427ae41e4649b934ca495991b7852b855",
                "75301b6f8fa60829015618ade544c3d33adf1f375bd560d9a4753b5be887058f",
                "726bd300e2a189de671455eb50152d11182b89667b4b6903bb4fe6abc7c70b58",
                "2fce2feb1cb59a8c53b5b46d1d758949090324d34b2a941a972240d6ccf63db6"
            ],
            "type": "Image",
            "firstPartyCookies": {},
            "firstPartyCookiesSent": {},
            "exampleSites": [
                "www.unitedagandturf.com",
                "us.norton.com",
                "borgata.mgmresorts.com",
                "newyorknewyork.mgmresorts.com",
                "www.weightwatchers.com",
                "aria.mgmresorts.com",
                "www.visitgreenvillesc.com",
                "bancofcal.com",
                "beaurivage.mgmresorts.com",
                "mgmnationalharbor.mgmresorts.com",
                "mandalaybay.mgmresorts.com",
                "bellagio.mgmresorts.com",
                "www.frenchbee.com",
                "luxor.mgmresorts.com",
                "duke-energy.com",
                "parkmgm.mgmresorts.com",
                "mgmresorts.com",
                "mgmgrand.mgmresorts.com",
                "lifelock.norton.com",
                "www.duke-energy.com"
            ]
        }
    ],
    "categories": [],
    "performance": {},
    "cookies": 0.0000955,
    "topInitiators": [
        {
            "domain": "adobedtm.com",
            "prevalence": 0.375
        },
        {
            "domain": "googletagmanager.com",
            "prevalence": 0.3055555555555556
        },
        {
            "domain": "first party",
            "prevalence": 0.125
        },
        {
            "domain": "doubleclick.net",
            "prevalence": 0.1111111111111111
        },
        {
            "domain": "cookielaw.org",
            "prevalence": 0.041666666666666664
        },
        {
            "domain": "ensighten.com",
            "prevalence": 0.027777777777777776
        },
        {
            "domain": "tiqcdn.com",
            "prevalence": 0.013888888888888888
        }
    ],
    "types": {
        "Script": 18,
        "Image": 23
    },
    "nameservers": [
        "ns3.proofpoint.com",
        "pdns99.ultradns.net",
        "ns1.proofpoint.com",
        "pdns99.ultradns.biz",
        "pdns99.ultradns.com",
        "pdns99.ultradns.org"
    ]
}