{
    "domain": "proofapi.com",
    "owner": {},
    "source": [
        "DuckDuckGo-US"
    ],
    "prevalence": 0.000225,
    "sites": 33,
    "subdomains": [
        "analytics"
    ],
    "cnames": [],
    "fingerprinting": 0,
    "resources": [
        {
            "rule": "proofapi\\.com\\/track",
            "cookies": 0,
            "fingerprinting": 0,
            "subdomains": [
                "analytics"
            ],
            "apis": {},
            "sites": 26,
            "prevalence": 0.000177,
            "cnames": [],
            "responseHashes": [
                "b4f1e4a1afeafed11ceff961aefaa3c4e7a6b6708f66c98c433aa4f77e81720c",
                "105ab0dd56a15d37c6567e069ad7cbabcb14ea0756ad7a3cdd844f9610f90662",
                "115d579103f25d2f8721d436adfaad4ab587c9af7c352392e9ac19447cafb8f2",
                "7ec1774c747584f661e832e86cc41d919f78b56f9743d1a02ab6770e0cf3e2c7",
                "35c5f9d74292c36b12a66fb301099cab6173679bbd1efdb2657b0fcea8567fb5",
                "c5ae6f0baa5a6a177c172c8f0446b3caa88fe7484fa529aa1eb17c0426d1a023",
                "c00eace7df032c320781c0d0d617c7dc9003419738c62dc6508c555086efc85c",
                "17529d572894a91506042e0503b283a009c9b55a3bd97d97dbdcecf0dca86734",
                "b4e3d68c2a6f64453e90e133e27e5be5e9496444700e3b101f76fd6b1d595a55",
                "3ba4eb9e786f200b9ab0382e47aadd82d25704ba136381da56c8cbbf4443066a",
                "08776aecaecd8e9a729c869b235f552efa3846b42a518f164ac4b6a017f4f92c",
                "3239f9f2433de0659489c0a8085b5a506bfdf66c3664c042143b970e5d11c914",
                "d8facc3f52d00855400d167e240ad8e7e7d2d423a1ff6b37d29b470d17f84eb8",
                "cf200bcf05f18b2e6d738772bd9eddd899009ee4044902d3ef4748669c69df23",
                "50b098d7407a694b83e6fed8b4a7da7eda85d80bd9f55ab50cd922ceec29769c",
                "5d4cc5c82bc91b212f2508dd7d24fc257b2ac6feeacbd754e8227097f215029e",
                "8f9f93c61b0e30766020702c5610139efb52f9bdc8083c2ea20bc8e0f3f3c1be",
                "9ae1bb07da789544f204a538ce0cd186f36a67d59507f63251e85b66a5b4505d",
                "790077bc656ce22716468b19f09468c67b929d87e068eb1096b0fea294fdce7d",
                "af30fb36efa61c855821f8fc7b827b2a62a54b16e7efc84fa2601744ae80ca00",
                "e702d7b4e2e93279430581c14913959f2bb143b6ad25147d3cfcd324faddb865",
                "b3ead9a0e8c6a681a910617b5c855fd7ddbba6abab3c69bcb33529e75a863be4",
                "ec0b15bef063922baa1bd6cf6d4dbee4448662907b8908120ccb61b67e188218",
                "1c9f480dee2b91326fa513c788853b7be450eabd2ce064b6915aa25dd7e2110b",
                "20e40bd04b0bd29a0dcf9d451828bec4b334cec423125d10f7978a98bf21e596"
            ],
            "type": "XHR",
            "firstPartyCookies": {},
            "firstPartyCookiesSent": {
                "_li_dcdm_c": 0.000006816353796027429
            },
            "exampleSites": [
                "www.campusreel.org",
                "unison.audio",
                "www.leadingedgehealth.com",
                "www.solo401k.com",
                "www.lindebladpiano.com",
                "www.lawnstarter.com",
                "nebula.org",
                "www.royalshell.com",
                "www.etags.com",
                "www.qhhtofficial.com",
                "www.breezechms.com",
                "meetbeagle.com",
                "www.mobilehomesell.com",
                "www.subsplash.com",
                "www.coachup.com",
                "trulyfreehome.com",
                "worshiponline.com",
                "stockstotrade.com",
                "www.integrativehealthcare.org",
                "get.tithe.ly"
            ]
        }
    ],
    "categories": [],
    "performance": {},
    "cookies": 0,
    "topInitiators": [
        {
            "domain": "useproof.com",
            "prevalence": 1
        }
    ],
    "types": {
        "XHR": 26
    },
    "nameservers": [
        "gail.ns.cloudflare.com",
        "bayan.ns.cloudflare.com"
    ]
}