{
    "domain": "protoawe.com",
    "owner": {
        "name": "DOCLER IP S.A R.L.",
        "displayName": "Docler IP"
    },
    "source": [
        "DuckDuckGo-US"
    ],
    "prevalence": 0.000102,
    "sites": 15,
    "subdomains": [
        "pt"
    ],
    "cnames": [],
    "fingerprinting": 2,
    "resources": [
        {
            "rule": "protoawe\\.com\\/api\\/model\\/feed",
            "cookies": 0.0000614,
            "fingerprinting": 0,
            "subdomains": [
                "pt"
            ],
            "apis": {},
            "sites": 9,
            "prevalence": 0.0000614,
            "cnames": [],
            "responseHashes": [
                "f015c0065150179167a2dbd23878d2673c08241aab614ad31d4c3481ccf02396",
                "7b0f72ae12a56950a017da5144f6db96f37f9ffdc758b2e98a63efdd7c4fe3d6",
                "099721b3a01020e50399ef8ce266a88e9f62dbeda191653bd169b66c781d7952",
                "5ab64f9916398bc142307bee1fb3e70103775d7220ddd8d79b0aa3f93126e341",
                "99f2be9696ce4a76a6a10b9153063c53ce28420ee2dd02286dc6b62090a4f101",
                "1236c1f14aaa33b3c75352903910dccd5307e559afe316734f720dad390c6f40",
                "ae0930884d9b0bd13deb7abbeb574ae8a3d0fb8548711c48c9c7cd1e7f5d8cf6",
                "845b81243f494d41681a95fc9144ae244f61f2999b6a34e30822a9cbabce4d2e"
            ],
            "type": "XHR",
            "firstPartyCookies": {},
            "firstPartyCookiesSent": {},
            "exampleSites": [
                "dasistporno.com",
                "www.hastube.com",
                "www.pornopiccante.com",
                "www.pornstarsoff.com",
                "www.porzz.com",
                "www.sexadept.com",
                "www.themilf.net",
                "www.tubetwat.com",
                "www.xsissy.com"
            ]
        },
        {
            "rule": "protoawe\\.com\\/cifra",
            "cookies": 0.00000682,
            "fingerprinting": 1,
            "subdomains": [
                "pt"
            ],
            "apis": {
                "Date.prototype.getTime": 2,
                "window.innerHeight": 2,
                "window.innerWidth": 2
            },
            "sites": 2,
            "prevalence": 0.0000136,
            "cnames": [],
            "responseHashes": [
                "cde18c4daf5fe699d78f41e564c2f547777aef7eef7db090649dab58638475eb"
            ],
            "type": "Document",
            "firstPartyCookies": {},
            "firstPartyCookiesSent": {},
            "exampleSites": [
                "erotikportal-deutschland.net",
                "www.erotikportal-deutschland.net"
            ]
        },
        {
            "rule": "protoawe\\.com\\/cifra\\/script",
            "cookies": 0.0000136,
            "fingerprinting": 1,
            "subdomains": [
                "pt"
            ],
            "apis": {
                "window.innerWidth": 2
            },
            "sites": 2,
            "prevalence": 0.0000136,
            "cnames": [],
            "responseHashes": [
                "bc35f387902e78090928c4c3645a65f08bf33d609da9ce4136e1c11c11edfaa9"
            ],
            "type": "Script",
            "firstPartyCookies": {},
            "firstPartyCookiesSent": {},
            "exampleSites": [
                "erotikportal-deutschland.net",
                "www.erotikportal-deutschland.net"
            ]
        },
        {
            "rule": "protoawe\\.com\\/ym525\\/IoK\\.gif",
            "cookies": 0.0000136,
            "fingerprinting": 0,
            "subdomains": [
                "pt"
            ],
            "apis": {},
            "sites": 2,
            "prevalence": 0.0000136,
            "cnames": [],
            "responseHashes": [
                "77b1d2c0857d4e95d4c2ae7aa0abc5aaafa6bd4581b31203d1592759c26f5c44"
            ],
            "type": "Image",
            "firstPartyCookies": {},
            "firstPartyCookiesSent": {},
            "exampleSites": [
                "erotikportal-deutschland.net",
                "www.erotikportal-deutschland.net"
            ]
        }
    ],
    "categories": [],
    "performance": {},
    "cookies": 0.000102,
    "topInitiators": [
        {
            "domain": "first party",
            "prevalence": 0.7931034482758621
        },
        {
            "domain": "realsrv.com",
            "prevalence": 0.06896551724137931
        },
        {
            "domain": "awepsljan.com",
            "prevalence": 0.06896551724137931
        },
        {
            "domain": "ajax.googleapis.com",
            "prevalence": 0.06896551724137931
        }
    ],
    "types": {
        "XHR": 9,
        "Document": 2,
        "Script": 2,
        "Image": 2
    },
    "nameservers": [
        "ns1.eurodns.com",
        "ns3.eurodns.com",
        "ns2.eurodns.com",
        "ns4.eurodns.com"
    ]
}