{
    "domain": "provesrc.com",
    "owner": {},
    "source": [
        "DuckDuckGo-US"
    ],
    "prevalence": 0.000116,
    "sites": 17,
    "subdomains": [
        "cdn",
        "client-api"
    ],
    "cnames": [],
    "fingerprinting": 1,
    "resources": [
        {
            "rule": "provesrc\\.com\\/provesrc\\.js",
            "cookies": 0.0000817,
            "fingerprinting": 1,
            "subdomains": [
                "cdn"
            ],
            "apis": {
                "Document.cookie getter": 12,
                "window.localStorage": 12,
                "Date.prototype.getTime": 12,
                "window.sessionStorage": 12,
                "Navigator.prototype.userAgent": 12,
                "Document.cookie setter": 12
            },
            "sites": 12,
            "prevalence": 0.0000817,
            "cnames": [],
            "responseHashes": [
                "5e00e5d35ea05a8f817c092e7fe02092bbf964193aad91a697b20b2edc560087"
            ],
            "type": "Script",
            "firstPartyCookies": {
                "psuid": {
                    "ttl": 203930703,
                    "length": 36,
                    "prevalence": 0.00008169100377820892,
                    "uniqueness": 1
                },
                "ps5bc7e650b319260a6c162244": {
                    "ttl": 1973876,
                    "length": 18,
                    "prevalence": 0.000006807583648184077,
                    "uniqueness": 1
                },
                "ps-goals": {
                    "ttl": null,
                    "length": 138,
                    "prevalence": 0.00004084550188910446,
                    "uniqueness": 1
                },
                "ps642c650f04f38325d0a40ec9": {
                    "ttl": 1658903,
                    "length": 18,
                    "prevalence": 0.000006807583648184077,
                    "uniqueness": 1
                },
                "ps5f357ef65cf56e4b19977b25": {
                    "ttl": 1908723,
                    "length": 18,
                    "prevalence": 0.000006807583648184077,
                    "uniqueness": 1
                },
                "ps5d4cc160fb1fca286d3ee535": {
                    "ttl": 190254,
                    "length": 19,
                    "prevalence": 0.000006807583648184077,
                    "uniqueness": 1
                },
                "ps616909d5582d604070f77f6f": {
                    "ttl": 2487205,
                    "length": 18,
                    "prevalence": 0.000006807583648184077,
                    "uniqueness": 1
                },
                "ps6466b18cb9bb6a136788ce31": {
                    "ttl": 1661926,
                    "length": 18,
                    "prevalence": 0.000006807583648184077,
                    "uniqueness": 1
                },
                "ps62e20a007c00070e12868931": {
                    "ttl": 2574984,
                    "length": 18,
                    "prevalence": 0.000006807583648184077,
                    "uniqueness": 1
                },
                "ps6149b60e4f01ee542bf0358c": {
                    "ttl": 626075,
                    "length": 18,
                    "prevalence": 0.000006807583648184077,
                    "uniqueness": 1
                },
                "ps5d12681df5056e361c173782": {
                    "ttl": 2013903,
                    "length": 18,
                    "prevalence": 0.000006807583648184077,
                    "uniqueness": 1
                },
                "ps5df2db37286001138508a352": {
                    "ttl": 701195,
                    "length": 18,
                    "prevalence": 0.000006807583648184077,
                    "uniqueness": 1
                },
                "ps5c7d24ed6d66d14f8e4f9e14": {
                    "ttl": 2461685,
                    "length": 18,
                    "prevalence": 0.000006807583648184077,
                    "uniqueness": 1
                },
                "ps5c3e9a3cd0676260229c0e98": {
                    "ttl": 1155974,
                    "length": 18,
                    "prevalence": 0.000006807583648184077,
                    "uniqueness": 1
                }
            },
            "firstPartyCookiesSent": {},
            "exampleSites": [
                "cptsdfoundation.org",
                "makersgonnalearn.com",
                "novaalab.com",
                "steelmadeusa.com",
                "stoneandtileshoppe.com",
                "waterguru.com",
                "www.hustlers.university",
                "www.lowesprotectionplus.com",
                "www.sellyourmac.com",
                "www.spoton.com",
                "www.springwellwater.com",
                "www.talktomira.com"
            ]
        },
        {
            "rule": "provesrc\\.com\\/account\\/configuration",
            "cookies": 0.0000545,
            "fingerprinting": 0,
            "subdomains": [
                "client-api"
            ],
            "apis": {},
            "sites": 8,
            "prevalence": 0.0000545,
            "cnames": [],
            "responseHashes": [
                "ac1370495588f279f0f8805f8803775fe45b14235b22cfd6686e4ef2cfe39147",
                "2510da3727a75aa204a4a763d8fd87fcc9f3a44e84c99c10bce9b64678378408",
                "ae19f258db47afdd87490e2fd176ccef9ad65d1749445de424d93e3f2f588577",
                "8b15184d4b8a6e3bbb7d852ca0e60edf756c1ea1ec9e2cd0bccef178ac6b6fe0",
                "5bd2a248147d9914ec115d873a20e3d7b1330fd0ac4c7ff4ffb73bf018921d6c",
                "abfd10485153f33ecda53866c853d158522b11a3613300d517af9e728f9d08b5",
                "9fdfaf3631e939659ca9ca9eb85fd2d69a32aaaeb56c5986c1a67d1d4fac0584"
            ],
            "type": "Fetch",
            "firstPartyCookies": {},
            "firstPartyCookiesSent": {},
            "exampleSites": [
                "cptsdfoundation.org",
                "makersgonnalearn.com",
                "www.hustlers.university",
                "www.lowesprotectionplus.com",
                "www.sellyourmac.com",
                "www.spoton.com",
                "www.springwellwater.com",
                "www.talktomira.com"
            ]
        },
        {
            "rule": "provesrc\\.com\\/account\\/configuration",
            "cookies": 0,
            "fingerprinting": 0,
            "subdomains": [
                "client-api"
            ],
            "apis": {},
            "sites": 12,
            "prevalence": 0.0000817,
            "cnames": [],
            "responseHashes": [],
            "type": "Preflight",
            "firstPartyCookies": {},
            "firstPartyCookiesSent": {},
            "exampleSites": [
                "cptsdfoundation.org",
                "makersgonnalearn.com",
                "novaalab.com",
                "steelmadeusa.com",
                "stoneandtileshoppe.com",
                "waterguru.com",
                "www.hustlers.university",
                "www.lowesprotectionplus.com",
                "www.sellyourmac.com",
                "www.spoton.com",
                "www.springwellwater.com",
                "www.talktomira.com"
            ]
        },
        {
            "rule": "provesrc\\.com\\/notifications\\/get",
            "cookies": 0,
            "fingerprinting": 0,
            "subdomains": [
                "client-api"
            ],
            "apis": {},
            "sites": 8,
            "prevalence": 0.0000545,
            "cnames": [],