{
    "domain": "pubpowerplatform.io",
    "owner": {},
    "source": [
        "DuckDuckGo-US"
    ],
    "prevalence": 0.000123,
    "sites": 18,
    "subdomains": [
        "currency",
        "nc",
        "pix"
    ],
    "cnames": [],
    "fingerprinting": 3,
    "resources": [
        {
            "rule": "pubpowerplatform\\.io\\/rates\\.json",
            "cookies": 0,
            "fingerprinting": 0,
            "subdomains": [
                "currency"
            ],
            "apis": {},
            "sites": 12,
            "prevalence": 0.0000818,
            "cnames": [],
            "responseHashes": [
                "b822685e42dfcb0e6a409d5e5b9d949c3ad723383f69762eb06933d885d4b0d7",
                "f306eddc9cd04368b2520574f75a1a225500187f3aac94adac834317c75d514d",
                "2f8a286e93bc18fe8ccfb3f5cca43aa86ccd7a547f23452ae8e3ccdc64934d47",
                "8ba600d134cebec7bfeaa13a87d0a3d109d389169a88c26b0929af7c623a5253",
                "08fd90d655763dfc48af728ae71ecba3ec782f9ff7518cfebb5ec53c0677559f",
                "08f3a882417dcf068bd4160710c2a52e4690434e48d513247a9e0531f5f7056f",
                "0c3d02cb3fefdc535f69ddbabf5538bdd76fdaefa7314f44c0c3ca4ba573be64",
                "c697d24769978849430a21674c9745f8178c30170f35f86879008b4aaef9f662",
                "37d99ba38299333a6b6838f8f52ad7bbf86a15f30676b16924cee73e95407fc5",
                "0694f8a33c2e8e07c114c98d4adb08489a5e178d1ff8ea1be64d27cc99e1d293",
                "f7a8969cdfc8fe716816abbb2dd036c557010dde9922fb971f5a87fa5ee039f5"
            ],
            "type": "XHR",
            "firstPartyCookies": {},
            "firstPartyCookiesSent": {
                "lotame_domain_check": 0.000006816632583503749
            },
            "exampleSites": [
                "animalofthings.com",
                "chatarg.com",
                "dalechatea.me",
                "gotolike.com",
                "njbeachcams.com",
                "snapsave.app",
                "soamaps.com",
                "thesurfersview.com",
                "voz.vn",
                "www.fosslinux.com",
                "www.hearteyesmag.com",
                "www.tamildhool.net"
            ]
        },
        {
            "rule": "pubpowerplatform\\.io\\/assets\\/plugins\\/hls\\.js\\/hls\\.min\\.js",
            "cookies": 0,
            "fingerprinting": 0,
            "subdomains": [
                "nc"
            ],
            "apis": {},
            "sites": 12,
            "prevalence": 0.0000818,
            "cnames": [],
            "responseHashes": [
                "0290f0d61a6b94aca37bd874640ee172d86ec3743f3c0a611063036261074f92"
            ],
            "type": "Script",
            "firstPartyCookies": {},
            "firstPartyCookiesSent": {},
            "exampleSites": [
                "animalofthings.com",
                "chatarg.com",
                "dalechatea.me",
                "gotolike.com",
                "njbeachcams.com",
                "snapsave.app",
                "soamaps.com",
                "thesurfersview.com",
                "voz.vn",
                "www.fosslinux.com",
                "www.hearteyesmag.com",
                "www.tamildhool.net"
            ]
        },
        {
            "rule": "pubpowerplatform\\.io\\/assets\\/plugins\\/safeframe\\/src\\/js\\/sf_host\\.min\\.js",
            "cookies": 0.000075,
            "fingerprinting": 1,
            "subdomains": [
                "nc"
            ],
            "apis": {
                "Navigator.prototype.userAgent": 11,
                "Date.prototype.getTime": 12,
                "Document.cookie setter": 11,
                "Document.cookie getter": 11
            },
            "sites": 12,
            "prevalence": 0.0000818,
            "cnames": [],
            "responseHashes": [
                "1916cf4455a526aadafd82710bf7304154905dcdf69dd9e0b516a63cc82e27e0"
            ],
            "type": "Script",
            "firstPartyCookies": {
                "sf_ck_tst": {
                    "ttl": 3,
                    "length": 4,
                    "prevalence": 0.00007498295841854123,
                    "uniqueness": 0.09090909090909091
                }
            },
            "firstPartyCookiesSent": {},
            "exampleSites": [
                "animalofthings.com",
                "chatarg.com",
                "dalechatea.me",
                "gotolike.com",
                "njbeachcams.com",
                "snapsave.app",
                "soamaps.com",
                "thesurfersview.com",
                "voz.vn",
                "www.fosslinux.com",
                "www.hearteyesmag.com",
                "www.tamildhool.net"
            ]
        },
        {
            "rule": "pubpowerplatform\\.io\\/vld\\/1692345152\\/vl\\.json",
            "cookies": 0,
            "fingerprinting": 0,
            "subdomains": [
                "nc"
            ],
            "apis": {},
            "sites": 2,
            "prevalence": 0.0000136,
            "cnames": [],
            "responseHashes": [
                "76aacba4eece592e3a3281e69a5762c6f10b527a29fbba5eae5ac091f47ae554"
            ],
            "type": "XHR",
            "firstPartyCookies": {},
            "firstPartyCookiesSent": {},
            "exampleSites": [
                "chatarg.com",
                "dalechatea.me"
            ]
        },
        {
            "rule": "pubpowerplatform\\.io\\/bi-v7\\/cc\\.jpeg",
            "cookies": 0,
            "fingerprinting": 0,
            "subdomains": [
                "pix"
            ],
            "apis": {},
            "sites": 10,
            "prevalence": 0.0000682,
            "cnames": [],
            "responseHashes": [
                "e3b0c44298fc1c149afbf4c8996fb92427ae41e4649b934ca495991b7852b855"
            ],
            "type": "Image",
            "firstPartyCookies": {},
            "firstPartyCookiesSent": {},
            "exampleSites": [
                "chatarg.com",
                "dalechatea.me",
                "gotolike.com",
                "njbeachcams.com",
                "snapsave.app",
                "soamaps.com",
                "thesurfersview.com",
                "voz.vn",
                "www.fosslinux.com",
                "www.hearteyesmag.com"
            ]
        },
        {
            "rule": "pubpowerplatform\\.io\\/tf-v1\\.jpeg",
            "cookies": 0,
            "fingerprinting": 0,
            "subdomains": [
                "pix"
            ],
            "apis": {},
            "sites": 6,
            "prevalence": 0.0000409,
            "cnames": [],
            "responseHashes": [
                "e3b0c44298fc1c149afbf4c8996fb92427ae41e4649b934ca495991b7852b855"
            ],
            "type": "Image",
            "firstPartyCookies": {},
            "firstPartyCookiesSent": {},
            "exampleSites": [
                "gotolike.com",
                "snapsave.app",
                "voz.vn",
                "www.fosslinux.com",
                "www.hearteyesmag.com",
                "www.tamildhool.net"
            ]
        },
        {
            "rule": "pubpowerplatform\\.io\\/tmo-v7\\/cc\\.jpeg",
            "cookies": 0,
            "fingerprinting": 0,
            "subdomains": [
                "pix"
            ],
            "apis": {},
            "sites": 7,
            "prevalence": 0.0000477,
            "cnames": [],
            "responseHashes": [
                "e3b0c44298fc1c149afbf4c8996fb92427ae41e4649b934ca495991b7852b855"
            ],
            "type": "Image",
            "firstPartyCookies": {},
            "firstPartyCookiesSent": {},