{
    "domain": "purecars.com",
    "owner": {},
    "source": [
        "DuckDuckGo-US"
    ],
    "prevalence": 0.000102,
    "sites": 15,
    "subdomains": [
        "satrack",
        "cdn",
        "adv"
    ],
    "cnames": [],
    "fingerprinting": 1,
    "resources": [
        {
            "rule": "purecars\\.com\\/track",
            "cookies": 0.0000817,
            "fingerprinting": 0,
            "subdomains": [
                "satrack"
            ],
            "apis": {},
            "sites": 12,
            "prevalence": 0.0000817,
            "cnames": [],
            "responseHashes": [
                "5b3cb7dab723bd617682fee0368ae31cea4b4917aeb6f405ad4013cee714a480",
                "13fc0e9ee91039363df80f1738ec5a9a4e6bb4fe249b6b10f3f67cf8f6e8e27f",
                "4b13551015b12b8deb30ca2fea127a74145ec1d8b1437e9c695e540d62f3aae2",
                "0bba8830ca44ed60c16d711a9e1ef72068c9599f3f461ebbb019940dec13ada0",
                "e51ed1e881c3ad50245318bee1fe2c9fc46ed46ee973bfebb47be712e4eaa937",
                "b0276e6e824eb31c3702683e5898224f1aceac3f1d4e9b4a1806c4db18304213",
                "82faa4a8364f052bd119d2dcb695a84ca78a738f4f64b860b336d2716f58ac1a",
                "2f55685055fee85564ff4f7c808bea79cd9dc4b9ecc289aa1cdb4354eb053cf8",
                "f2e0d8a99d35ec3ec89a1c47f9e7976817c9e82ba66e14f2ad5dff2e735a40b3",
                "710eb842387693c07cea308a1bad2169fbb78f5947ce5211316f9c83f88b26ae",
                "7b82b916abc6b763d1de0ede195f2e16ff7389157883bcf1c4f458376a57e30a"
            ],
            "type": "XHR",
            "firstPartyCookies": {},
            "firstPartyCookiesSent": {},
            "exampleSites": [
                "kiastuff.com",
                "vwaccessoriesshop.com",
                "www.akinsford.com",
                "www.autonationusa.com",
                "www.bmwpartsdirect.com",
                "www.boucher.com",
                "www.classicchevrolet.com",
                "www.courtesytoyota.com",
                "www.gmpartsdirect.com",
                "www.minipartsdirect.com",
                "www.parkplace.com",
                "www.stevinsontoyotawest.com"
            ]
        },
        {
            "rule": "purecars\\.com\\/activate\\/loader\\/bundle\\.js",
            "cookies": 0,
            "fingerprinting": 1,
            "subdomains": [
                "cdn"
            ],
            "apis": {
                "Navigator.prototype.userAgent": 8,
                "Document.cookie getter": 8
            },
            "sites": 8,
            "prevalence": 0.0000545,
            "cnames": [],
            "responseHashes": [
                "8f5dbb2ffd8d6ff1cf4fb59d706338f4c6382c7827c23b5fb0fe9f8ab0bcbd4d"
            ],
            "type": "Script",
            "firstPartyCookies": {},
            "firstPartyCookiesSent": {},
            "exampleSites": [
                "kiastuff.com",
                "vwaccessoriesshop.com",
                "www.akinsford.com",
                "www.autonationusa.com",
                "www.bmwpartsdirect.com",
                "www.boucher.com",
                "www.gmpartsdirect.com",
                "www.minipartsdirect.com"
            ]
        },
        {
            "rule": "purecars\\.com\\/save-events",
            "cookies": 0,
            "fingerprinting": 0,
            "subdomains": [
                "satrack"
            ],
            "apis": {},
            "sites": 11,
            "prevalence": 0.0000749,
            "cnames": [],
            "responseHashes": [
                "13f86bd1a6d578ee82ca0c54a9a634e03d8d7db09380d72590b158f173f53790"
            ],
            "type": "Image",
            "firstPartyCookies": {},
            "firstPartyCookiesSent": {},
            "exampleSites": [
                "kiastuff.com",
                "vwaccessoriesshop.com",
                "www.akinsford.com",
                "www.autonationusa.com",
                "www.bmwpartsdirect.com",
                "www.boucher.com",
                "www.courtesytoyota.com",
                "www.gmpartsdirect.com",
                "www.minipartsdirect.com",
                "www.parkplace.com",
                "www.stevinsontoyotawest.com"
            ]
        },
        {
            "rule": "purecars\\.com\\/cc",
            "cookies": 0.0000408,
            "fingerprinting": 0,
            "subdomains": [
                "adv"
            ],
            "apis": {},
            "sites": 6,
            "prevalence": 0.0000408,
            "cnames": [],
            "responseHashes": [
                "a27e21fe9b59523ee5f7776eeb7e3634eca6c7fac6c49774dfbcd04ff595dcb5",
                "dcb14b0d7fb6855b63a2a3e040708c29c3d1fa81c46398a9c2b9253a69785a81",
                "0c7210caf5c457dceb1977aa24b8cafbce74503ab60a9b13d529a7c13c3bc321",
                "eed0783d233231986a0fab28d543f4e45e410fe7261071fd8dd1dca5be6a0f07",
                "394c93594ee8fdc645e1729712d2f0d1dcf01760e6f1444777ec639a1532b7b7"
            ],
            "type": "XHR",
            "firstPartyCookies": {},
            "firstPartyCookiesSent": {},
            "exampleSites": [
                "vwaccessoriesshop.com",
                "www.akinsford.com",
                "www.classicchevrolet.com",
                "www.courtesytoyota.com",
                "www.parkplace.com",
                "www.stevinsontoyotawest.com"
            ]
        },
        {
            "rule": "purecars\\.com\\/js\\/4c8a00e48ac9454f971b8458d19920f6\\/s\\.min\\.js",
            "cookies": 0.0000136,
            "fingerprinting": 1,
            "subdomains": [
                "adv"
            ],
            "apis": {
                "Date.prototype.getTime": 2,
                "Document.cookie getter": 2,
                "Navigator.prototype.userAgent": 2,
                "window.innerHeight": 2,
                "window.innerWidth": 2,
                "Document.cookie setter": 2
            },
            "sites": 2,
            "prevalence": 0.0000136,
            "cnames": [],
            "responseHashes": [
                "d25d59ee56061f43e4e0f220e9a7838d9937e3bcd6404be90d7ed6745ef460e7"
            ],
            "type": "Script",
            "firstPartyCookies": {
                "__xlid": {
                    "ttl": 63072000,
                    "length": 32,
                    "prevalence": 0.000013615167296368154,
                    "uniqueness": 1
                }
            },
            "firstPartyCookiesSent": {},
            "exampleSites": [
                "akinsford.com",
                "www.akinsford.com"
            ]
        },
        {
            "rule": "purecars\\.com\\/mvh\\/production\\/dealers\\/14abc1ee9ca140eda61a19f3ef8326c2\\/pcdi\\.js",
            "cookies": 0.0000136,
            "fingerprinting": 1,
            "subdomains": [
                "cdn"
            ],
            "apis": {
                "console.memory": 2,
                "Navigator.prototype.userAgent": 2,
                "Document.cookie getter": 2,
                "Date.prototype.getTime": 2,
                "Document.cookie setter": 2
            },
            "sites": 2,
            "prevalence": 0.0000136,
            "cnames": [],
            "responseHashes": [
                "a1dfb4dfb4356b2e16bcb4b7fa44d8574d4fc8ecb0e2090ed44bc110619f2fae"
            ],
            "type": "Script",
            "firstPartyCookies": {
                "_pcUID": {
                    "ttl": 63072005,
                    "length": 46,
                    "prevalence": 0.000013615167296368154,
                    "uniqueness": 1
                }
            },
            "firstPartyCookiesSent": {},
            "exampleSites": [
                "akinsford.com",
                "www.akinsford.com"
            ]
        },
        {
            "rule": "purecars\\.com\\/ingest\\/4c8a00e48ac9454f971b8458d19920f6",
            "cookies": 0.0000136,
            "fingerprinting": 0,