{
    "domain": "qoca.site",
    "owner": {},
    "source": [
        "DuckDuckGo-US"
    ],
    "prevalence": 0.0000545,
    "sites": 8,
    "subdomains": [
        "cdn"
    ],
    "cnames": [],
    "fingerprinting": 0,
    "resources": [
        {
            "rule": "qoca\\.site\\/fa8b9a43c6\\/60d0732a44\\/",
            "cookies": 0,
            "fingerprinting": 0,
            "subdomains": [],
            "apis": {},
            "sites": 8,
            "prevalence": 0.0000545,
            "cnames": [],
            "responseHashes": [
                "36ea29bd7ab891053af9ee621ac4e2dcef721cfbd4c442d262517329bc7c0129",
                "d985e2b520b91f77e77fcf15ec4ee2768df93902c637e5cb5ffb064edf12c018",
                "4526299714f2c6b9e6e3f3edd3e74de951fabc1f4dc9f5225a8a16a6742259b8",
                "a9d6ebfa6c588d7458edf9e6650562c3dd52e15a428f617d0dfe35c500a6cdc2",
                "acfa1f1be585229cef320706a080b0a23c3d952d5f7d9698f22a8a63757f63a3",
                "4dca68499e47dcbc2bcb5eeaaa6f268a2e4a74b7ecc74b9bc8ba6c9bbfa26027",
                "e89a5752d9d6e6e5bc5cbf26cf3755cce7ae104f26a6089704404f8304cdeee3"
            ],
            "type": "Script",
            "firstPartyCookies": {},
            "firstPartyCookiesSent": {},
            "exampleSites": [
                "apyar.tv",
                "bocil.pw",
                "bokepbocil.space",
                "bokepindo.space",
                "bokepsd.space",
                "nextnewvedios.blogspot.com",
                "videos-18-plus-only.blogspot.com",
                "vokeptube.blogspot.com"
            ]
        },
        {
            "rule": "qoca\\.site\\/fa8b9a43c6\\/60d0732a44\\/",
            "cookies": 0,
            "fingerprinting": 0,
            "subdomains": [],
            "apis": {},
            "sites": 8,
            "prevalence": 0.0000545,
            "cnames": [],
            "responseHashes": [
                "3768ca045087c830f676dadbb59f5977fff763f44074b6d76c760eeafb0d0b1e",
                "1be51ae31678f6241d895865cc32e436b7a6f447081c61e6d7a8714ca60fbfbf",
                "e2195def096528760d3c7a049665a4e549b50483320a36f9dbbd631e744ebcd8",
                "91f9b9c94bf438423d56f3f686962657bacbed1b33aa1080824d2f716b9ad4a0",
                "3f13527298d6ad59269773f384b27e0cdc29a0eace9b55b46913db06c0f5001c",
                "ad668a88b2cae1251eab103327f139349047be382858f7046e738e2bbca8ac10",
                "0264203cc3a79ca25833e46f55ccc3d5845cbf84edd0bc5b0802cbc56162aca2"
            ],
            "type": "Document",
            "firstPartyCookies": {},
            "firstPartyCookiesSent": {},
            "exampleSites": [
                "apyar.tv",
                "bocil.pw",
                "bokepbocil.space",
                "bokepindo.space",
                "bokepsd.space",
                "nextnewvedios.blogspot.com",
                "videos-18-plus-only.blogspot.com",
                "vokeptube.blogspot.com"
            ]
        },
        {
            "rule": "qoca\\.site\\/generic\\/348_78978EN-DW23-300x250\\.gif",
            "cookies": 0,
            "fingerprinting": 0,
            "subdomains": [
                "cdn"
            ],
            "apis": {},
            "sites": 2,
            "prevalence": 0.0000136,
            "cnames": [],
            "responseHashes": [
                "b3716f4cf53fdd726b5e612d0e3f1d51f9eab3a5cbc7cb9bdd0390ecf1e8fb4b"
            ],
            "type": "Image",
            "firstPartyCookies": {},
            "firstPartyCookiesSent": {},
            "exampleSites": [
                "apyar.tv",
                "nextnewvedios.blogspot.com"
            ]
        }
    ],
    "categories": [],
    "performance": {},
    "cookies": 0,
    "topInitiators": [
        {
            "domain": "kvaaa.com",
            "prevalence": 0.3333333333333333
        },
        {
            "domain": "sailif.com",
            "prevalence": 0.26666666666666666
        },
        {
            "domain": "uprimp.com",
            "prevalence": 0.2
        },
        {
            "domain": "ylx-2.com",
            "prevalence": 0.13333333333333333
        },
        {
            "domain": "udbaa.com",
            "prevalence": 0.06666666666666667
        }
    ],
    "types": {
        "Script": 8,
        "Document": 8,
        "Image": 2
    },
    "nameservers": [
        "ns1.skhosting.eu",
        "ns.skhosting.cz",
        "ns2.skhosting.eu"
    ]
}