{
    "domain": "r-ad.ne.jp",
    "owner": {},
    "source": [
        "DuckDuckGo-US"
    ],
    "prevalence": 0.000177,
    "sites": 26,
    "subdomains": [
        "tm",
        "cs",
        "s9"
    ],
    "cnames": [],
    "fingerprinting": 1,
    "resources": [
        {
            "rule": "r-ad\\.ne\\.jp\\/cv",
            "cookies": 0.0000817,
            "fingerprinting": 0,
            "subdomains": [
                "tm"
            ],
            "apis": {},
            "sites": 12,
            "prevalence": 0.0000817,
            "cnames": [],
            "responseHashes": [
                "e4aea0159fd5b199934a3a81866a90719719d6e7fa8c67e0c034665e14247c46",
                "642d44798c8adc1ef91b6e458a0fb695a74017e56d96087c6401c4e59feea6c1",
                "f8f7a6145e2e673440888c73b1dd571992da77680536eddf7c512945f117890e",
                "87097f56382aa87b3fcc98444790f4973d9147f0e5fdea47bb45baee04048768",
                "3678d30c4ad2923153772b44d09d67608ea6b61bbe26f4fdc8f605927fe43a65",
                "7bce7b4efb8d1235bb1e9842fca0f0ddc9da4fd68c148beef5e281e5b550f720",
                "9162891233c0d9b4e67e25754558996e8cfe011aabac7cbb073ed4403fd137e6",
                "93f1632ae4f1dd080c0bb8bb6847ca063ce2794375a73e4815ed4988d11602e3",
                "98b34ea82e5e20bdd15618955b0b77610f52f9188edbf488a09d3ebe664aef7c",
                "73f6afc3887175e07000f77377d9c372f6874f5eb554039d635cc0bf56adf3e5",
                "3d1df83732abe51db1ac32adb26bb5d5c9405bdb4cc221682227d9198c38d4a2"
            ],
            "type": "Script",
            "firstPartyCookies": {},
            "firstPartyCookiesSent": {},
            "exampleSites": [
                "hotpepper.jp",
                "job.rikunabi.com",
                "next.rikunabi.com",
                "shingakunet.com",
                "suumo.jp",
                "www.carsensor.net",
                "www.hotpepper.jp",
                "www.jalan.net",
                "www.matsui.co.jp",
                "www.topvalu.net",
                "www.workman.co.jp",
                "zexy.net"
            ]
        },
        {
            "rule": "r-ad\\.ne\\.jp\\/2\\/cs",
            "cookies": 0.0000817,
            "fingerprinting": 0,
            "subdomains": [
                "cs"
            ],
            "apis": {},
            "sites": 12,
            "prevalence": 0.0000817,
            "cnames": [],
            "responseHashes": [
                "071d0a5d172af491aedca9041f20e830d25fd4d339a1006bca3bed949069aa30"
            ],
            "type": "Image",
            "firstPartyCookies": {},
            "firstPartyCookiesSent": {},
            "exampleSites": [
                "cloudaffaire.com",
                "eng.ichacha.net",
                "iigggames.com",
                "savetwitter.net",
                "sifalyrics.com",
                "thegeekpage.com",
                "us.youtubers.me",
                "www.croxy.org",
                "www.healthcheckup.com",
                "www.noor-book.com",
                "www.toptvtricks.com",
                "zodiaccalculator.com"
            ]
        },
        {
            "rule": "r-ad\\.ne\\.jp\\/ics",
            "cookies": 0,
            "fingerprinting": 0,
            "subdomains": [
                "cs"
            ],
            "apis": {},
            "sites": 5,
            "prevalence": 0.000034,
            "cnames": [],
            "responseHashes": [
                "b9d08ee8f9e79a4cd1c0a166b2805371f8ac6d02f603d5aacf3cb5a9592105a3"
            ],
            "type": "Script",
            "firstPartyCookies": {},
            "firstPartyCookiesSent": {},
            "exampleSites": [
                "rikunabi.com",
                "next.rikunabi.com",
                "suumo.jp",
                "www.carsensor.net",
                "zexy.net"
            ]
        },
        {
            "rule": "r-ad\\.ne\\.jp\\/json",
            "cookies": 0.0000136,
            "fingerprinting": 0,
            "subdomains": [
                "s9"
            ],
            "apis": {},
            "sites": 2,
            "prevalence": 0.0000136,
            "cnames": [],
            "responseHashes": [
                "8549753a757aeac82c4925a1ef97e4a59eeed3db056462684f2bd4e76e35103b"
            ],
            "type": "XHR",
            "firstPartyCookies": {},
            "firstPartyCookiesSent": {
                "r_ad_token1": 0.000006807583648184077,
                "r_ad_token2": 0.000006807583648184077
            },
            "exampleSites": [
                "shingakunet.com",
                "www.jalan.net"
            ]
        },
        {
            "rule": "r-ad\\.ne\\.jp\\/45\\/default\\.js",
            "cookies": 0.0000136,
            "fingerprinting": 1,
            "subdomains": [
                "tm"
            ],
            "apis": {
                "Document.cookie getter": 2,
                "Document.cookie setter": 2
            },
            "sites": 2,
            "prevalence": 0.0000136,
            "cnames": [],
            "responseHashes": [
                "30e776fa3578941ca2f29a4f02231ef9523caff5bd4a7e3769a66462ee0029f9"
            ],
            "type": "Script",
            "firstPartyCookies": {
                "r_ad_token1": {
                    "ttl": 15555609,
                    "length": 20,
                    "prevalence": 0.000013615167296368154,
                    "uniqueness": 1
                },
                "r_ad_token2": {
                    "ttl": 15555609,
                    "length": 20,
                    "prevalence": 0.000013615167296368154,
                    "uniqueness": 1
                }
            },
            "firstPartyCookiesSent": {},
            "exampleSites": [
                "jalan.net",
                "www.jalan.net"
            ]
        }
    ],
    "categories": [],
    "performance": {},
    "cookies": 0.000177,
    "topInitiators": [
        {
            "domain": "googlesyndication.com",
            "prevalence": 0.4
        },
        {
            "domain": "googletagmanager.com",
            "prevalence": 0.26666666666666666
        },
        {
            "domain": "first party",
            "prevalence": 0.13333333333333333
        },
        {
            "domain": "yjtag.jp",
            "prevalence": 0.1
        },
        {
            "domain": "datadoghq-browser-agent.com",
            "prevalence": 0.1
        }
    ],
    "types": {
        "Script": 19,
        "Image": 12,
        "XHR": 2
    },
    "nameservers": [
        "ns-2034.awsdns-62.co.uk",
        "ns-380.awsdns-47.com",
        "ns-516.awsdns-00.net",
        "ns-1211.awsdns-23.org"
    ]
}