{
    "domain": "r-ad.ne.jp",
    "owner": {},
    "source": [
        "DuckDuckGo-US"
    ],
    "prevalence": 0.0000818,
    "sites": 12,
    "subdomains": [
        "tm",
        "cs",
        "bk",
        "s9"
    ],
    "cnames": [],
    "fingerprinting": 1,
    "resources": [
        {
            "rule": "r-ad\\.ne\\.jp\\/cv",
            "cookies": 0.000075,
            "fingerprinting": 0,
            "subdomains": [
                "tm"
            ],
            "apis": {},
            "sites": 11,
            "prevalence": 0.000075,
            "cnames": [],
            "responseHashes": [
                "9ba6ebdd40976051b1a74c6fdcd94a12967f8c6f5c882af1960b486c047ef9bd",
                "86f2241025ba2c3e72a549bc6c8ec765c0740d8a20fb2cc95ef64b5e9ced06c5",
                "e25f7ebda6763a3ba96119fbdfdbf36541327e528f8306a2773d7b160f6c27cc",
                "135d58e828a87830f1660bec487e2294636d978fcafbc0715967ff2e9bc576ae",
                "bd274833a5e41efd1c23909febe0ea6a2e8e3a71fd890032257e4c98c160e60b",
                "14a290110e90b0d3d5418241d473a2fb0dcec16ff42b05bed8466defad22a2bf",
                "4935fd72bede7983154e0bc8e55e0670576096cea3ea78d0ce63ea76f3bdc969",
                "f0902033a2945c571d9d90c5171753efc275ec6952af19f562d0db264b44f311",
                "e2f67b9154fc7a5aa83cbf7cc80dd4779faf0a664d81223799937fa2d130e8b6",
                "7100339e96dfb98c4d17c627f4fd3579acd934ba016bccdfbc2f78fa65b7dcc6"
            ],
            "type": "Script",
            "firstPartyCookies": {},
            "firstPartyCookiesSent": {},
            "exampleSites": [
                "hotpepper.jp",
                "job.rikunabi.com",
                "next.rikunabi.com",
                "shingakunet.com",
                "suumo.jp",
                "www.carsensor.net",
                "www.hotpepper.jp",
                "www.jalan.net",
                "www.topvalu.net",
                "www.workman.co.jp",
                "zexy.net"
            ]
        },
        {
            "rule": "r-ad\\.ne\\.jp\\/ics",
            "cookies": 0.0000136,
            "fingerprinting": 0,
            "subdomains": [
                "cs"
            ],
            "apis": {},
            "sites": 4,
            "prevalence": 0.0000273,
            "cnames": [],
            "responseHashes": [
                "05751f1dcf754275fba17052b7292d88577c9dfa2431fb6b3d1f585bd3ce4923",
                "b9d08ee8f9e79a4cd1c0a166b2805371f8ac6d02f603d5aacf3cb5a9592105a3"
            ],
            "type": "Script",
            "firstPartyCookies": {},
            "firstPartyCookiesSent": {},
            "exampleSites": [
                "rikunabi.com",
                "next.rikunabi.com",
                "suumo.jp",
                "www.carsensor.net"
            ]
        },
        {
            "rule": "r-ad\\.ne\\.jp\\/ics2",
            "cookies": 0.0000136,
            "fingerprinting": 0,
            "subdomains": [
                "bk"
            ],
            "apis": {},
            "sites": 2,
            "prevalence": 0.0000136,
            "cnames": [],
            "responseHashes": [],
            "type": "Image",
            "firstPartyCookies": {},
            "firstPartyCookiesSent": {},
            "exampleSites": [
                "rikunabi.com",
                "www.carsensor.net"
            ]
        },
        {
            "rule": "r-ad\\.ne\\.jp\\/ics3",
            "cookies": 0.0000136,
            "fingerprinting": 0,
            "subdomains": [
                "bk"
            ],
            "apis": {},
            "sites": 2,
            "prevalence": 0.0000136,
            "cnames": [],
            "responseHashes": [],
            "type": "Image",
            "firstPartyCookies": {},
            "firstPartyCookiesSent": {},
            "exampleSites": [
                "rikunabi.com",
                "www.carsensor.net"
            ]
        },
        {
            "rule": "r-ad\\.ne\\.jp\\/2\\/cs",
            "cookies": 0,
            "fingerprinting": 0,
            "subdomains": [
                "bk"
            ],
            "apis": {},
            "sites": 2,
            "prevalence": 0.0000136,
            "cnames": [],
            "responseHashes": [
                "1866961a029c65376fefb7f2ba1e6187e09ff50ea58d97dedfd72c197947d002"
            ],
            "type": "Image",
            "firstPartyCookies": {},
            "firstPartyCookiesSent": {},
            "exampleSites": [
                "rikunabi.com",
                "www.carsensor.net"
            ]
        },
        {
            "rule": "r-ad\\.ne\\.jp\\/json",
            "cookies": 0.0000136,
            "fingerprinting": 0,
            "subdomains": [
                "s9"
            ],
            "apis": {},
            "sites": 2,
            "prevalence": 0.0000136,
            "cnames": [],
            "responseHashes": [
                "71b9838f4b64818244c59fd50587533e838e584a186b39c4e4b979075efac6a2"
            ],
            "type": "XHR",
            "firstPartyCookies": {},
            "firstPartyCookiesSent": {
                "r_ad_token1": 0.000006817887409407321,
                "r_ad_token2": 0.000006817887409407321
            },
            "exampleSites": [
                "shingakunet.com",
                "www.jalan.net"
            ]
        },
        {
            "rule": "r-ad\\.ne\\.jp\\/45\\/default\\.js",
            "cookies": 0.0000136,
            "fingerprinting": 1,
            "subdomains": [
                "tm"
            ],
            "apis": {
                "Document.cookie getter": 2,
                "Document.cookie setter": 2
            },
            "sites": 2,
            "prevalence": 0.0000136,
            "cnames": [],
            "responseHashes": [
                "713ad523d6e36440e621e7987209f7c856e8ba72b04c808651a35b2575c3e7d4"
            ],
            "type": "Script",
            "firstPartyCookies": {
                "r_ad_token1": {
                    "ttl": 15555608,
                    "length": 20,
                    "prevalence": 0.000013635774818814642,
                    "uniqueness": 1
                },
                "r_ad_token2": {
                    "ttl": 15555608,
                    "length": 20,
                    "prevalence": 0.000013635774818814642,
                    "uniqueness": 1
                }
            },
            "firstPartyCookiesSent": {},
            "exampleSites": [
                "jalan.net",
                "www.jalan.net"
            ]
        }
    ],
    "categories": [],
    "performance": {},
    "cookies": 0.0000818,
    "topInitiators": [
        {
            "domain": "googletagmanager.com",
            "prevalence": 0.5
        },
        {
            "domain": "first party",
            "prevalence": 0.2222222222222222
        },
        {
            "domain": "datadoghq-browser-agent.com",
            "prevalence": 0.16666666666666666
        },
        {
            "domain": "yjtag.jp",
            "prevalence": 0.1111111111111111
        }
    ],
    "types": {
        "Script": 17,
        "Image": 6,
        "XHR": 2
    },
    "nameservers": [
        "ns-1211.awsdns-23.org",
        "ns-2034.awsdns-62.co.uk",
        "ns-380.awsdns-47.com",
        "ns-516.awsdns-00.net"
    ]
}