{
    "domain": "r9cdn.net",
    "owner": {
        "name": "KAYAK SOFTWARE CORPORATION",
        "displayName": "KAYAK SOFTWARE"
    },
    "source": [
        "DuckDuckGo-US"
    ],
    "prevalence": 0.0000749,
    "sites": 11,
    "subdomains": [
        "content"
    ],
    "cnames": [],
    "fingerprinting": 2,
    "resources": [
        {
            "rule": "r9cdn\\.net\\/res\\/combined\\.js",
            "cookies": 0,
            "fingerprinting": 2,
            "subdomains": [
                "content"
            ],
            "apis": {
                "Date.prototype.getTime": 12,
                "Date.prototype.getTimezoneOffset": 9,
                "window.devicePixelRatio": 1,
                "window.matchMedia(\"prefers-color-scheme\")": 3,
                "window.innerHeight": 2,
                "window.innerWidth": 2,
                "window.localStorage": 3,
                "Navigator.prototype.maxTouchPoints": 1,
                "window.sessionStorage": 1,
                "Navigator.prototype.userAgent": 2,
                "Navigator.prototype.platform": 2,
                "Navigator.prototype.javaEnabled": 2,
                "Event.prototype.timeStamp": 7,
                "Navigator.prototype.appName": 2,
                "window.outerWidth": 1,
                "window.outerHeight": 1
            },
            "sites": 12,
            "prevalence": 0.0000817,
            "cnames": [],
            "responseHashes": [
                "3320d160604fd06fda00989a2e6dad35aa928b0d331b59d556ac2290167ac57f",
                "c67ccabe64278820a4398dfd85a4a73b3c7d91b75fe90eeeec03da3edbad1348",
                "358d3f6f7554f97e56a63d2d2d905fd0dca8f18f9a9afc8c4266a781ee146e69",
                "d988bb17361afe9ed71b382c39cf2587113ec7d51e896d1c9ff1ef4f52047990",
                "a7d51b010b24191fccdec97284c41d46c04b82a51f2fe77afed45af2622dd671",
                "ec0bac72f107220de8b140729c732ed6d12077d953c753ea7835cdce1e3da89b",
                "fa15137198e62fc804e594fce5e756acce87f8dfa199fcf385c13f26e8efc975",
                "98f41f68c7b2010ec3e6e72725f29e98a8094a0f654ecbf604bd2d42581ba101",
                "52b1d4db9db9531471f6b85c3d4f6fa185e8aea015a332ed3af6cfbd91b4c6aa",
                "1d9e79fcc9ff8a810dacada25d4259d52cea08cc32d303865ce01ff986e0ddcb",
                "ff2b797fcb9445d8fe44d5c5b57ae696ffa729aae8831b79ba02150976956d5e"
            ],
            "type": "Script",
            "firstPartyCookies": {},
            "firstPartyCookiesSent": {},
            "exampleSites": [
                "cheapflights.ca",
                "www.cheapflights.ca",
                "www.cheapflights.com.au",
                "www.hotelscombined.com",
                "www.kayak.com.au",
                "www.kayak.com.br",
                "www.kayak.com.my",
                "www.kayak.it",
                "www.kayak.pl",
                "www.momondo.dk",
                "www.momondo.fi",
                "www.momondo.se"
            ]
        },
        {
            "rule": "r9cdn\\.net\\/res\\/js\\/horizon\\/framework\\/scripts\\/alien\\/polyfill\\.chrome\\.js",
            "cookies": 0,
            "fingerprinting": 0,
            "subdomains": [
                "content"
            ],
            "apis": {},
            "sites": 9,
            "prevalence": 0.0000613,
            "cnames": [],
            "responseHashes": [
                "30a6271faa91709ef2f5fcedd2cc3803bbd5e04aeffd66181e7d4d0eb0ebb933"
            ],
            "type": "Script",
            "firstPartyCookies": {},
            "firstPartyCookiesSent": {},
            "exampleSites": [
                "cheapflights.ca",
                "www.cheapflights.com.au",
                "www.kayak.com.au",
                "www.kayak.com.br",
                "www.kayak.it",
                "www.kayak.pl",
                "www.momondo.dk",
                "www.momondo.fi",
                "www.momondo.se"
            ]
        },
        {
            "rule": "r9cdn\\.net\\/res\\/combined\\.css",
            "cookies": 0,
            "fingerprinting": 0,
            "subdomains": [
                "content"
            ],
            "apis": {},
            "sites": 8,
            "prevalence": 0.0000545,
            "cnames": [],
            "responseHashes": [
                "c19017c309518c8c82289fc86f80648395b52e1ffb1487bc30e1b9e186677bea",
                "ef23e6fc490203836d1702ed612448ce01d152643119334fddb60d6fc6a2b6e6",
                "8437cf9ba6eb4c1b8d5d22d4578cb8a72b5d92fc286787e0a6b555fc33a421be",
                "fc00fca6863b5e2067f7302bba1262e170517d92356738d62b45c0355ab2f09b",
                "08265fd8227842a4e88f6a50cc2475e7d49f96363c10b7c465181fe99ffe995c",
                "3f4ead9cf9f6eb6617f3d81166b24ac5dddb6bed71834acade8b7abbb28fff8c",
                "260c68013a7586e3d4367c085256407c7fc98fb1b4ec004b4131738a5b888bfb"
            ],
            "type": "Stylesheet",
            "firstPartyCookies": {},
            "firstPartyCookiesSent": {},
            "exampleSites": [
                "cheapflights.ca",
                "www.cheapflights.com.au",
                "www.hotelscombined.com",
                "www.kayak.com.au",
                "www.kayak.com.br",
                "www.kayak.com.my",
                "www.kayak.it",
                "www.momondo.se"
            ]
        },
        {
            "rule": "r9cdn\\.net\\/res\\/css\\/stl\\.css",
            "cookies": 0,
            "fingerprinting": 0,
            "subdomains": [
                "content"
            ],
            "apis": {},
            "sites": 2,
            "prevalence": 0.0000136,
            "cnames": [],
            "responseHashes": [
                "1433e8d98394273bb7f067a19da2e6f72877b4cbee6b62212d35fcbbb0012167"
            ],
            "type": "Stylesheet",
            "firstPartyCookies": {},
            "firstPartyCookiesSent": {},
            "exampleSites": [
                "hotelscombined.com",
                "www.kayak.com.my"
            ]
        },
        {
            "rule": "r9cdn\\.net\\/res\\/images\\/newImagesStructure\\/sprites\\/flags\\/a-small-flag-sprite\\.png",
            "cookies": 0,
            "fingerprinting": 0,
            "subdomains": [
                "content"
            ],
            "apis": {},
            "sites": 3,
            "prevalence": 0.0000204,
            "cnames": [],
            "responseHashes": [
                "75a38c777c5e1d00a74533a7b5219395d9041d3ab4ebd923fc15818825a8af08"
            ],
            "type": "Image",
            "firstPartyCookies": {},
            "firstPartyCookiesSent": {},
            "exampleSites": [
                "hotelscombined.com",
                "www.kayak.com.br",
                "www.kayak.com.my"
            ]
        },
        {
            "rule": "r9cdn\\.net\\/res\\/images\\/horizon\\/common\\/authentication\\/checkmark-black\\.png",
            "cookies": 0,
            "fingerprinting": 0,
            "subdomains": [
                "content"
            ],
            "apis": {},
            "sites": 2,
            "prevalence": 0.0000136,
            "cnames": [],
            "responseHashes": [
                "67507e47583df07beb39292d81b9b1322936b24d139143e7150c9428c19e49f2"
            ],
            "type": "Image",
            "firstPartyCookies": {},
            "firstPartyCookiesSent": {},
            "exampleSites": [
                "hotelscombined.com",
                "www.kayak.com.my"
            ]
        },
        {
            "rule": "r9cdn\\.net\\/rimg\\/provider-logos\\/cars\\/h\\/hertz\\.png",
            "cookies": 0,
            "fingerprinting": 0,
            "subdomains": [
                "content"
            ],
            "apis": {},
            "sites": 2,
            "prevalence": 0.0000136,
            "cnames": [],
            "responseHashes": [
                "ae0681bfef082748bb53f60f146167fda615b59253a6136bcd87b0beeaeb7984"
            ],