{
    "domain": "rcsmetrics.it",
    "owner": {
        "name": "RCS Mediagroup S.p.A",
        "displayName": "RCS Mediagroup"
    },
    "source": [
        "DuckDuckGo-US"
    ],
    "prevalence": 0.000102,
    "sites": 15,
    "subdomains": [
        "smetrics",
        "dmpmetrics"
    ],
    "cnames": [],
    "fingerprinting": 1,
    "resources": [
        {
            "rule": "rcsmetrics\\.it\\/id",
            "cookies": 0.0000886,
            "fingerprinting": 0,
            "subdomains": [
                "smetrics"
            ],
            "apis": {},
            "sites": 13,
            "prevalence": 0.0000886,
            "cnames": [],
            "responseHashes": [
                "6d743839d2b11ecf56854c1cee7bb892f463e73816c231d4f82c44bb4a628382",
                "7d83996bb3a0f2d34b08c9c7a385369de370c25405c9ac7cebcb29e3a8bee5d6",
                "14c99dfc0859f4b20d79927d9727a1d78276a22f93047764b3663c4364db5df8",
                "419a863f45be5aad4adc0698442cb1c68b0e7980ed29e5bc41e3bc1251f52f2a",
                "3c2dd66cc86da9addaf41f4178e7d0e0dd8719e28e8a6eca23654b68acecf2dc",
                "6d0e9b5bc2a319c4ae36c979d3a00cc8d2e01d4091a4902b266ff3cd5cc69a00",
                "524448d297e19a1799dff0c6a86897be71593db0c713e5c9f633a2e8aeb54d5f",
                "f53b086f3b47dce3d2642b57e80c0d2067515bf70ec1df729b423fd3d9042f0b",
                "0c5f71f4c3fbe2fa2f04755944e671cb1ee1ed52f1c65eb4154bbb5bf8b23970",
                "73724bb22ea11cc6e3cc43e134298f80e0d0382c7948d334802ace889753ac91",
                "b2ab98caa4f61296f9f94c84832e83e1e6baaa557e88611209f9b78bc400b68a",
                "e84d4d9b32888be09d13e1d636b3f11d4a6fc0998ed43c1a6af245bfeec7e632"
            ],
            "type": "XHR",
            "firstPartyCookies": {},
            "firstPartyCookiesSent": {
                "s_fid": 0.00007498295841854123,
                "s_fid_old": 0.00007498295841854123,
                "UESeg": 0.00007498295841854123
            },
            "exampleSites": [
                "amica.it",
                "www.calciomercato.com",
                "www.fcinter1908.it",
                "www.forzaroma.info",
                "www.gazzetta.it",
                "www.ilbianconero.com",
                "www.iodonna.it",
                "www.open.online",
                "www.pianetamilan.it",
                "www.toronews.net",
                "www.trekking.it",
                "www.unionesarda.it",
                "www.violanews.com"
            ]
        },
        {
            "rule": "rcsmetrics\\.it\\/",
            "cookies": 0.000075,
            "fingerprinting": 1,
            "subdomains": [
                "dmpmetrics"
            ],
            "apis": {
                "Document.cookie getter": 11,
                "Document.cookie setter": 11
            },
            "sites": 11,
            "prevalence": 0.000075,
            "cnames": [],
            "responseHashes": [
                "a0c8dda5521b14ea824a013a2ad53abb5cfdfaf78ba1dbc2aaf55793763b9fd3"
            ],
            "type": "Script",
            "firstPartyCookies": {
                "UESeg": {
                    "ttl": 31104000,
                    "length": 38,
                    "prevalence": 0.00007498295841854123,
                    "uniqueness": 1
                }
            },
            "firstPartyCookiesSent": {},
            "exampleSites": [
                "amica.it",
                "www.calciomercato.com",
                "www.fcinter1908.it",
                "www.forzaroma.info",
                "www.gazzetta.it",
                "www.ilbianconero.com",
                "www.iodonna.it",
                "www.pianetamilan.it",
                "www.toronews.net",
                "www.trekking.it",
                "www.violanews.com"
            ]
        },
        {
            "rule": "rcsmetrics\\.it\\/b\\/ss\\/rcsla7prod\\/1\\/JS-2\\.23\\.0\\/s27860152939466",
            "cookies": 0.0000136,
            "fingerprinting": 0,
            "subdomains": [
                "smetrics"
            ],
            "apis": {},
            "sites": 2,
            "prevalence": 0.0000136,
            "cnames": [],
            "responseHashes": [
                "55c9d2f019f9d7ddfd69b2ad0351c5617338a222362aebb02b3b98a4dbc18486"
            ],
            "type": "Image",
            "firstPartyCookies": {},
            "firstPartyCookiesSent": {
                "s_fid": 0.000013633265167007499,
                "tiq_prev": 0.000013633265167007499,
                "gpv_pn": 0.000013633265167007499
            },
            "exampleSites": [
                "la7.it",
                "www.la7.it"
            ]
        }
    ],
    "categories": [],
    "performance": {},
    "cookies": 0.000102,
    "topInitiators": [
        {
            "domain": "gazzettaobjects.it",
            "prevalence": 0.5365853658536586
        },
        {
            "domain": "tiqcdn.com",
            "prevalence": 0.4146341463414634
        },
        {
            "domain": "rcsobjects.it",
            "prevalence": 0.04878048780487805
        }
    ],
    "types": {
        "XHR": 13,
        "Script": 11,
        "Image": 2
    },
    "nameservers": [
        "dnsgeo5.tuonomeregistrar.com",
        "dnsgeo6.tuonomeregistrar.net"
    ]
}