{
    "domain": "reallifeforyouandme.com",
    "owner": {},
    "source": [
        "DuckDuckGo-US"
    ],
    "prevalence": 0.000245,
    "sites": 36,
    "subdomains": [],
    "cnames": [],
    "fingerprinting": 0,
    "resources": [
        {
            "rule": "reallifeforyouandme\\.com\\/services\\/",
            "cookies": 0,
            "fingerprinting": 0,
            "subdomains": [],
            "apis": {},
            "sites": 36,
            "prevalence": 0.000245,
            "cnames": [],
            "responseHashes": [
                "75cb25320a78e963c6184f1027abd6935be1ea94df71fa22ed4269a8e7516600",
                "8613570b6ab7f122a3ca58bcd27d14f436e0fd7f36b82a11ba01147ff068d609",
                "166cb2d783a661ebba75946900eedafb2bd213c83458c5b39d6636d1f0415324",
                "d556ff06325c6ed8db8960ed25c9a557ce112e715097aaf75fc95b89c3c2d95a",
                "9a2b915fe0e0a08fd1d19db56a24ac9fcafe469f408ee749d7353a52dc7f4c6c",
                "157e7aff85d02b6e46ae24dc8446d54970ce67a695c062b481a049c23ef832f6",
                "82e891af79f6d630951e5c4b0212b6954458579fb2c06baf5a1aa5a259d50f96",
                "e18537f1bc81699c0466761a737580a967dfb2a18204c727e38e6d4bd57b52d6",
                "370825357342c3eeec12f06d7df00bbd1d065bbf29b00f9b76a326f96d8547ed",
                "704af905a963c23f6dc6884f4e33e40e0795e3a3005416599877d861a17ec293",
                "98cbb23eab61cdd68592c16513c2e49956a9e0b2093eaed71e72660f685c1ea3",
                "a07d5a1f931c2221764051eae154ad847c36ad56e3591c65cd0a3f37b0b81757",
                "0025c30f19dc89b448e1e461b8e1ff6c55e727d8bec0ee3323e8e0427a692130",
                "03bdf9e80e1884b2dbe2b90361658e80f81211f0e3645232873a12dc77ae3627",
                "e86bf4e32d77d8774a07deb21fff9ca9e3f16caf58c11753d2c9eae78e84d56e",
                "41a04dc766e4f269454ed626f1be88fcd64a029d3deeb5d223e67fcc11227cf6",
                "375390b5f3485aed296a0e0cc9b503d07798dab0233064d3df432591ef19b2fd",
                "84ce656086f1a5593623d99b71aec096a398993aa18981f8f082ee550fe57f7c",
                "565288452f095258c0a266caec01b7e8aa6fe58464c9e25260fb15da5a212b1b",
                "fc5c35d413170c4a5e2c167aedd09d3921f9d814d623135946c758cd61fdfd1b",
                "86f57bfbf359ac220c7267c493dab10e918f6dfd86c5bdc153796e1aeb54667d",
                "7b533d6640d106a8050e69dd3ea7b4f0852eb3f727c2967d3fc72fc0209c27bd",
                "47dacf8d9682674d8e2bd32a849d7fab3d23c0fde7d824bdf226b60dc42b3938",
                "768ad63611c0a325c3272226e01fcc9da76da93b4713fdbbd95f1835623dec88",
                "cd43024ff7ab54840e24c8a72cfc9e2b047a4dfaa6664f157d0e0f15da0cfaca",
                "9c4eea4b396b2e9f44a6ccfb213b8e9296be06ec72bcba45eba76de8da7431f8",
                "1222f30c9fbf18a333093fb285d0b7ad59273346e12b8f4eb2a979252161c91d",
                "8df38a8c6a9747447c09cc20bcf3c8fcac28c4f87a44ba532b4c3f8c89052766",
                "d6ff455e1b64868b1d38db036557735f4a9d2b0095cee9aaf562a92ff615f1de",
                "bff1143dcf0986ed199ebacf49f49a5406e2ae7bbbd2847c79287f813635e14d",
                "3f6de9b2700418ed1bb459e36dad2b7b49bb119657f7b9c8c6ba78a618149d41",
                "0aae2fc753056fc60063ae771ffc363f51e08d4ffe561b3555f304503e58d3c0",
                "d9c55d9e50830b5a83cdd6fc6e4a715df9c3a9b9a3984c8dc52d8675e6bd9854",
                "c2dfc314306bac1b511502369a8628e92fa6b7e883806ecbcdbcf68bce85ea29",
                "fcbc7878d69999dcfa311527aba9c257e431b3e3fa333740619e42ecb5c1df85"
            ],
            "type": "Script",
            "firstPartyCookies": {},
            "firstPartyCookiesSent": {},
            "exampleSites": [
                "hentasis1.top",
                "kinosalo.me",
                "mix-porn.com",
                "kinokordon.love",
                "pornobaza24.top",
                "www.perdos.la",
                "pornogag.com",
                "pornorusskoe.best",
                "animeporno.club",
                "24rollika.ru",
                "pornond.name",
                "www.sslkn.porn",
                "pornzoom.org",
                "ru.pornsearch.fun",
                "pornoakt.co",
                "giperporno.net",
                "rus.tizam.ru",
                "atomporno.net",
                "kavkazki.ru",
                "sslkn.pro"
            ]
        }
    ],
    "categories": [],
    "performance": {},
    "cookies": 0,
    "topInitiators": [
        {
            "domain": "first party",
            "prevalence": 0.8648648648648649
        },
        {
            "domain": "giperporno.net",
            "prevalence": 0.02702702702702703
        },
        {
            "domain": "pornodomka.com",
            "prevalence": 0.02702702702702703
        },
        {
            "domain": "pornoakt.icu",
            "prevalence": 0.02702702702702703
        },
        {
            "domain": "porno-nd.name",
            "prevalence": 0.02702702702702703
        },
        {
            "domain": "sslkn.sex",
            "prevalence": 0.02702702702702703
        }
    ],
    "types": {
        "Script": 36
    },
    "nameservers": [
        "dns2.registrar-servers.com",
        "dns1.registrar-servers.com"
    ]
}