{
    "domain": "reallifeforyouandme.com",
    "owner": {},
    "source": [
        "DuckDuckGo-US"
    ],
    "prevalence": 0.000232,
    "sites": 34,
    "subdomains": [],
    "cnames": [],
    "fingerprinting": 0,
    "resources": [
        {
            "rule": "reallifeforyouandme\\.com\\/services\\/",
            "cookies": 0,
            "fingerprinting": 0,
            "subdomains": [],
            "apis": {},
            "sites": 34,
            "prevalence": 0.000232,
            "cnames": [],
            "responseHashes": [
                "75eef69a2864c9a98f51dd10c41d90e361bd82cba9aad0dd562221823fa77e76",
                "4f26ecda0845b0a6c36b4827c73a821e30e901b01480b6c7cc557097100d0e78",
                "ce7a6feb863f05781cbec4e5064784f2cebcfdec7f032577f3976c448d7859a0",
                "434bf57228fb95273513ae79f5a3292d0f62a7420f7e605d043722be948ced36",
                "d97b0aef767f0535d48f9e56c39b5d36b39a1587c84eb4947cf5cec23390335b",
                "84031c30d640a54102781c5f821142142a622971d5a739bac7f1cd0c0d646c7f",
                "7506c5808226751d33eadf63c0624902ae010daec667b77ecd9588bfbd51b250",
                "45f7f9d4272d07b9437eee9604c6fc066d6c705f82107430993e06b0e9a6d809",
                "61240c4b76b47d64cba44a092a7deec0f54c0a703cfc302e78e504e76c032e7c",
                "c5e2fa1f9c9328b35d2f0602de8ad0a782968293845626fcf7d1cd027a3f9c67",
                "912b37dc3e97293f8234bba16310b935b6e67f46b28e877d2ecc9439bce609c2",
                "59a00f69e927a07d704cd25ad8a09fab27f7f262a837a8bed55637606634f842",
                "aafb3a075dccf8d583f9a19afd11de613c1854cea3c84b3db16e54bfcfd073f7",
                "6dc122839d70b0577dc57b6140d9047e42d648261a134ac44867784b67496f43",
                "759a265357e6c8b9fb2c74d0409338c788b791acb01ec79d44fe739c4cad9417",
                "bedaf16cac5befae971e93a375d55eb8cd568658621b4d729490ffbea6d6b440",
                "96c8fa0cb369a9537843943869232fe75c32bdac6d48ff010257bf85e40e4055",
                "fcc96a75f0ca87abf3d525cb828287e215e706fbf1269747785d42cfb22baf99",
                "3654da29126bd472787ea369e530535b93c1a0e72449eaafdf08a665ad7448f7",
                "f14a48b9389732a96a77570e6e47ae11b84f30eb19cf281d8577e1866ecb8d71",
                "92df88599c160a3fb0a83bac761db098151b7eec800e526ffeceee386f4feade",
                "3edd8e052407c7da71ae5612a4e2ff23408355a04d5eb7a31fc44134bc5cae8a",
                "86450c6cca9d10f644077c1fc08079b1f2d5239d57acf83e4dbe715f0cf628dc",
                "2461c2ca2b78191d28909e35829c486d7b44e778b341025c300fa1311ef52c62",
                "066e93d356d1fb50a0791f4263e414f1a8beecbc361b1680d670e008f0ba579d",
                "4da5967e7cf6717d454d5da0e123f2796614fd48263ca2e5f42215a03870b301",
                "b6ac3daf6803ba72193aebb1a056a4eaff84db3ae37f661928ab4ea41004b447",
                "75f52981938154cff1bd05e19dff62cc1b4e3b75c4c983f0e3b969b6539cc7b8",
                "7ecd7abaae850f0a1ba491356dca586b216bbcfb404a352aa492d9ad756cfb35",
                "c9e84079a745e86ffc453345bbf6735f3d73664a557cabe40111d0698f85cca6",
                "25685c3f97357dd889fe2e2dd973a3de911f009face1130803d14e2df2f2c7f0",
                "823e2a870e8aa55e6d6e7fcb6c5f1206eabfec0e32deee6079dd8657f87c5ead",
                "d5cb65561dd258c7911fa69880ef5d857358ef3b6f76797a133e72bc0293d5f8"
            ],
            "type": "Script",
            "firstPartyCookies": {},
            "firstPartyCookiesSent": {},
            "exampleSites": [
                "www.faporn.pro",
                "homeporno.biz",
                "djki.art",
                "kinosalo.me",
                "www.perdos.la",
                "giperporno.net",
                "pornogag.com",
                "pornougar.net",
                "sex.onporn.fun",
                "pornosutener.net",
                "trahnul.com",
                "animeporno.club",
                "pornzoom.org",
                "24rollika.ru",
                "ru.pornsearch.fun",
                "hentasis1.top",
                "me.giperporno.com",
                "www.sslkn.porn",
                "pornond.name",
                "sslkn.pro"
            ]
        }
    ],
    "categories": [],
    "performance": {},
    "cookies": 0,
    "topInitiators": [
        {
            "domain": "first party",
            "prevalence": 0.8823529411764706
        },
        {
            "domain": "giperporno.net",
            "prevalence": 0.029411764705882353
        },
        {
            "domain": "pornodomka.com",
            "prevalence": 0.029411764705882353
        },
        {
            "domain": "porno-nd.name",
            "prevalence": 0.029411764705882353
        },
        {
            "domain": "sslkn.sex",
            "prevalence": 0.029411764705882353
        }
    ],
    "types": {
        "Script": 34
    },
    "nameservers": [
        "dns1.registrar-servers.com",
        "dns2.registrar-servers.com"
    ]
}