{
    "domain": "reallifeforyouandme.com",
    "owner": {},
    "source": [
        "DuckDuckGo-US"
    ],
    "prevalence": 0.000354,
    "sites": 52,
    "subdomains": [],
    "cnames": [],
    "fingerprinting": 0,
    "resources": [
        {
            "rule": "reallifeforyouandme\\.com\\/services\\/",
            "cookies": 0,
            "fingerprinting": 0,
            "subdomains": [],
            "apis": {},
            "sites": 52,
            "prevalence": 0.000354,
            "cnames": [],
            "responseHashes": [
                "ac43d9800c2a020663c9def67093b00471e9d91cdab6ff531652c39f285cc7cb",
                "212b277aa9fd3a095d11f246ef9c1f4fd9d6bb85234a49392430da018fc14a9d",
                "08a902ed1ea6218dadf5c1bb90ef5234a524833de4dae0b17a4f9c3da5227dd9",
                "f58299f211e814a675a0f697a102c1893b6eddd5728b3ae1f23c8e65b26eb586",
                "cfe86c8e0e6e61fceaa02e6686e55d67dd6beebcc1200eff3990ac0105470e13",
                "7c7c3faa8bc3caa80b5ab3f19796070a0ba3e1209116015018958307439bb88e",
                "14f646009b6ac843acaa481af62c33e78f9b252b22a11a203f63c05d1d9fdb5b",
                "38b57e615e0713b6ca975ff85373e139c72966c6fa7e02bac18eec07352ffd1e",
                "1077db31637252e65eeceacfe9db24d3bc974a4a496b2c51ded4b109687c0415",
                "8a71f2b864c077be25e5e7aea9d9483d6dab8e6fb4ba8da80805e4e6d5ad8a92",
                "7717cedca0d796dc6d2fbb7f9c0eef851aa893d81d94623c86f2e8edd89eee00",
                "232ddf94a41dd3954db6a86f537d526738348e9ad1b7636fc81b05b90de84912",
                "6fb51fbdc3e67587d0177c9afb58e14d64d6c6305701e2c5e2f7978907b98fcd",
                "4e4e750d6f64c18daa8cd069add6f2c8e61426b63dd0b4d6518f5622496b9f54",
                "7e9b145ebe40561d0d6c176992c5f08e662e6dda4abce22b99245f3a67d2d59a",
                "ace569a3deb474b0646794426f6b328db440c0a3654851c74281f6f26f92516f",
                "7c083a7b62801fe3a5e01ab2d0d82b3a8ba6cec9d3474d05bbeee8eb9bd4850e",
                "de7c1889becc9aa45e73fc3e78b70444ba6f9988aa617683c3fe421a342f22f9",
                "e533a232e818b7a1517fc2a65cf4cd31b39de5833c52d6454f7340c8b0cd08b3",
                "0e578b5df1674207fe33e154eacf6daeef752121b9b75f2e508dc1ac29eeadc0",
                "08384b0b20f62a8ff03625f4be77323c07f3366677d7303630f2723462940184",
                "21baa6cb86b1857ee5b804c509e62357041951be759d45e09cddb5893ff65d2b",
                "653f9ccc8f9fe892033863aae69618fdaea467c9c8a516939192b60dd4defd97",
                "9609c562f7e36e923e2fb3db20e0c2f9d2ba7b019f8cd45a314e5ff1fcbe07f2",
                "1b247f49fa75b946442a912521f864a92f8b0a34d1ed563c29617e1464d0a089",
                "30b058217d028ea937627c0f590af9a7b73e3701631a26d198977152bc2351eb",
                "9aa541dd20d1ab928a24b42f8f443f400a1e0654c99b97253bcae1dd053ae4a0",
                "d77a78179718b7d63ac8b9821b92796d89a9495eaa7e4d66d29ee5c0925d5f55",
                "f4ba9a35e9f9b9d5c609f6a0624e422d7178a084c4b71a507161491f2b99d299",
                "2d60eab82c1c91c72e804e78f1cce598041f5be53d4ac26a885aa527ed9d1f48",
                "29b325102adb24e20a91d75c310442ab67c80a2f46bdf5abcf158ef8248b7b51",
                "e362869bb303ddcdfaa40d238f77bd9949335fa0a6bd46681f23e2e4816ebe02",
                "7e779d094fb2d1ce853cebde75de4ad1a992531f40844e66dc8a8ea6ced6acd1",
                "04ca6683f169145e5491cf08fc20be73cd3f669fbb4b3b0bc1d931d23ec0be9e",
                "58b5f9a27771d64ae6a565f95c3b0761bf08b288f9c739a3f8b0544bc4dc972a",
                "8de58d677979aeb67b6411d397f72898863d22441df3f3d5e0084bc8c61905cf",
                "10a912b33ce8d461a82a9b1f6b73d3cac98c1f87342d22c9ac4a1ce134716dd8",
                "b8f50377e09040f21c9709ea2c74f8daf9f8959cad672adf34ffd3b5771bb3d1",
                "c5b87d66d2d46a426568efdc739792bbd7fcec6752beec0e0a420f1f3c0d292b",
                "fc86652c7fc8b9616d0e51ea5bc5f6ff3c0bedc16925a671a098070d28a3de62",
                "b7bd730821b73975cd8fd7815c62bba0fb87e38b35657df005c5831b8a6567c4",
                "676f81496bc2ad1e2d8e12ff8f1452bb2140511331b0a8cc488317634d3fbda9",
                "bff0b3112676d7c9ec097dc958f8eb73ec0ecd22830ec96e2504e90262161d8d",
                "0547d7674d5c9e599af7860853de43ad5c81456dcce8de2b63c1a1b915a50b31",
                "c985e5d0a1647a330700a15a81a4cee8c01d250e27c6d3da7526592fc2e20ac9",
                "f479971f3dcb6747afd9c8c4fac0085c5b62b818145141ec3fec66193be458cc",
                "659a0ca443b65886cb487a9f7cfded42388aac0bb78d1c6a39850d02dc101b8d",
                "f7b573066ba804f1a13f50fb0cbd9de226f2ad1981bbfdef70299c9657a9898e",
                "d6946f3578cf5e5414058a66f1329598f6d217a3e931b9660b6549492e061dcc",
                "e38cce4f5bc1414a5c8724860f14027cb31f3b331f58c02b3199d05e8938f2ad",
                "403efbb81e8eaa211a7a2374840c71f9cbacffd8a407066c0fc3292f9746bf8b"
            ],
            "type": "Script",
            "firstPartyCookies": {},
            "firstPartyCookiesSent": {},
            "exampleSites": [
                "sslkn.pro",
                "trahnul.com",
                "traphub4.cc",
                "studentki-xxx.top",
                "bi-porno.xyz",
                "rus.tizam.ru",
                "giperporno.net",
                "djki.art",
                "the.pornogo.tube",
                "www.faporn.pro",
                "pornobaza24.top",
                "retro-porevo.top",
                "rus.hotmovies.cc",
                "mm.pornodomka.org",
                "homeporno.biz",
                "sisyastye.top",
                "pornomamki.online",
                "japonoporno.top",
                "ebalochka.best",
                "analporno.best"
            ]
        }
    ],
    "categories": [],
    "performance": {},
    "cookies": 0,
    "topInitiators": [
        {
            "domain": "first party",
            "prevalence": 0.9423076923076923
        },
        {
            "domain": "giperporno.net",
            "prevalence": 0.019230769230769232
        },
        {
            "domain": "pornodomka.com",
            "prevalence": 0.019230769230769232
        },
        {
            "domain": "sslkn.porn",
            "prevalence": 0.019230769230769232
        }
    ],
    "types": {
        "Script": 52
    },
    "nameservers": [
        "dns1.registrar-servers.com",
        "dns2.registrar-servers.com"
    ]
}