{
    "domain": "realpage.com",
    "owner": {
        "name": "RealPage, INC",
        "displayName": "RealPage"
    },
    "source": [
        "DuckDuckGo-US"
    ],
    "prevalence": 0.0000682,
    "sites": 10,
    "subdomains": [
        "telescope"
    ],
    "cnames": [],
    "fingerprinting": 1,
    "resources": [
        {
            "rule": "realpage\\.com\\/tracker\\/",
            "cookies": 0.0000136,
            "fingerprinting": 1,
            "subdomains": [
                "telescope"
            ],
            "apis": {
                "Document.cookie getter": 2,
                "Date.prototype.getTime": 2,
                "Document.cookie setter": 2
            },
            "sites": 2,
            "prevalence": 0.0000136,
            "cnames": [],
            "responseHashes": [
                "644b8bffb74071d931e8290da68bbe5586cdcd3f39e130b99e6f3c5b201f7207"
            ],
            "type": "Script",
            "firstPartyCookies": {
                "rpTrackingExternalUserId": {
                    "ttl": 2592005,
                    "length": 36,
                    "prevalence": 0.000013632707592054858,
                    "uniqueness": 1
                },
                "rpTrackingFirstPartyUserObj": {
                    "ttl": 2592005,
                    "length": 75,
                    "prevalence": 0.000013632707592054858,
                    "uniqueness": 1
                }
            },
            "firstPartyCookiesSent": {},
            "exampleSites": [
                "activebuilding.com",
                "login.activebuilding.com"
            ]
        },
        {
            "rule": "realpage\\.com\\/collect",
            "cookies": 0.0000545,
            "fingerprinting": 0,
            "subdomains": [
                "telescope"
            ],
            "apis": {},
            "sites": 8,
            "prevalence": 0.0000545,
            "cnames": [],
            "responseHashes": [
                "9d0b1da02d28b9c3f71b1acf681dea948bc006525f2b47d6e0eb35e1997955c6",
                "041015f51a4f41cd782d78fbec85e7d718027b936c05ad34c72bc61794dc40a0",
                "2d136f14dd2da357fdf29335b51a1977db5a449abdf9e34e2942303249691b34",
                "26412364a7558e0901cb65e714dc206f9b43e4d2b7ad95b6d153cf889399da5a",
                "28619d7f741eac4cfb8485f6cd73b876f43331786bb352291acaf37da1708bd4",
                "2751c25b119c25359b52208e3b412e91a373074350f098dbe217f244690a7944",
                "b59a7b7f94a517bb0d5e2ec5794505088166e47669bac20c7cf0eef33e8b7979"
            ],
            "type": "XHR",
            "firstPartyCookies": {},
            "firstPartyCookiesSent": {
                "rpTrackingExternalUserId": 0.00005453083036821943
            },
            "exampleSites": [
                "activebuilding.com",
                "login.activebuilding.com",
                "www.cwsapartments.com",
                "www.elevatetosequoia.com",
                "www.hgliving.com",
                "www.missionrockresidential.com",
                "www.morgan-properties.com",
                "www.storquest.com"
            ]
        },
        {
            "rule": "realpage\\.com\\/collect",
            "cookies": 0,
            "fingerprinting": 0,
            "subdomains": [
                "telescope"
            ],
            "apis": {},
            "sites": 8,
            "prevalence": 0.0000545,
            "cnames": [],
            "responseHashes": [],
            "type": "Preflight",
            "firstPartyCookies": {},
            "firstPartyCookiesSent": {
                "rpTrackingExternalUserId": 0.00005453083036821943
            },
            "exampleSites": [
                "activebuilding.com",
                "login.activebuilding.com",
                "www.cwsapartments.com",
                "www.elevatetosequoia.com",
                "www.hgliving.com",
                "www.missionrockresidential.com",
                "www.morgan-properties.com",
                "www.storquest.com"
            ]
        },
        {
            "rule": "realpage\\.com\\/tracker",
            "cookies": 0.0000409,
            "fingerprinting": 1,
            "subdomains": [
                "telescope"
            ],
            "apis": {
                "Document.cookie getter": 6,
                "Date.prototype.getTime": 6,
                "Document.cookie setter": 6
            },
            "sites": 6,
            "prevalence": 0.0000409,
            "cnames": [],
            "responseHashes": [
                "93d7f49a353eedf772b82e53924f6cb1a5c5ac59659a8ae59c25256fcd4cc10c",
                "7f448751b48ffba0e990f031a70b16bc3471eb0b4fed85f2a5537910a23d84b7",
                "d11ba87c795627595576d7c0995c968c8e8e925e7ce6d064dfac3564499972ed",
                "5e97ddab499a6063d96956717fe25a7bcb37216b26fc2546a42ef3d502ec348a",
                "6edb6869f91eeec184503583ecedd4d1883139b0f434f1c3399482e14dcc400e"
            ],
            "type": "Script",
            "firstPartyCookies": {
                "rpTrackingExternalUserId": {
                    "ttl": 2592003,
                    "length": 36,
                    "prevalence": 0.000040898122776164575,
                    "uniqueness": 1
                },
                "rpTrackingFirstPartyUserObj": {
                    "ttl": 2592003,
                    "length": 75,
                    "prevalence": 0.000040898122776164575,
                    "uniqueness": 1
                }
            },
            "firstPartyCookiesSent": {},
            "exampleSites": [
                "cwsapartments.com",
                "www.elevatetosequoia.com",
                "www.hgliving.com",
                "www.missionrockresidential.com",
                "www.morgan-properties.com",
                "www.storquest.com"
            ]
        }
    ],
    "categories": [],
    "performance": {},
    "cookies": 0.0000613,
    "topInitiators": [
        {
            "domain": "first party",
            "prevalence": 0.36363636363636365
        },
        {
            "domain": "googletagmanager.com",
            "prevalence": 0.36363636363636365
        },
        {
            "domain": "honeybadger.io",
            "prevalence": 0.18181818181818182
        },
        {
            "domain": "cookielaw.org",
            "prevalence": 0.09090909090909091
        }
    ],
    "types": {
        "Script": 8,
        "XHR": 8,
        "Preflight": 8
    },
    "nameservers": [
        "rpns3.realpage.com",
        "rpns4.realpage.com",
        "rpns1.realpage.com",
        "rpns2.realpage.com"
    ]
}