{
    "domain": "red12flyw2.site",
    "owner": {},
    "source": [
        "DuckDuckGo-US"
    ],
    "prevalence": 0.000198,
    "sites": 29,
    "subdomains": [
        "bts"
    ],
    "cnames": [],
    "fingerprinting": 0,
    "resources": [
        {
            "rule": "red12flyw2\\.site\\/in\\/2643\\/",
            "cookies": 0.000136,
            "fingerprinting": 0,
            "subdomains": [
                "bts"
            ],
            "apis": {},
            "sites": 21,
            "prevalence": 0.000143,
            "cnames": [],
            "responseHashes": [
                "8609df5898f26f60fa61bc48662e4a6ebcd05e18006cf60a338e4a26e0b0426c",
                "05e734b15b02fb0d3e0bb5b51cf574d0fa9f2d89fb288a5c80fc5521aecdae59",
                "7659c2d6e1452d1190ad28fbe135e3a8e285008e2766407aa21acea3834494e6",
                "a00a330f790385c0490e84258ca931480428336860aa4fe54833325812c45073",
                "114935ccd2e48a039bc6a5aeb431da0f22c650d35166d75d4706204f23b18aad",
                "464043063f68028c2c22deaaa6930328d1c5c0f37abde0b6952ef69de777e44d",
                "cc2ebb86e0bd2eea314425abfb24a7cced23d53265126c0fec9d87c64477f1c7",
                "1287243216a7af3e3725830febcbc528aa49ad3fb0dc9e87381c73b09fabf25e",
                "4dc462779166fe899bb850a46835f0892fd1b7d1dcd1de380d6865a15d820127",
                "d3dc3bb172444827c629470b562afc362b3fc590aa6096cb9c2e02bdbeb146c6",
                "6761a8068744ade12a89d9387b234b9aefe7f2fd7a108360bac2bcf8322e7e0f"
            ],
            "type": "Document",
            "firstPartyCookies": {},
            "firstPartyCookiesSent": {},
            "exampleSites": [
                "adult-session.xyz",
                "chaturflix.cam",
                "naked.titis.org",
                "boombo.biz",
                "erome.pics",
                "www.hispasexy.org",
                "beautyteennaked.xyz",
                "titis.org",
                "thefappening.autos",
                "naked.chiks.org",
                "pornoakt.co",
                "hot.boombo.biz",
                "telochki.org",
                "eroticcore.xyz",
                "www.livegore.com",
                "xtremehard.net",
                "peepeebabes.club",
                "sss.xxx",
                "pornotaran.com",
                "www.javmost.cx"
            ]
        }
    ],
    "categories": [],
    "performance": {},
    "cookies": 0.000191,
    "topInitiators": [
        {
            "domain": "329efb045e.com",
            "prevalence": 0.7301038062283737
        },
        {
            "domain": "c7ee346412.com",
            "prevalence": 0.18339100346020762
        },
        {
            "domain": "natsdk.com",
            "prevalence": 0.04498269896193772
        },
        {
            "domain": "first party",
            "prevalence": 0.04152249134948097
        }
    ],
    "types": {
        "Document": 21
    },
    "nameservers": [
        "gabe.ns.cloudflare.com",
        "kay.ns.cloudflare.com"
    ]
}