{
    "domain": "redfast.com",
    "owner": {},
    "source": [
        "DuckDuckGo-US"
    ],
    "prevalence": 0.000184,
    "sites": 27,
    "subdomains": [
        "conduit"
    ],
    "cnames": [],
    "fingerprinting": 0,
    "resources": [
        {
            "rule": "redfast\\.com\\/ping\\/",
            "cookies": 0,
            "fingerprinting": 0,
            "subdomains": [
                "conduit"
            ],
            "apis": {},
            "sites": 19,
            "prevalence": 0.00013,
            "cnames": [],
            "responseHashes": [
                "94ff78a88610eff78d51711ee881148f43f267a7a9f2ef4078823e5a94126280",
                "9d26a41661e193753035aca3b00c2373aae44727c575cee0776dcd3eebf3a9de",
                "2936ae1b182e872667120db163d1f85b9c1d01b04685f05cb0db75f3c5f818ac",
                "563fb5b136ba61d6355349d225c2494b0613de9ec7e1e75ba019ae0f04cb75fa",
                "c110fa47871ae5fb771d7a6d058cd3257d950f4ce208d69b60ff9701d50993f4",
                "e201a0936591c6ad0d5b510bb6c04a71f1e7eb9df6e2f09b39b5a4d69e90dd32",
                "b2c02cefe36b23cbed6a355fb3fab7754978a8068dcc9dac61f701de70e9cfcc",
                "41ddce0a344563639808d49defa30b9901b6c5c2636b4f86ea77135fac41ed1f",
                "88c01106f959ef61ea977020920526a22e4cd5e54cf502f2136c81e3b59dd43b",
                "5a59552a80a2188b15b4291b425a5dc27e3a79a2858738c429fcb098dd7ab389",
                "6a812f53828cd31d17f366811a752375febfb8e1b7432d693c6be133f7c30f46",
                "f993b532697684856b42b3157324c26160b76370f80b0074ac4abe2ccd842222",
                "c5ea5d31f0902110f844a3b325907b9517d68eef5c87dab1478858fcb9faa753",
                "eef25b4145bb410d0653ad26d75ce3c8b00c4f4c953ecbda6e127629c86da957",
                "6c19de58a233d8b7da2a35dabf21c10fce0223c132b39349d539bc6a0b1c27ce",
                "bc533ad5a90c3c9acd8522c4542c3401372d3218e209738890150abd6ccf52ff",
                "bd5342e96d6903c809f5f47d474da4a2078ced831373a03327077707ce20930e"
            ],
            "type": "Fetch",
            "firstPartyCookies": {},
            "firstPartyCookiesSent": {
                "lotame_domain_check": 0.00008179959100204499
            },
            "exampleSites": [
                "milesplit.com",
                "ca.milesplit.com",
                "ga.milesplit.com",
                "nation.foxnews.com",
                "nfhsnetwork.com",
                "oh.milesplit.com",
                "try.nation.foxnews.com",
                "tx.milesplit.com",
                "watch.plex.tv",
                "www.amcplus.com",
                "www.flograppling.com",
                "www.flomarching.com",
                "www.floracing.com",
                "www.flotrack.org",
                "www.flowrestling.org",
                "www.fox.com",
                "www.milesplit.com",
                "www.nfhsnetwork.com",
                "www.plex.tv"
            ]
        },
        {
            "rule": "redfast\\.com\\/ping\\/",
            "cookies": 0,
            "fingerprinting": 0,
            "subdomains": [
                "conduit"
            ],
            "apis": {},
            "sites": 12,
            "prevalence": 0.0000818,
            "cnames": [],
            "responseHashes": [],
            "type": "Preflight",
            "firstPartyCookies": {},
            "firstPartyCookiesSent": {
                "lotame_domain_check": 0.00006134969325153375
            },
            "exampleSites": [
                "milesplit.com",
                "ga.milesplit.com",
                "nfhsnetwork.com",
                "tx.milesplit.com",
                "www.flograppling.com",
                "www.flomarching.com",
                "www.floracing.com",
                "www.flotrack.org",
                "www.flowrestling.org",
                "www.fox.com",
                "www.milesplit.com",
                "www.nfhsnetwork.com"
            ]
        }
    ],
    "categories": [],
    "performance": {},
    "cookies": 0,
    "topInitiators": [
        {
            "domain": "first party",
            "prevalence": 0.5652173913043478
        },
        {
            "domain": "redfastlabs.com",
            "prevalence": 0.391304347826087
        },
        {
            "domain": "knotch-cdn.com",
            "prevalence": 0.043478260869565216
        }
    ],
    "types": {
        "Fetch": 19,
        "Preflight": 12
    },
    "nameservers": [
        "ns-1202.awsdns-22.org",
        "ns-1960.awsdns-53.co.uk",
        "ns-579.awsdns-08.net",
        "ns-224.awsdns-28.com"
    ]
}