{
    "domain": "relaido.jp",
    "owner": {},
    "source": [
        "DuckDuckGo-US"
    ],
    "prevalence": 0.000239,
    "sites": 35,
    "subdomains": [
        "api",
        "sync",
        "cdn",
        "tracker.v2"
    ],
    "cnames": [],
    "fingerprinting": 1,
    "resources": [
        {
            "rule": "relaido\\.jp\\/bid\\/v1\\/sprebid",
            "cookies": 0,
            "fingerprinting": 0,
            "subdomains": [
                "api"
            ],
            "apis": {},
            "sites": 28,
            "prevalence": 0.000191,
            "cnames": [],
            "responseHashes": [
                "a4b8d76906a00eacfca1405603cb8469c56adf7a24034158ec28c1f3df430819",
                "567fc735f85def653e493778440012c9591941bef5736857eb2097723b810d22",
                "3693868b8d3ec9f09a350d153b0edf3cb24bef487641f70787824005ae80e20f",
                "caaa23bc5c6aced0299f6efe72849f634e92a5cd3b2a2f7bd60fcb6a26868610",
                "bb3d18085d32dfc7415e79c933aee16dc5964c934649f5bab7df4bc3985cb577",
                "6b0323eb20bb7a1ee563c7def75e4e661c6cf0cf4e76ab22998319b38f824d5b",
                "acde78fe56db06b053dcc014f21cf497bf9dc4b76e75e00135299321400ab967",
                "8ae18ec522a5cb728bc736742d03562e1d4950cdde0cb7245bc7db0353314d00",
                "57f5c496d01db32a1bea84c63f9823f7b14da20f2393f1be8af7d7eda573e796",
                "cb0182bdb633727278ae3131473336571203beb923a1acc0427027818f77c2eb",
                "1aea8b39a0b51124413310a2dd74776ec54866d942255ae30b20c3e163282463",
                "23f695acc7b8824c39a118513db5c9a1726d36fbc83cf274944ea7f080638291",
                "300154e1023ce3c75020c9a0b214965ecc27fb19485fc791b1ff38fd12a167a3",
                "2cd059ffa6244c30d76bcfcf534529e359b1aa1def6a7e84f5f0e6b881cbf15b",
                "9d4db731ef3653312c993302f5d877424ad6f7cc49057e450322f8ce9bfe2714",
                "9889b4871a21633777bda4683e51f678ad05c02d09c369fa3a9b4a679507a0d3",
                "34a5197121f2227c9fdcf15f4422eb4d56c80861a58f55cb44779d8b8bd91550",
                "87e00766eb65d8ddefff1ee10ca1ea3ab2292d1cbdcd543a9929c98ae94fb5dd",
                "c0539a49acc7204c6d74d593a5a8bbcefd2439ae9f9994f75f2e8de3f7fdd51e",
                "ea62a40aed84f2956abedd1cc7d379b7c88f06b8afb08a6372824fce72d3684b",
                "b29ec77bdc2b78b8e9fc40fd2087f8eb88b2f187fe5709f5ea87d5c360255ff3",
                "faf228292c385074fa8620f892231aa162aca7aaf6e354a2d49ba0688420874f",
                "df93134c09b813d5686b43b5e407811b2ea7eb248b56c8c8e8115d76fac5d773",
                "393ed32e0eef5fc7060a13ce24131cdc976f5c0b60408717b3bd7e30b82c3121",
                "6f3224893782a7bc2c7d4a892a2714f5b67a285c0f06f5e837e8ee793aa938b1",
                "a5777e6f5c04e483564f3b002e88715a648536877e7a10c45ff1198fe30447c7",
                "fb09d471410090665fe9e8540aeb36700ed7df6493c9f9c37cef95b58045eaf7"
            ],
            "type": "XHR",
            "firstPartyCookies": {},
            "firstPartyCookiesSent": {},
            "exampleSites": [
                "news.mynavi.jp",
                "travel.watch.impress.co.jp",
                "forbesjapan.com",
                "kaden.watch.impress.co.jp",
                "www.huffingtonpost.jp",
                "president.jp",
                "select.mamastar.jp",
                "game.watch.impress.co.jp",
                "www.jiji.com",
                "erecipe.woman.excite.co.jp",
                "mamastar.jp",
                "forest.watch.impress.co.jp",
                "www.vivi.tv",
                "pc.watch.impress.co.jp",
                "mayonez.jp",
                "trilltrill.jp",
                "toyokeizai.net",
                "dc.watch.impress.co.jp",
                "www.excite.co.jp",
                "laurier.excite.co.jp"
            ]
        },
        {
            "rule": "relaido\\.jp\\/tr\\/v1\\/prebid\\/sync\\.html",
            "cookies": 0,
            "fingerprinting": 0,
            "subdomains": [
                "api"
            ],
            "apis": {},
            "sites": 27,
            "prevalence": 0.000184,
            "cnames": [],
            "responseHashes": [
                "dfa21d685f2d23506c93ce4749f44ade38cc0e3546ed8ada091155332cd6baee",
                "14de4dd3d798074756a5c0e1340ef3654797a11b8febe06665047ceb29287901",
                "f15a7eb6cf11f4f6f1254eb046471a4f932b01d18d3f996d5c353ecfaf0e2e55",
                "3497739ecdf87ebff1562ad9a877db7b217eb016c06178b0c7fc09b3e2bf4ce3",
                "9ad23d4ff74b6179baecb41920051f9701f45bf3b6d43abaf82014ce08525d98",
                "951ed524206c9a339ad2ad79a78048921df500a5a44b3ee1cb43553fec83b945",
                "c66fca814385e5545f3ae4f36ded1a0797adb2fa126c6c9b83fe70723ee6df5e",
                "b3ff05a45ac1cea87a7aedc0701832b5242c9a40546dc22917f95b124b08ca9a",
                "60a3684af8c13df5e84777dd6c07e47d75a0dcdb23b85a1f1808820c0ece7eaa",
                "fda8ec994f21ad857829ff0bc1c573d93f3dfce9208c1642b925046f4bb6e4a2",
                "c0d669dac7ead7da1bd3cf8fdfc232e6e6962b5ae643fa520a7456e508adf86c",
                "8b3b348264a8dabd0e254d2fc8c5c2c97006968151e6f57942dda812256cfd41",
                "3a18f540ddaba049c3ec7869280d0df8d0cdbd9814ba6d1d9bad244ed316eb73",
                "66b0a7b61d2dc459662fe0f75fe336ea24ca42c4f278ee469f3317dadfd586f0",
                "5f0d5821fcc7852c59e1ab9b062545fd2bebcece1e72b5d8ff6362beb8c4ed5f",
                "8044d3f6352b13ca7b1402b109a99ae59513e46cb2ba5a46528f8f2e7821b24e",
                "dd6a2b709651d841e9904d71408f33e0171c1fb2ad950ecb44f7b7b60aeecaef",
                "38df96316cc13c7dff7b1246d34b1d575efcbfa4411ea235c21026c51f6826a4",
                "f8bceb70fe92ee2ff2744019e9f923b27d07390fc0a5f39956901b15beeaed04",
                "21b932a5dc29ad61adc6546ca252c6eb98e4594b6335f58f0dac2979ded793e8",
                "eb88c15895f5c3c57a6ae4a5e17824af33c2e45122b10fb38d5a34158865bded",
                "9642dc667a96a9b507cb5264270963df82f86d89ec3cccd844e4e3bcc3103f43"
            ],
            "type": "Document",
            "firstPartyCookies": {},
            "firstPartyCookiesSent": {
                "relaido_uuid": 0.00017044718523518302
            },
            "exampleSites": [
                "forbesjapan.com",
                "select.mamastar.jp",
                "president.jp",
                "mamastar.jp",
                "www.excite.co.jp",
                "game.watch.impress.co.jp",
                "pc.watch.impress.co.jp",
                "trilltrill.jp",
                "www.watch.impress.co.jp",
                "forest.watch.impress.co.jp",
                "dc.watch.impress.co.jp",
                "www.jprime.jp",
                "erecipe.woman.excite.co.jp",
                "news.mynavi.jp",
                "rank-king.jp",
                "k-tai.watch.impress.co.jp",
                "toyokeizai.net",
                "www.jiji.com",
                "www.vivi.tv",
                "travel.watch.impress.co.jp"
            ]
        },
        {
            "rule": "relaido\\.jp\\/sync\\.js",
            "cookies": 0.000102,
            "fingerprinting": 1,
            "subdomains": [
                "sync"
            ],
            "apis": {
                "Navigator.prototype.product": 15,
                "Navigator.prototype.userAgent": 15,
                "Document.cookie getter": 15,
                "Document.cookie setter": 15
            },
            "sites": 31,
            "prevalence": 0.000211,
            "cnames": [],
            "responseHashes": [
                "3bbf90cc0bb83c5d8407e588a3fc8fb2fe93fe23715d1977da92771bc23cb02b"
            ],
            "type": "Script",
            "firstPartyCookies": {
                "_rld_u": {
                    "ttl": 31104000,
                    "length": 36,
                    "prevalence": 0.00010226831114110982,
                    "uniqueness": 1
                }
            },