{
    "domain": "relaido.jp",
    "owner": {},
    "source": [
        "DuckDuckGo-US"
    ],
    "prevalence": 0.000252,
    "sites": 37,
    "subdomains": [
        "api",
        "sync",
        "cdn",
        "tracker.v2"
    ],
    "cnames": [],
    "fingerprinting": 1,
    "resources": [
        {
            "rule": "relaido\\.jp\\/bid\\/v1\\/sprebid",
            "cookies": 0,
            "fingerprinting": 0,
            "subdomains": [
                "api"
            ],
            "apis": {},
            "sites": 28,
            "prevalence": 0.000191,
            "cnames": [],
            "responseHashes": [
                "f2c3a6922c23bf714870c5df2b4544e8023495d3b8c5b41cf1fea3bcb2cfeb3d",
                "feba057c69e388151ab2ab65820d622a30acad5911ae27c52110fc9a754d078c",
                "e6a19d6a2e1bd7457fc11d4e4ac175b1d119c97372f129f4897330341af77bb8",
                "ca8039d9eb60176e3e7b4456d9535653d31e4216681bd466b689c9ec280e8430",
                "1a9b6ccae7be83127233122d1ba5ebac48a739d708fa31b3720b04e1c647644c",
                "65c78269519e3dee24daf809b1c9dd87f33196863ce035d07548eea1b4137ded",
                "33c9b6ed409a5db030be141e8c936cd3dc78e2838f3b8dcd729e7603d873d8d4",
                "c566594adbb046445ba854cea94163a9a1d5a1ce384e26b1fd4c936ab09992d5",
                "cd04555444eb66e88cee63160b454436c95ce3f538a5cf3d96051b83da2ad5de",
                "fd9b1ad820053608c4b0fdac9251ddafd5d92fb3fe3b81a44978453a69613034",
                "1680bc8527f82c61f94943f57a8f43c071836e8a868f0fae7bcf5b119469bf4a",
                "9ff333dd2de2e91e7940a2254120d991770a52db568b55a4b63e9e2a5b5ae74e",
                "3fca76273a674769f1562b60c3f219d89d10a3dd704522246ba3a77ea0142f6d",
                "6d28824743920fa0a54039e87fc2a2f7d04001e9423223f62fb41462f7d49f80",
                "bb4a252e36bda24b448f2979df5434abe3ad6f17b11a9eaac7a4f0e90983ce1e",
                "621ec8492757e15a8ed2c63661ae8f308c8f3a3d3ced1f19294da548655d55c3",
                "7dcb6132808404d83f5a8db076385a9989502d9af88acb9370075ab84417b61d",
                "03f5996a8277b73ee281bd77959be7ddf4156630492a660a282b40ee68ce3f39",
                "e67ea85aaef425e5f016db3049cd44de5d2b7629ba375fcca831d52cd1682566",
                "8b960bd6f44085c74bfc424174a9658ab12b2035cd11468e4f408b2e3e4b2d5c",
                "9714f2fd749d1be94f9c928d5df300dbab33417e1fbae93ec5591a47a40f2a7b",
                "c355f941a784942b3b1dfe2b052051d74b5b7604ebce813ab5280afec276bf8e",
                "5edd24944b2bc2c9224a399c59019ccd6432a990b253c903c0c4d3b28964535e",
                "cef455146abf54fc5627504b58785281ea4426ea6b653ef851ae10571856af76",
                "18f02756f698a6a1d383be94f5bdd39e24ea759c63da32619cacb22a5b067404"
            ],
            "type": "XHR",
            "firstPartyCookies": {},
            "firstPartyCookiesSent": {},
            "exampleSites": [
                "trilltrill.jp",
                "impress.co.jp",
                "k-tai.watch.impress.co.jp",
                "kaden.watch.impress.co.jp",
                "erecipe.woman.excite.co.jp",
                "laurier.excite.co.jp",
                "www.jiji.com",
                "rank-king.jp",
                "dc.watch.impress.co.jp",
                "car.watch.impress.co.jp",
                "select.mamastar.jp",
                "forest.watch.impress.co.jp",
                "www.watch.impress.co.jp",
                "pc.watch.impress.co.jp",
                "www.excite.co.jp",
                "internet.watch.impress.co.jp",
                "news.mynavi.jp",
                "game.watch.impress.co.jp",
                "president.jp",
                "www.vivi.tv"
            ]
        },
        {
            "rule": "relaido\\.jp\\/tr\\/v1\\/prebid\\/timeout\\.gif",
            "cookies": 0,
            "fingerprinting": 0,
            "subdomains": [
                "api"
            ],
            "apis": {},
            "sites": 3,
            "prevalence": 0.0000204,
            "cnames": [],
            "responseHashes": [
                "1866961a029c65376fefb7f2ba1e6187e09ff50ea58d97dedfd72c197947d002"
            ],
            "type": "Image",
            "firstPartyCookies": {},
            "firstPartyCookiesSent": {
                "lotame_domain_check": 0.000006816632583503749
            },
            "exampleSites": [
                "impress.co.jp",
                "erecipe.woman.excite.co.jp",
                "trilltrill.jp"
            ]
        },
        {
            "rule": "relaido\\.jp\\/tr\\/v1\\/prebid\\/sync\\.html",
            "cookies": 0,
            "fingerprinting": 0,
            "subdomains": [
                "api"
            ],
            "apis": {},
            "sites": 27,
            "prevalence": 0.000184,
            "cnames": [],
            "responseHashes": [
                "87f30dc86e1a72efe7d14aff5defdf748ad08c12ccf0ee7cfbb4e00cd164e483",
                "f010480c4bf886d86e886a98cbf67aeaea8cfc82f608e15481161ffc70530b3f",
                "69eb4ad35c492296219d3e7c2c95a324c5f7eb420be53acd0742c27a98e74d70",
                "ef94cf8e511fc9f7d2febf9bf05e1f280edef75b9965a303514bbb891845e058",
                "ebb7ed26955e8895b2a46cc915f1203b5a0ad8adc56534fe4fa6fe29b0334a5f",
                "2a9eb6e1881c496de04baf69bf5b1a51b4ed22bbeb8c65f06d8ad6e34770e606",
                "a9878067e8dc46733f4a78a233d66ae3f79ac2afbd4c74509bf17f46a97fcaca",
                "1ed1ba26976a86d1d5d34fca0f143d752b7518552e948abf4428b22b22803f14",
                "5839b1dbaafa6a24b6120a2b285c05bbfb86b3858146be1f437b82969edba2d1",
                "0c2ea244a92ed9d1178d6566fc7f3e81faf1bcf977c49edffd3ec28b53938234",
                "709ea36dc156a9f642413f5167e7f02a69fcde0651f041387bdf48c423500fd4",
                "a668d4292a8c33da521ee1920055f1550ceb1dfe48e047a5474f6147c8247c18",
                "720d0b613676a11e3791801e59d2499603e2687640572ef0be8c0efdfdfaa51a",
                "84eee526987dff41b0ca816d191f31a586aae7b97c001f3347feef2290d0d302",
                "e40dfaa2ed019fc8610dbe8060948e3da7aabea36ed474a7cc4b321811e4906f",
                "efe5e95484a3c9909445df2ab6b015254805d44c036cd13b653e251f9bfebde1",
                "0a9b3b5eb4a7cff81484989cc729e1e6fcc068390f288c15601a9ecae5e97133",
                "a1aef190aeede2770546abd91057accb99df1e01c60267884c7b02e55bd22844",
                "bebf80e0b4c6d8e50df0f026b4be94a27aea10663fe9d715253dd6c3044a1e1f",
                "5bb7beb507c5c216dd50d2ffee16ddf4fe6c6484dd691c583eded76332a090b1",
                "24696aee7290803af97190341f809a0d6a5cdea1005e1ef409d9cdaa17d092c2",
                "485ed808843bb6b6aec9f430c76dc9c39772f5f11b340d269ade4852f65d9468",
                "e407031af1a21b4ae29cfb1c7897cb4da9d57cc47b34f5ea26e88916767208ed"
            ],
            "type": "Document",
            "firstPartyCookies": {},
            "firstPartyCookiesSent": {
                "relaido_uuid": 0.00017041581458759374
            },
            "exampleSites": [
                "select.mamastar.jp",
                "car.watch.impress.co.jp",
                "president.jp",
                "erecipe.woman.excite.co.jp",
                "www.vivi.tv",
                "rank-king.jp",
                "dc.watch.impress.co.jp",
                "www.watch.impress.co.jp",
                "www.jiji.com",
                "trilltrill.jp",
                "toyokeizai.net",
                "news.mynavi.jp",
                "pc.watch.impress.co.jp",
                "travel.watch.impress.co.jp",
                "kaden.watch.impress.co.jp",
                "natalie.mu",
                "av.watch.impress.co.jp",
                "forest.watch.impress.co.jp",
                "mayonez.jp",
                "impress.co.jp"
            ]
        },
        {
            "rule": "relaido\\.jp\\/sync\\.js",
            "cookies": 0.0000954,
            "fingerprinting": 1,
            "subdomains": [
                "sync"
            ],