{
    "domain": "remarketstats.com",
    "owner": {},
    "source": [
        "DuckDuckGo-US"
    ],
    "prevalence": 0.000334,
    "sites": 49,
    "subdomains": [
        "a"
    ],
    "cnames": [],
    "fingerprinting": 0,
    "resources": [
        {
            "rule": "remarketstats\\.com\\/px\\/smart\\/",
            "cookies": 0,
            "fingerprinting": 0,
            "subdomains": [
                "a"
            ],
            "apis": {},
            "sites": 32,
            "prevalence": 0.000218,
            "cnames": [],
            "responseHashes": [
                "9cd67468b7320262dc50cd37cd3800599985dae99bba3451fe15fabdde8931bc",
                "c4f974e6b1276707c119ac84db878cf16fc06e789244e535b5efbd7b1285f0e3",
                "1959eb39d6f941b1d9716907e460341ec8134055e13a2b16962d4ae1e136fd1a",
                "f0a73dcc2212ba278380c97f2a5647110a01bd3711386a9ed61b130d80e7eedb",
                "512b0c0990827aa730714d289a2f8f83d572ee66cdd5f3fbeab7ae1761219b59",
                "d93ce6ec21bfd29f133d4353f6c4f7da51c696b0cbd9f0d6e52a9b734339ec0f",
                "039c7859d9c3a06ef8c9434a9473cd046469538621a07bf85f09b4c67ed7f8d2",
                "6136d9ac1e52108cbece4b6109e2bcf9c7e9d6369d4114705caf23889195feb2",
                "b3b770e7cae5e58e505eeef79bec20d423416408704b285ed62a4e9fcd612e41",
                "9b6fafa3e668b64d831571b187e6d62ca80829f61de0317e8a0bc32bdcf28a7d",
                "11bafde63579a75139c62fe56902d1fc1d43ee0ebd74d246224e58954e192b73",
                "ce551a86a391ed95a4d38a88711a4dc8683ae948586e05c5b11366e74a4d5285",
                "4abda8f7eb1be2e1857bd5f33c41deab138f82a33f60754694cdef35f7cf4b3f",
                "f95ac14f0f5b33213a1ead1014dace84f13c760e3cf02937abec3d9e7060c703",
                "49598b95df2b3aa08da9e8ac4983f5f57ef3da407bdee2976537ba0f7d5bd737",
                "fcf02bf58613e886f93922bda4eb7da7f41aee97cc1a973caf3db1290d2e78df"
            ],
            "type": "Script",
            "firstPartyCookies": {},
            "firstPartyCookiesSent": {
                "cl4445k5ip4zwi_uid": 0.000006807583648184077,
                "cl5412ca8i8mvu_uid": 0.000006807583648184077,
                "cl5047e7ac165a_uid": 0.000006807583648184077,
                "cl5202twgasd97_uid": 0.000006807583648184077,
                "cl49705aijgrq9_uid": 0.000006807583648184077
            },
            "exampleSites": [
                "www.catholictothemax.com",
                "www.raveis.com",
                "www.whitesfarmsupply.com",
                "news.theepochtimes.com",
                "www.artofliving.org",
                "www.findapickleballcourt.com",
                "www.eotechinc.com",
                "www.trigreenequipment.com",
                "www.vauto.com",
                "www.containerandpackaging.com",
                "naomiw.com",
                "www.hypervibe.com",
                "www.banyanbotanicals.com",
                "www.usclublax.com",
                "www.resortrealty.com",
                "www.hragripower.com",
                "www.nashvillesmls.com",
                "www.renewalbyandersen.com",
                "www.theepochtimes.com",
                "www.ncliving.com"
            ]
        },
        {
            "rule": "remarketstats\\.com\\/px\\/smart\\/",
            "cookies": 0,
            "fingerprinting": 0,
            "subdomains": [
                "a"
            ],
            "apis": {},
            "sites": 30,
            "prevalence": 0.000204,
            "cnames": [],
            "responseHashes": [
                "071d0a5d172af491aedca9041f20e830d25fd4d339a1006bca3bed949069aa30"
            ],
            "type": "Image",
            "firstPartyCookies": {},
            "firstPartyCookiesSent": {},
            "exampleSites": [
                "www.resortrealty.com",
                "www.ipqualityscore.com",
                "www.woodlandscenter.org",
                "www.nashvillesmls.com",
                "research.aimultiple.com",
                "www.phoenixnewtimes.com",
                "naomiw.com",
                "www.artofliving.org",
                "www.banyanbotanicals.com",
                "www.hypervibe.com",
                "www.ryzesuperfoods.com",
                "www.twmetals.com",
                "www.salary.com",
                "www.raveis.com",
                "theepochtimes.com",
                "www.aaronequipment.com",
                "www.buildinglink.com",
                "www.catholictothemax.com",
                "m.theepochtimes.com",
                "www.trigreenequipment.com"
            ]
        }
    ],
    "categories": [],
    "performance": {},
    "cookies": 0,
    "topInitiators": [
        {
            "domain": "trovo-tag.com",
            "prevalence": 0.4878048780487805
        },
        {
            "domain": "googletagmanager.com",
            "prevalence": 0.21951219512195122
        },
        {
            "domain": "first party",
            "prevalence": 0.18292682926829268
        },
        {
            "domain": "pixelboom.co",
            "prevalence": 0.06097560975609756
        },
        {
            "domain": "customerlabs.co",
            "prevalence": 0.024390243902439025
        },
        {
            "domain": "transcend.io",
            "prevalence": 0.012195121951219513
        },
        {
            "domain": "textshark.com",
            "prevalence": 0.012195121951219513
        }
    ],
    "types": {
        "Script": 32,
        "Image": 30
    },
    "nameservers": [
        "emma.ns.cloudflare.com",
        "rick.ns.cloudflare.com"
    ]
}