{
    "domain": "retargetly.com",
    "owner": {
        "name": "Retargetly LLC",
        "displayName": "Retargetly"
    },
    "source": [
        "DuckDuckGo-US"
    ],
    "prevalence": 0.000525,
    "sites": 77,
    "subdomains": [
        "api",
        "pdp-service.prd-00",
        "app"
    ],
    "cnames": [],
    "fingerprinting": 1,
    "resources": [
        {
            "rule": "retargetly\\.com\\/loader",
            "cookies": 0.000314,
            "fingerprinting": 1,
            "subdomains": [
                "api"
            ],
            "apis": {
                "Document.cookie getter": 41,
                "window.localStorage": 41,
                "NavigatorUAData.prototype.getHighEntropyValues": 39,
                "Navigator.prototype.cookieEnabled": 39
            },
            "sites": 47,
            "prevalence": 0.00032,
            "cnames": [],
            "responseHashes": [
                "115d786b8c207373d2dc9b7d9292169eaadd711a938908a7ca3fc29067bf670a",
                "72efd82f462d47d93a374b775832c1688673c16b985b4fdb44f91adebf75fe16",
                "76c238e6f3b5e2a114bdc13bbe182c5d6e3706ded308900ad41e74ce54ecba89",
                "69efc92fcebae25290bbb4903ecd39813e3d0b3b9a0828b4d774588edd3e6ed7",
                "2682cbf3605d85cec00425fe94b348dc1546a25813cb6c80aba64c7b88437955",
                "8fbaec821a37f58f3bfd1e2ab78155083877411a35961033cdbbf39df755e2ec",
                "9eff6033f4b3dc1d3ddba3148a3f75329e09fa6ec9806e1cf33a30691b2b3f16",
                "92456c7c26d45e481bd7bd542f7aeef993404784ac0f18ae0d3c812508d1145a",
                "4841e6249c38d7ab49f81afe83c88eea82557339768fdaf584e0f4a4a247cec1",
                "2fd9e2ed9dde6ca0b34a2a04ebb77acd2b861c1e4b0a0da4fe61d58253efdc02",
                "816c8f23e8be6c6a324d76b37ff203e6f6152afe42676ff9d727d4dbcfa71c7e",
                "76ee17d76e95be738a1f523e0623f000a989533c63de9c0bc613a9fd454ea1cf",
                "44849adbcb2fcc878378a298d818c17c161f4708542f63f11899c91806d3dadb",
                "6f476adfb6ff6a7734c94e9ef23969a8ff5f0e0225c92b39b0c07f900ef8ed56",
                "a8b0ba9ffdd77d6b36a9f0c3d971932c2b44072d385d451c24e859dbef9f6b07",
                "2ca3adb3af763897aa1b3d0f5c6dcf4f800b39d1c8923fe73e71b2f57dd8ee90",
                "9c8833786cf1d0e6f3fa1ce004b1aaebed7a27bcad3824d4d304ba39e331a748",
                "2b52be2cd77e20e2963d53a8fd63d1c6a142e42f224f9a25600ca6909863308f",
                "669f74307903f32cdc59462a93df0c3182e0f86b793438f7b1c9664171644233",
                "b6f816f7c6c2687d2c31c006784a787235d1d3414af19c6a6744db2fce377f7a",
                "2083422be24b4eb67b0f9d7f0e3c7d3b22549014f8336fa7202cafa818179832",
                "a377e962ba67e39c4cf376d4c7068cf7341bd9fa71044662bc54ad2d7cbf29b6",
                "fd1a4b8189fcaab1c886cb16cf7e3cc692c194355c3db9c23c6d726eb086ac8e",
                "0d26a7b553128cf04a076fa4108f470e3faa8f12230d0ea4021c7599e267143c",
                "4c438181b78b40f8e87949c9cd56c71fe1b246a1b4f3a19d85c5cbeb520cd82e",
                "a515e85783c49d16c94f40d5469d259387db046b7b361ea203d439344af616ca",
                "3b567c239ce0befc6d04121d844b0b3b1403ec97498926ff2aae2ade7dc0df85",
                "2298a3b93253e223fe24394ca358a6d806d15406f9adffad7828743907918b5c",
                "4bff33bef068d6ea14d6f9bb3633843c4a756a64bd864fc02116a4db1a475767"
            ],
            "type": "Script",
            "firstPartyCookies": {},
            "firstPartyCookiesSent": {},
            "exampleSites": [
                "www.excelsior.com.mx",
                "www.nuevamujer.com",
                "www.fayerwayer.com",
                "www.semana.com",
                "www.metropoles.com",
                "www.caracoltv.com",
                "www.opovo.com.br",
                "www.perfil.com",
                "www.latercera.com",
                "www.news24.com",
                "expansion.mx",
                "www.elpalaciodehierro.com",
                "www.bluradio.com",
                "www.tvazteca.com",
                "www.tunota.com",
                "www.cruzverde.cl",
                "www.elvocero.com",
                "brightside.me",
                "mag.elcomercio.pe",
                "buenosaires.gob.ar"
            ]
        },
        {
            "rule": "retargetly\\.com\\/api",
            "cookies": 0.000279,
            "fingerprinting": 0,
            "subdomains": [
                "api"
            ],
            "apis": {},
            "sites": 41,
            "prevalence": 0.000279,
            "cnames": [],
            "responseHashes": [
                "bfb18e29c146968d2622067dea94d84eddc60198a4df553c2f4dabb7bb53eb7e",
                "c5baf4faed8ab087c2bf2ed14330559b4144660f0b1441edf106fd972ed77615",
                "b8e68c1270acbc759ea802c12c19b26dab8f7aa8c6f73fd6e2ac860c6b6da1c4",
                "afd0760f38498299afd7cf2677bc6d9ae1b5c9d3db44c676bde7e0f7d149ebda"
            ],
            "type": "Document",
            "firstPartyCookies": {},
            "firstPartyCookiesSent": {
                "lotame_domain_check": 0.00015677613730863087,
                "_li_dcdm_c": 0.000040898122776164575,
                "__pid": 0.000006816353796027429,
                "__utmc": 0.000006816353796027429,
                "__utmz": 0.000006816353796027429,
                "paywall_last_article_domain": 0.000006816353796027429
            },
            "exampleSites": [
                "mag.elcomercio.pe",
                "www.tvazteca.com",
                "www.honda.com.br",
                "www.latercera.com",
                "www.perfil.com",
                "www.eluniversal.com.mx",
                "www.elgrafico.mx",
                "www.encuentra24.com",
                "www.elpais.com.co",
                "www.elcolombiano.com",
                "www.metro.pr",
                "elcomercio.pe",
                "www.movistar.com.ar",
                "www.excelsior.com.mx",
                "www.conectate.com.do",
                "expansion.mx",
                "www.claro.com.co",
                "www.fayerwayer.com",
                "brightside.me",
                "www.elpalaciodehierro.com"
            ]
        },
        {
            "rule": "retargetly\\.com\\/event_collector",
            "cookies": 0,
            "fingerprinting": 0,
            "subdomains": [
                "pdp-service.prd-00"
            ],
            "apis": {},
            "sites": 39,
            "prevalence": 0.000266,
            "cnames": [],