{
    "domain": "roomrentpast.com",
    "owner": {},
    "source": [
        "DuckDuckGo-US"
    ],
    "prevalence": 0.000136,
    "sites": 20,
    "subdomains": [],
    "cnames": [],
    "fingerprinting": 0,
    "resources": [
        {
            "rule": "roomrentpast\\.com\\/services\\/",
            "cookies": 0,
            "fingerprinting": 0,
            "subdomains": [],
            "apis": {},
            "sites": 20,
            "prevalence": 0.000136,
            "cnames": [],
            "responseHashes": [
                "e92826b4ddec966eb4d76604df978b8dd4fda9fbb3b64f0103cea4ad140036dd",
                "90e718285ad29759369f5f3472d91e0c0942e42eb96e74708b04501c8fd27094",
                "fb8bfe3eee75778a944737f73214a5269692f8f9fbecbb02bbb125d5cc2ae97e",
                "de582385efe5ac5e333b29ace8a33116d1e4548ed39501983077b4d1df33cb9a",
                "87433474ec07f4452f20b71ddfd9506471cfb0fb87c5d72c0a89f3f8116b54b2",
                "5f2eb7e6d8a478f9fd02b01e104ec52ee94377cb7365a03b7e3bcaf19bf1b541",
                "b60ced027f09411806051b08b8e048d26d5d857079b9eb9df182fd5c25a3935e",
                "a8d78e8bfc1d3cefcad03858d115ef6794fa9c110896a8a3d39975a81ecae01f",
                "7b08325366577bce9739a87bfa7415678ce23f8c2dd8805702b1460d24184332",
                "f325a476c859c68160ecf56fb601a2f50b7e8c414c0813fd7577875848627c6b",
                "3bedf5048c50b7971289192535ab7b13fbe3833c452bd86942b38d3cdc61c778",
                "876e696f01b38bca47b42bf3c1aabf0524f26c9165ce5b1c4403122a4ca69c43",
                "01c9b2d38d1576bb1b2a4e75f4c86814843184ced2e7f64250e3ec31a6716706",
                "71c17acbf5d64a0fac2cac2564b1792695885f9e06c571a50347c03109e3e890",
                "39b53b70f6167d76a037cc18f3e1ec374495b473e4bb635577ea4bf712c44be7",
                "108a76f497276763d60f2c03ff0cdbd6ed7ce5f6b4b1c7082e35980b96556fcb",
                "2760e06ac1a1f25cc2992c6a4b046bb4098c54230eb323f727f960c29fd39029",
                "697d85ba578da767735c51c313ed42ebc912d2ed0d1decdad6a48bf35eaf9d6d",
                "6ccdd9d69995ad2656a4585f090aa9340fd28e3ae63c7261e69530d84ecaf115"
            ],
            "type": "Script",
            "firstPartyCookies": {},
            "firstPartyCookiesSent": {},
            "exampleSites": [
                "babushky.club",
                "bumboobs.net",
                "devahy.org",
                "domashka.xyz",
                "ero-top.info",
                "eropic.cc",
                "erotica-film.net",
                "pornoanal.name",
                "pornoanal.top",
                "pornokran.cc",
                "pornopyanie.xyz",
                "pornrusskoe.club",
                "protinok.click",
                "prostoporno.band",
                "sex.onporn.fun",
                "siski.name",
                "teenochka.cc",
                "the.pornogo.tube",
                "the.zorox.sex",
                "topdevka.com"
            ]
        }
    ],
    "categories": [],
    "performance": {},
    "cookies": 0,
    "topInitiators": [
        {
            "domain": "first party",
            "prevalence": 0.967741935483871
        },
        {
            "domain": "ero-top.name",
            "prevalence": 0.03225806451612903
        }
    ],
    "types": {
        "Script": 20
    },
    "nameservers": [
        "dns1.registrar-servers.com",
        "dns2.registrar-servers.com"
    ]
}