{
    "domain": "roomrentpast.com",
    "owner": {},
    "source": [
        "DuckDuckGo-US"
    ],
    "prevalence": 0.000157,
    "sites": 23,
    "subdomains": [],
    "cnames": [],
    "fingerprinting": 0,
    "resources": [
        {
            "rule": "roomrentpast\\.com\\/services\\/",
            "cookies": 0,
            "fingerprinting": 0,
            "subdomains": [],
            "apis": {},
            "sites": 23,
            "prevalence": 0.000157,
            "cnames": [],
            "responseHashes": [
                "3bbd5d79451582d493f1102741ee78872fa5353c132abfe88bab3788f82a06f9",
                "de7207acff874e072f485c8f276ca57f8ff596410432fc185f9fd4bc2bb7d442",
                "bfdbe5926343abbcda96131df8db216389f8fc9ef83215f79ba5edcfb99fa6d5",
                "bdb560ee60bb0fef7020aee19b1af8c4a443f73ea11c28ce7061036bcf65739e",
                "998eed7e4983c88e890d1f5a20d657cbebd323a019602174164e09240a184784",
                "34c87b18317b4c9abd4eacc29116c9be4369d99982876ba68e9ed2f8d91dc4fc",
                "e620f84b187d450ba913ff3ad400ef0076f2b9f45decd446ba17520d0fa66e66",
                "3b206008fddcdbbd1749f57359f6501a681dc7f5ae5ec821b7d1167b3cc8fe78",
                "586b52389d628aa8f3860b9b1009da240e99ba1db53076d5db22923f2612314d",
                "d4d49d67254d87f3ae7e6e736839dd00e7e3d3f3ed5788dad816fb37bcb909ed",
                "45c7152d2a3e649b81b287ff1b048285dce621d4706dc9d09e8e445b6efebf39",
                "b43a7db2903983726a47e0ff4ecbda41521eb75b57ab13b031e7481baa105ae0",
                "937a3c228e5e110853925fe62fd34b52adf93445258b2d4bf9198136b13b9a55",
                "f2a33bb491644f92b7f3ef9f28a9bf6e2450d7c53c067ba6c83d9ea9a802ae14",
                "bf40a8b59a4c8554e778e0cdce69275e67db89c03381391fcbce2169c1df6efa",
                "2785fb20ff5a91b144b9bf69ad2fb72cb4ace2ec36fb14d948de66926e0beb7d",
                "53c4cc0f0abf5d0741177288665d34ff2cb6dc8fb3ad7e0a6554e0d705642174",
                "a5f744f85b50e218e92601b6c0278279796aff4297fa58fd61546eb70638dc72",
                "e1cf90cdc77d0f80fb305cbf8842be788233b11ea39acd3b5b391f5ff66a3ddf",
                "474ac486e1bf197db33f2d90702a660837b93b8bb50dfe262bb4d6db7608c83b",
                "f9900e2fb5d02428fdd1d7aa2c4934bf0bf1c96d200820c9884fcd618a32ef08",
                "95632a320086565d3394892bd41932a40159db7ff74b653bb052fecc1611ad0a"
            ],
            "type": "Script",
            "firstPartyCookies": {},
            "firstPartyCookiesSent": {},
            "exampleSites": [
                "the.zorox.sex",
                "bestweapon.in",
                "eropic.cc",
                "protinok.click",
                "domashka.link",
                "sexdom.click",
                "babushky.club",
                "xxx.tizam.pw",
                "pornoanal.top",
                "devahy.org",
                "topdevka.com",
                "buboob.com",
                "pornokran.cc",
                "w3w.pornoboss.tv",
                "you-stories.com",
                "ttelka.com",
                "the.onporn.fun",
                "prostoporno.band",
                "pornopyanie.info",
                "siski.name"
            ]
        }
    ],
    "categories": [],
    "performance": {},
    "cookies": 0,
    "topInitiators": [
        {
            "domain": "first party",
            "prevalence": 0.9032258064516129
        },
        {
            "domain": "prostoporno.group",
            "prevalence": 0.06451612903225806
        },
        {
            "domain": "octolinkcom.me",
            "prevalence": 0.03225806451612903
        }
    ],
    "types": {
        "Script": 23
    },
    "nameservers": [
        "dns1.registrar-servers.com",
        "dns2.registrar-servers.com"
    ]
}