{
    "domain": "rtbrenab.com",
    "owner": {},
    "source": [
        "DuckDuckGo-US"
    ],
    "prevalence": 0.000961,
    "sites": 141,
    "subdomains": [],
    "cnames": [],
    "fingerprinting": 0,
    "resources": [
        {
            "rule": "rtbrenab\\.com\\/get\\/",
            "cookies": 0,
            "fingerprinting": 0,
            "subdomains": [],
            "apis": {},
            "sites": 110,
            "prevalence": 0.00075,
            "cnames": [],
            "responseHashes": [
                "27bf1e692d1f96fd673f9ee33191f2dd73c96b2d59ca74c905955cad6c5f3ded",
                "f9d5459de063d216de425ce44a88f4b00a42469ec0c7a6a5c3ba97a15e14381f",
                "898dcc7974b31c30aeb79f147de8a6651b5d19392072601c0b87a2a58e13f64f",
                "bc959b8c31e928213761acbd80117aa09c533b78623aa5a85cb3ab74b738d8a8",
                "7add1092875c53688bf7db96149a0867a0c0f48132875648d3751632b38002a4",
                "968b17baf99ffc8097fdbe0d8552113c2f6e7da2a63e3967f24811e2e2e0a312",
                "4a2fb1077aa64669218d1f0cb94fcdfdea3aea65468bf0a9a227a1390b0d1c62",
                "886be7b6d636196177dee4b3929496b34b39e692917928c1242c575d29699a2d",
                "a5edb271af150c966d1b3202de0bbdd75db4bae5029c2411a2a9e664b425fe8b",
                "17d7a2b73105eea90d960eb0909e6e6e124cccb4ee8073df9890b9f3c51ace2b",
                "209beaf21da6643a1e01317fb240284037099f26caee10bc098a898a5133746d",
                "3c11ff5bc0a06480ef303c9bac72b49efec47b3eeb0f7d556c3bdc2b9dc16ca9",
                "eace06865a410146b76861df4c6e4998287a58aaf625041f96d1dc797e0d91dc",
                "16abfac445a827b78419612ce23b168c1d33f1889dc3bed2247bbe6025c445bf",
                "f28a10538ac191faf9b5b0ef8bd9c084ccaae132ea15b1909650c963f485f847",
                "6ca6200f425461082c860a15c5d996bc54e52574810694b88d13ebfb2ec1ecd1",
                "e069880237a71baac7c2c1ee7e44f7d496e5435cfe3f4d7f409ba39c4b73aa68",
                "32072168841d3c71a37457b88c0d297b322f0965608077bb9daff8f37617ade6",
                "3ea7578cea7c51fd1284ba49a7b1e7c21f296312280616422c37d8822c5f2913",
                "62d6e3181beacf648f2348325979ef0dda3a243b7cc9be9441012ffbc9ed9146",
                "a16bc24a5deb114b196297b030a5aed3d84a979a02413864e3993fe24c80b0ec",
                "9002710bef5527ea7c4b77dbae76bc537b4ddb0ab620e86f6e52b16542acdaf4",
                "3fd335f07892511350c863812d3965e319c57b20461abbdf57f01149e35bcf38",
                "509cb81080cfdbb917d0c5e22ad0863af52012862384b8b7154862f34dd1ae84",
                "6c1d46dbea1eb1d1255c35709d843123b94a5c8997635a1aaad84aab8341e26f",
                "849ceb807c9675f2119139ced0acc3d1b4687ac7ba9eb0bbc3b98269f2d1766b",
                "41e030e928f6f45e27590f619830e6677b21e1e4ac2a5a98d833df9b34b4ae46",
                "3441439cf383711b1cfe46073cf11a13b4f7289b381be1fc27ebf55cbb83ab78",
                "9475d51e1a91cd0804f9198b498da705520bfdfedc3f71943c62b5cd97cfdaf9",
                "ab98176dca63f880e143e6e99af09662ba40dbbaa3d6c7efe6eafe3033d42bc1",
                "d3652a08325f797443030d1628ba8c6b9a10bc8d346dc48462cbbcad3fbefcad",
                "035a1e2b0f6fcdc99ac571d6e11b5f345eb4375b2e98890bc4c13b610cfde179",
                "354df97576945a3ef8b5b00787bd982d57e751ea28df35899ea8883643328aad",
                "f402ea9ec5250f073f9d7ba81a5e6ec45af8347136b4c94600069197b2303bfb",
                "ed56327d5368a7268d6f4d52033f2ceb3fabdf1c4778368f5fde611630378832",
                "a6d48c63748b90bc614e9080736ec71b32a70ab30af742f0a1fae89db0696962",
                "bfcbee3e0e48aa2a6b7e7b63d3b7f27fc8fc65e6dd46b2c397ac462d6ba62549",
                "a9b2fe8354edff8caf85281ef279db16e0ec93c6e9751813f45aa8dc7bc1a780",
                "0c0707ea0ed180e317b898890e5d143ec7e17fa8008925127da66bcfd51d5195",
                "ff246521e8ac16d06b247ac3d744682955d895d439e2052b3273c00bb9129754",
                "7c60b8ad570b362b378d7abd48af35e11dea93c32b00b040e934e04daed916a1",
                "2d8588d33347430ae73a5416a6520b0c99d5e36572c4506d72e120e2bc0aba5c"
            ],
            "type": "Document",
            "firstPartyCookies": {},
            "firstPartyCookiesSent": {},
            "exampleSites": [
                "www.javmost.cx",
                "www.xxxcom.asia",
                "www.pornk.top",
                "lovejav.net",
                "www.playcrot.com",
                "tube.perverzija.com",
                "hentaiz.one",
                "dramaid.best",
                "streamporn.pw",
                "www.avtub.mom",
                "pornkino.cc",
                "pemersatudotfun.com",
                "vulgarx.com",
                "pemersatu.top",
                "beautifulhairypussy.com",
                "www.dankwank.net",
                "desichudaistory.com",
                "watchporn.to",
                "bokepmesum.sbs",
                "playcrot.click"
            ]
        }
    ],
    "categories": [],
    "performance": {},
    "cookies": 0,
    "topInitiators": [
        {
            "domain": "cabnnr.com",
            "prevalence": 0.8754098360655738
        },
        {
            "domain": "first party",
            "prevalence": 0.12459016393442623
        }
    ],
    "types": {
        "Document": 110
    },
    "nameservers": [
        "ns3.digitalocean.com",
        "ns2.digitalocean.com",
        "ns1.digitalocean.com"
    ]
}