{
    "domain": "rtbsuperhub.com",
    "owner": {},
    "source": [
        "DuckDuckGo-US"
    ],
    "prevalence": 0.000157,
    "sites": 23,
    "subdomains": [
        "eu-adsrv",
        "eu-adsrv-cached"
    ],
    "cnames": [],
    "fingerprinting": 0,
    "resources": [
        {
            "rule": "rtbsuperhub\\.com\\/ir\\/",
            "cookies": 0.000143,
            "fingerprinting": 0,
            "subdomains": [
                "eu-adsrv"
            ],
            "apis": {},
            "sites": 21,
            "prevalence": 0.000143,
            "cnames": [],
            "responseHashes": [
                "a8c7792fcc4e042c4882543c07f0af4523fe99c163f9d3adc69649f478bf45e4",
                "2265964547b0e03f6f28a9d67099236d2b053b1da38e8cd3cab645c0d0f9fee3",
                "b8648a41d3f2b04e60417eb8fb0485bfe7e4a5059f3ec0aa63d2338347b6dc59",
                "6414b9cdd19a5bfe97c83413452dcf61ce37f3116cb3ceb47b90dd69f79b12e4",
                "93cf330e7d6d15187dea1719d5f21b2ac7d88fea8db5bec427a53b0164f13945",
                "9304eacb3db988db8a940bb24911dc62d93af4bcdbcd1cb1107c78c6549192bd",
                "39beb1fc090a4e60f0bc76e38794384a2a00f582789a93cf6f6c7a3bf252aa26",
                "636f7d64c61e7babb9bbd2910ddaa2e4ea0f2121d6d914e7f3c65f075f57dfa4",
                "80e001bfa36f3ab7e577d3749328e2764567ae12f0bf9436cde78e6486de2ade",
                "5db10991318d612a35a9031e1792354e5b7c5c90b6f325080e7be3b1ec36db0f",
                "fa08f6e87b3c7898167e642cf4b1afb317c4247348b7e8fff176241acdc06612",
                "ac68d7e190f400d6e69ed20550d219b74dff3f571089354776de6fbf2128b49a",
                "888fe839bfbea57ccfc02123ef23f2c789f89a3811bc06972de1255cd90f081a",
                "7a67f0d78ade3ce140c741c17c2961ac748de522b7b0354cdc4c2dcfbf55bdb9",
                "608bdb85a6cf37b21f3970aef9bbf326e79bbff5172d07ec92c55175b4dc0855",
                "dc64b08b236ea60641cfaada0c0da362eef4d664421e52d7d626684e56cc755e",
                "e7a3937b9e5c21a4c91580423c65875bfb2b6a22913d9d9638f43a6dc5f32bac",
                "3bd129f480287b7aea85f2adc2063f35fdcbae01d235a04893f5e04096e950ac",
                "b0f010988a3b5cd2d243a609a0cff421e21601de694aefeb0b0d57ce3433b6ba",
                "772639fac6d6e91ca8cdf054b4ac651e9fe685175eba47e41213b3537f8ec9f5"
            ],
            "type": "Document",
            "firstPartyCookies": {},
            "firstPartyCookiesSent": {},
            "exampleSites": [
                "transx.com.listcrawler.eu",
                "40up.com.listcrawler.eu",
                "xbabe.com",
                "candy.com.listcrawler.eu",
                "independent.com.listcrawler.eu",
                "ngeweyuk.top",
                "yolo.com.listcrawler.eu",
                "uberover.com.listcrawler.eu",
                "blackdynomite.com.listcrawler.eu",
                "superasian.com.listcrawler.eu",
                "listcrawler.eu",
                "aypapi.com.listcrawler.eu",
                "m.hellporno.com",
                "manup.com.listcrawler.eu",
                "hellmoms.com",
                "milfy.com.listcrawler.eu",
                "manvideos.xxx",
                "escortalligator.com.listcrawler.eu",
                "www.gayfuror.com",
                "escortbabylon.com.listcrawler.eu"
            ]
        },
        {
            "rule": "rtbsuperhub\\.com\\/crtr\\/",
            "cookies": 0.00000682,
            "fingerprinting": 0,
            "subdomains": [
                "eu-adsrv",
                "eu-adsrv-cached"
            ],
            "apis": {},
            "sites": 2,
            "prevalence": 0.0000136,
            "cnames": [],
            "responseHashes": [],
            "type": "Fetch",
            "firstPartyCookies": {},
            "firstPartyCookiesSent": {},
            "exampleSites": [
                "hubite.com",
                "sharesome.com"
            ]
        }
    ],
    "categories": [],
    "performance": {},
    "cookies": 0.000143,
    "topInitiators": [
        {
            "domain": "itransitauthority.com",
            "prevalence": 0.5283018867924528
        },
        {
            "domain": "first party",
            "prevalence": 0.4339622641509434
        },
        {
            "domain": "jads.co",
            "prevalence": 0.018867924528301886
        },
        {
            "domain": "magsrv.com",
            "prevalence": 0.018867924528301886
        }
    ],
    "types": {
        "Document": 21,
        "Fetch": 2
    },
    "nameservers": [
        "ns0107.secondary.cloudflare.com",
        "ns0137.secondary.cloudflare.com"
    ]
}