{
    "domain": "rvapps.io",
    "owner": {},
    "source": [
        "DuckDuckGo-US"
    ],
    "prevalence": 0.00017,
    "sites": 25,
    "subdomains": [
        "ingest.make"
    ],
    "cnames": [],
    "fingerprinting": 0,
    "resources": [
        {
            "rule": "rvapps\\.io\\/v2\\/t",
            "cookies": 0,
            "fingerprinting": 0,
            "subdomains": [
                "ingest.make"
            ],
            "apis": {},
            "sites": 16,
            "prevalence": 0.000109,
            "cnames": [],
            "responseHashes": [
                "d6e2cb192ba5ca3ba95bebcd0e408686f3ce185493e758d719e226993553fd16",
                "6699f6ca88ab06c05fd9d2b19adda7535be2d0df0699e2f567f5a12fb599b113",
                "56945d0cef19d0e210416fdac0824c7b32c32160cadb2828a32166bc2bd2c860",
                "96bfe6775ca7006f2e27254fef5fb06599a4af867250d8f07a5d2ea0041095f2",
                "76547174d03adbefde500e47b94ab8c04e8181900e3d9d10d4608d8a81eef2db",
                "d7336c60e1786f85eba72aa540d6bc1079118038edb91601ba87af3791419c7e",
                "b52be47aac152a40a7be46a7cc5af741acb5f6231f1263810e7cba14133481dc",
                "45346b2ceef499beddee1ce251dad0041ebe276f6ad10473f9415b673ba6441b",
                "13c93cebc6111b6d74e4c8cac893d2ea2f603f2e82f23f121b1c194a0772e3ae",
                "ad8eccb2cf68a3f22e29f2e768f6868ad700ea21518993320408a626fe3474cd",
                "cc6fd127b434e7be5e603e86e69323e2a3e439398cd40dfae743ef5662cb75b7",
                "2d1831349cee14c9a41463017d4d2a0046b055083c3e6d12dc284ab60169f20f",
                "d7ef7b5e5c531c6e64b65281b7e729a616ba7abf4a6c727766966e1648d01801",
                "a6e53d33ee106b9063d0875030c2bfd4a6797b0b31f77379e2ae286ed60e241c",
                "54c9568826b2181693714c5888c8d803e728c6a748748b433cab934b0dd53451"
            ],
            "type": "XHR",
            "firstPartyCookies": {},
            "firstPartyCookiesSent": {},
            "exampleSites": [
                "cnet.com",
                "download.cnet.com",
                "frontier.com",
                "millionmilesecrets.com",
                "myslumberyard.com",
                "www.americanstandardair.com",
                "www.chooseenergy.com",
                "www.collegeconsensus.com",
                "www.edsmart.org",
                "www.expertflyer.com",
                "www.hvac.com",
                "www.mydegreeguide.com",
                "www.reviews.com",
                "www.soda.com",
                "www.trane.com",
                "www.zdnet.com"
            ]
        },
        {
            "rule": "rvapps\\.io\\/v2\\/t",
            "cookies": 0,
            "fingerprinting": 0,
            "subdomains": [
                "ingest.make"
            ],
            "apis": {},
            "sites": 16,
            "prevalence": 0.000109,
            "cnames": [],
            "responseHashes": [],
            "type": "Preflight",
            "firstPartyCookies": {},
            "firstPartyCookiesSent": {},
            "exampleSites": [
                "cnet.com",
                "download.cnet.com",
                "frontier.com",
                "millionmilesecrets.com",
                "myslumberyard.com",
                "www.americanstandardair.com",
                "www.chooseenergy.com",
                "www.collegeconsensus.com",
                "www.edsmart.org",
                "www.expertflyer.com",
                "www.hvac.com",
                "www.mydegreeguide.com",
                "www.reviews.com",
                "www.soda.com",
                "www.trane.com",
                "www.zdnet.com"
            ]
        },
        {
            "rule": "rvapps\\.io\\/v2\\/t",
            "cookies": 0,
            "fingerprinting": 0,
            "subdomains": [
                "ingest.make"
            ],
            "apis": {},
            "sites": 2,
            "prevalence": 0.0000136,
            "cnames": [],
            "responseHashes": [
                "e3b0c44298fc1c149afbf4c8996fb92427ae41e4649b934ca495991b7852b855"
            ],
            "type": "Ping",
            "firstPartyCookies": {},
            "firstPartyCookiesSent": {},
            "exampleSites": [
                "creditcards.com",
                "www.creditcards.com"
            ]
        }
    ],
    "categories": [],
    "performance": {},
    "cookies": 0,
    "topInitiators": [
        {
            "domain": "first party",
            "prevalence": 0.44879518072289154
        },
        {
            "domain": "cmn.com",
            "prevalence": 0.3674698795180723
        },
        {
            "domain": "cohesionapps.com",
            "prevalence": 0.16566265060240964
        },
        {
            "domain": "bankrate.com",
            "prevalence": 0.018072289156626505
        }
    ],
    "types": {
        "XHR": 16,
        "Preflight": 16,
        "Ping": 2
    },
    "nameservers": [
        "ns-1414.awsdns-48.org",
        "ns-837.awsdns-40.net",
        "ns-237.awsdns-29.com",
        "ns-1603.awsdns-08.co.uk"
    ]
}