{
    "domain": "saleago.com",
    "owner": {},
    "source": [
        "DuckDuckGo-US"
    ],
    "prevalence": 0.000259,
    "sites": 38,
    "subdomains": [
        "vc-service"
    ],
    "cnames": [],
    "fingerprinting": 0,
    "resources": [
        {
            "rule": "saleago\\.com\\/api\\/vc\\.json",
            "cookies": 0,
            "fingerprinting": 0,
            "subdomains": [
                "vc-service"
            ],
            "apis": {},
            "sites": 37,
            "prevalence": 0.000252,
            "cnames": [],
            "responseHashes": [
                "3d263bc96d284cad9252fb2906f8085b64588c4ed46692f74ed2c612212aa67a",
                "1e4e2ac65d841d68a939ba32f29c277019c37fd7e7e11ee5f1606b8e72c00497",
                "cba42b6fc217970df419caab3956a0179d389049cf8e6e083525d866d0428f82",
                "728bf7db5d6d428099b5df1d2584f13da07b12212fbe9309b4e7c80eba586c2f",
                "f7fd2c81d667b816f63626ac012a4170974934744407083502aad9b4121c1ffa",
                "73d898a48cb3353973827d8867582ef9dc9050ab701157a65c1173261d7fad83",
                "cc94ce2309ee06ceb97fd68d0761d6460a57fe325b24f0a784df0107a26f661b",
                "151f4d7e20ed7afa275516621093727dd4ddad616565b88f087dac54ff7c760d",
                "22bf9a2563b67b89044239ebe9836d94bf837e30968bc051efc269a34a50b7e4",
                "08721f82bbfaa643e5178be47ef58402087db90368b4be63638896da4d4d21ad",
                "96e2196dc7d5ede97ad54f5000200e3e2241e5c10445a025145004842014aa5d",
                "e049c40eb1db936fb6e70d6dc40998ed7cf76a2e40c9b2f0a8755392531be953",
                "a0e27ef2b625e1cf093c94a520ef190e7133f81ebdd3b023aa50f0112d3ab8c6",
                "1665553132977db8c30a93e782cb607295407c10ff6a283e36b8f54657352965",
                "48d4e5b264ac1a59f3d142e79b74ec3088e7001b3a53fe4c5c53f475929dcdc7",
                "a133289645ec8ceb57ad964d37a49e1c4dc45feeef3c820f755db85587915cb2",
                "0f64ddbdabe33e404a9684543f88220f260cdf5dd9849d4cb23fee5e9a77ceb3",
                "81302ec89833acaab79e2e2c3cee389eeeba46157c75968eec2594e2b820291b",
                "657bcc807ae3d19d231eac4f732f830af4e6b26a8b5258fcef461eb641048560",
                "30eccb57885b713dd205e38559fe96e7f677efe8f9500b47ffebd2628e66bbfe",
                "c20574dc9858467c2f72af6ffa5b6414e7348cdc88984c7f21a723c3cb23a946"
            ],
            "type": "XHR",
            "firstPartyCookies": {},
            "firstPartyCookiesSent": {},
            "exampleSites": [
                "www.druni.es",
                "www.knivesandtools.nl",
                "www.cyberphoto.se",
                "www.rp.pl",
                "kadry.infor.pl",
                "www.bricodepot.es",
                "diag.pl",
                "www.fiscoetasse.com",
                "www.knivesandtools.fr",
                "sympatia.onet.pl",
                "www.havaianas-store.com",
                "8a.pl",
                "www.nocowanie.pl",
                "www.knivesandtools.co.uk",
                "www.hsnstore.com",
                "www.efarma.com",
                "moto.infor.pl",
                "wynagrodzenia.pl",
                "www.helikon-tex.com",
                "www.pts-tools.com"
            ]
        }
    ],
    "categories": [],
    "performance": {},
    "cookies": 0,
    "topInitiators": [
        {
            "domain": "salesmanago.pl",
            "prevalence": 0.8157894736842105
        },
        {
            "domain": "first party",
            "prevalence": 0.13157894736842105
        },
        {
            "domain": "joinflow.com",
            "prevalence": 0.02631578947368421
        },
        {
            "domain": "salesmanago.com",
            "prevalence": 0.02631578947368421
        }
    ],
    "types": {
        "XHR": 37
    },
    "nameservers": [
        "ns-cloud-e1.googledomains.com",
        "ns-cloud-e2.googledomains.com",
        "ns-cloud-e4.googledomains.com",
        "ns-cloud-e3.googledomains.com"
    ]
}