{
    "domain": "satismeter.com",
    "owner": {
        "name": "SatisMeter",
        "displayName": "SatisMeter"
    },
    "source": [
        "DuckDuckGo-US"
    ],
    "prevalence": 0.0000955,
    "sites": 14,
    "subdomains": [
        "app"
    ],
    "cnames": [],
    "fingerprinting": 2,
    "resources": [
        {
            "rule": "satismeter\\.com\\/satismeter\\.js",
            "cookies": 0.0000205,
            "fingerprinting": 2,
            "subdomains": [
                "app"
            ],
            "apis": {
                "Document.cookie getter": 5,
                "Navigator.prototype.platform": 5,
                "Navigator.prototype.product": 5,
                "Navigator.prototype.userAgent": 5,
                "Date.prototype.getTime": 3,
                "Document.cookie setter": 3
            },
            "sites": 5,
            "prevalence": 0.0000341,
            "cnames": [],
            "responseHashes": [
                "ccf1a4ad99236d7f1f4d7c02059fb1ee237d7aa9f99b43f8e13da795f26197e6"
            ],
            "type": "Script",
            "firstPartyCookies": {
                "sm_anonymous_id": {
                    "ttl": 31536001,
                    "length": 36,
                    "prevalence": 0.000020453662228221962,
                    "uniqueness": 1
                }
            },
            "firstPartyCookiesSent": {},
            "exampleSites": [
                "ckbk.com",
                "app.ckbk.com",
                "docs.gradle.org",
                "gradle.org",
                "www.planetizen.com"
            ]
        },
        {
            "rule": "satismeter\\.com\\/api\\/widget",
            "cookies": 0,
            "fingerprinting": 0,
            "subdomains": [
                "app"
            ],
            "apis": {},
            "sites": 10,
            "prevalence": 0.0000682,
            "cnames": [],
            "responseHashes": [
                "7e565007270579857c8ba0f5092a210ad25894601214ff3013dc5c43e46f8fdb",
                "9a5d7dd566a5778970709c8cbb876630356c5d0dab3ed60fe6a5015f0cd2597a",
                "97fa9d06c77474111795a220080e51128f324264e784d40790fee28c578937d8",
                "f1c56ce5a12786ab1074b2381d7ad4ed868e3bab107e0ad3c8b7c92395ea2a25",
                "e0fa49362b268c209757a4f8402c97cb3dad039dd728a9f02a9ea4689720427e",
                "f274c83b4c06ddfbc887141a49ce8028f5a2c1e85c2508ee0f8ced68a2731166",
                "215c438748ad4753a2f84cf1caf02d3ded565ad4260194cd6a0d722d1fcc62cf",
                "b9d5e72e4d3ca764789686fc77d6de6e71e37c9c352f02381258523ca7fea2f8",
                "d4fda6c5515c921a67edd9a76d3f79fc6c0862805b965d8bdc8a44c3029aa665"
            ],
            "type": "XHR",
            "firstPartyCookies": {},
            "firstPartyCookiesSent": {},
            "exampleSites": [
                "ckbk.com",
                "app.ckbk.com",
                "docs.gradle.org",
                "gradle.org",
                "hunter.io",
                "openclassrooms.com",
                "www.eosworldwide.com",
                "www.freesupertips.com",
                "www.pickswise.com",
                "www.planetizen.com"
            ]
        },
        {
            "rule": "satismeter\\.com\\/js",
            "cookies": 0.0000136,
            "fingerprinting": 2,
            "subdomains": [
                "app"
            ],
            "apis": {
                "Document.cookie getter": 6,
                "Navigator.prototype.platform": 6,
                "Navigator.prototype.product": 6,
                "Navigator.prototype.userAgent": 6,
                "Date.prototype.getTime": 2,
                "Document.cookie setter": 2
            },
            "sites": 6,
            "prevalence": 0.0000409,
            "cnames": [],
            "responseHashes": [
                "ccf1a4ad99236d7f1f4d7c02059fb1ee237d7aa9f99b43f8e13da795f26197e6"
            ],
            "type": "Script",
            "firstPartyCookies": {
                "sm_anonymous_id": {
                    "ttl": 31536009,
                    "length": 36,
                    "prevalence": 0.000013635774818814642,
                    "uniqueness": 1
                }
            },
            "firstPartyCookiesSent": {},
            "exampleSites": [
                "hunter.io",
                "openclassrooms.com",
                "www.eosworldwide.com",
                "www.freesupertips.com",
                "www.pickswise.com",
                "www.quill.org"
            ]
        }
    ],
    "categories": [],
    "performance": {},
    "cookies": 0.0000477,
    "topInitiators": [
        {
            "domain": "first party",
            "prevalence": 0.5555555555555556
        },
        {
            "domain": "segment.com",
            "prevalence": 0.37037037037037035
        },
        {
            "domain": "googletagmanager.com",
            "prevalence": 0.07407407407407407
        }
    ],
    "types": {
        "Script": 11,
        "XHR": 10
    },
    "nameservers": [
        "austin.ns.cloudflare.com",
        "zita.ns.cloudflare.com"
    ]
}