{
    "domain": "scorpion.co",
    "owner": {},
    "source": [
        "DuckDuckGo-US"
    ],
    "prevalence": 0.00045,
    "sites": 66,
    "subdomains": [
        "sa",
        "api"
    ],
    "cnames": [],
    "fingerprinting": 0,
    "resources": [
        {
            "rule": "scorpion\\.co\\/sa\\.js",
            "cookies": 0,
            "fingerprinting": 0,
            "subdomains": [
                "sa"
            ],
            "apis": {},
            "sites": 48,
            "prevalence": 0.000327,
            "cnames": [],
            "responseHashes": [
                "ae32d7f73a6ec3929aa12542d0385bea9480329b242ba7dcd6bbd0be7d4a8984",
                "22da059466f50bd1b6f6f27e3e4c22ad357ef2f58de5865fe0d3e253bca07a07",
                "c33f42988dcf11b6bac30f6c7704e2dd568be95f3fef1e9ad3259035f310b114",
                "ca2dfe55daea882e8d50a4201f7fe1152a20178b232b964292807d387dd0ec1a",
                "593e27e438e384b2c370514ef74f43d6c7d9716db36113228321f9df1e4b9ce8",
                "5409cc94690d8459135854d6dd42334fcf358a86c3fb1961bb41cea4922663f1",
                "44febb610cb064386be054532576555555bbe1b89010d890f2299ce6902de233",
                "7290e239ae2126283717a4f5d7f7366be9294fef43cefab155b561c138fa1c40",
                "e405ec579e1e54eeabf51bec2fbb177e3ab462d9d46074feb50bbaef38e1c72c",
                "129ca4fd3c7e7485aae08d56fc540e6d4a2b0dc86eb6a85ecaa0815068d0e414",
                "441127c2b801688d4009ea595c692648c373dc82820b645cd6bb7970a76c14f1"
            ],
            "type": "Script",
            "firstPartyCookies": {},
            "firstPartyCookiesSent": {
                "__origin_landing": 0.000006816632583503749,
                "pool_id_kt2gVtL1asfQ3dJAWlrc": 0.000006816632583503749
            },
            "exampleSites": [
                "www.ramjack.com",
                "www.unitedurology.com",
                "www.flaglerhealth.org",
                "www.bch.org",
                "www.brrh.com",
                "www.ouhealth.com",
                "www.valleyhealthlink.com",
                "www.centracare.com",
                "www.butlerhealthsystem.org",
                "www.mistersparky.com",
                "www.ogdenclinic.com",
                "www.onehourheatandair.com",
                "www.psjhmedgroups.org",
                "www.jupitermed.com",
                "www.dicklawfirm.com",
                "www.bryanfagan.com",
                "www.campbowwow.com",
                "www.griswoldhomecare.com",
                "www.duckdonuts.com",
                "www.chickensaladchick.com"
            ]
        },
        {
            "rule": "scorpion\\.co\\/communicationsplatform\\/webhooks\\/v1\\/api\\/cxcchat\\/chatpre",
            "cookies": 0,
            "fingerprinting": 0,
            "subdomains": [
                "api"
            ],
            "apis": {},
            "sites": 4,
            "prevalence": 0.0000273,
            "cnames": [],
            "responseHashes": [
                "9d5461803959e94baa7eabc191d69ca07b6370e0a9e8947be29369a859be0a33",
                "61ab3537a93c7f11d28fdaa3a7df2fb0e7b97d9cfa18cdef86102319e791f87d",
                "1d36ca9a47018f879cba62d8b4fd8e4f5d6b8255073b33bb3dd97f2bbf6ae5fa"
            ],
            "type": "Fetch",
            "firstPartyCookies": {},
            "firstPartyCookiesSent": {},
            "exampleSites": [
                "merrymaids.com",
                "www.merrymaids.com",
                "www.ramjack.com",
                "www.servicemasterrestore.com"
            ]
        }
    ],
    "categories": [],
    "performance": {},
    "cookies": 0,
    "topInitiators": [
        {
            "domain": "first party",
            "prevalence": 0.6666666666666666
        },
        {
            "domain": "scorpioncms.com",
            "prevalence": 0.06944444444444445
        },
        {
            "domain": "scorpion.direct",
            "prevalence": 0.05555555555555555
        },
        {
            "domain": "d20iq7dmd9ruqy.cloudfront.net",
            "prevalence": 0.027777777777777776
        },
        {
            "domain": "d12yp66odzcfr0.cloudfront.net",
            "prevalence": 0.027777777777777776
        },
        {
            "domain": "d2nmqj11l1ij0u.cloudfront.net",
            "prevalence": 0.027777777777777776
        },
        {
            "domain": "d19fhfqdgbj7sd.cloudfront.net",
            "prevalence": 0.027777777777777776
        },
        {
            "domain": "dttdrlk9qx747.cloudfront.net",
            "prevalence": 0.027777777777777776
        },
        {
            "domain": "d1rrbfu5dru7i1.cloudfront.net",
            "prevalence": 0.027777777777777776
        },
        {
            "domain": "d15fshrq1dy8sa.cloudfront.net",
            "prevalence": 0.013888888888888888
        }
    ],
    "types": {
        "Script": 48,
        "Fetch": 4
    },
    "nameservers": [
        "ns-1493.awsdns-58.org",
        "ns-1636.awsdns-12.co.uk",
        "ns-159.awsdns-19.com",
        "ns-539.awsdns-03.net"
    ]
}