{
    "domain": "scorpion.co",
    "owner": {},
    "source": [
        "DuckDuckGo-US"
    ],
    "prevalence": 0.000429,
    "sites": 63,
    "subdomains": [
        "sa",
        "api"
    ],
    "cnames": [],
    "fingerprinting": 0,
    "resources": [
        {
            "rule": "scorpion\\.co\\/sa\\.js",
            "cookies": 0,
            "fingerprinting": 0,
            "subdomains": [
                "sa"
            ],
            "apis": {},
            "sites": 45,
            "prevalence": 0.000307,
            "cnames": [],
            "responseHashes": [
                "a5c15158c3bfdd3652f4d5cc5c18d5bf938d197c6c113593601572f11de27830",
                "326f2e2877aec5155ccfa35919317fa0a7d25c99016182a205d30d76ba45cad2",
                "c75437551b81927b65b2f9ed961f93cb440d2d19a6b34a5a0d1a00fce9e686dd",
                "47391e342206f61a8b7ddc364adff9a840378fc438db263c87e79cf503f36b33",
                "da3ba28d5d99e738ffa319990f0b7e5757affbce39e7264967232f04e61a893f",
                "4fa4e2d1bcf6f3fb34acbb17284952fc521a0bd2bbf464fd418f1514ba672ea3",
                "8e083fad7f7cbc6a9efaac833c243b28b49b14c9af3bba60600c2b7858128973",
                "846405ce2c06c31a6e15dd94b638ac332adbb5ac934fc16871a2088868650e5e",
                "8bc1ac827766eb2fdd860347e0862eadbe46d61ae978903bbc332cf2c364e992",
                "0995df469a081348dc2ed29dd5a558dd43cd00646da08e5514638237f2766e1c",
                "abbb23221a821200033b02b7053b597f651d33bf5d48fbcb7985201e65e8b618",
                "40a02e3b9dcc8f88ae4d989e378ed004a389847e7e9f840edd920ae533c2a507",
                "4743c8a535ebc48ece028dfb375c5a069cbdd9d4869bb4a77d83372b5ff41cbf",
                "75364df9e651bbbb0a28028c49cb7c4644cfcd59c97f51fa63375df4aef21ed8",
                "1e5113589f542c65d57259af89065b421c25e3100b781b04a17cca034afefb44",
                "41c12b1c47a36e4f741366f656555b4dbc350019bec3ec816b1a463746465a38",
                "91b1c49e12bf30fea6a27ae8949ccba834983eb6cde88b3a31a099e655433649",
                "4f0973bea03c7a8a83f76050c9f178328266e00f6bae773648c0d3a9e0b30d72",
                "983cbfc146d35bba5d46ef967910df7456dd48bf55d57d55275fe3f151223ddc",
                "3b7199644f6adfb86d7e35109aea73f0c4aa6223768a3579630233a360506f36",
                "afedf17c8915a960b8cb348fded04939be7d84ec21d57a1a5061c289a21bc0a6",
                "de57283cbe387cde905c876271529ee897ba5f31c5dbbfbf5edc6f5a053bc314",
                "3402363f64389eae3614c5486f77d2b40a779d8824cfa2e60532ba0d225c2f36",
                "aa8e29f6ed0cc4d8b57c3ebf378f1f39841a38e3672b0d379f61700f6fa914c0",
                "6b580599eb0ab808f39c26dc2d1be06ef0af36ac7c7fd19015997e186cc4f57a",
                "a46f11401241d8bcc860c81b18df42c3a6119b2ac01badb6f33a8889d68ec7ef",
                "ccd508a9b4e85dea212014262c25bbac70a07a9980569e09e0b3d06e44b915ec",
                "cc8ef632a7b1b065c3bfe9535599737c12453c354b4dfaf004b5d67da9b0a467",
                "51564084cfbdabac0d4682cfaea9970c5ec1659dad03b787382ddba9e4740a67",
                "fd284fb09bbfef8e2418f6a5c7b4bdffe8469da23e8928e9e34f76fbd673334f",
                "6035bf29b3bfc394aad15272fc21030e895b8356b29252b7f3b9b2e9587694e5",
                "7297f76cb4e52bad0dc141faff1e8e1252df206e387a43728b1038c6847847f0",
                "64692092ed8995c194cde27546fa5340e3006f1a862338652eea89932d115e78",
                "1f86a5c76877c9a283d2785a2a1ef78baa50df920f56374693cbc55599928a93",
                "b21db842ef2183265c30eec4414f5e4e662fec10951cd6c3050f83276ca911a0",
                "e730010e88c220f0b709ad7dbf8001fba92e646ce14783abb1030f6979ddfc4f",
                "5702a698c47677a22da7b46a7a33ac73bdbce6cb90b5b37c98faf318c9857251",
                "e3f63ef644a936deb8ba011b621e6792352970f4a16d09cb8910679b9b88d2a8",
                "eb33526a485a99ee3fa4c74e82231f1be089be528847873fbefb2f94656ff498",
                "0460d684457468fd71ff5fc2fbc4a6a881323283a5a8758cf433afa3a5fd6817",
                "a7eb618583adae640246dc598ce5954d2232a107ef7a964756cb9cc11c298f3d",
                "3758d70dc4f3c66af88c736681180b1f4b4912f1c7127d90c0ca4920477d2eb3",
                "60e7a8604e8297a27b02889fbc1bddf72379d9053a9cc82d9ea7d862e23322eb",
                "f19fbb72002247e2aa5bc7528e72d754ea707c70adfc33e8dee5444899764af8"
            ],
            "type": "Script",
            "firstPartyCookies": {},
            "firstPartyCookiesSent": {
                "__origin_landing": 0.000006816353796027429
            },
            "exampleSites": [
                "www.fastsigns.com",
                "www.ogdenclinic.com",
                "www.flaglerhealth.org",
                "www.chickensaladchick.com",
                "www.confluencehealth.org",
                "www.brgeneral.org",
                "www.ouhealth.com",
                "www.rwjbh.org",
                "www.fhcp.com",
                "www.infirmaryhealth.org",
                "www.slhduluth.com",
                "www.valleyhealthlink.com",
                "www.hchlawyers.com",
                "www.brettpritchardlaw.com",
                "www.groundsguys.com",
                "www.servicemasterrestore.com",
                "www.onehourheatandair.com",
                "www.bch.org",
                "www.bryanfagan.com",
                "www.cbac.com"
            ]
        },
        {
            "rule": "scorpion\\.co\\/communicationsplatform\\/webhooks\\/v1\\/api\\/cxcchat\\/chatpre",
            "cookies": 0,
            "fingerprinting": 0,
            "subdomains": [
                "api"
            ],
            "apis": {},
            "sites": 4,
            "prevalence": 0.0000273,
            "cnames": [],
            "responseHashes": [
                "9893c81256ead8fbfca836b858d7b60927abe83594796de5743a26bdf4788e93",
                "d881fac6c4a530a40d45e4ea7e89cb21d438e57dab24c6d376e490493f5eb95d",
                "70c0ecd23e3403f5c9f07a0aa74c9b7cef1661c031053e19f2350c5f1509c193"
            ],
            "type": "Fetch",
            "firstPartyCookies": {},
            "firstPartyCookiesSent": {},
            "exampleSites": [
                "merrymaids.com",
                "www.merrymaids.com",
                "www.ramjack.com",
                "www.servicemasterrestore.com"
            ]
        }
    ],
    "categories": [],
    "performance": {},
    "cookies": 0,
    "topInitiators": [
        {
            "domain": "first party",
            "prevalence": 0.6571428571428571
        },
        {
            "domain": "scorpion.direct",
            "prevalence": 0.08571428571428572
        },
        {
            "domain": "scorpioncms.com",
            "prevalence": 0.04285714285714286
        },
        {
            "domain": "d20iq7dmd9ruqy.cloudfront.net",
            "prevalence": 0.02857142857142857
        },
        {
            "domain": "d12yp66odzcfr0.cloudfront.net",
            "prevalence": 0.02857142857142857
        },
        {
            "domain": "d2nmqj11l1ij0u.cloudfront.net",
            "prevalence": 0.02857142857142857
        },
        {
            "domain": "d19fhfqdgbj7sd.cloudfront.net",
            "prevalence": 0.02857142857142857
        },
        {
            "domain": "dttdrlk9qx747.cloudfront.net",
            "prevalence": 0.02857142857142857
        },
        {
            "domain": "d1rrbfu5dru7i1.cloudfront.net",
            "prevalence": 0.02857142857142857
        },
        {
            "domain": "d15fshrq1dy8sa.cloudfront.net",
            "prevalence": 0.014285714285714285
        }
    ],
    "types": {
        "Script": 45,
        "Fetch": 4
    },
    "nameservers": [
        "ns-1493.awsdns-58.org",
        "ns-539.awsdns-03.net",
        "ns-159.awsdns-19.com",
        "ns-1636.awsdns-12.co.uk"
    ]
}