{
    "domain": "scorestream.com",
    "owner": {},
    "source": [
        "DuckDuckGo-US"
    ],
    "prevalence": 0.00013,
    "sites": 19,
    "subdomains": [],
    "cnames": [],
    "fingerprinting": 0,
    "resources": [
        {
            "rule": "scorestream\\.com\\/apiJsCdn\\/widgets\\/embed\\.js",
            "cookies": 0,
            "fingerprinting": 0,
            "subdomains": [],
            "apis": {},
            "sites": 14,
            "prevalence": 0.0000955,
            "cnames": [],
            "responseHashes": [
                "7045c61804b60873fa82197c53a562488dc56df663b8a11b458a3fb74f9bd2d1"
            ],
            "type": "Script",
            "firstPartyCookies": {},
            "firstPartyCookiesSent": {},
            "exampleSites": [
                "centraloregondaily.com",
                "hogville.net",
                "manchesterinklink.com",
                "monvalleyindependent.com",
                "www.abc4.com",
                "www.counton2.com",
                "www.eastoregonian.com",
                "www.hometownstations.com",
                "www.ksal.com",
                "www.lagrandeobserver.com",
                "www.peakofohio.com",
                "www.thedaonline.com",
                "www.timesunion.com",
                "www.wsav.com"
            ]
        },
        {
            "rule": "scorestream\\.com\\/api",
            "cookies": 0,
            "fingerprinting": 0,
            "subdomains": [],
            "apis": {},
            "sites": 17,
            "prevalence": 0.000116,
            "cnames": [],
            "responseHashes": [
                "eb4312def37bb34120e9f00d7847c2235805ce0fc2d87dd5aecdf4c3933da125",
                "509ed79157674937c7ead4b82a610cda3e8d07cf078fa5f89bd5366f79098605",
                "5aa1b5c482abce89dd01ec046837082b3cc6099c1a548a728d7d8f3663862f44",
                "a5cf76b1e24a3d23bf3686b7a003337a2279b4a15827c175aa17187107fe683e",
                "295923b05a905c9908b6a11519e50c645e7cd31ec2ea5f1f65d1e5be12d8d2f9",
                "695dd30169b1b955aafaa3ea757779247dca4a5216d879aa3508b4562f514bcd",
                "0f84fe67ed341f985c0867c72d154520c64cb62b1b6a96b729463dafa290b3ac",
                "684f7b922a1393859502728bb05b74a0455a9f8e8ddc9630e8a2a5bae46dadc1",
                "1ed94fa0b905132b8450afa63a80968c96ef94f964fcfe004cb48f41df2c60a3",
                "eb463c978ded8e3355e885c3e95e2f6c59384d16f84a5ab2c859c956e37dd36c",
                "a0ebf90a472afa7e472464b7cf53d6cc2762f579cf7276e5072778904fb3eee9",
                "3599556132f7041aea0cbfd9259348367d4a8b1952b2ed7960ebed533dc21919",
                "3109cc24e10385f1910cff83e45341bfceb11016dfc2f1bd66e7d62ee2ee7b87",
                "49c20ea685a3ccaca70d25a5caec9ca8d5a6fe557d7d7906ad947a5d9494a432"
            ],
            "type": "XHR",
            "firstPartyCookies": {},
            "firstPartyCookiesSent": {},
            "exampleSites": [
                "centraloregondaily.com",
                "hogville.net",
                "manchesterinklink.com",
                "monvalleyindependent.com",
                "wjon.com",
                "www.680thefan.com",
                "www.abc4.com",
                "www.counton2.com",
                "www.eastoregonian.com",
                "www.hometownstations.com",
                "www.ksal.com",
                "www.lagrandeobserver.com",
                "www.peakofohio.com",
                "www.thedaonline.com",
                "www.timesunion.com",
                "www.wsav.com",
                "www.yourcentralvalley.com"
            ]
        },
        {
            "rule": "scorestream\\.com\\/api",
            "cookies": 0,
            "fingerprinting": 0,
            "subdomains": [],
            "apis": {},
            "sites": 5,
            "prevalence": 0.0000341,
            "cnames": [],
            "responseHashes": [],
            "type": "Preflight",
            "firstPartyCookies": {},
            "firstPartyCookiesSent": {},
            "exampleSites": [
                "centraloregondaily.com",
                "hogville.net",
                "monvalleyindependent.com",
                "www.timesunion.com",
                "www.wsav.com"
            ]
        },
        {
            "rule": "scorestream\\.com\\/widgets\\/scoreboards\\/vert",
            "cookies": 0.0000477,
            "fingerprinting": 0,
            "subdomains": [],
            "apis": {},
            "sites": 7,
            "prevalence": 0.0000477,
            "cnames": [],
            "responseHashes": [
                "749933a13d4ac6b20f970659380852f8308f66f2ca77387c43ca201557290e44",
                "dfa81342469748a8b1f15b944f1a83dd5db49bd889017cbbc6219432e589be3d",
                "0cb15d0813345a7309e14d8e182a4efad9fadaee0c8875c3acbbbb4f4e823fd7",
                "5fcceb75b00e6b1a025de6ea405394fd9d5c0db75d3501334155a21285a0e582",
                "77ddff97055fe4e54f494bed7a42e918e49a9c38b249a30a5003ed29b7f86295"
            ],
            "type": "Document",
            "firstPartyCookies": {},
            "firstPartyCookiesSent": {},
            "exampleSites": [
                "centraloregondaily.com",
                "hogville.net",
                "monvalleyindependent.com",
                "wjon.com",
                "www.timesunion.com",
                "www.wsav.com",
                "www.yourcentralvalley.com"
            ]
        },
        {
            "rule": "scorestream\\.com\\/widgets\\/scoreboards\\/horz",
            "cookies": 0.000075,
            "fingerprinting": 0,
            "subdomains": [],
            "apis": {},
            "sites": 11,
            "prevalence": 0.000075,
            "cnames": [],
            "responseHashes": [
                "a4740f6db2a30eaa7ef0c07958ffbf74c9dcebff7c7ed9ca5ec3290e9c5ce87f",
                "29f525319d0950448a945a4ff52c20de249f5e59b565711875e46ca692d58ffd",
                "99efddd0917d80c654ae21193fe7ba9e951aba753094d345ee5c5459e34704e4",
                "d381f0d615f6adfda23c3bfa480bf03c6787ec8f09f5466205cc04d29b6f72b8",
                "4572c03a3e9f92bc8f4964e5f1cd7e080c435c14fc04f142b94bc7d6c184f084",
                "ba6b41dc3ef9803c2c03fa3d42dd5b311bd4e2b696e76512842b21a3b4379912",
                "b3d430c0aaa8ac60244fd3b0047eb0322641a99641d8891a920abf58475147c3",
                "81c2dff43e7a84f34c48a1ffdea7031f0f6c70fbb6379bd0d975b65eb82fa2de",
                "ca4184660dad01eb678245de307174f7cd60661f964dc37a7d491816770129c2",
                "d7086106f0ecc3441ba4391c2ab01f388259f934e4d911f6169beb9c04f87cec"
            ],
            "type": "Document",
            "firstPartyCookies": {},
            "firstPartyCookiesSent": {},
            "exampleSites": [
                "hogville.net",
                "manchesterinklink.com",
                "www.680thefan.com",
                "www.abc4.com",
                "www.counton2.com",
                "www.eastoregonian.com",
                "www.hometownstations.com",
                "www.ksal.com",
                "www.lagrandeobserver.com",
                "www.peakofohio.com",
                "www.thedaonline.com"
            ]
        }
    ],
    "categories": [],
    "performance": {},
    "cookies": 0.00013,
    "topInitiators": [
        {
            "domain": "first party",
            "prevalence": 0.31666666666666665
        },
        {
            "domain": "cloudflare.com",
            "prevalence": 0.31666666666666665
        },
        {
            "domain": "d2sgc57sw7l730.cloudfront.net",
            "prevalence": 0.23333333333333334
        },
        {
            "domain": "adlightning.com",
            "prevalence": 0.06666666666666667
        },
        {
            "domain": "d3plfjw9uod7ab.cloudfront.net",
            "prevalence": 0.05
        },
        {
            "domain": "dbejeqv8nk3po.cloudfront.net",
            "prevalence": 0.016666666666666666
        }
    ],