{
    "domain": "sda.fyi",
    "owner": {},
    "source": [
        "DuckDuckGo-US"
    ],
    "prevalence": 0.0106,
    "sites": 1548,
    "subdomains": [],
    "cnames": [],
    "fingerprinting": 0,
    "resources": [
        {
            "rule": "sda\\.fyi\\/update",
            "cookies": 0.00787,
            "fingerprinting": 0,
            "subdomains": [],
            "apis": {},
            "sites": 1208,
            "prevalence": 0.00824,
            "cnames": [],
            "responseHashes": [
                "653d6eb568c5e3e2291e2e1355caa294c0f7c1ee0d640f7f233f6256a7046912",
                "bc597fcfab19ce0d9ac82b1165348da23fb58c9ef09ad9074c62e6955daab2ac",
                "88f0b7d2cff1c295fe2bbbd3ca8111bf3ba0eb51d6c00b2b2603a5cb0bb3f058",
                "9bc6b56f9d906a2103b4b5cecd42e2f1cedb5aea39f1aafc504dc8a435bf5355",
                "5355229f3be6ce9769fa51fcc3b8d04a84f4456dcab0e72a5cdbf503746409a1",
                "44136fa355b3678a1146ad16f7e8649e94fb4fc21fe77e8310c060f61caaff8a",
                "601bcb3d5cf81267e6e76c1cf978c6a98d000785c97ad1931399cb3f0de7fd97",
                "5e98b2d0b05d617e12baf716f50fe066789f8127bede19af7c4cc5d9434d1eee",
                "1a730db97511251fab9939840d1cdd009f67919bb0ee00c8c97de22578094b25",
                "94f27df1b895a089b5e8feae16a545d7d6033a6b69c68565e5453b541e517456",
                "00655152917e46118a12e8e8f05f4e4e1692e9d2de7ea98342dcfe81a8448298",
                "2b2e4293332f0a571dfbd179f51eef8803f7d752baee973f03b4daf9a476afd9",
                "183635765fbddc77923c1c3e424a21f124bbc9d31b64ec76ca96c79e60cd42e6",
                "d9863a0502b3e8401817c43b736d9b865b4740c2da9334f8c8c29349c0d31294",
                "75d7872821f40cd2b340aaf3e406a4a09b2c0d375a87e24873b676df0013bf0a",
                "f0c4f625f843a52999c89fa8e4324b91c00f812e7946f6e880debbab2dc85ab3",
                "d070f2d34a45e5914fe50f2c047be401011f876046f165f67805d39c7b61195f",
                "cf86cb74ec23eed7d3a586d6cbe6c542db950985a95a81a6884e315b5f1554d1",
                "c77602d26f913b7572ff2bb481bbe6b3fec418c1dbc8791d156d9ec71de6bc5f",
                "c687fa3faef9af9b965a909e6a215569e21f67d09e890ede2ab270863b0aa7bc",
                "d8c92c96e4dd025d985019f4580588deb61bb61e3111d88074aa54058b672641",
                "60f3a2b9f74247639e355b7f168f492f537e133cb23bee1df4f3eeebedcf0292",
                "fc6c553b57fc9ff84660c1ed0526d6c623c00d093b5126ebc4dcdca4ad36d187",
                "c9fc1424b4373a2b0fdfb9cb53a349a141d1023a08380631324b5ce0c11e38e1",
                "3194f0ced412a5171925b8a24773e6d87b89151a2f75b884912c7c5adb86ff14",
                "0ee250c942f3b051b9fe26b9915949c087b1a329276a3c5155409a741784f7af",
                "5e6c57ddb652ae796bb17df88129dbf9aaf7033001b6b72099b817a5d36111c0",
                "7396720773d722e930ed99fc12fbc488243df5b3c932b478ceb069cf1fb1121f",
                "f1c2e4828cb546da138cfccf4fe2bd8cfb5c978030de1e92c9489f7729f36476",
                "0e30facda264a1e018c40b819f98fa6391403ad83b91d3b212823d17d326ed83",
                "9b4a49d2d77a4f12bf5f14c70cea82c86e637200c2250696d4f6ee7c67ba76c1",
                "610c54a9c2e46dc44a0b4f03f626e2a98ab60ad6971ab8a6c70543dd4aed2695",
                "d38bf255cb03ecad79768ac6d22aaa1462d5050fec4f5c393a6e82b03c05eaa3",
                "384f843c9267c27688f1c9788d8a6e367247f3f09e6d9e20fc47237de97cb851",
                "fea0175648fd743e6dc76fea96f76165687218a07b4b915a515ada83aea809a4",
                "cedf2478ed4b92399a57056de213628fd48e11a0dea875292c078f82c73bdd64",
                "52cc264bfda5dc1e4d33d51b4498a2d69f2d09b931bb64f562ae5e42ad0b29f0",
                "edcbf22e517e3f32d1b4c1285bb06f7da70e15bb7ef3de6e0e53f9b6f3180c82",
                "b7905e854e1126ad1e47ba6ea18090bdbc253c3fca9c34089a1fcdab5c96a114",
                "2e0f346a4730f5a4031c43c3e66df7f39e6d08a63285d8b93f4f30deab5c2c33",
                "732764c6a90984fd8a15a4b05a561ac613b2060ddc128eb700f8a6f3678465c1",
                "2d2e40da12a85eaa3ff8ba9e74e6fc84fc340dc2e6361341a65af2d18813fae1",
                "cb721c150d84dec79ed78648b04c34d79a1f5bbaee5881c6b011b70c1e106e77",
                "ee5375f4423bbf642e4dad034abf84a56dfeae44efff0f3233383f46001bfaab",
                "e6d20a1306da5b6eee7508f5d448184dd01a404b3d4091d90d7e12f1ad9dcc80",
                "12f6f3cab1565fd7a8b086487cf24ebf532704ce6f02cbc94f08ec6979698817",
                "35d9281038f69dea9f2fe7c2f515066626e2832c5213f4c0c7365151cc69c727",
                "a1b4514ed271e56406a3ff3e289bdce0467799ea51b65bf1e14a0c2ab814eb69",
                "4475f6347ce03803c50aa0cb0731260522f03be5d38b897f754b0894c7f0f0f2",
                "cfa0c048d623f2d95ebdf4d10093998becfb937fd2bc9f08439ac1642f6cb923",
                "bd7edc33344fd0f58ef90ebb649e478d76ff4c4d43b4922d4ec2c8e4a93ea8c4",
                "a0bd533a9aeb011de1541dd50e4f57bc898d0318008a68aeb1eb5669d4d9a070",
                "17759c7a88d774fe8114f98752a01e0836bcc0678fbf32c5fea74d404df1ee24",
                "c8d2600848f127ea1c8071cf1a2767d63258e7051e37202f8456aff423a9280c",
                "efcce7aec276475a046d5e049eac8295117108e85d760e04488838c4da8a5e5c",
                "946d4afcda0f343a304817998b80165971c604c722ae5f25b2841257abbe9e27",
                "a6ee0b9901ea0ef06f2295713bca38ef3d3b8c333290db8463b98946bf4d1d3a",
                "121a54900e4480824db250d97f276f65efa4b678e873267dd8b764f9efb71860",
                "81eefd55b64d8112598f08b4cef0d8779f3acbb43bb3038c721fd2867746a429",
                "5ec57830d2eef673b780fa4093eccf45b80d8af1e01eb9a8d96ea0b5f60238cd",
                "4b8c2ee50d61e2f786fc17f3049c32d6cd81764e7647bacb5a91f3cd33bb6aea",
                "4622b49f4b5f84008a926eb329fef563090ca20b52daf16d09bb2a48402ed0ec",
                "8fecea9dd1714da14e46cb9f8bd4dc2b639a88be1eda8f38e056efe8b0c18e03",
                "9c442b6bd82d2b815361be8859a10927688a9cff21d07b98a908e65f8c7e4183",
                "7939d1667a947671c3afddee91951df64654cc03f631a6f37be28e2547067ddf",
                "7dc8ed998c493c5745f7e612d2ab111356208d4aaa9018034ba1c4722ded4a6c",
                "6d977c4141d5e53a86ac983f6eceaf3d364ae1585f2625b7b3a8cde5a9fca991",
                "92ed9fdbdaa1a9d5f73a9e257c6e8f43baef8b02cf3ca17db7584df50069b8c2",
                "3f0b0f56d0e8006c4b922e31246a5db57ed708345abe6c2214b8b962d1ae4495",
                "dcba633d7bd48be56b0289f6dc702ed4e9ca1eba772172251d6ad522542264c2",
                "5a2050acd2f583e4f625cf09fc08907dbeca3b28af9347d760e88237dbf43347",
                "6ca832c54cfbd90fda792af459ef882ceddf5275ea6156101a1ce3ced81e374f",
                "6dd2acd36ef87c4023e9dd74918e859d87850e2c3a8652791e4ba9f4d62004e5",
                "00cd28da9ada051dfe25c3e9ee6b2192422409b565d4a5490dbf7f357d699a89",
                "7d255b677c69be65c75ded578902b84082f818a53249555064678ad5c3f2cab5",
                "76532250d0ecafeabf9655408001f94507b57e10174ea6a047edc357afd1d60f",
                "44f1d8d88ad78f9a8e3011d1de5504d331373e000ee84bc7ad09a5cb73e2ae6f",
                "4df84cdfd9fb22ad8ea63dacb9c2956a2c7ec9a658d76ea58f180da93638c001",
                "c260de5453c64882f37a5088aecd242e54d0d4ca0077384ce6f659fcc51480b8",
                "7c6b8c608a285f9b589cf4be7cf567a7f86b20468e9cd7ff30965cc4893bc2cf",
                "f55119a4c3545b70e85912f0e8dab1fc45b6422ecdc7dffd7985aad7dca9c8ad",
                "d0878f3f60241e05cad3c7e4a36f2ab24fc61c4addf9c2d53e57445303bdf900",
                "1455ff574b09a157b7097f9308fecf54983a67793ac6c51435d521754ef8f646",
                "66e1fb7c5bfe4158a5d96d6b879798b010c75afecdc4bdc1c24fb560bd3eb7f1",
                "6241bc57ad0bbab3bb2f23e503d5d69436dbc9c8cc91f6ee1a3375dd04462ec9",
                "f664b1880266d9aa9e37989fd0b52bb04e768480cb6f2273de3b9194071edc75",
                "3fbb9411e1b22c81310c9a3b034fa83e3311e7d54fbcea03369cb67ec7b46a70",
                "a6118891e5aafbb6f10e9bbe0c56d524e0ad00adc741ad152efd45de04f1a4bc",
                "345941345ba0085f0685ff32f2b25212e959cb3c4e82a51dc92fb78f4ff83dc7",
