{
    "domain": "sda.fyi",
    "owner": {},
    "source": [
        "DuckDuckGo-US"
    ],
    "prevalence": 0.00873,
    "sites": 1281,
    "subdomains": [],
    "cnames": [],
    "fingerprinting": 0,
    "resources": [
        {
            "rule": "sda\\.fyi\\/update",
            "cookies": 0.00658,
            "fingerprinting": 0,
            "subdomains": [],
            "apis": {},
            "sites": 995,
            "prevalence": 0.00678,
            "cnames": [],
            "responseHashes": [
                "44136fa355b3678a1146ad16f7e8649e94fb4fc21fe77e8310c060f61caaff8a",
                "8988051f95b2b64f29d78d76ca0e4058f1ee7de4b1b3cba86f505a08a0d208a0",
                "a0a1220434cf176b3b7dc0c403fc88ee85081453454e7ffb7919bc824e532241",
                "d070f2d34a45e5914fe50f2c047be401011f876046f165f67805d39c7b61195f",
                "a59f5c0c3fec53f0bd981d19ab57d54fb293d0bfc750271cba15c884ae92c861",
                "0a455101c7c1353cbe3f4d029f1e200775cd213279059c79c880e7c61c81bfbb",
                "cfb42f98b30788facf718471e294c136364c38fe6eb11e4f518af76314271d43",
                "6c324f9320c7f0e9ef0be6e3f022144d903cb44e382064734e50a51d0eaea970",
                "0c70ce68dbf5e7c7729b8fcbde72eb4cb30aaeb9e22cd41c25eb84e5fa43421d",
                "22219c9f40e82dc156c121dfad38ab66ee46c7eb944860892b0abdb9a04e6f21",
                "41251e90b74bf501847a9dbad41596d50c678fe63e7ec64a63d2080e3a2af90a",
                "1a057cca41e3c570ecf5e29b0f66e76d98251559a949c990a396c08beadffb8f",
                "b9dd18473180b3b540f3663cc3102affa10a8fd1e71636bd9377b658a1281998",
                "f1c2e4828cb546da138cfccf4fe2bd8cfb5c978030de1e92c9489f7729f36476",
                "898411a0aecf9aef285d3a36458aa464f4c155851ececbbccea04626818c1853",
                "44f54e4ed08561fae19265f71c394c10e4f0bbad5fd75b0804f02f58f8b01497",
                "02d5e1569a09372b1f61239bff9c2d8c35973c048ae101540c1863f22fa9d8a0",
                "843ca335c9fbf533b3fb08d79fd24df235faccec5812031fd0c22aea8cdcc9f0",
                "6133a42897295f4bd7af9888b2cc89a3141610324cc3ff8171f3db7cd5ee7e60",
                "29220d82f293c5b9d0187d16d7cb73dc30964936444d47a7f4e1bc2c0cad99d4",
                "8ef1cf65aa1f4284e5bea9d26e50ea83b52fcd9470a3c2bf8cf2a3792005e31a",
                "2eafbcdf7deaea307bc98e1c95e4d601f84e63b6fe6ed5c32098d3ef4e042319",
                "012ec6494260d4628056a6d2a575a8df3993fc99d60126bc1db86d4efb7765da",
                "6d977c4141d5e53a86ac983f6eceaf3d364ae1585f2625b7b3a8cde5a9fca991",
                "cc16b15c10452e0b60cff8349123ff5455e1ba6eae549d4d835f87c36100829c",
                "88f0b7d2cff1c295fe2bbbd3ca8111bf3ba0eb51d6c00b2b2603a5cb0bb3f058",
                "2842738666050954be3d52d251357f2c440b7bc5093cee062a7e229a1eebe7e4",
                "a756aa6afc418eb9e2cd84d6e3b7b0ff6e71f1bcb4cc82de56a7990eb207d192",
                "52c142abb469d3fdfc96003f80a082df7ad20745fbcf1da6c3dfcb6a92a70f65",
                "f553ffecb9ad76337586583521022c97effb2c0a580234c057f1905318f78605",
                "601bcb3d5cf81267e6e76c1cf978c6a98d000785c97ad1931399cb3f0de7fd97",
                "1d810bd4f84bb3d7d6f4c3fcddd1f36d245f204164f407077eeeb45c8df99338",
                "aab31280f735b35e28673a7cfde4d164c25d2de8fc4f62be91bff284278f56ff",
                "c7445ca542709467b0838aa1adefda9b06d357106a69aca1500304a2a64db7c1",
                "d1ec40ce457b9893c5c78e0b00beea4f3da856e7397b028650395cd173451a15",
                "b11cdbb7129d44919f7e35b170ad0c52894ce5485a83054602f8378d90f58385",
                "024f06054d937528fccbb9f07e48185986697844b5b80f242f8dec3810edc3ef",
                "ebb99ed4b0b7f9ce0975fc99d07d32a314992d02c215c7ddc60dd65196209fa0",
                "fc6c553b57fc9ff84660c1ed0526d6c623c00d093b5126ebc4dcdca4ad36d187",
                "99a5460708a8767f8ddbe712123b68bc80c1c7d5de497592d037de57cea7b558",
                "28f32e6edb28fb177ea62a664079ac4341397baa53e8cfba9a51f3325e1ee33a",
                "edcbf22e517e3f32d1b4c1285bb06f7da70e15bb7ef3de6e0e53f9b6f3180c82",
                "ad47a4894807786c56c12f8b7b31f1959d6a8b7585f35feaa088a82bbbd4afce",
                "46959bd3b0650a7362d7f1825a2d9c1fa3bc8c6bf71e4db2422e39c463cba65b",
                "017cb4ce19710421ff5f35f4d973251be201a239628fbf8633d5538380721011",
                "0d66c5f8a1d42aae39c513417f6fad887afb0234830455bba9077fcf51d1eb5c",
                "88296d6c446c86b063f36979e4ab1a92fd955cc78a2138bdd7c83b944ee1f6de",
                "bd94c75ee98cfcce28ca807745193f49f574f2d2baaf6671c875141e5bdd20f7",
                "797f3160758add0c360589ee8e3180e3d5b2dd80751ee2be92d71129863b4001",
                "5c20db0ea88534c44afb88a9728ee9fcad09dd46d44c6e6dc472fb50f6ace5d7",
                "6263ff5e3f199779878fd75a5c86587a8c90e3637de5b8a143771cf61f55b872",
                "324d5323c53fe1eb0297039edbd024e7f0f107af238a34cba33d3c070e177b99",
                "b58dce3f69a2fb36999c7e3d1ee084360470710742c3568e4a6f6197e28c341d",
                "519dd9f60d575f6f3eed6bdb588000e6b6d7b2f5277b58b79f4d5f6510fbc5ac",
                "983c773d04bef840f18ad1aee890321cdbb77827e651f77ae02f4a2a0416fc97",
                "b8768e641087a4e0bcdde847d687069541e8e994d4327f9b633393521e8b9070",
                "c8d2600848f127ea1c8071cf1a2767d63258e7051e37202f8456aff423a9280c",
                "c45d02c77418a69da16145c0a9868f76e1230416d7f13878a8ad66f4f9e93360",
                "73cbe67c72890c7de3f7ca3f44d9292c235cebe4c4f5c6927a64cd2004e626f8",
                "44f1d8d88ad78f9a8e3011d1de5504d331373e000ee84bc7ad09a5cb73e2ae6f",
                "c65486061ee8763f0b1cd66c9ab40d4ba0d5eaf80d5458a14a39e0bc99744574",
                "a6118891e5aafbb6f10e9bbe0c56d524e0ad00adc741ad152efd45de04f1a4bc",
                "a5f0fad3f3301465325af3f15e70fd1484d7e2eb95136a0c5a8831ad751dbe3f",
                "1ec69d6a83c626dcf51aed933133b7003d18e902cb220ad21b0fb5337d8d8fd6",
                "b63ae6345a18f27732a5a5ea9927458559f08a2c29a59f3e1f4be80de14f0e8a",
                "b6b5823d4cabbf4d491ca1354581569f7c16280065ae9e0cb5e8712b11444541",
                "9a373ba63d2e9fe50864e89582e3fc9a17e67403b5fa7e1d76d3c652c8dd896d",
                "f31d646ff231418446abb0c4d656ebec4cf585fe1c617675b93b687f253d4443",
                "2c35c434e1ab1dabf3b4bf3189dc5456c1888df0271bccf7733b363df3fe565c",
                "fcfe1b5568c40226f534995fff0ca9baa6a45082f2f1728190bf2f04dde15cfb",
                "1d1a724de4584f3eeaba41f55dfedc22b9cc3c93601c6414280e9179979e7f1a",
                "c0aec37b9d418f6fb092a6c56c3d61db8d56509289acbc48f25093f8af946e07",
                "24e34f3783e79fb31d21a28263094e1a8728434f721a0c1c3bae7f9572cd7b8f",
                "5e1b72889cf8f0f48503c0ef455a887be51062f5adf2ce7f396410b490f57933",
                "fd7f127a6c56a57b6857bbd73a1038ed07acf8b7d425bb52a0d383fec610c577",
                "cbf53bb2ace2483c864123adfc4475d7d921b936179858dd8c04a0085f990d52",
                "ab6c78bb6f2ead8dd8c4880a62af0351e44d79075b2eeca120ce3d9946c09fa2",
                "76532250d0ecafeabf9655408001f94507b57e10174ea6a047edc357afd1d60f",
                "f450b568c79a3cda2c4da601ec90a8d556f8aafd504caf0b47621a0c4e8d999c",
                "9c0732fe93ee3eba8ee2ace3daabe9f982b11befb7dff1173ec19e104b0e10aa",
                "f9c6417685dec31cb678121dbee4f3bcaf92bc765cf86080d5f3b82e13121ae5",
                "94f27df1b895a089b5e8feae16a545d7d6033a6b69c68565e5453b541e517456",
                "1b63da266f00ddcf5ac2693f3fcde860f6ed3152fe7f7859338ccf2996c8c1ee",
                "ee5375f4423bbf642e4dad034abf84a56dfeae44efff0f3233383f46001bfaab",
                "8ef4c8589383a5855b1b09cabf6b78b59ef5d057d9d0816eedf265c6f443f14b",
                "5355229f3be6ce9769fa51fcc3b8d04a84f4456dcab0e72a5cdbf503746409a1",
                "861a4cfd58df9d2a55d99768814d4e696b6a477200c47b5acf4c8743e40f62d8",
                "e6f31271eeb5f088acc635e97ce90c7e881e78b7afe26d52d7b6b135c1aacea4",
                "bd7edc33344fd0f58ef90ebb649e478d76ff4c4d43b4922d4ec2c8e4a93ea8c4",
