{
    "domain": "sda.fyi",
    "owner": {},
    "source": [
        "DuckDuckGo-US"
    ],
    "prevalence": 0.00948,
    "sites": 1393,
    "subdomains": [],
    "cnames": [],
    "fingerprinting": 0,
    "resources": [
        {
            "rule": "sda\\.fyi\\/update",
            "cookies": 0.00677,
            "fingerprinting": 0,
            "subdomains": [],
            "apis": {},
            "sites": 1092,
            "prevalence": 0.00743,
            "cnames": [],
            "responseHashes": [
                "44136fa355b3678a1146ad16f7e8649e94fb4fc21fe77e8310c060f61caaff8a",
                "2b4d26e0f1a8e445fbca72806a2a4d923962fe736860aa54667028ff611ca95f",
                "c01c8bc6fcf9eeaf105f1702aacfabbbf0e201bce04eb1f3e031cce9a8b32007",
                "ada8cd121b1d795523cb46dbf001de15247a765a0f88c245930713f93160d405",
                "0fa2f6569b30d2e0c1f100463555759bbd515657e8caa0d558aec912c1214e55",
                "f6d5bc8044a0d0c870c06e4a5404f0dc2a8de8f1660fbe421760e4b80e8b4dec",
                "b9875253f8b997ab8f453eaed3a4b229b057da459f8c248f2eda4d3f91db293b",
                "80bbcf2d1d5aa500a165166081f480dc99c12ea8fa313d8ee774897ae69c0c59",
                "b0dead2437ba44fb1abdb72658a6e40822888db73b76999ce313251b6daa759f",
                "e89927c5c261b84c3ab6be85b8658e188dd443ad3cbbd8489e8f3181f8907056",
                "9c7ca22bdc84e44a8f8b224f9d466ffb6be465638b1dcd4abd580d79f570f7b9",
                "91d06a0424f4b25c7691e05828f8bc931183949e0752ee30f7e1c971d82c7c09",
                "bdc0ae97f584b6a7a7c5db733e49b45552d72715540804ab0e71d2b6496f3c36",
                "485394f6b6640f7531d5c06d165f09ae7d99fe92f1732d2af934d0e55d020f7b",
                "0e273c863d2035e9d21fccccc540a433d5d673dec0a10a21165c4cced988f899",
                "3e23810640c5ed45108b3210ffe26abd84b3b0111d2154509bafa20a7f96ad48",
                "6d18cefbe83b8cc92e8432cd0d07998ab109652dff680b6dbb64b09b38917dd9",
                "4954f7bd27db2899d57a859f05cb54324db0cfdb5dbf0ea2e842dab705b7a23f",
                "4c62d37149f30d1bf2f1990fbf8240d1586051aad34914a73c99ae75abba53cf",
                "b3e20d746d4c51c373c026e5f311bcc548a4438b14e2c82108789206c83f213d",
                "7e32e735eb1035412b228e913e5e0308be338913273dc3d01f8b0f193454d46a",
                "19469018bded1bf38be2e47ed15e85b047b7eca49d380f50fb598b3f255d8636",
                "1d3088cc53c8296be29dfce1027b9ff769cace3ae61acff1436cf041a99cccde",
                "74cf136f7d415c70cde9e3e4cbe67c09c3c7c9992c736e3f1f7c00c2ef86d406",
                "d9cb53cf357db0a14ae856c7aac9e27a7b30ceaf1eac6b71cca1340cb0c6bec0",
                "1b644795b0eef7101454096877d90c4abbda3d849f836f618e614fdba06201bb",
                "b726c549e22b17e8e6ba00ae2fe6b5479d0f87863d9d4ebb42a99306c000b712",
                "895d01a8069906c9c533742ce69369689eeac34d95b5437ca04b2cbf88f4ed18",
                "2c50e2e49b004a6b546b3e3d474aba8e588259137008772ecc137e89900fd548",
                "1b1de02906dfe3f17060cdded1cf36f04d5ee271c2fe085c25a85ae8aa72e700",
                "036c3824be0abb72e940c491bf1413ba6697b16c4e44618b093290e99374b37a",
                "8da72a8f5eb4806c1b95bae4d8f3a1fd40a540f00c6b00c0932ff1007b86d060",
                "5a548f81190a7bd8d1e034dd3e28ef20cdb78365219fd228074d20c5cd7a806c",
                "43ef0afe50d339ae64b5928831020fa6a004a8692353a02cbc24eb9664efcc08",
                "7f0b79c7735fcd0879899bd85609b0e04eba36b962a52154a1cec695e83ae458",
                "0f20ea97194a12137f9a200d39621576bc2eeda8c62523190c290ba2e81b5f55",
                "70f8e78bfe77dfd5766051616a2f2f9f4ae1783fde533ecb6e5017e5a00ff4e7",
                "f526186e6b4d9ee12b7a512ae9743a397e903bfa2a42776e642dd46495d80767",
                "62eb25047b5eedcb7966213b7af19d98725b1135be78ae8a107d6c49a249c337",
                "ab17753b2ebeeb558bed0be5a7f6ea407d4df1434e73388279f6b75764d4fc62",
                "fbb68afb9c38c78166cfdd81071472221d8591e6ca07decb4afc33d4cd053ce4",
                "773ab695659c67585eba830118cafc338f595938e1e3a97032681ba5519281b5",
                "9df6e40d4de58d24256dd5ec125f18550a2c6ac0dd5ea81b47f40d8bea7633a4",
                "f661fbad625d50f9286aca7c35418515afc12b1a4969d94f63d6e5aa1b96ec36",
                "d4969f2b0a59b6ee4009a4d3d20a563a58e19f31ccdb09a1a24f363e1343870d",
                "da69f60aa7b162997f1860007ed3c5ca227f8fc040bdd9a1d010e381feda5726",
                "c909c3abb3565ba83da41b5d95694ee925f27c53e29366c46c9543a58fd1427f",
                "fdf8e2538b4254d87f940c50761bb2a5ee617e223fd6bdf56ddab878a745583a",
                "91899aff0e22ea995d13b5bbb372e48b8d9d5e09fe2dd47c2c395489a33216c0",
                "3989fe0184e2dcb5a0eadce84e1799d46734ae585b9722061751489f8dbf2f17",
                "3681de32f723d88c17dafda575ed353da89f4dcf52bebabd811a8ca507b11bad",
                "d5ab182018f057b07549d2466f40d613eab193fd8f39529a53c23090e8f2d6b1",
                "0f01e28f596c61279d1ab1c74c66838a2232920b6995a37d24c77800c4c16ddc",
                "cdd64d50e4cc3861be54cdfc46fa858419a3bcf83e7075be59361f8b13614a09",
                "9e280cbd9bc3b706e5c009dbe179dc684ef7a96feda784029af9a7102f629409",
                "96af19a5f744c00ae4dfc02e3119918166b4c733e47efeb2b89b86d45d6519d0",
                "d1ed11e1c125f154f802aecc310a30fb223ced080017c2a3f9db855adf86b1f3",
                "04a068f7ff520f60baa1c1ee8342d561a8db5aea5e2460190561f3c87e363815",
                "e1658f5bd6a84d8afb2753ab9cdc14f170f5c7df6def7a350034e439a8abc799",
                "7c3db49c0521091b97e8274028538e626c29037cc43d9aa07fc8c2bd0e1fdff3",
                "1acfd73e992a44a05927f5541e11e13791e63d037db26b060d9c163ab0271061",
                "fa32bfa7926e76759b1ecfa5502a464ebce05c5d8b7102a407f8f0557a520bc3",
                "857858b332abb62cec26da4cee38197a3b88defb79ea30e9dbbfb6d775eb11a6",
                "e95f9be8b6dc0d4b460933afaa09b176c5228482bc554dc3b7161f828a7affec",
                "b367201243af194ec30de563ae7ae61744adf12125c660115a6884bb11b6cff1",
                "a8eef32f774c7b6012bec5863fdcbe1dc067ded84547175b92a59cf1c0005539",
                "ec143937985939713da8f76b255b0e903888b6a17ff3314b55970df22b4bfa9f",
                "6529d25b34d3f0c0ee5d823f6c043039bf561afe0beacd4a1cbb224de323dea9",
                "f0d3231b7e1ca3ff72d9363e2151befd4f891bdf3634312f701e50bc9cae44c5",
                "053cb308305179be71dc36cde8cfcdcea57957230511285b626650996437f840",
                "89d0c67e3158f9da6bc666bc6aed55b402806aab2e1fae1b174cd43c67742950",
                "fd640c6253b46e4de35c9cb49eae8951099efde143379c46480c6aef754a750c",
                "c2c24648a4c74d9535133caf744ece32306f1fa0b85e4696c6fa50aa8fa10a59",
                "35b5e0ba5ce437de874f54af0eb61dd12d140f082197081eb2c875faefd2b0d4",
                "9064123718f481fc6f96d0e57944bc3d4b5eeb23be40a50bb21907641b0e2333",
                "479fd9282e8564aed0fda463bf8915053fd8c178386fb45e1fb988a5431b5d89",
                "1a37c1bf219096a15e484164cca1af73c318ed84658ada69a399f95371d45e9e",
                "0329f97b912ef25f3f82e7f0df52bc37844802ec1f0e10481b28f1de8e3ff37b",
                "e7cff54a6a35f8deceab69bddbc0a5c58f968c35f3663d6777e62f56f148b86f",
                "bf64e159553111186b603647b9f3da814c470e283efced896968341db645fb21",
                "334bf11beff260b569bc951892c0092de890a12b7bb6eb9113efab61f3d8987b",
                "e0bb1d57bcad442ea98c6a0a6ecf2ecca823d8c222331fca3eb9eafb9e0707fa",
                "79e249b748bca163d68bba983a5ae298176213db011e68038f75b8b22c2384ab",
                "8c169d5c236411ebd16d6b02f558931176f87c5635403b12412962e8a530ad76",
                "360702820a1909ed6f76d1409e71594d6091328d63dd410110de9cb248921339",
                "b6a23a5bc124c908cce8bf8d6ef43b68093a34d54c75c58a402ffe5001eddad7",
                "2347040900b2c437cdaad578807a3816a23dc670bad6e8be5d06142fd5592150",
                "c507113e4839e4710f95c2c1c8e502edc425c3194a20ad6237af99467bef3653",
                "9647d9bda2e7aa207a3cb305b99fef57680f36465e0e499094865e1b9921dcc4",
