{
    "domain": "sealsubscriptions.com",
    "owner": {},
    "source": [
        "DuckDuckGo-US"
    ],
    "prevalence": 0.000191,
    "sites": 28,
    "subdomains": [
        "cdn-app",
        "app"
    ],
    "cnames": [],
    "fingerprinting": 1,
    "resources": [
        {
            "rule": "sealsubscriptions\\.com\\/shopify\\/public\\/js\\/sealsubscriptions\\.js",
            "cookies": 0,
            "fingerprinting": 0,
            "subdomains": [
                "cdn-app"
            ],
            "apis": {},
            "sites": 19,
            "prevalence": 0.00013,
            "cnames": [],
            "responseHashes": [
                "860327f4e0c252e73180d40ad364f9e54a755017a6a7c93ec8137eb813f8e734",
                "8622c9f387c912080eb1a53aa5b45c3334790ffe0ac136e9f109ff62d9f464fd",
                "b65fee2a0396ddfaf8c725c6c2799a84c33abd170d178257a521d92029cb329c",
                "9d07c26ce5d1c064ef6458a012a736a6289623cabf41842759bb660f0b087848",
                "6cf15cbd577c8c4321e9a0e223499fb70e61581a34f3c0904e20ce45528f2c62",
                "2850fc16497754c310bb982694d6389e0fdd3971b24b2890c6d8672b3786c24c",
                "58f4132286fc06daca989079b4da7f8000b7bbd0fca6abf318b126466b625923",
                "883ccc7b2f9a66a56965cedd140d2d90db959e62f9263f961ebbe584ee795ceb",
                "6bde0b02bdbe0f7c40c379f8803e5619665cb56b765c855a7f5d1b4ffd87d253",
                "d8155ecd3a05535859d0160b86d44ed4144278fb2ef159d8aff3f9993ede19d4",
                "3f6ae21b7ed451f236e2fc38cfc398ea58a7ed53e91e5edec7345707216f8efa",
                "08e6114bff697a4d485c175ab8d6c5ddce63800730a3a59db23b4a2158df0a93",
                "84a4bd546578ebffd3ecb4b3ee82dd907fef0cf273401d3bec59df66f7814e58",
                "20f551d38c2821aaba00ad4c0e8ec78633a8f8df4af4755ab35686a26fd54e11",
                "9e8952d93b9a8fa09e689975f5a20110f4957ce1be9fc5bc915f78b6f200767b",
                "d1d8a4a5f61ab87fe1a2c03f10b81190d714ce075d29377dc5648ccfc1f708e2",
                "ab7d76f3f108335108d484c501098b74aaaae8464edcd943569c483039831adc",
                "8f22a3945b38c826f23351d7883bbdf020c1c58b59beabc7b4468d770935cf46"
            ],
            "type": "Script",
            "firstPartyCookies": {},
            "firstPartyCookiesSent": {},
            "exampleSites": [
                "be-still-farms.com",
                "bluebonnetnutrition.com",
                "boompositive.com",
                "casadesante.com",
                "clarkarmory.com",
                "countycomm.com",
                "fortworthfabricstudio.com",
                "genucel.com",
                "lgparts.com",
                "madeinnewmexico.com",
                "michaelberryshow.com",
                "mielleorganics.com",
                "samsungparts.com",
                "shop.teslarati.com",
                "www.cleetusmcfarland.com",
                "www.herb-pharm.com",
                "www.scentsplit.com",
                "www.sweetleaf.com",
                "www.therazorcompany.com"
            ]
        },
        {
            "rule": "sealsubscriptions\\.com\\/shopify\\/public\\/js\\/sealsubscriptions-main\\.js",
            "cookies": 0,
            "fingerprinting": 1,
            "subdomains": [
                "cdn-app"
            ],
            "apis": {
                "Navigator.prototype.userAgent": 18
            },
            "sites": 20,
            "prevalence": 0.000136,
            "cnames": [],
            "responseHashes": [
                "c03163790f2c683ab9e5e4b4bbd9e3baa3b535a6b2472617135add0b838f5831",
                "24b27d294a0e1475cd3467240413f0ccf341c2d52e535028258377909331eeed",
                "f0a75515fcf695b2279c09ada49774e89a68810925366952327d1409b0a19cfe",
                "e3b0c44298fc1c149afbf4c8996fb92427ae41e4649b934ca495991b7852b855",
                "fc421296f64646640d694d2c692e77808a180dd410fa6f214dceac46d951fa78",
                "0626644714a0c90ecde1ae1dd9bee5f209676b4cd84ae9dd1617000c603462b2",
                "c407a0d927796d8bc0909bbb752ac74aac87793d4771b415356e44e4d2747e2d",
                "65ae482c9cc1661c5ad34e4bcf93d6655f94074d17bccef0cc886ba4236e849b",
                "4111129208f31486a4d25804d46c91c13515096589c4c34e22f9d44fb771e7c2",
                "39ad282f4bb41890f7ab3cf745f6fee003769a9ec09a0a55fe6e0953de8c691d",
                "6908ea6b2345ed3dffe274adb1d5c07346814309e840bae7b4cf117977f3dbf9",
                "6fa54b38e5b5e77bc9c2340d76d9b98244cc4d0a19f4fa8cf9c5a5aad8851ad2",
                "4aa7901991997c24cd006b3881f692ceaa297304c91dd7835cd690afa060cc12",
                "51736e6c08d825ab2e2899ab84a453a254efb46e4cb976b173209107fb83f5a2",
                "78af1080504940ee385a20fda9091527964dce65c95be937b88b6aa8fca98653",
                "ace0d064c4b54ec7c4cd8ca5b409ac3966ec4c354ca1a5819dead3e18132de3a",
                "0e7b4841c1660327ba8cfa9b22c51a3b4c032bb65d1867cd6f259bf6a6ca97ed",
                "d05c2c1f5ea93a62e4c5d050f1ced83dddbf269c7666f85c59a175f7bc0cf691"
            ],
            "type": "Script",
            "firstPartyCookies": {},
            "firstPartyCookiesSent": {},
            "exampleSites": [
                "be-still-farms.com",
                "bluebonnetnutrition.com",
                "boompositive.com",
                "casadesante.com",
                "clarkarmory.com",
                "countycomm.com",
                "fortworthfabricstudio.com",
                "genucel.com",
                "lgparts.com",
                "madeinnewmexico.com",
                "michaelberryshow.com",
                "mielleorganics.com",
                "samsungparts.com",
                "shop.teslarati.com",
                "www.cleetusmcfarland.com",
                "www.gistyarn.com",
                "www.herb-pharm.com",
                "www.scentsplit.com",
                "www.sweetleaf.com",
                "www.therazorcompany.com"
            ]
        },
        {
            "rule": "sealsubscriptions\\.com\\/shopify\\/public\\/js\\/seal-ac-module\\.js",
            "cookies": 0,
            "fingerprinting": 0,
            "subdomains": [
                "cdn-app"
            ],
            "apis": {},
            "sites": 18,
            "prevalence": 0.000123,
            "cnames": [],
            "responseHashes": [
                "882620a71d149db959d1fcb92d14dc558313f6091bc5130a716d662d557fc0dd",
                "cf34dcdfb3feee13e98d2b66f84845f72486c6380fa1aa4fcfb956fdad2584ca",
                "80105f0193f2e99d5418112776b54633d0a43347f71c6e8be01c7097d1ce6ade",
                "c658e752fbffd21d332e10c8143fd5aa72fbc2716344d2f5b889f2e8d1dd7895",
                "c0ada0504318b681a8f5665f94ad98445ff070f8ec6c0f9c5001e753c75a56a9",
                "12f076d1dd5d92b645450d35a8c87e3d817891567182fdbe79088ce4fa5ab2e8",
                "ef8b4ba539bf6d3e4c05033cb3447a154ff35236225cfb104746c2d56b0a436c",
                "a97a8f6f058fc1e08856f7758fa88052b5abe4951007e1cf6723ecdbf1346706",
                "550c542b537064a872bb90650b029d629928a90ceda3f00a1702cc29a274fd7f",
                "faa37792086c4005b8018c52d5e2f461148618d51f39e2d1a537d328bf3c24d5",
                "80c7e8ae21ea0b212ff75ebb8ab3b7cce34d421f3822029f8bb38387678986a5",
                "22973834100275c995f2619e0e8534139b944cfc2a89228de51de77c750896c6",
                "7124c5dfcd3d39084e60a70a50e1863f831a500eee8cfeccc17feca9cea7bc7e",
                "9e502fddceb5cc6cecb94bf80b1480638dc38984dcb6e996dc71f5d15fee6d34",
                "71f2f57216726b00ad258fc4adf0fe33413f6b9d2fdacf617cb5b4ad7cadef0b",
                "ae7e991e373ae25e90489b9c54988331c2cc70ace644c161750d21f0b37e77db",
                "de21ab27bc727bbf71c305711807bddbf1d07bda443de3860480690c4fc27bbb"
            ],
            "type": "Script",
            "firstPartyCookies": {},
            "firstPartyCookiesSent": {},