{
    "domain": "servg1.net",
    "owner": {},
    "source": [
        "DuckDuckGo-US"
    ],
    "prevalence": 0.000129,
    "sites": 19,
    "subdomains": [],
    "cnames": [],
    "fingerprinting": 2,
    "resources": [
        {
            "rule": "servg1\\.net\\/o\\.js",
            "cookies": 0,
            "fingerprinting": 0,
            "subdomains": [],
            "apis": {},
            "sites": 19,
            "prevalence": 0.000129,
            "cnames": [],
            "responseHashes": [
                "ce4b0f8966e3282d9c8caa435e3f224b50fcf4f6bdb6dca93c89be5ea451adf4",
                "103b347a33cec1f86f74634a58088d49fd274039fe19ff720e57baeb8efdfd65",
                "d5f333f92aefedf64851b261bd9e72800224ef635bde076c49d839cf248b0278",
                "5f9eea3d64eb7d1285ffd2e0475cd7b4b3c6b7edb5a892e77c578295c1fdce2e",
                "de8f9baf7b71a7a381db257e6677dd60ba7af8f1dc113ccaffded4d513cbcdcd",
                "cd590a6544a5bf65c54d23160079ebd15e394e74a61246c070630c3ef154bc05",
                "005957ac2d7c800bf666b7cc8cc12d7d10cd1a5e53e924f82a3ce7aa2f60c244",
                "1bf98474c1a73b53f4c496c57703b9e8957b148a16c6dad37d08ad399d64ae0b",
                "cab296f7bae2db18e19c6ceabae254216cb0c1869ae0f4858217a8048742aa8e",
                "cc7b581512f72224670786e31dffe814d4176a0e9d1e6490bb55a962425f859a",
                "13f175b710ee945650b6a5622365f27a2fcb9417929b0510d0325dacc6a2785e",
                "b586f2f48de28e3ad119f9275ffcc6a4ca8969efe0d756fab3b0a4c40c42d2fa",
                "44bc47c868134db2a1cffcd39e7c7758f5fb647e2cf306953d3185dffa1637d2",
                "ef45870568656e3dd04099052d3360fa0e172f672ec16523b438e1a2b1d6390d",
                "ef5c26f926df133c7da9f0ba0832140730b1bca2b02e16e45d01344d48d3a418",
                "b79bb7f4990ca03bad3e9f2a752374c61644eb9558e98d9b15ca073df2696bf0"
            ],
            "type": "Script",
            "firstPartyCookies": {},
            "firstPartyCookiesSent": {},
            "exampleSites": [
                "deia.eus",
                "www.diariodeibiza.es",
                "www.elperiodicoextremadura.com",
                "www.elperiodicodearagon.com",
                "www.elperiodico.com",
                "www.epe.es",
                "www.farodevigo.es",
                "www.informacion.es",
                "www.laopiniondemalaga.es",
                "www.laopiniondemurcia.es",
                "www.laopiniondezamora.es",
                "www.laprovincia.es",
                "www.levante-emv.com",
                "www.lne.es",
                "www.modhub.us",
                "www.noticiasdegipuzkoa.eus",
                "www.noticiasdenavarra.com",
                "www.sport.es",
                "www.superdeporte.es"
            ]
        },
        {
            "rule": "servg1\\.net\\/px\\.gif",
            "cookies": 0,
            "fingerprinting": 0,
            "subdomains": [],
            "apis": {},
            "sites": 20,
            "prevalence": 0.000136,
            "cnames": [],
            "responseHashes": [
                "be515b0e9ad546d83e67741a518d7acc31974bc261627f3ecb9b7764f7dab573"
            ],
            "type": "Image",
            "firstPartyCookies": {},
            "firstPartyCookiesSent": {},
            "exampleSites": [
                "deia.eus",
                "www.deia.eus",
                "www.diariodeibiza.es",
                "www.elperiodicodearagon.com",
                "www.elperiodicoextremadura.com",
                "www.elperiodico.com",
                "www.epe.es",
                "www.farodevigo.es",
                "www.informacion.es",
                "www.laopiniondemalaga.es",
                "www.laopiniondemurcia.es",
                "www.laopiniondezamora.es",
                "www.laprovincia.es",
                "www.levante-emv.com",
                "www.lne.es",
                "www.modhub.us",
                "www.noticiasdegipuzkoa.eus",
                "www.noticiasdenavarra.com",
                "www.sport.es",
                "www.superdeporte.es"
            ]
        },
        {
            "rule": "servg1\\.net\\/",
            "cookies": 0,
            "fingerprinting": 2,
            "subdomains": [],
            "apis": {
                "window.localStorage": 1,
                "Navigator.prototype.maxTouchPoints": 1,
                "window.outerHeight": 1,
                "window.innerHeight": 1,
                "window.outerWidth": 1,
                "window.innerWidth": 1,
                "Navigator.prototype.userAgent": 1,
                "Navigator.prototype.platform": 1
            },
            "sites": 20,
            "prevalence": 0.000136,
            "cnames": [],
            "responseHashes": [
                "a139e5b2caf8fd83d094637daa26bd505babf228fd60e82da295489d932014c4",
                "c8d363f0c57ad5f9f0d20cad9d5203a410c7118401ef737385b366c897a83109"
            ],
            "type": "Script",
            "firstPartyCookies": {},
            "firstPartyCookiesSent": {},
            "exampleSites": [
                "deia.eus",
                "www.deia.eus",
                "www.diariodeibiza.es",
                "www.elperiodicoextremadura.com",
                "www.elperiodicodearagon.com",
                "www.elperiodico.com",
                "www.epe.es",
                "www.farodevigo.es",
                "www.informacion.es",
                "www.laopiniondemalaga.es",
                "www.laopiniondemurcia.es",
                "www.laopiniondezamora.es",
                "www.laprovincia.es",
                "www.levante-emv.com",
                "www.lne.es",
                "www.modhub.us",
                "www.noticiasdegipuzkoa.eus",
                "www.noticiasdenavarra.com",
                "www.sport.es",
                "www.superdeporte.es"
            ]
        }
    ],
    "categories": [],
    "performance": {},
    "cookies": 0,
    "topInitiators": [
        {
            "domain": "googletagmanager.com",
            "prevalence": 0.9473684210526315
        },
        {
            "domain": "first party",
            "prevalence": 0.05263157894736842
        }
    ],
    "types": {
        "Script": 39,
        "Image": 20
    },
    "nameservers": [
        "ns-1560.awsdns-03.co.uk",
        "ns-954.awsdns-55.net",
        "ns-158.awsdns-19.com",
        "ns-1511.awsdns-60.org"
    ]
}