{
    "domain": "setupad.net",
    "owner": {},
    "source": [
        "DuckDuckGo-US"
    ],
    "prevalence": 0.000627,
    "sites": 92,
    "subdomains": [
        "prebid-stag"
    ],
    "cnames": [],
    "fingerprinting": 0,
    "resources": [
        {
            "rule": "setupad\\.net\\/cookie_sync",
            "cookies": 0,
            "fingerprinting": 0,
            "subdomains": [
                "prebid-stag"
            ],
            "apis": {},
            "sites": 63,
            "prevalence": 0.00043,
            "cnames": [],
            "responseHashes": [
                "fbb42616e7953ce4586393b3379ff39f746ae9344980480508aa7ab4fdacba7e",
                "57ce2b08ef8da65d0f5627d6e41c7725efd32d3e377dea3c91025a375ae93fdf",
                "818e35c409220e867711c11a63cc5ec712a7c59d9894f738bbf19e6735067928",
                "b3702c17bf10e83cf51b5b769df2db69a9c5774721f822e1629f1e2ae2743808",
                "45c5c835b345e91b60bbe4a8c5ee776cd447c292ea7c714774685dc555dc443a",
                "c8d81523e6dd76a55d75e60fab040b28f316cc9044371ab5def3abc81f200909",
                "490cdaada2e44dc45baa426bc26b3c00ee7e35ba795d5c96ee8770d3c5c3f437",
                "f0daade5720f4dde75bee4dcaf5f2a068b3c47c34957fdf4e8012582e1191509",
                "16cadb8cb03cdce808e12886f66f7cfdb2dc22ca49db6e91047f0b7ca2e52bc3",
                "364922b6a90f84c5059f77046bf366951e262902fe6553893c6dadc052d20fb9",
                "1eb1a0af1190508ffe81edc96ff5248ac74771e5fbdeaa3ee0de4837595a3de4",
                "58b07797717bc591df9bb10c096c4971d37b2f1409f906be34a0656cf291e0db",
                "03afaabffbd70cd8d67eda9c5fd09b845602f8c07d8d9ac26f7a296ef401bd85",
                "b2c3446a68e8b4362871176f3288ebe347fbdebaca655f280881d396c5346c41",
                "a17047d8cd41fa359bdf196752b07ec2e7eb4f35dd78799f114ac427e1779bd4",
                "ad7f01f41ec39e434eb911076578abd3c40a308014a05eeb4978f2366cd216a2"
            ],
            "type": "XHR",
            "firstPartyCookies": {},
            "firstPartyCookiesSent": {},
            "exampleSites": [
                "lapalabradeldia.com",
                "www.tv3.lt",
                "pcmacstore.com",
                "tofubud.com",
                "www.polovniautomobili.com",
                "ezgif.com",
                "airportinfo.live",
                "www.motorsport-magazin.com",
                "trek.zone",
                "www.planplus.rs",
                "sharemods.com",
                "www.thephonetalks.com",
                "www.motorcyclespecs.co.za",
                "quizondo.com",
                "unocasa.com",
                "html-online.com",
                "forums.delphiforums.com",
                "pdfresizer.com",
                "dailynewshungary.com",
                "www.antimusic.com"
            ]
        },
        {
            "rule": "setupad\\.net\\/openrtb2\\/auction",
            "cookies": 0,
            "fingerprinting": 0,
            "subdomains": [
                "prebid-stag"
            ],
            "apis": {},
            "sites": 63,
            "prevalence": 0.00043,
            "cnames": [],
            "responseHashes": [
                "49433d857e3f0d262864c8dd6076ccd1e92373f46bac51ebfb2e9f8903d97fd8",
                "8805540f1cea2ce5091378f861fa00a151a716b9bba177cac384eb3ff62f4ed7",
                "3273c96e0eabe27170f6aea1b7b4643c052c6ccbfc999260c4141e535acaba57",
                "95576804d64d67d53c8d2401a442dae280506a335c6cb18c5440b1f2418b88b3",
                "bee410ff74eb06f29996b7ab902e27dfec962868950744ad895dd54626ca9780",
                "312e062b5f17235f534863fa966cea1bad4e0d085ff9a690c8d0ed3a08c52343",
                "3424a5862edce311a927869ac96805a334d39c06510888485416b85102f75bab",
                "6078f3438f3db9104f1dd74de539526f2a773bc4e3ab6cc5ae93cf8a0aa36f5b",
                "5d5a5d05dae7841af1364869a1de98138b12fac9ad90f9d330ac4915a59230d4",
                "9747bfc9720ec3a68beabb5580426c6441f8c221a6d6959bb2dcb064d7007488",
                "fbc8d4a91cf5451716d7b035b093120fc063d7b8974d45b72adb7449da6d462e",
                "d74ad0213c2849be79d00fa194f046935f94594053f45cddc076d39c322c4a3b",
                "67b19928cc6a9c9bcdc763e22c2c20582286d5d45518fa70d1fccba533fc02fd",
                "348d5fb3e1ca620e39177d1526198a9f851957731d0a3edac6ae623151d2ff0f",
                "059a0a9f13ce7c51caa678f169ef7b0020512cbf74b8315315305bf1c9156bc0",
                "c7c8d5e7606b92df9807f5c2ad34e991655057eb9064ddcdf16586556f5dee69",
                "7b538520c36f18d1cff04574c65b260a3474565da77e4d6319ff91e384027ae3",
                "9a6346865b960a2fad2390c6126a4eb306bdafca3ce75565247a5cee978a7aa4",
                "29c96901f1c0a024ad1d78cb04c92c0ccacbfbe698b4f144bcfb3bd0f2384f1d",
                "a830df0f8a94f583b7f28cc3733d99cdb7a1db97f763b38ba889fe7d5e557b39",
                "68e75b9d31a4b6c41aed634769c80c976b57ce1112750facf4365d59ca76e29a",
                "eb8545f6d2badc6c96b497407ccb167c28e63d0ce8c53af9c4a74fc904d3abc9",
                "081c4c438b6ae5fbab9e3b15432846db4aadc2c87c3ff2061867cee059f721d5",
                "4959ae3504562da6fd59363f63bdb4fb409c7bd3a2b3acdbdf0553027dd5fe0c",
                "db743251784b0dbd3900712ade5b1602371f468139a65076aa693f2676da996f",
                "5c98e8417854c42eda6e7b8572f63d384a1dff5e1fc51f67e5ce2381a68462c2",
                "44c6e1957f9f4e0f99f6e2ef3913ea2406c93c84fb497b43b246114178c3f4f7",
                "53de258aedfe1c560cce0a53af9ede81ef925d75f8038d15ee408471ecf3815c",
                "037849ae16d64233fdd181616d31a838123bd2159ba92fd8e98a9f874575bf46",
                "aaeaf414062cc72c16c1f1df9d184974164f31165899912050316510ae1d36dd",
                "39cda32d1b9a91d32c7ec5a09cf16fa802d3ce1ab9042d6761736eda958ce894",
                "24ddccb9cc9e87e699cd97c1547db1389649fa65eb8ce9bdfbd71532120fe1de",
                "4065fe04ff2ef1f7ce378656d775c3c56331fbe29eba8edd2485b157e530e107",
                "ea3a9f60d0b71ad32dcd1149c22b0e888d5e113d9edbb1103e68af4e80f20fd9",
                "1e9c068825e2d4aaf17be97827c44958baee2ace26a1c2813ea2056aaec0e2f6",
                "15d56571abaad207e87474d8e3bbc9ad991823ea79c6441c3077c72812d5d41d",
                "d929289ba1df6b14d136a967afa921519265b864842b4ad0df74dfc4b975c8a1",
                "8ce4c3799e17fd2c0e6ace97e28134068e5e43c897ac23f1dd300b2c38ec604d",
                "8f4be306e8ba838b9fad4279d1c296c7530c7dcf1d7d80f427619bf35c6db115",
                "c17ca18eb521565a0a73ccf62b384b083244a14e7a1f55e58168c589dd1a4a55",
                "745821d5ae69811b003c75e62102195561b78d70da352e2cc75092422d7b682b",
                "c946b3dc5b4fde48bc738552e53d47aeb6187f39610965385c7b8c728fb3b3cd",
                "03271f9472517631036bb6747d1ad435464a77fccb47fa7e3ce2c94ca3bf83c3",
                "986b6b08648d681f266f7d4d5fce933598cd0775629909b4f8aa048551f275d8",
                "faffb4c3c8efb3472bfc148358dd6d2df5835010182db958d70f9f8a0bd271c3",
                "acd3ec0a6ac0b457ba5725896e9e21ae7de2c3a9fd7452a048189558dd2738b0",
                "28cb00c2788426127cff79b7ebbb78bdddd426b54bc63903313c63e1c775d524",
                "954cdea42d952196bac9d0719bb39152157d6110f826f479bdab76814501941e",
                "c64c4cdd0b47ba2128e49772c74458515cff3a7c4f2b3f5f0e4652cd6aae7f11",
                "9b4f22538d653458feb0521579d9417441ce3f4a340b2cdb772078738571e80e",
                "8693d2d635ff76f02f48aae548c77ed88eb097f68ee67e7267564f16642b36c8",
                "c53acf76eed3ecf97901c20009db469374bcebfdce1e50d0f7f52b12d7087c3a",
                "4dd5f9ffc2db558e4d1c27dce07c14060c836322058a4c3cc1e0b3b537cd7be3",
                "29c6bb805fef16c21c340bd0ac7520556433b1a0946d68f3a6adf62c5ad60393",
                "fd9a2e6a2336dbf917390855469e17d19e47a6b8c1ad47af00bbfadccea47955",
                "2ac9ec2d6d97af1bf801129e21d23f29b9781c5d7f8431dcdd31ad9f2ef9e32e",
                "8ad4c31c3b2e37b5c9fe1b0b31754b9249f503edf635a0ad9c083aa61113614e",
