{
    "domain": "sexfortokens.com",
    "owner": {},
    "source": [
        "DuckDuckGo-US"
    ],
    "prevalence": 0.000804,
    "sites": 118,
    "subdomains": [
        "go"
    ],
    "cnames": [],
    "fingerprinting": 0,
    "resources": [
        {
            "rule": "sexfortokens\\.com\\/api\\/models",
            "cookies": 0,
            "fingerprinting": 0,
            "subdomains": [
                "go"
            ],
            "apis": {},
            "sites": 100,
            "prevalence": 0.000682,
            "cnames": [],
            "responseHashes": [
                "41923079a222cca378edad44885ff0677aa1333d6174b1097ba63145fa1682b1",
                "38bde574a0025bcf2d27623d29d979b5b3954135095849207ab4d0edbf5071c6",
                "d556c704db85ed2a3a1cddf6838da6888b235b99f0edbefa490025bc949657c2",
                "8fafe1674d64be8221414940dbf63ccb0a672f42d8f6accdb9f8c1a1e59cde90",
                "a20245541cc30fbbcb96b7bcae2cd4fb53bfdfd3a863e3757b0340818b4723b7",
                "8006d6789ae53273c130c8ef627e306e84e820d959505878980d68a35f301746",
                "5a280fe5495c2d1d559e0de5bf990ecf680cadd2e80dfabc6a66e0c42fe5240b",
                "1db1ea44386e31b2896fea8e84b471f52233fee3cc9c45b4a5ba4d25cacaef7f",
                "299787f890577724e4cd55ee96019d104cc36f49e1c41ee335d6f1c4dbaaf4cd",
                "094abfceea9a61f70742caa13a7fe559375d5a200f304009495049dcd48d2c9c",
                "0e4d87657e4bfcfed8b0c40af20800c54f80e540c1fba9c1c797f0c6055b5d1f",
                "8d71c0e13fe85e91c42823770b20bd10c34236fc8cdfc4b3977b70337c8c326e",
                "cfb4112fcb66a1304f3cfc846b361e4cd2f90804243cef5a263f3e7f0a67fa59",
                "6d525cd16eacaaf9972a7b1aa53c7bf290b9e1ec55a3c7c6be8df6ff67d4f194",
                "518b263cd96b615a00022bcd2b219db5db9c6beb1aa0ad4ecbb844441092d8e9",
                "5a44db4f73d5cf06ebdd8ce57e65d79ac105648bc7222ead983f15a78ef39354",
                "27dcf71ea16481b46a218ae445dbe9d9006ecd4ecd68c962ef28411b8de7bdba",
                "22a0c3df3bcba25ac0ab4f3ef4d525146374cf81681f840d76182687d6b1538e",
                "58b25a29dad3bbeaf2faab9476f6c39ea2686abed57c7455ebe8529714880c05",
                "15a8e2004087c5eb732b5008e5319b04769a6c35f0ff69a5cb1638a53213231e",
                "907f9232952aa675ef4c749e451223331ebcd8a5bf62342cb98f3cf6d493193f",
                "ffad2ba3ee81927666295203953c4846049211466290333f99b7064102a90ab7",
                "c43f2c26aa7828faea58db6fbf9ddc5b586fd3c4af7220d01db6e79927600585",
                "ddef2aae8b06f2f50ba2da7f29429b4e7c523c79ddf67d83f312c2379efcd2ec",
                "a674438af64f143a241772a148ada8de6d52fcdfe5b9dd08e0febcdc978bb0c3",
                "5c1e90ad15cbe1b95d3e050178253a94dbdf5c6492dd92ece0e590ef846d8fe7",
                "6506c7bdb94a567d0bfd3b04fd78e16117e686c7dac6caae76aeb0e79452de98",
                "5c5c3a4b80f9e12e4b06f5bbb742214def458dafc0cc0584ae49e7568da7437f",
                "e8bd581fabd9ddb73bca09a92e2e89da138cab4168ebbcc3a018d3d4d5677e00",
                "f10bc95c05c7581d0f0d3baf0cc37f3affdb70ba669c9630dbff7854ad1d798b",
                "acd7d0f477850640de910b45c4a99c52b8808cb8af38045dda9e55db38c5c305",
                "10711e627939aeab7301f133ba10fb73cbf4159f9f4a0cfb5e7033c6e99ceed3",
                "29126e1f5cc26c026c4d472b6d9ac431ad7c35b49a6dc05ed59847f87759e879",
                "7df5fd5057cda4ebfa5360b2df2f778f5fd273f28b577bbdb20ca47b0aa367ac",
                "2f17a2a6d2058d3380d753e95812c5a8ce085ec6962dcfcfebd12ad35d27b62e",
                "7ae4f1994d6d148c1634eac9858dc5c0bfdc4281db8cd06b4888abff83c3092f",
                "5097c258af9f5a3ce7740ae160ea92f215c57f02bb9fe9cccd33d84594a33299",
                "280e425af18e88f2b508798b12fc833131e0ab74f3f636fd081f577b8cf7013c",
                "49433af71e435a4e2e40747a7b75ad8df1965f28134d5b02223525133cff12c7",
                "5316b7734c86d1f1ec019527169f753df2e4108ebdd575e6dc803b0b1283a839",
                "367f44c05117e9a51d9cb20ea0777eb0e232f455d209e9303ed2b0387eb341ef",
                "9d552cb953b2f704019569b6c85d8338b3948d6f0306a19d692de7f8d9f6ce18",
                "9ef43c30814934e621d90588efcf8b1f5ca5d53c1b0f191a261794951dcc8d89",
                "44932bcab838fc5f8e341437a169429ca89015cb16932d8fd4da468eadf470bf",
                "e9e1caa7f3961c02760eea00d40ca5581b94555e8337acbc90dcfeabceb255bb",
                "5c85fdcc6ffc0e236581c044593b0d5e07d7e044ec1362110db6277fbb237d99",
                "b840e206b5539f7057f3e3493f2a19c6c0782da64af8d4426af12f1279a58170",
                "e3333e7ffc0a244066ce63cf0f1021e921e2fcaece17e54b46f342e6ef86d540",
                "77e1e0012be5e1731b51b66594352e25be386049619b304e83870ebddde1fda7",
                "83c55fa8565737c5f3a3b759762aacb92b45262bf014d5c5fc2abff52c4238fa",
                "5e2c3072c3e4bee84b16ccaabf0bee00a8bbbe27fd4adc3b65657d4ec55ec1d4",
                "30948b3fc486a6d8766a990d37ce9001ecd349ebb29e95e9d0a145fef818babb",
                "4359596e23d71135f7ef92e6f50c9c7f3bf3a1241908610f05e7b486a28f5a8c",
                "407230d5b5f11ba0f8785ff7cbb6da7416187e50e93e09ccb9c4089197812e14",
                "e8a7ee77ac9eb659d10890f71c682160ab7e01978640fd1f831575f278d3803a",
                "92ed9fe91f12bce1d600769fc831b409825f9745d44d0a57fa0b9918dbc1ac9f",
                "fccd6dad000851d1bc01a69868074616d927b4d8e3bbf61e9b33640be55c3af6",
                "adad8c7c7e10977583d36f5622af7712f67f823e82870dec16ed77099cb0c07b",
                "40d3b148c11a7d590505889cc5a30f2b5859f14be0bbbf19a6b4c5157db0fde6",
                "115dc1ee17b664115ea8ae15eb7ff58cbcd098e906b9b843ad47584088847b04",
                "4969f4c78ed09b464b2ebc280c9d212970a66c97156a62a183646f14240c4552",
                "26c9a6b8d63fd2a93a4cc70e64bbe9af83fae6c4497fc90a2027a52e80580c8b",
                "733006857544d68a66f867e0fe18e4b3c2c8e025c65e32faa628942300870d9a",
                "1933dd580963330c6ce9ecb2df989bc3f763653f946dc9497ce2fd145d5c752b",
                "395e19b767d0ba906bfe79a07a44f986d7385e4896118cb2a0a9fa6204e59e5e",
                "4e453c0f5f98ae1ea81be5efb2736e8e7747e8c04332e9e0567d4575da629997",
                "bf7b8a296f4e64f2ebec13a4c16977ef6949ea262bc32efda3a0342b379351c2",
                "a5583baea0b034b8275d5a851aa63962c48912ef3306df8595ac4de9d57a651c",
                "c550b406dae99c306e2cc300f24060ddc3039ef41000259e2160ffec4b5b851a",
                "3ba7f7b75b8acf666ff9175a876cd059e013ae87554ddb91f8326ab5bc1ba1dc",
                "5f5a7d47e38afad1c16ce147d4085dc1fa624522bf16e099e724fbda89e70e91",
                "03a5f5100e82c5ef5de8aace73a2adbe8bee75c9f155152d42eb6913f90be32f",
                "1d35f54876007495fdc6e2de392b7d4be5f3c342ddc64866805fc910ae058061",
                "5ff8340334085fa06427438087c2870c9c1a35140ac5948e5b8d0afa18e0fbce",
                "90fe12523edd06cd89a3f1f73e0fd4df6d4dc087601a48cb85dcd4db23546184",
                "7ec1e061d4d955f5c5b9952e793e1096abeceab37706ad03f99ff36571db3e50",
                "d77c689754cb8fc111276454c662e11d1f06dda2d64d62bfa38f8e2d86f065ed",
                "ff4df7db2e8853cbb3656c9ff3f2849717223a7029d13d4434baedca45dc109c",
                "422d3f3be128f4f2763925e15e708270ffad03b9b028789a0a85715ef0972542",
                "8d969df2057e184e6539d9ffdfc318a4d64f4fbbecb814b2814554d476ce166d",
                "03f7a167488ce8ae5b9541558a8559e7ee6ffc255fc1a1d59b994a66a56da49a",
                "2dab7690004b6ecb4c3d6b781b5bd9a7d6c0b3ef41f74d56e410e70486dc8be6",
                "13d626b0cba279bfc666465ad3d772192d5360a71ab00a6793741e4906ccd3a1",
                "a5b3ff0d083cc4c1297bee993528147c604cb0fd4a874d0acc75c2d8dfb5fc37",
                "d95cddaf9911430103cba6418cb747f0a43a81e5afa957241cb8d50a86601771",
                "3981511937bd71835c4b25b0f125eb620e9842523d2d34f4ecf98fffe024d5fc",
                "2f4662b33c97d22a30aa79d9cf68d086354474b4f44ce1b8eb613d1210cb2ac5",
                "b0bef945d7c9d1c8a12085d6aaac664c3875dfcc1ab6fa83e585bcac5578f8ed",
