{
    "domain": "sjsmartcontent.ru",
    "owner": {},
    "source": [
        "DuckDuckGo-US"
    ],
    "prevalence": 0.0000886,
    "sites": 13,
    "subdomains": [],
    "cnames": [],
    "fingerprinting": 1,
    "resources": [
        {
            "rule": "sjsmartcontent\\.ru\\/wns\\/top2",
            "cookies": 0.000075,
            "fingerprinting": 0,
            "subdomains": [],
            "apis": {},
            "sites": 11,
            "prevalence": 0.000075,
            "cnames": [],
            "responseHashes": [
                "03edfc3e403c3f2302b6bd948b7f83ad0917f92be9e03a11fa085cc1899db774",
                "4f53cda18c2baa0c0354bb5f9a3ecbe5ed12ab4d8e11ba873c2f11161202b945",
                "0014661d3bbb4db6fe7a2177e513a929af2e5f909d1c171f7d42a47910779827",
                "ba88d4beb9c2239d04fe34f6b8aad3773124180511f6988c2801c89739d2bdc5",
                "8d8f5152376138a7c1734d30f01ce108eee844243f543ae9703e3808bdfb16de",
                "b34c9914a64ae3610b054059d66d249bd362aa1cc424663178605d88ea84e0dc",
                "2a6434509ddf66847f81cf74f6f59c8b2c7f4cfc6a2f782ad032877ac2dc8219",
                "7d8a18dc44e3803e0e25eea60e079605c4a86ff575fceb037901bddbb745f53c"
            ],
            "type": "XHR",
            "firstPartyCookies": {},
            "firstPartyCookiesSent": {},
            "exampleSites": [
                "bartleylawoffice.com",
                "bezboleznej.ru",
                "clinica-opora.ru",
                "dom-voprosov.ru",
                "igry-gid.ru",
                "karpov-clinic.ru",
                "kompyutery-programmy.ru",
                "medvisor.ru",
                "sprosivracha.com",
                "www.ayzdorov.ru",
                "www.syl.ru"
            ]
        },
        {
            "rule": "sjsmartcontent\\.ru\\/wns\\/event",
            "cookies": 0,
            "fingerprinting": 0,
            "subdomains": [],
            "apis": {},
            "sites": 7,
            "prevalence": 0.0000477,
            "cnames": [],
            "responseHashes": [
                "44136fa355b3678a1146ad16f7e8649e94fb4fc21fe77e8310c060f61caaff8a"
            ],
            "type": "Ping",
            "firstPartyCookies": {},
            "firstPartyCookiesSent": {},
            "exampleSites": [
                "bezboleznej.ru",
                "igry-gid.ru",
                "karpov-clinic.ru",
                "kompyutery-programmy.ru",
                "sprosivracha.com",
                "www.ayzdorov.ru",
                "www.syl.ru"
            ]
        },
        {
            "rule": "sjsmartcontent\\.ru\\/static\\/plugin-site\\/js\\/sjplugin\\.js",
            "cookies": 0,
            "fingerprinting": 2,
            "subdomains": [],
            "apis": {
                "window.localStorage": 5,
                "HTMLMediaElement.prototype.canPlayType": 5,
                "Navigator.prototype.userAgent": 5,
                "Navigator.prototype.platform": 5,
                "window.sessionStorage": 5,
                "Screen.prototype.width": 5,
                "Screen.prototype.height": 5,
                "window.devicePixelRatio": 5
            },
            "sites": 5,
            "prevalence": 0.0000341,
            "cnames": [],
            "responseHashes": [
                "4e27b76914511380ed8e88d37edf5938485d5e1e13de6154fcc17e2d13dd74c1"
            ],
            "type": "Script",
            "firstPartyCookies": {},
            "firstPartyCookiesSent": {},
            "exampleSites": [
                "igry-gid.ru",
                "karpov-clinic.ru",
                "kompyutery-programmy.ru",
                "sprosivracha.com",
                "www.ayzdorov.ru"
            ]
        }
    ],
    "categories": [],
    "performance": {},
    "cookies": 0.0000886,
    "topInitiators": [
        {
            "domain": "sjsmartcontent.org",
            "prevalence": 0.6875
        },
        {
            "domain": "first party",
            "prevalence": 0.3125
        }
    ],
    "types": {
        "XHR": 11,
        "Ping": 7,
        "Script": 5
    },
    "nameservers": [
        "ns8-l2.nic.ru",
        "ns4-cloud.nic.ru",
        "ns8-cloud.nic.ru",
        "ns4-l2.nic.ru",
        "ns3-l2.nic.ru"
    ]
}