{
    "domain": "smct.co",
    "owner": {
        "name": "SMARTER CLICK TECHNOLOGY LTD",
        "displayName": "SMARTER CLICK"
    },
    "source": [
        "DuckDuckGo-US"
    ],
    "prevalence": 0.000545,
    "sites": 80,
    "subdomains": [
        "ls",
        "fonts",
        "ep",
        "events"
    ],
    "cnames": [],
    "fingerprinting": 1,
    "resources": [
        {
            "rule": "smct\\.co\\/tm\\/",
            "cookies": 0,
            "fingerprinting": 1,
            "subdomains": [],
            "apis": {
                "window.sessionStorage": 31,
                "Date.prototype.getTime": 4,
                "window.localStorage": 5,
                "Navigator.prototype.userAgent": 1,
                "Screen.prototype.width": 1,
                "Navigator.prototype.language": 1
            },
            "sites": 45,
            "prevalence": 0.000306,
            "cnames": [],
            "responseHashes": [
                "5d4eca771b044ce029453f02449e016a63d7c70cbac8e381d89a9a2e5eec9fe0",
                "d0e5f75163c27e3a6d800cbe66e58673030832d489e8790fc9ad3effe678ebf6",
                "f1109a0dae866da84e1422e04f63e0f1899e3431af0f3fda3dc64a2c02a92c36",
                "0d6d391823b94f80fc420254e4aabea70f6b2d21765caa6d1417dec92c52cabf",
                "8af6cd088e404335b5330004130d4cfbc960dba372240954f73c9b04e13de4da",
                "8fd832285dd92184c06913babd510b5b2da8b3c3798bff498c09adcc55ba9a8d",
                "61edcf63c7cab1b95e345d0e4d5f795d369795562d58fb40ea5f5d98efc2b689",
                "9ccc7a595dfeaba953cb5cfbc6b81de585a1a05b651f5917699a13328bb234b8",
                "31b7a51192bc43dc56e7671a7fe64a6b0769f1cd5d5a0c54bfb904577e2bad7a",
                "66b0921c40e2b504b68c89fa858983a32ce58ca394868ad1ec7af5cc3f399381",
                "0eb4d24cb1b0d30f8ee7546bfa9ea4b16b0c219f34124b286f73adda887b05e1",
                "0f1cfe5dc8b03ce81c94ff56d29c786f2096ae5329b09a3a5e524cd9aab669dc",
                "19c277a3b96b25883c827f33b2c0f94f13cb45006d972640505401d3885b539c",
                "c1b7fbc85c83af6fb71308b0fc2b52ca6d614376a7c8708efe137f5c7d9ce238",
                "66839226923fc3e1ce401261e653e9b77ce7e71a9144e39d46f914ca38cb9351",
                "d2b2ec10613faed465d198cd8b8a5a859363d19df4ee952fbfa510cad0d41148",
                "76d8990343040d1c796ac808162bafa25a40a8e42cf1c29f5b66600dd0cd18d0",
                "f313f606c52cb0b86d634acef084471b02553e5f42d74ae63466897cece18637",
                "fd335fc552df19c9022914e069811d1880ad059997cd564c8b7012227c69e64a",
                "9175fb5608c437ac970b4f1905e0fc8c27d51238e4ebc15d11eb28cf85977d17",
                "d99bd1d36ade34e913ff54d4dc66af44caab9227272d77a1281b13ac826f1164",
                "dfe8fd3adc7a22b8429b6a4dc57e2a8f242d3b1c460fca5e4beee1cffc202211",
                "23457be37c2b9d176a41c16f4372d08238aa5a8e898140631c85c1ddb2d5eac2",
                "cb57741540c0dc367a0a2e8c04478e0f90c4e70c4041d6ee78e75662d3956fda",
                "1894336662c1237dc5618cab77c337779efa7324daf268aeccd4945af34a1466",
                "35f821bc57680410719dbb11647917595152881ad4a4803a445e0ce62045fa25",
                "ba80bdb896be451d027698f1b305b76523f1b5687874769cd4d39358dc1aa771",
                "5df4b1b89181cfa55a085e8279f87c9f2550d476e573d572d4f9fbf4cfd73ff1",
                "565711b177773e2c03fad913f81f2009f9b8f22f35f1ee1503d21478de594b08",
                "4b28c59df0f21b64be21be2a0136f8117f16aa4deec7f62968d594a715a022b5",
                "b247a9f48255336e1ef3cdf5bbeda9e121a505984c71e9fde1c238c02e26560e",
                "535233e8b59d2b348c8c23840b387c9785b6fe4426bee4a0a15f6ed0b426f71c",
                "1191d1a5fe2f67568c2d51a13ec582d4cf1b6b6ddee6ed7fe82ce830b6fbb6e5",
                "3b7166bdb6aebaa7e3865649dd7853f2f2ef33ebaa5c0ce23a895c34ed6d0f79",
                "036361aa6e332c1dee195b579b656754057977e73c199fe9612b8cb5155e7b30",
                "a640ee104e075f78f99f306fa8279f2b4ac2a8ade891ec10d296bcd2a9cd4fab",
                "abc7a74539131806d52463ae4d0512fdc8f52bdb09b022d0bcdc4bfd6112326c",
                "7ced4573566323de9050b8afd0ab431d32f1f1a8472a12997a9d08c5b6df7012",
                "ed3c50e4ef8feffbb54c92be2fa2bb8e1c5d210d4d13e6cc1f907580860025ac",
                "f651c48bfe4e23b2e4b383ad97411981a8d4beb98db2e4eec1b5344b4c4c059e",
                "4ac1e921587c4799591cc7914f425e9dedc9579b6b369fc4f4d448640b08722c",
                "b96f3e5ae527bda9f27f9f62aebd85437a27ad3e0602106a1a0e7a092e03f882",
                "b37d9279d7594f8de1eabd1bd1a7876317f6fbaae2ea042eed59eabed2b406d7"
            ],
            "type": "Script",
            "firstPartyCookies": {},
            "firstPartyCookiesSent": {
                "lotame_domain_check": 0.000006807583648184077,
                "IR_gbd": 0.00002042275094455223,
                "_li_dcdm_c": 0.000006807583648184077
            },
            "exampleSites": [
                "www.tangerinetelecom.com.au",
                "ffx.co.uk",
                "www.cityexperiences.com",
                "scootaround.com",
                "www.leedsbradfordairport.co.uk",
                "www.oneskin.co",
                "www.gandhi.com.mx",
                "www.vinovest.co",
                "undergroundshirts.com",
                "www.forevernew.com.au",
                "www.thehomesecuritysuperstore.com",
                "www.ashford.com",
                "www.claires.com",
                "www.legoland.co.uk",
                "www.postplanner.com",
                "www.lasermax.com",
                "www.kwik-fit.com",
                "www.crosman.com",
                "www.truniagen.com",
                "www.rhinorack.com"
            ]
        },
        {
            "rule": "smct\\.co\\/lse1\\.3\\.html",
            "cookies": 0,
            "fingerprinting": 1,
            "subdomains": [
                "ls"
            ],
            "apis": {
                "window.localStorage": 7
            },
            "sites": 8,
            "prevalence": 0.0000545,
            "cnames": [],
            "responseHashes": [
                "017217e952a763a6a3ac2688bb3c1c17db0a42721148434b9060158bd08716d6"
            ],
            "type": "Document",
            "firstPartyCookies": {},
            "firstPartyCookiesSent": {},
            "exampleSites": [
                "minitool.com",
                "moviemaker.minitool.com",
                "undergroundshirts.com",
                "www.benjaminairguns.com",
                "www.crosman.com",
                "www.datacamp.com",
                "www.lasermax.com",
                "www.truniagen.com"
            ]
        },
        {
            "rule": "smct\\.co\\/ov5\\/load\\/4864\\/88843\\/1",
            "cookies": 0,
            "fingerprinting": 0,
            "subdomains": [],
            "apis": {},
            "sites": 2,
            "prevalence": 0.0000136,
            "cnames": [],
            "responseHashes": [
                "569039d6d67d237331fd042020065f1bb345006002a1b8e6686f72eb1371da7e"
            ],
            "type": "XHR",
            "firstPartyCookies": {},
            "firstPartyCookiesSent": {},
            "exampleSites": [
                "minitool.com",
                "moviemaker.minitool.com"
            ]
        },
        {
            "rule": "smct\\.co\\/ov5\\/load\\/new\\/5136\\/97819\\/1\\.js",
            "cookies": 0,
            "fingerprinting": 0,
            "subdomains": [],
            "apis": {},
            "sites": 2,
            "prevalence": 0.0000136,
            "cnames": [],
            "responseHashes": [
                "5544d704617f80cc2107d393b66441e0b1e1840efc58bdd5646d66560ab83742"
            ],
            "type": "Script",
            "firstPartyCookies": {},
            "firstPartyCookiesSent": {},