{
    "domain": "smopy.com",
    "owner": {},
    "source": [
        "DuckDuckGo-US"
    ],
    "prevalence": 0.000225,
    "sites": 33,
    "subdomains": [
        "d"
    ],
    "cnames": [],
    "fingerprinting": 2,
    "resources": [
        {
            "rule": "smopy\\.com\\/d\\/",
            "cookies": 0,
            "fingerprinting": 3,
            "subdomains": [
                "d"
            ],
            "apis": {
                "Document.cookie getter": 5,
                "Navigator.prototype.userAgent": 3,
                "Navigator.prototype.mimeTypes": 3,
                "window.innerWidth": 3,
                "window.innerHeight": 3,
                "window.screenX": 3,
                "window.screenLeft": 3,
                "window.screenY": 3,
                "window.screenTop": 3,
                "Date.prototype.getTime": 3,
                "window.localStorage": 3,
                "Screen.prototype.height": 2,
                "Screen.prototype.width": 2
            },
            "sites": 20,
            "prevalence": 0.000136,
            "cnames": [],
            "responseHashes": [
                "a866a367f9e21aeb0763a972eb7330b1872180d2776321ef8779373799a155b2",
                "e3b0c44298fc1c149afbf4c8996fb92427ae41e4649b934ca495991b7852b855",
                "5384c2281a6b983d5f5d4c8e05fae0991f237c719ceef7214826dd8c90fca957",
                "2628660c9ffa5b99c4b552cf1b4a3bede18c2a1bb228e0a2c01f77c11d4d88eb",
                "8d723e2c910e1c7bf7cab7617669f656f19229b52531faf51d97f5c7af2ba288",
                "5669f6d9bc10fa041b26ffdddfbcac65b99624a4dbe8de6a1d5cda94574c611c",
                "7fc99ac1c5060607339edc70b6436fbbfce3eb9f899c87d065cc4ecb62da62f9",
                "0c31ab7abdff7dce23e0e6ac01ecd1a2caf72cbbb0647f3de563e50f704d2647",
                "a6131cd63f24859cc2c182dcca04031e320c9152f7bbc3bf03227b690338f47a",
                "d94c49be73237be18e432cffc31e8c28362b487ebaa2fe4c91fc852fb688567b",
                "c1b5340c20a68b17706c8c5ca17db231d62ad20fe12f99f93fe39d2e3fa9dd86",
                "04560c1b6989451e843285515dbcae40a3e4e3574eb71bbcebc74b9007866eb9",
                "54df6aaffcee9ef6533e787ff5bcdfece60ac94eff314fdba7c60bbceadaee0f",
                "8d090308a62b72c58e0ca10c025a736ee8d468403086cd6557382788814d87a8",
                "a4f56cf680bb6a38300e72df247058b682b5d27a70f677b7a3e6c36cd91eb6ac",
                "607f8d427ca00ce282cd347afb0490cc1e8abf895c9b302fe276e62295f2977a",
                "ab65fb56fcb38b315f8b85e49134bc55da999508a3427a5afed94ac1ccefe237",
                "06cb12e2e2f04e4e6a597a9125b13e18e283e5dbe105a9aaf69065f0421ef868",
                "d30225d8d5b9536b253bbd03039384aabf4f6ce24610c0611165ee0a4cfe2992"
            ],
            "type": "Script",
            "firstPartyCookies": {},
            "firstPartyCookiesSent": {},
            "exampleSites": [
                "1bigclub.com",
                "babeslove.pics",
                "bestporncomix.com",
                "bigo.video",
                "cheemsporn.com",
                "dolcemodz.xyz",
                "javhay.net",
                "kissgirls.cc",
                "livecamrips.com",
                "milftoon.site",
                "realpornclip.com",
                "sabinka.cc",
                "starsessions.sbs",
                "www.chatropolis.com",
                "www.livecamrips.com",
                "www.marathit.com",
                "www.tamilporn.video",
                "www.x18.live",
                "xgifer.com",
                "youngtube.tw"
            ]
        }
    ],
    "categories": [],
    "performance": {},
    "cookies": 0,
    "topInitiators": [
        {
            "domain": "first party",
            "prevalence": 1
        }
    ],
    "types": {
        "Script": 20
    },
    "nameservers": [
        "erin.ns.cloudflare.com",
        "brad.ns.cloudflare.com"
    ]
}