{
    "domain": "smopy.com",
    "owner": {},
    "source": [
        "DuckDuckGo-US"
    ],
    "prevalence": 0.000239,
    "sites": 35,
    "subdomains": [
        "d"
    ],
    "cnames": [],
    "fingerprinting": 2,
    "resources": [
        {
            "rule": "smopy\\.com\\/d\\/",
            "cookies": 0,
            "fingerprinting": 3,
            "subdomains": [
                "d"
            ],
            "apis": {
                "Document.cookie getter": 8,
                "Navigator.prototype.userAgent": 4,
                "Navigator.prototype.mimeTypes": 4,
                "window.innerWidth": 4,
                "window.innerHeight": 4,
                "window.screenX": 4,
                "window.screenLeft": 4,
                "window.screenY": 4,
                "window.screenTop": 4,
                "Date.prototype.getTime": 4,
                "window.localStorage": 4,
                "Screen.prototype.height": 4,
                "Screen.prototype.width": 4
            },
            "sites": 21,
            "prevalence": 0.000143,
            "cnames": [],
            "responseHashes": [
                "35b99914f5fe84c409c84b96b7fc982bd236f83eed99e1fbcdbcb84f88760833",
                "e3b0c44298fc1c149afbf4c8996fb92427ae41e4649b934ca495991b7852b855",
                "09ac35b853abf39b89507fe142004e940b1b6b3b584f8a0ac1cf879a7cea1dfb",
                "494e74d3303f76297ada3c8da146d4f34eef3803fd452206937b341ab414a5ff",
                "4607950ecf670ac29e2265a2c262a7b81eccfb88be96597f33a6ad981c1f2e1a",
                "95caf83790aba818dc46f5a37271004ff04a68e264ceb1e678e90c971b952491",
                "72cea0f53683caf69e25b33547d84b14fa089910621c6c5b7ddf956a3c0111a4",
                "8798204390c5dc490d792678055651e8eeae616711e1a4c3a7fe6f130a8a64b2",
                "c00ce3087e95568efd513506ece7d095c724e0a036bf2a358c7c3de23feba7bf",
                "dd1806738a60257b5b5251c5a8c4d00ec817ee345627e06f61945609355dfdbe",
                "42fb3ec5ce5483bdfb47d4fb42e9af5ea93f24ac5202ce5cecd3696a550565d9",
                "6aaf9ee7e0792953b873dca89bafab76d00c480469bcd487d8df3d33e8b6851d",
                "5bf6938a92f67b691ae31181a4d6b9876a264751730e24d83542bd821aa2e44e",
                "f02b3510bba84a613f5e27a054c27ff39201dde306ac3cbd22dbdfda64d8a44f",
                "6a2e83c5322d3138d8e5eda515b33b0dd9fd9ad579fc3bacdf3d18611905fcd6",
                "dfd6e03365a421c6269f79555d537201f990ce133ba54594c0664913f9a893b6",
                "e5c1b6a673cd507214a4134b0023d05fb42f568c329b5d6b82ad43c569bb8d8b",
                "e3c2edf712fe06c8b599db415b6696f13787ad9503c2b052f311a4df29604a6c",
                "71704c17ed638712cac4816636a1efb7715f9caf489ff58c9c2fb8af1b08590d",
                "e722497c0c3cc420890db5dfa4d64eeb15c2167e50f0293975e9ff5f1d9b88ae"
            ],
            "type": "Script",
            "firstPartyCookies": {},
            "firstPartyCookiesSent": {},
            "exampleSites": [
                "javhay.net",
                "xgifer.com",
                "livecamrips.com",
                "dolcemodz.xyz",
                "www.livecamrips.com",
                "brotherparadise.com",
                "realpornclip.com",
                "www.x18.live",
                "tickzoo.tv",
                "youngtube.tw",
                "bigo.video",
                "www.chatropolis.com",
                "milftoon.site",
                "1bigclub.com",
                "starsessions.sbs",
                "www.marathit.com",
                "babeslove.pics",
                "nudist-movies.top",
                "cheemsporn.com",
                "sabinka.cc"
            ]
        }
    ],
    "categories": [],
    "performance": {},
    "cookies": 0,
    "topInitiators": [
        {
            "domain": "first party",
            "prevalence": 0.9714285714285714
        },
        {
            "domain": "myshygirls.net",
            "prevalence": 0.02857142857142857
        }
    ],
    "types": {
        "Script": 21
    },
    "nameservers": [
        "brad.ns.cloudflare.com",
        "erin.ns.cloudflare.com"
    ]
}