{
    "domain": "smsbump.com",
    "owner": {},
    "source": [
        "DuckDuckGo-US"
    ],
    "prevalence": 0.000375,
    "sites": 55,
    "subdomains": [
        "subscription-forms",
        "forms",
        "forms-akamai"
    ],
    "cnames": [],
    "fingerprinting": 2,
    "resources": [
        {
            "rule": "smsbump\\.com\\/quick-subscribe-check",
            "cookies": 0,
            "fingerprinting": 0,
            "subdomains": [
                "subscription-forms"
            ],
            "apis": {},
            "sites": 37,
            "prevalence": 0.000252,
            "cnames": [],
            "responseHashes": [
                "774e7a96830295333438c9f57d9bd952650d17db74b1ccbab657c738ec33fe81",
                "deb109e882c773c5267eb6fc980753960c30813dc24493dca9364649d67c90c4",
                "2cf38f7558459feef259fc20c897f2f5cf398a9fbaf10cfa6a3fff09dd81e303",
                "297e9440fad03f7857ea9e55fcfe4744145d1b24e60d86410d312f5f3f7a76e3",
                "c5e550b7cf477d3b2513cbea2d0dd2db6a1f8dd5cf424cdb5324ae28358b2158",
                "034c7fa4daa9db0d57dfc138c9e21a0a51f01f32253a136b57ae9827593692a4",
                "1f0563e1711d45e7115c33fb1d0ec5f88e0f7fa88455d00475c2b63c3e165e15",
                "fa65a5c34ddbbaa57d27e2f1a2d98b13300ec3e7866666ba3113aa6586142589",
                "01f81e118c8cb01583e8a9a3b4bea0f78b1046d1505dd7d25dd2081a6964001c",
                "d14f401bc7dfb14ef3a651600d8764db4554e779a5f145ca5db335ef398e3a26",
                "cc39b833b21ca1f520365d1ae84395fcf19f5c4ce37ee71f4943bb9628fb0023",
                "1eb7659a5bc7d3d701e4799d08cc344d6bfe0c2117f41a2a4ce585fd45e3c7ea",
                "fd5940edd800f81a1bb575c99ac4f6e7f6f76e3e8578214ac44100f0b38ad3ef",
                "faf4acd02195157641d66736b32a0eb11b1cd03a160f03238ff37da3b10e662f",
                "c76e74b33311526cd7104c29683c384920ce4d0cae7a53670feeffa5372f6e37",
                "f297a429003183176dcc4f3973a28e8f31bb4ab63b331f1afd7d09489465f0a5",
                "17ff62bd674acfd2b889b01bf3d3e30fa4f2ff67e8d2f5ccac4dec83234c7722",
                "5cf26acb166f374f77cf904a46718f08599e531799b528ca71b2936968e3c95c",
                "24495dd836d5f14b594f0e43216a0e309a5b9028c6a262b895c33e854f89d011",
                "57260b7e9309c027049bfca8533d15bcf55e73aa7f3883e99a34ac3b7fb449fc",
                "2905f186302f87b6b97e08b7c05a353e96512399bc0f600d4c6f9302baab2bf8",
                "f49e134c1d13e9fa9a9bc9876c53b7a139ac73aa4ddda5eb93913540e5a800f5",
                "9d3380fae6612fcac13b995bc8f54190acf59dfba1a2308e381dfb23bfe6e2a1",
                "e2e43db18a869ecd9f835e91c97063a16c711e1c1de030f54349536adafad887",
                "c3b72183dc41caab32b3508035d3d3914f6976ff3c0eeed1e3b19c9e3baa4897",
                "db0629645346ed0dd57e5c49d4035cb43a9d59b27115e3263060c26258b0c119",
                "461a99b932645fd95b7ef5b47983369017e3593e7831fc250a8f26374d28167d",
                "1e65f6e4f234e45d752c1f1a9f54f69aa28052aad249ae769ddd477b1a0d9938",
                "8bd3983ecf674e9fa694dcc86bad6512ef79b995db0ce05af8fb4adb89fc8dfe",
                "99c86652265a705a4c1b2ff6ee4842a928b8a5c6ea3a105869d34b6ac7d2b435",
                "2b8c61662a96647d2ee6ffa107c3e68e4b5e7cc16c3ac6c2295617512985d653",
                "60028593764103b4aa11fd63dc09cba5868ded76be65097434b16d7db8fea995",
                "0a6a7bfa59d75304f37393672027697e1588a4ed1602337ffbaa4b863c0008e8",
                "6c49c8ef1b4c6b191c5f600993f1ddf0e56ee64c6d742c4dc7c06e489efe414b",
                "4bbe0c6c7e5dfc3bc9c177ef32236a4e0b3c01344b30d6620592852278d2e1d4",
                "6cf2d0b15ea7f1631ee82f5be076804f19b1506837f24c0492f085e2e3a84bcd"
            ],
            "type": "Fetch",
            "firstPartyCookies": {},
            "firstPartyCookiesSent": {},
            "exampleSites": [
                "www.pureformulas.com",
                "steelsupplements.com",
                "highhorseperformance.com",
                "gunner.com",
                "www.keepsakequilting.com",
                "www.pitviper.com",
                "casadesante.com",
                "tomboyx.com",
                "heatonist.com",
                "justingredients.us",
                "shop.akc.org",
                "masienda.com",
                "thejeepsterman.com",
                "www.turtlebeach.com",
                "www.heybike.com",
                "www.nestbedding.com",
                "dimebeautyco.com",
                "www.urbanbodyjewelry.com",
                "jeffreycampbellshoes.com",
                "us.princesspolly.com"
            ]
        },
        {
            "rule": "smsbump\\.com\\/2\\.9\\.41\\/assets\\/css\\/popup_style_24\\.css",
            "cookies": 0,
            "fingerprinting": 0,
            "subdomains": [
                "forms"
            ],
            "apis": {},
            "sites": 4,
            "prevalence": 0.0000273,
            "cnames": [],
            "responseHashes": [
                "b547b9420330ed1dff12b391543c1b059958e75241d92d9ca66d283c27a0e7b4"
            ],
            "type": "Stylesheet",
            "firstPartyCookies": {},
            "firstPartyCookiesSent": {},
            "exampleSites": [
                "danpostboots.com",
                "repfitness.com",
                "www.roccat.com",
                "www.turtlebeach.com"
            ]
        },
        {
            "rule": "smsbump\\.com\\/2\\.9\\.41\\/assets\\/css\\/popup_style_2\\.css",
            "cookies": 0,
            "fingerprinting": 0,
            "subdomains": [
                "forms"
            ],
            "apis": {},
            "sites": 2,
            "prevalence": 0.0000136,
            "cnames": [],
            "responseHashes": [
                "ccd54fe6c99e1601f18a275ffc80a50d803fd6a3bf70365b9b58f7c76938e47b"
            ],
            "type": "Stylesheet",
            "firstPartyCookies": {},
            "firstPartyCookiesSent": {},
            "exampleSites": [
                "dazzledry.com",
                "wallaroohats.com"
            ]
        },
        {
            "rule": "smsbump\\.com\\/2\\.9\\.41\\/assets\\/img\\/custom-select-arrow\\.svg",
            "cookies": 0,
            "fingerprinting": 0,
            "subdomains": [
                "forms"
            ],
            "apis": {},
            "sites": 2,
            "prevalence": 0.0000136,
            "cnames": [],
            "responseHashes": [
                "ba52bc9703638192a66106beabce585597e9920093380c38b0fcf8632430fd02"
            ],
            "type": "Image",
            "firstPartyCookies": {},
            "firstPartyCookiesSent": {},
            "exampleSites": [
                "dazzledry.com",
                "thejeepsterman.com"
            ]
        },
        {
            "rule": "smsbump\\.com\\/151752\\/fonts\\/obviously-extended-bold%20%281%29\\.woff2",
            "cookies": 0,
            "fingerprinting": 0,
            "subdomains": [
                "forms-akamai"
            ],
            "apis": {},
            "sites": 2,
            "prevalence": 0.0000136,
            "cnames": [],
            "responseHashes": [
                "97260faed9df0e5a798182f77e26b48c3924b89bb1b7e449ebd405b379d04612"
            ],
            "type": "Font",
            "firstPartyCookies": {},
            "firstPartyCookiesSent": {},
            "exampleSites": [
                "princesspolly.com",
                "us.princesspolly.com"
            ]
        },
        {
            "rule": "smsbump\\.com\\/151752\\/user_file64dfaaf197c47\\.jpg",
            "cookies": 0,
            "fingerprinting": 0,
            "subdomains": [
                "forms-akamai"
            ],
            "apis": {},
            "sites": 2,
            "prevalence": 0.0000136,
            "cnames": [],
            "responseHashes": [],
            "type": "Image",
            "firstPartyCookies": {},
            "firstPartyCookiesSent": {},