{
    "domain": "socy.pro",
    "owner": {},
    "source": [
        "DuckDuckGo-US"
    ],
    "prevalence": 0.000218,
    "sites": 32,
    "subdomains": [
        "rbx-mat",
        "gra7-mat",
        "bhs5-mat"
    ],
    "cnames": [],
    "fingerprinting": 1,
    "resources": [
        {
            "rule": "socy\\.pro\\/mat\\.php\\/check",
            "cookies": 0,
            "fingerprinting": 0,
            "subdomains": [
                "rbx-mat",
                "gra7-mat",
                "bhs5-mat"
            ],
            "apis": {},
            "sites": 29,
            "prevalence": 0.000197,
            "cnames": [],
            "responseHashes": [
                "f1572d77a36cc95e7d8fa257dce6b9d080289486898c7e4c883a53a42ef0ecf6",
                "9fbe41aff66624e9b241c781e1c1302ede6ef6fd39ce33fb432f424936860f38",
                "d46e319724cd6874d32b031dc2d0f1801c7618151ddd0fca6502a8bbb5475687",
                "b1268f2081bbff66897f676cd2f186735e145333debe18b963695176b37f153d",
                "5d20a91ad2bc2a02e73fd7764b06c0cee5a905b85770927fcf7b5ee6a64f6266",
                "6b1ea44cdaa9bf947c3f89708737093df9e890216f8dee157907e7c596d11cb9",
                "d013d9a95c8e0378c2d6e88c1353fce0e2d614d7171da19713b5865cd57804dc",
                "d2f1997bbfb4ee739b1f41edaf11b21eb496196b88495dc4bd9540610f3e45d3",
                "5a2c093edc3990797bdfbd09a8f183346774f39d29eb30c49d0bca40825add20",
                "d6798741d8d6acdf273bc556e214b7cc4d19946fba2815d10044947cf887dd9a",
                "d2c7a6e90f595922aad953249fa5e419703e9042137e0bf40ce48d449d5944e7",
                "6a4a9dec508a6f5c3e0d6edcbde993e7644d63f5050790d27724b84d68e36055",
                "5e0c6178aee3bccb4540da36e6c186c56bbbe94aeb1b0b02c744390491ada8fa",
                "15709dd993799e40a33749825b2ec272f6d4a2d7cc2e87ce4f7a5f4c242e0292",
                "463fa692a13cb8cf9c47ab77e2f586b31815561255aba0a3839b23c888b15e53",
                "436947a62bd7ec8550bd939c630b1fcb97e4c2bdc97c1456a43b0cc2901f9c49",
                "1c192921359cbcaad1f90a20f1ee859de0242d7b4e80a3dc49af5ddaa14a5eff",
                "0685ba73e54d93818d567a208bf6e4d9c2357d2c600c4997c291b7691aaf02de",
                "7b0d3cce78c5a868f721b7987325563d2aa7dfc2903844af65d64781a9791087",
                "750aeb81c7284042636fd2b8f182609c408e9c38b8b204100ca64fb74ce2f266",
                "3f7b12c3286de33ee671e37695f72af5b96f8a930bf03c2ff9b76f1a3c684b4f",
                "a1afb4d0c04af293aeca28ccb64ecf95893f4d1ba3d3eae6284480a75b0e9121",
                "838b7bf7e3f89fd2d1a54685244e31ee4385fa607700347d3753f6632b9ae67e",
                "d61788f93969aec762d82764fae935bb085400a3ffcb994a1ebf0ec374899cdc",
                "34c68c27db29a31fbe0228171efa96189933436b92e9069321e61462792a1b74",
                "bd0edd7e06ae97e6366414e57acfb4a7e437ee1a7ab4b9a6f0d5a35f67fce963",
                "04ed406bebc3d64ebf62815efbe9c7f1db1559a74fed26257cb2868f98300639",
                "f70680a17b07968805d086a29265655e462e3edb8ba3efee024f6f7c1fbf9328"
            ],
            "type": "XHR",
            "firstPartyCookies": {},
            "firstPartyCookiesSent": {},
            "exampleSites": [
                "www.superdeporte.es",
                "www.applesfera.com",
                "cadenaser.com",
                "www.vitonica.com",
                "mexico.as.com",
                "www.espinof.com",
                "los40.com",
                "www.wradio.com.co",
                "www.xataka.com",
                "www.vidaextra.com",
                "www.xatakamovil.com",
                "as.com",
                "www.trendencias.com",
                "www.directoalpaladar.com",
                "caracol.com.co",
                "www.telva.com",
                "www.eldesmarque.com",
                "motor.elpais.com",
                "www.huffingtonpost.es",
                "www.noticiasdenavarra.com"
            ]
        },
        {
            "rule": "socy\\.pro\\/mat\\.php\\/api\\/xandr_usermapping",
            "cookies": 0,
            "fingerprinting": 0,
            "subdomains": [
                "rbx-mat",
                "gra7-mat",
                "bhs5-mat"
            ],
            "apis": {},
            "sites": 19,
            "prevalence": 0.000129,
            "cnames": [],
            "responseHashes": [
                "fa518bc66e2ef8a8c4da07a95922b2c8cee2968bc888e53471c19bf4397c401f",
                "0b27e3f4ee813f64473d749911f89a9d2f8f977b6612fd53340fc6b0ea80d8e9",
                "c1885a68fbbf3cb9c5e3e14d4f9465bba9483469e74f1621cab9d6b45b4e8ddb",
                "eab4a1c0fed9b7e44d237b7b2e05eaeeb58ce69eeef361fb88c3481abf97c80e",
                "d8ecb46ba530e844495216cf46728200f2f53d32394cdfee568eac60e4342539",
                "87d90f7f67eb8407728dbbac2496b0908b8c6fe25279413e9733eb60e8dbe307",
                "f762904afefd1933ef021590fac50a88bd70b25380b77c6bd578cefeb7c4b7a6",
                "bff99150edc9621ac922a54926f11956a8b4283c2dadd5564c135659cfdf8434",
                "69030fa1b608e067ae377fbf3df1ac7c09280dd95d2bd0dd9e14c5843b052353",
                "4bbfce148e4c335fd794dd5154f501650fe449a0b06445f32ea83eabdf0b46d1",
                "dc93fbd0d682ee8396d69e208e0f6dc2cc6aceddab108a7d17474f9c4fc5824b",
                "e4679ee65400bdbe66cd153aed2a1f542a7da576b28966e31fc874b15faa1b14",
                "4f77428bc9bcef941c6fcef54c9b8d350e04a7ba1720f3ba8fff1e308c897f7d",
                "c2ea72603a06c4c9352dd4c5b4f544f4d47f348a373b29aa0cc31bf10fc095e9",
                "2b8960951d3c00df95b45cbc5468a53bc031ec618222268fa1ba6e5d86234298",
                "b3f7517f80a2a1232173462c408757d8f3e991c7329d477eaeecc030a7cf9179",
                "44080fcb2dfc9e6e2bfaaa22048144237c95a993b81dadea556a2f7b785c2537"
            ],
            "type": "Script",
            "firstPartyCookies": {},
            "firstPartyCookiesSent": {
                "_MAT_XUM_": 0.00012253650566731338,
                "SPC_XUM": 0.00012253650566731338
            },
            "exampleSites": [
                "as.com",
                "cadenaser.com",
                "caracol.com.co",
                "en.as.com",
                "los40.com",
                "mexico.as.com",
                "motor.elpais.com",
                "www.applesfera.com",
                "www.directoalpaladar.com",
                "www.espinof.com",
                "www.genbeta.com",
                "www.huffingtonpost.es",
                "www.trendencias.com",
                "www.vidaextra.com",
                "www.vitonica.com",
                "www.wradio.com.co",
                "www.xataka.com",
                "www.xatakahome.com",
                "www.xatakamovil.com"
            ]
        },
        {
            "rule": "socy\\.pro\\/mat\\.php\\/load\\/yc\\/master\\/206\\/",
            "cookies": 0,
            "fingerprinting": 0,
            "subdomains": [
                "rbx-mat"
            ],
            "apis": {},
            "sites": 2,
            "prevalence": 0.0000136,
            "cnames": [],
            "responseHashes": [
                "ff1cb5dfbdf58ab32e38bda67113986e61578c2b12419dc9d22a6a9fdc15dd80"
            ],
            "type": "XHR",
            "firstPartyCookies": {},
            "firstPartyCookiesSent": {
                "_MAT_TK_": 0.000013615167296368154
            },
            "exampleSites": [
                "as.com",
                "mexico.as.com"
            ]
        },
        {
            "rule": "socy\\.pro\\/mat\\.php\\/load\\/yc\\/master-2\\/378\\/",
            "cookies": 0,
            "fingerprinting": 0,
            "subdomains": [
                "gra7-mat"
            ],
            "apis": {},
            "sites": 2,
            "prevalence": 0.0000136,
            "cnames": [],
            "responseHashes": [
                "4964b0ad7f1931b6d046f1ebda69a96e4c048a71611bf530baa426b23ef5ef40"
            ],
            "type": "XHR",
            "firstPartyCookies": {},