{
    "domain": "socy.pro",
    "owner": {},
    "source": [
        "DuckDuckGo-US"
    ],
    "prevalence": 0.000266,
    "sites": 39,
    "subdomains": [
        "rbx-mat",
        "bhs5-mat",
        "gra7-mat"
    ],
    "cnames": [],
    "fingerprinting": 0,
    "resources": [
        {
            "rule": "socy\\.pro\\/mat\\.php\\/api\\/mix_json",
            "cookies": 0,
            "fingerprinting": 0,
            "subdomains": [
                "rbx-mat",
                "bhs5-mat"
            ],
            "apis": {},
            "sites": 2,
            "prevalence": 0.0000136,
            "cnames": [],
            "responseHashes": [
                "9bdf2b215fe7570d2136dee58bf516e2bd13566ba127dd12eb205ab2b1f2a81f"
            ],
            "type": "Script",
            "firstPartyCookies": {},
            "firstPartyCookiesSent": {},
            "exampleSites": [
                "as.com",
                "en.as.com"
            ]
        },
        {
            "rule": "socy\\.pro\\/mat\\.php\\/check",
            "cookies": 0,
            "fingerprinting": 0,
            "subdomains": [
                "rbx-mat",
                "gra7-mat",
                "bhs5-mat"
            ],
            "apis": {},
            "sites": 35,
            "prevalence": 0.000239,
            "cnames": [],
            "responseHashes": [
                "e3caef56e85adaf185173f5b807edb66a0f1d3c03001290b100667623cc3e5f5",
                "68ca3cdc842ba51a901185fd60ac3780fa2e873a92aa376f3a1efb44e73ae024",
                "65562635c364a087c3b4c4d1b01595a372b01993a4953883950bec30f3e195b3",
                "5ca065ce0c189c011436d0489857c3a71f8f789e8d1901b32a363c97402d4646",
                "48373798d68f2639ba8fc56d21bbc2d4182c24a623529f5ce0028d398c728ddf",
                "7080cbf52789dcb5107d5659b9f5651d87e4f566a2f79e809dbe799603e2f026",
                "484f123abf0274627ae5c4d434bfa7958bc7b9565044f4beb2b1cb407948a505",
                "65b60be310f7e35826359090132121bb89ff6d3eae44444a967fa39cca31edd3",
                "8383fcd7dd1456dea4d0f5ef2de6743506d0295ae1466ad53e0e9c0a9890caf2",
                "41ba50ab61d5197ce54c0d850303c18fbfd060b586e38c0916b7df49809972c9",
                "19cef4ae4287429cde8341dfe28511c55ac8a651240a818e3165ddda47a6d58a",
                "fa311f1697860c4e94d877b5516ea1e6381b2f9cb2e6950efe49dc627fe7903e",
                "cf3c7304c5b5bb3a69e82d17ba3dbf0f5248d9aeaf650771b343a3e83ba237d4",
                "a8de4cc5b8890fbda78ca9c1cc5f37e99b43cc68e881c256e8e407ab3bc42ea0",
                "63f09016236e016e2adf21896f17681066d2778d1995ac6f141c7179d763b511",
                "c43dad377c3f0e5050d1c2d4fb930629ba67771832a9b91ecfa9fd0c4f8490d7",
                "7fd2a06d67224d9282e70d8a00920aee206d3c05e1b12e9ff58afd014cb91df0",
                "79b2600013d401c7c720f36d21088c551558c5a6225209fb7c21bd18cba66839",
                "0c20fa47e23db448b39591980c7ad97535eae883b088234110d124ac181506e7",
                "40ddad0e6828abefb400443233a4a9be867359f360cd9fd6d4d05aa45a1199ad",
                "8078401c046fa34f6816b6de40e94a2414b40970a9af1512a97cad4b1e1ed5e1",
                "1c34228cca1bfc7e3f1c80432a2422d3fdcaa6f9775d486eb7f98e0868a102f1",
                "feed608a4a89c74111fefe1b685d8a8d63564c9bdf5f517d9a6ba86857082ed9",
                "daedddcf91016f80b36c9a6b4e694e86003f19878cdb28822d97cb44d22bef93",
                "a1ddd368b0c053cf183ac17d4c39f8404359b6565335b3be7d2e2dd36290b2df",
                "3e4a7fbe7739c154906bb67acf2ce513e8f4efbb0480ee7e61afcd9cb5b2662b",
                "8318be5226759c982d07a83f6b18993903e90bebff1507b69990a0a817a700c5",
                "da5079b74d36a03762386975e438a68b056f2f0f15f076b8602556d63410e755",
                "d5fd76e145ff6e0213bd3bf8d9deda6ef505f71213df07b99c307053ea43442a",
                "0ae3d28a18f879ce781742f80811782ab5b5ad7545375775f28c08865c983d8a",
                "ebea3f4cf12cb472dba54818ca67c40cbef35f657070519bc504f986b1751975",
                "1ae8467bee5ee83775434e1c9ce3634de8995f78d9059dc2ed95a1d048573337",
                "aec43fba238078a84b2cc6ae1e03cc8c855615b05e61e70a90a24e801a409814",
                "cef6f620e92e05ce85713b551d6560ecf3dcdd7f3b536a26e8e06edcd735757f"
            ],
            "type": "XHR",
            "firstPartyCookies": {},
            "firstPartyCookiesSent": {},
            "exampleSites": [
                "www.applesfera.com",
                "www.laopiniondemalaga.es",
                "www.noticiasdealava.eus",
                "www.espinof.com",
                "as.com",
                "www.xatakandroid.com",
                "www.genbeta.com",
                "peru21.pe",
                "www.noticiasdegipuzkoa.eus",
                "en.as.com",
                "www.noticiasdenavarra.com",
                "es.besoccer.com",
                "caracol.com.co",
                "www.wradio.com.co",
                "cadenaser.com",
                "www.xatakamovil.com",
                "www.directoalpaladar.com",
                "www.telva.com",
                "www.vidaextra.com",
                "www.deia.eus"
            ]
        },
        {
            "rule": "socy\\.pro\\/mat\\.php\\/api\\/mix_json_branded",
            "cookies": 0,
            "fingerprinting": 0,
            "subdomains": [
                "rbx-mat",
                "bhs5-mat"
            ],
            "apis": {},
            "sites": 2,
            "prevalence": 0.0000136,
            "cnames": [],
            "responseHashes": [
                "af6d2cae63f2d311ce422f6dc6a8ad0818c569b62bb45a6c7433c76af43987e2"
            ],
            "type": "Fetch",
            "firstPartyCookies": {},
            "firstPartyCookiesSent": {},
            "exampleSites": [
                "as.com",
                "en.as.com"
            ]
        },
        {
            "rule": "socy\\.pro\\/mat\\.php\\/api\\/xandr_usermapping",
            "cookies": 0,
            "fingerprinting": 0,
            "subdomains": [
                "rbx-mat",
                "gra7-mat",
                "bhs5-mat"
            ],
            "apis": {},
            "sites": 22,
            "prevalence": 0.00015,
            "cnames": [],
            "responseHashes": [
                "c7ff62ae8749afa0a063a5922fffd1a123c3c7e7662095a4e8b5d526836c7d58",
                "f3a8b3eec7fa3e9df99b8a0170e7a615cc509176723680e87d50a44b7ad654af",
                "aa1b9b982024e2cadfed68f7c2f00c0ff2f7cb14a5dea6f64c63d32559e4b99e",
                "e82656600d5dfb686572f29b70b6c57a75cf2882c933593de13f948856415e85",
                "0d3e01c10f1a275e83263d47e1be136f32a05d416efe27ec3f9b63c96ec504ee",
                "32ce45a93d4512bdaf42eebd493d5b397a37c2f9c5a148708efeb0e28ed421bf",
                "4fab1dbf1c20011f57f84c911945053bbb2300f577c25891b858946e2788e5a3",
                "bc7e5617ced8ec12905d6d15f291b89b4e66c128f441556461468c7c541b5b44",
                "73df0c9fefdb86faeabe3c273f27f1fd2eb35820ac47f30469a0a65c76ac289b",
                "1b972c99c22d470a6021e5187fd4eef91f859c5dee5947eaefafa14124a29562",
                "672ec8b1d1d3dd58b86734afa7f11390b4d3f897842245c25fd5e5bd2b37e3e2",
                "2b6e585080d70e11a51c7ee4db373a00cf64dad3d9e2f99c2dd0faab9414f0e7",
                "7c42bc9e4062231fa17fbe00722b500ceded26c2d87a6fbbef309f77a4a1f638",
                "89daab75aab2334e4b3bde7344b27bd32d623a3ba46f1f0a7b7bac34477d9765",
                "3353dd0838c3c1b03d6b7493853377bbe628c3c1df4b916a367f232d90f57c86",
                "240f587996701ba0109bf73789ea41816c644624c3bf51fcc646505cc29de3a4",
                "78b5cdf43491819f6ff7e5d202f3ab2c097ada424f2fc36bb1ba939ef673c912",
                "731d66e53490da2f33ea6681926f786e19aa1bb52af17ffb97af1c2cb060e9d9",
                "84562a1d19074bc3871cd7731081d594c142db24e7950848ff034e92845e92aa",
                "982dbbe27b78330d45aa6a8e2d29f2320d6a0470ced3ceb5f36aba6455399676"
            ],
            "type": "Script",
            "firstPartyCookies": {},