{
    "domain": "spreaker.com",
    "owner": {},
    "source": [
        "DuckDuckGo-US"
    ],
    "prevalence": 0.000211,
    "sites": 31,
    "subdomains": [
        "widget",
        "api"
    ],
    "cnames": [],
    "fingerprinting": 2,
    "resources": [
        {
            "rule": "spreaker\\.com\\/widgets\\.js",
            "cookies": 0,
            "fingerprinting": 1,
            "subdomains": [
                "widget"
            ],
            "apis": {
                "Navigator.prototype.userAgent": 12
            },
            "sites": 16,
            "prevalence": 0.000109,
            "cnames": [],
            "responseHashes": [
                "d3946926064800df2fffced2b9db4a940d64e291896d2d6408eed1775bd9cbbd"
            ],
            "type": "Script",
            "firstPartyCookies": {},
            "firstPartyCookiesSent": {},
            "exampleSites": [
                "freedomfirstnetwork.com",
                "galleriaborghese.beniculturali.it",
                "gayety.co",
                "gratis-sexnoveller.dk",
                "radioink.com",
                "scottishrite.org",
                "tdalabamamag.com",
                "wtaw.com",
                "www.assh.org",
                "www.kulr8.com",
                "www.lawsociety.org.uk",
                "www.pazienti.it",
                "www.pmi.it",
                "www.richdad.com",
                "www.socom.mil",
                "www.trenord.it"
            ]
        },
        {
            "rule": "spreaker\\.com\\/player",
            "cookies": 0,
            "fingerprinting": 0,
            "subdomains": [
                "widget"
            ],
            "apis": {},
            "sites": 14,
            "prevalence": 0.0000954,
            "cnames": [],
            "responseHashes": [
                "a868df20db6456e52e958d21a077254b39c1f779b1f100c05269ec3739571cad",
                "ae5003dfcf020701627d7cc2b2d02d559ae3a1fe0b7cd717b11e60b319bac0ed",
                "576d666803a0635da2b069b1954f3425b2f7eca2b6bf10438a7e1e62aa60b15b",
                "4d78c98b8a2a11406b239a032f45111b5e0b4b9fe6d984851b51b1aa86f1c6a9",
                "c6a64b5e469f73e54fc4e2d54b2d495e236f5a542c7d4651cc6cc82e0d045736",
                "73508d938fe68b0234f86dc121c1b3de773d29300a40839e5028df66756d7c40",
                "4d6a13640ede8f2ab70992f89775ac7ffea8d880c90fdc0d2d0e006231cdd5a4",
                "906967d4e9846992b5c143f135d432194090e38417a00d0ea09cfc6b79ad035a",
                "58b4154c9e12923a7564b7d92cd7f9004363a430d06fec8b53aacd11ee9ad4c7",
                "99b2697ff4c065ef0587b07c723d003a898182af682c97a555a26f51d7d9a32b",
                "89c59e9ca4f5296c3dd0c33702202c4856aef09d4f882d2bfce302d3d6507770"
            ],
            "type": "Document",
            "firstPartyCookies": {},
            "firstPartyCookiesSent": {},
            "exampleSites": [
                "jimdukeperspective.com",
                "kontrafunk.radio",
                "media.paulbrandenburg.com",
                "oldworldgardenfarms.com",
                "scottishrite.org",
                "tomluongo.me",
                "wtaw.com",
                "www.celticquicknews.co.uk",
                "www.elespanol.com",
                "www.hagmannpi.com",
                "www.itv.com",
                "www.pmi.it",
                "www.richdad.com",
                "www.seoghoer.dk"
            ]
        },
        {
            "rule": "spreaker\\.com\\/player-base-883b96f89f67bf60c47b\\.js",
            "cookies": 0,
            "fingerprinting": 2,
            "subdomains": [
                "widget"
            ],
            "apis": {
                "Event.prototype.timeStamp": 11,
                "Navigator.prototype.userAgent": 8,
                "Navigator.prototype.plugins": 4,
                "Navigator.prototype.mimeTypes": 8,
                "Navigator.prototype.product": 8,
                "window.sessionStorage": 6,
                "Navigator.prototype.languages": 8,
                "Document.cookie getter": 6,
                "window.innerWidth": 6,
                "window.innerHeight": 6,
                "BroadcastChannel.prototype.constructor": 6,
                "window.devicePixelRatio": 6,
                "HTMLMediaElement.prototype.canPlayType": 6
            },
            "sites": 14,
            "prevalence": 0.0000954,
            "cnames": [],
            "responseHashes": [
                "d163f4e4ea6818917461fcbbfd8c45e66e10da8a28162b811f462de217cf92d8"
            ],
            "type": "Script",
            "firstPartyCookies": {},
            "firstPartyCookiesSent": {},
            "exampleSites": [
                "jimdukeperspective.com",
                "kontrafunk.radio",
                "media.paulbrandenburg.com",
                "oldworldgardenfarms.com",
                "scottishrite.org",
                "tomluongo.me",
                "wtaw.com",
                "www.celticquicknews.co.uk",
                "www.elespanol.com",
                "www.hagmannpi.com",
                "www.itv.com",
                "www.pmi.it",
                "www.richdad.com",
                "www.seoghoer.dk"
            ]
        },
        {
            "rule": "spreaker\\.com\\/a8e8fba43cd8de3abcb3dfbfb8fdedaa\\.svg",
            "cookies": 0,
            "fingerprinting": 0,
            "subdomains": [
                "widget"
            ],
            "apis": {},
            "sites": 14,
            "prevalence": 0.0000954,
            "cnames": [],
            "responseHashes": [
                "ff70244083a359ed4de155fe4cfa15b7116826ac4a0c79a4dbfc060110fa573a"
            ],
            "type": "XHR",
            "firstPartyCookies": {},
            "firstPartyCookiesSent": {},
            "exampleSites": [
                "jimdukeperspective.com",
                "kontrafunk.radio",
                "media.paulbrandenburg.com",
                "oldworldgardenfarms.com",
                "scottishrite.org",
                "tomluongo.me",
                "wtaw.com",
                "www.celticquicknews.co.uk",
                "www.elespanol.com",
                "www.hagmannpi.com",
                "www.itv.com",
                "www.pmi.it",
                "www.richdad.com",
                "www.seoghoer.dk"
            ]
        },
        {
            "rule": "spreaker\\.com\\/4273b58bdcdc4225ef93f262d8732782\\.svg",
            "cookies": 0,
            "fingerprinting": 0,
            "subdomains": [
                "widget"
            ],
            "apis": {},
            "sites": 2,
            "prevalence": 0.0000136,
            "cnames": [],
            "responseHashes": [
                "4e7e3e18e2e8dbf2bcd42093927b67e34b00566200669f44f9f4a65186ec7e04"
            ],
            "type": "Image",
            "firstPartyCookies": {},
            "firstPartyCookiesSent": {},
            "exampleSites": [
                "oldworldgardenfarms.com",
                "www.celticquicknews.co.uk"
            ]
        },
        {
            "rule": "spreaker\\.com\\/3fc945b8060c503f649871b37b67cfc2\\.svg",
            "cookies": 0,
            "fingerprinting": 0,
            "subdomains": [
                "widget"
            ],
            "apis": {},
            "sites": 3,
            "prevalence": 0.0000204,
            "cnames": [],
            "responseHashes": [
                "36804d03bb688b57467677d890460d493cabd70bde8bd22d0708b47f4dc421e0"
            ],
            "type": "Image",
            "firstPartyCookies": {},
            "firstPartyCookiesSent": {},
            "exampleSites": [
                "scottishrite.org",
                "www.richdad.com",
                "www.seoghoer.dk"
            ]
        },
        {
            "rule": "spreaker\\.com\\/listen\\/user\\/4497718\\/episode\\/latest\\/shoutcast\\.mp3",
            "cookies": 0,
            "fingerprinting": 0,