{
    "domain": "spreaker.com",
    "owner": {},
    "source": [
        "DuckDuckGo-US"
    ],
    "prevalence": 0.000184,
    "sites": 27,
    "subdomains": [
        "widget"
    ],
    "cnames": [],
    "fingerprinting": 2,
    "resources": [
        {
            "rule": "spreaker\\.com\\/player",
            "cookies": 0,
            "fingerprinting": 0,
            "subdomains": [
                "widget"
            ],
            "apis": {},
            "sites": 11,
            "prevalence": 0.0000749,
            "cnames": [],
            "responseHashes": [
                "20e41157210e5093b0eb6f516bb35f1369027a95a058d1dde176a73d2cdfd17e",
                "8ff7c40273654e4c217fbb6536a3b3b8d829be77514aa450c604d71588ac17d3",
                "3a5236ea541da0cefb5ed7f7ceea4d7ff47610b5d510a900ea6743dd25bbf5a0",
                "d8d723dbca3447e810ebd301e5701abd3a4271560cd848fd1421a84cb5d3c819",
                "7d56312234aef91d0a1300c779fc6808b95cec6fcf7e860d2867ae3b88c3e628",
                "339547c0a4609e32eadd0bda2bcc4b053a567b0b802c5ffc43631a3e919a913b",
                "cbbd792ca339cdcc27da748b9e2565f7d81883011da8768f619885a44e628c5e",
                "fd38d525e14e02adeefbd1d143eb072852699bc0a65a55dc210a25787638f9f3",
                "de74a636cd2501a45f62fee46fa3591cdac3718e8ac857d09c8514600424ea55"
            ],
            "type": "Document",
            "firstPartyCookies": {},
            "firstPartyCookiesSent": {},
            "exampleSites": [
                "21stcenturywire.com",
                "kontrafunk.radio",
                "oldworldgardenfarms.com",
                "scottishrite.org",
                "thezman.com",
                "tomluongo.me",
                "www.elespanol.com",
                "www.hagmannpi.com",
                "www.itv.com",
                "www.pmi.it",
                "www.richdad.com"
            ]
        },
        {
            "rule": "spreaker\\.com\\/player-base-df3e0a3c3cbb413bbd81\\.js",
            "cookies": 0,
            "fingerprinting": 2,
            "subdomains": [
                "widget"
            ],
            "apis": {
                "Navigator.prototype.userAgent": 9,
                "Navigator.prototype.plugins": 5,
                "Navigator.prototype.mimeTypes": 9,
                "Navigator.prototype.product": 9,
                "window.sessionStorage": 8,
                "Navigator.prototype.languages": 9,
                "Document.cookie getter": 7,
                "window.innerWidth": 8,
                "window.innerHeight": 8,
                "BroadcastChannel.prototype.constructor": 7,
                "Date.prototype.getTime": 11,
                "window.devicePixelRatio": 8,
                "HTMLMediaElement.prototype.canPlayType": 7,
                "Event.prototype.timeStamp": 8
            },
            "sites": 11,
            "prevalence": 0.0000749,
            "cnames": [],
            "responseHashes": [
                "dd4ceeb577fbb1a10db4077b66ddd4243b3eb77a5e4d774db8d3533e881432df"
            ],
            "type": "Script",
            "firstPartyCookies": {},
            "firstPartyCookiesSent": {},
            "exampleSites": [
                "21stcenturywire.com",
                "kontrafunk.radio",
                "oldworldgardenfarms.com",
                "scottishrite.org",
                "thezman.com",
                "tomluongo.me",
                "www.elespanol.com",
                "www.hagmannpi.com",
                "www.itv.com",
                "www.pmi.it",
                "www.richdad.com"
            ]
        },
        {
            "rule": "spreaker\\.com\\/a8e8fba43cd8de3abcb3dfbfb8fdedaa\\.svg",
            "cookies": 0,
            "fingerprinting": 0,
            "subdomains": [
                "widget"
            ],
            "apis": {},
            "sites": 11,
            "prevalence": 0.0000749,
            "cnames": [],
            "responseHashes": [
                "ff70244083a359ed4de155fe4cfa15b7116826ac4a0c79a4dbfc060110fa573a"
            ],
            "type": "XHR",
            "firstPartyCookies": {},
            "firstPartyCookiesSent": {},
            "exampleSites": [
                "21stcenturywire.com",
                "kontrafunk.radio",
                "oldworldgardenfarms.com",
                "scottishrite.org",
                "thezman.com",
                "tomluongo.me",
                "www.elespanol.com",
                "www.hagmannpi.com",
                "www.itv.com",
                "www.pmi.it",
                "www.richdad.com"
            ]
        },
        {
            "rule": "spreaker\\.com\\/widgets\\.js",
            "cookies": 0,
            "fingerprinting": 1,
            "subdomains": [
                "widget"
            ],
            "apis": {
                "Navigator.prototype.userAgent": 13
            },
            "sites": 15,
            "prevalence": 0.000102,
            "cnames": [],
            "responseHashes": [
                "a7b8836484b91955fe0f784628c8a32ec31a11a7ba3078c248584e3df22746e4"
            ],
            "type": "Script",
            "firstPartyCookies": {},
            "firstPartyCookiesSent": {},
            "exampleSites": [
                "freedomfirstnetwork.com",
                "gayety.co",
                "gratis-sexnoveller.dk",
                "noqreport.com",
                "radioink.com",
                "scottishrite.org",
                "www.assh.org",
                "www.kulr8.com",
                "www.lawsociety.org.uk",
                "www.pazienti.it",
                "www.pmi.it",
                "www.richdad.com",
                "www.signifyhealth.com",
                "www.socom.mil",
                "www.trenord.it"
            ]
        },
        {
            "rule": "spreaker\\.com\\/3fc945b8060c503f649871b37b67cfc2\\.svg",
            "cookies": 0,
            "fingerprinting": 0,
            "subdomains": [
                "widget"
            ],
            "apis": {},
            "sites": 3,
            "prevalence": 0.0000204,
            "cnames": [],
            "responseHashes": [
                "36804d03bb688b57467677d890460d493cabd70bde8bd22d0708b47f4dc421e0"
            ],
            "type": "Image",
            "firstPartyCookies": {},
            "firstPartyCookiesSent": {},
            "exampleSites": [
                "scottishrite.org",
                "thezman.com",
                "www.richdad.com"
            ]
        }
    ],
    "categories": [],
    "performance": {},
    "cookies": 0,
    "topInitiators": [
        {
            "domain": "first party",
            "prevalence": 0.9393939393939394
        },
        {
            "domain": "googletagmanager.com",
            "prevalence": 0.06060606060606061
        }
    ],
    "types": {
        "Document": 11,
        "Script": 26,
        "XHR": 11,
        "Image": 3
    },
    "nameservers": [
        "ns-856.awsdns-43.net",
        "ns-1968.awsdns-54.co.uk",
        "ns-1119.awsdns-11.org",
        "ns-196.awsdns-24.com"
    ]
}