{
    "domain": "sprinklecontent.com",
    "owner": {},
    "source": [
        "DuckDuckGo-US"
    ],
    "prevalence": 0.00015,
    "sites": 22,
    "subdomains": [
        "widgets",
        "images"
    ],
    "cnames": [],
    "fingerprinting": 1,
    "resources": [
        {
            "rule": "sprinklecontent\\.com\\/v2\\/sprinkle\\.js",
            "cookies": 0,
            "fingerprinting": 1,
            "subdomains": [
                "widgets"
            ],
            "apis": {
                "Navigator.prototype.userAgent": 11,
                "Navigator.prototype.appName": 11,
                "window.innerWidth": 3,
                "window.innerHeight": 4
            },
            "sites": 11,
            "prevalence": 0.000075,
            "cnames": [],
            "responseHashes": [
                "4aef32eb6565b9ff723ae083341b58a92ba78ba93172d240b5955b7ecc433d38"
            ],
            "type": "Script",
            "firstPartyCookies": {},
            "firstPartyCookiesSent": {},
            "exampleSites": [
                "24.hu",
                "cp.hnonline.sk",
                "nlc.hu",
                "www.1limburg.nl",
                "www.at5.nl",
                "www.babyhjalp.se",
                "www.frankrijk.nl",
                "www.hazipatika.com",
                "www.klikk.no",
                "www.nhnieuws.nl",
                "www.nosalty.hu"
            ]
        },
        {
            "rule": "sprinklecontent\\.com\\/500\\/0\\/",
            "cookies": 0,
            "fingerprinting": 0,
            "subdomains": [
                "images"
            ],
            "apis": {},
            "sites": 10,
            "prevalence": 0.0000682,
            "cnames": [],
            "responseHashes": [
                "4be1878d54ff969262ab6f30cb60cefa3da8baa83e6667364a2c3b720fb0e31f",
                "fadef94a4e6faa11ab90c5718dc3dc6ca416cd9965a055294cb9e75d4f5816d1",
                "bf55c2fb808d049d043b156dcfd41e0e0a1bb35e8a338604085bf2b11b9a1441",
                "fe42e0d4c8b3a2f0eb7e6b0e24b3d7c3c58dfcd969de9f6757b6e88aa5f8e2ff",
                "a659cbf6d488702edf323241797e5a6e8a00d27acf8f2a878054833fecf1cec3",
                "f034466d71cdd7db3226dc1cd8b06a4725a5a14ea66349d151481f4f2bc1cf9f",
                "609726f1a07f8ba1559ccfd89e5ff8122075a0353ad9194b38eb1585c62b1496",
                "6568411a74d3d6671f8dee8223d06c4a5a4ec9cdb7bf21e40d3b797119d5f5b8"
            ],
            "type": "Image",
            "firstPartyCookies": {},
            "firstPartyCookiesSent": {
                "lotame_domain_check": 0.000006816632583503749
            },
            "exampleSites": [
                "idenyt.dk",
                "viivilla.se",
                "www.beleggen.nl",
                "www.detsoteliv.no",
                "www.gp.se",
                "www.hallandsposten.se",
                "www.pricerunner.dk",
                "www.sante.nl",
                "www.vibilagare.se",
                "www.vriendin.nl"
            ]
        }
    ],
    "categories": [],
    "performance": {},
    "cookies": 0,
    "topInitiators": [
        {
            "domain": "first party",
            "prevalence": 0.8125
        },
        {
            "domain": "strossle.com",
            "prevalence": 0.10416666666666667
        },
        {
            "domain": "p24.hu",
            "prevalence": 0.0625
        },
        {
            "domain": "r2b2.cz",
            "prevalence": 0.020833333333333332
        }
    ],
    "types": {
        "Script": 11,
        "Image": 10
    },
    "nameservers": [
        "ns-1565.awsdns-03.co.uk",
        "ns-438.awsdns-54.com",
        "ns-693.awsdns-22.net",
        "ns-1392.awsdns-46.org"
    ]
}