{
    "domain": "sprinklecontent.com",
    "owner": {},
    "source": [
        "DuckDuckGo-US"
    ],
    "prevalence": 0.000143,
    "sites": 21,
    "subdomains": [
        "widgets",
        "images"
    ],
    "cnames": [],
    "fingerprinting": 1,
    "resources": [
        {
            "rule": "sprinklecontent\\.com\\/v2\\/sprinkle\\.js",
            "cookies": 0,
            "fingerprinting": 1,
            "subdomains": [
                "widgets"
            ],
            "apis": {
                "Navigator.prototype.userAgent": 10,
                "Navigator.prototype.appName": 10,
                "window.innerWidth": 4,
                "window.innerHeight": 4
            },
            "sites": 11,
            "prevalence": 0.000075,
            "cnames": [],
            "responseHashes": [
                "4aef32eb6565b9ff723ae083341b58a92ba78ba93172d240b5955b7ecc433d38"
            ],
            "type": "Script",
            "firstPartyCookies": {},
            "firstPartyCookiesSent": {},
            "exampleSites": [
                "24.hu",
                "cp.hnonline.sk",
                "nlc.hu",
                "www.1limburg.nl",
                "www.at5.nl",
                "www.babyhjalp.se",
                "www.frankrijk.nl",
                "www.hazipatika.com",
                "www.klikk.no",
                "www.nhnieuws.nl",
                "www.nosalty.hu"
            ]
        },
        {
            "rule": "sprinklecontent\\.com\\/500\\/0\\/",
            "cookies": 0,
            "fingerprinting": 0,
            "subdomains": [
                "images"
            ],
            "apis": {},
            "sites": 10,
            "prevalence": 0.0000682,
            "cnames": [],
            "responseHashes": [
                "6568411a74d3d6671f8dee8223d06c4a5a4ec9cdb7bf21e40d3b797119d5f5b8",
                "4be1878d54ff969262ab6f30cb60cefa3da8baa83e6667364a2c3b720fb0e31f",
                "28d9898fc1a2cae0ea54f2dd3b20a5b6be18f9442d5aab65f85df445a0a0a890",
                "b5a527f7afecb345d029748b73c3c582c3ba363dcfc414f3d72320144e3bc6ee",
                "7197b49add939fb73f47f561628eac03b0e533e8eb87ed855f9769953835f838",
                "e1f60b5b259a3a2788c8a6af9387d89cabdc60ef70cceaf14c4e3c22041179b0",
                "71f6746fa5ca3b9ad254a90472560dd323915a5bab6b6d1e096606802cdb2ce6",
                "fe42e0d4c8b3a2f0eb7e6b0e24b3d7c3c58dfcd969de9f6757b6e88aa5f8e2ff",
                "5724cc0240672bca9d91db066d74648fdf0e513b095ce6c508d315a07083de55"
            ],
            "type": "Image",
            "firstPartyCookies": {},
            "firstPartyCookiesSent": {
                "lotame_domain_check": 0.000006817887409407321
            },
            "exampleSites": [
                "idenyt.dk",
                "tv-tabla.se",
                "viivilla.se",
                "www.beleggen.nl",
                "www.detsoteliv.no",
                "www.gp.se",
                "www.hallandsposten.se",
                "www.sante.nl",
                "www.vibilagare.se",
                "www.vriendin.nl"
            ]
        }
    ],
    "categories": [],
    "performance": {},
    "cookies": 0,
    "topInitiators": [
        {
            "domain": "first party",
            "prevalence": 0.8478260869565217
        },
        {
            "domain": "strossle.com",
            "prevalence": 0.08695652173913043
        },
        {
            "domain": "p24.hu",
            "prevalence": 0.06521739130434782
        }
    ],
    "types": {
        "Script": 11,
        "Image": 10
    },
    "nameservers": [
        "ns-693.awsdns-22.net",
        "ns-438.awsdns-54.com",
        "ns-1565.awsdns-03.co.uk",
        "ns-1392.awsdns-46.org"
    ]
}