{
    "domain": "sskzlabs.com",
    "owner": {},
    "source": [
        "DuckDuckGo-US"
    ],
    "prevalence": 0.000382,
    "sites": 56,
    "subdomains": [
        "pbjs"
    ],
    "cnames": [],
    "fingerprinting": 0,
    "resources": [
        {
            "rule": "sskzlabs\\.com\\/bid",
            "cookies": 0,
            "fingerprinting": 0,
            "subdomains": [
                "pbjs"
            ],
            "apis": {},
            "sites": 31,
            "prevalence": 0.000211,
            "cnames": [],
            "responseHashes": [
                "03d2ead8ac3d491aece5be06a2f6371d46a8bed344cbe05005b8098976b36c73",
                "2487f370ff658012740fef7fa4b8a82d652720e3662bde74d86588beaf07a1cd",
                "2aeec7c16a73001ceae35827391732d065668de57f74bb3347de1812f38b51b6",
                "061d6db76151769d6a3f24557998e914b82fc747e75162b2a2c25d848e3c84ec",
                "5f991cd987fa28b18905fcd3a5b16216cba2824e455847dc398e791412783c25",
                "6f41f23a0ba26d7bb94cb3189c307a8f3c101f4bc56f7b0c67509f30b828e60b",
                "f29a0bd30986eb488e23e32008dab1345822d443430c8618ccb1c1813f58d685",
                "e84d636cd80218b5e94929842b6b54eb07fa7fa2842a3cc215f88c1fac0b7713",
                "1b6a49801193dbad3309231fd7f4765df7da84b6ebce4c72d98c62224bd1c167",
                "25ce0248d0f54f90b230bf12752f6f6941338ceecaf3eb5c9af92330ce6cd71c",
                "3f438891c27dee73cd05c8aa5543e91bbce7c9ad31350f3d31cd9e1bb75593b9",
                "a6c955504383f49e8075d0af968edc6dde4876cb7fab09cf655ad90ab6cf56f9",
                "52562e7af50f753f6e7639d60327cdf99513e5710dac55f7bb74582f3d3877a3",
                "5ac1225f3833103de3f20a304fdd0d45d402797bce0f2a738c912b45c2554008",
                "19d2299abc6341da8bbdaafeadd55c270477e98aabb58f41b697f6f1bb3ac0f5",
                "db587b70099d7ece98111d23c9fb10e0d399783f6c60621b8fa04df86c799492",
                "be1da67ffe8b9e3b95b289647f292691bbc108134f77c5edf5e87ae30f58c658",
                "e8cac47f01b16caffa56d1acf85671c0f587229da6f65062b3804add6c88f916",
                "498b7c5befc86490824cd882e3431fadf6a24382363ffa4b7170203f0654ad2b",
                "b0e31495655000b3fc9ac8be8172fc2466f6215e97717b44f1ec5d19922c1ca4",
                "c29b11bab7894bdb9c5d367f430cc9efb962c72ab465145dcc3463c817b976f6",
                "cc78f44092be6bb91e6e0379bfee67b66085a8789e840cb7fa4427051f7dbc97",
                "e50f7aba49b325f93cd8599dd66c822736201c1c101feac2bbe16c690dd59956",
                "7b1fd0081ac41e365f5bb1ea37224ed91e0a6f1f9a35ad46086d8a40fb3293bb",
                "3ca5e216a3e2c9a1139691fe7dbfd9e26db287c31429190c0055a6d31bdbdc3d",
                "8ea31e152bd6a131cba0322d36e8d1f79afdd15d4b5b6672a78309b5021a53f3",
                "4ec7a1bb9713eb6f8706d9d10d0f180d35d50c428fcc4a6fbe7d82dd36c61519",
                "21f0c94e630ed2914fb72b28057a1ea299d22b0140e4dbad6678ab78f815eaa5",
                "bf60bd9106100dc69c828e9c832f32bdfb7a31b463424412a3045af922aac1c9",
                "68f8cfd58c150e9df30ac94ece7dd22aaa4b29e6dac658c6bd6feb9d48ef7998"
            ],
            "type": "XHR",
            "firstPartyCookies": {},
            "firstPartyCookiesSent": {},
            "exampleSites": [
                "cuisine.journaldesfemmes.fr",
                "es.ccm.net",
                "www.viewsurf.com",
                "br.ccm.net",
                "www.celticquicknews.co.uk",
                "www.gpblog.com",
                "linternaute.com",
                "sante.journaldesfemmes.fr",
                "ccm.net",
                "mazdas247.com",
                "www.journaldesfemmes.fr",
                "www.arcamax.com",
                "www.racedepartment.com",
                "www.followfollow.com",
                "droit-finances.commentcamarche.com",
                "salud.ccm.net",
                "it.ccm.net",
                "www.bolsamania.com",
                "www.journaldunet.com",
                "bloodyelbow.com"
            ]
        },
        {
            "rule": "sskzlabs\\.com\\/notify",
            "cookies": 0,
            "fingerprinting": 0,
            "subdomains": [
                "pbjs"
            ],
            "apis": {},
            "sites": 46,
            "prevalence": 0.000314,
            "cnames": [],