{
    "domain": "sskzlabs.com",
    "owner": {},
    "source": [
        "DuckDuckGo-US"
    ],
    "prevalence": 0.00034,
    "sites": 50,
    "subdomains": [
        "pbjs"
    ],
    "cnames": [],
    "fingerprinting": 0,
    "resources": [
        {
            "rule": "sskzlabs\\.com\\/bid",
            "cookies": 0,
            "fingerprinting": 0,
            "subdomains": [
                "pbjs"
            ],
            "apis": {},
            "sites": 30,
            "prevalence": 0.000204,
            "cnames": [],
            "responseHashes": [
                "5089e58d0ca2aaf162c075860f639c3ec824f79dca748b6043ec93b5403f1d28",
                "6b9c8fe16eabe33beaf6e4c7c233f83b06df5e00d56ed21184da1c918ab36628",
                "fb13d35730b0338bcdfcd88e692c6654bf2a36b0c2e38b631f8d6b96275761c5",
                "8f013a4f85b22cd62a2a782dd3ecd2a2be0819e2f0d27d8a972b8b43ce125153",
                "4fec6a4cdc5cbcb11a1c5b712137d9678832bd7f568c79f536d6d7c6651461e1",
                "11dcb20d4d9b37a7bd9ee84000c8b8f22c197dedc1f6fd7ca0465630ae2d659f",
                "0d21136b1af9b812adc076a4b6764e427771e93bf3b2a14faad2386f9275bfc3",
                "0e898e5d6f8b897c36cf5d561db73add124b8470321e71f6fbe90b19a5e3549a",
                "9e667713a609e7729156efad9a4d60d009ccee3bb813065627fcaae20c53b2b9",
                "5d2e6dde12c9361af4ae30a0eb912cdb7ab2faae661037f8b003066a282f9753",
                "eb39ceca70752966f4091705d1f8e466ca29a8ec31fc9879f432cf77f5f8b7f9",
                "f71b442d1de276dbe21bb29837cfb5c92f530a38f79bbdac7ec90bd64944ccb5",
                "eff47f0668c94f9c5a6c3fe571044b8e68741948dd7b9118bf2b353560f584cc",
                "20e20f916d7def7cb895585e916a95f5fda32c1637a0f93d3f818ffe63e82838",
                "cb5bd0940599ecebf3ddb7d7f46f56bc76a45205df6c8377afb82cd1aa81d8f7",
                "5c160d900c8a1de868c981541cea599c61339fea6f6bbb55d82eec7bbe394c67",
                "3b10310275cc4d2ac8e46f3732b8c1327d954e5baa3166175965fedcb67b3345",
                "3f48a85f25d17179e2e3801eb4b04641e155779a7a2d30d38c16def2f407b9e7",
                "ae049f8ab5e4c556e22e12e78dc46059b6f449a1c0f39baf4a8d1fefba011c64",
                "1e0e72843555f2b2d59ccb4e53ba245c9d9318b80e18f19022ede7bdeb677e2a",
                "028b55c4c887a92a422cb8d28f99ec701e50c38f07412b713b33931d402880a2",
                "14e7511406df8db38e3d335447b358207fdf0b07e4b8dcbb4a004277a8376db3",
                "7321dcae182983e3c65685f74073c0623f1303313d48e0e23f3a84515af38a27",
                "dca3207ecb066b2749601e60ba84f288f7c2ec41f4e22a333ba27ca207a5b9a7",
                "fb8415f62f1ba34302abdccb195a6edb10b8907ff48202d4abd07123aada9e47",
                "7910fbd55ab0a2c80c145818d32a1f65af6518cde80ea247d3088cd77c2093cb",
                "c76200c0a892e22da10de5688e90d36e329508319501f685cba47f6b48128900",
                "2f259a1ed7957c6e26348bb55b6abd5513a0664a7e6a82485efcf2025b5a1075"
            ],
            "type": "XHR",
            "firstPartyCookies": {},
            "firstPartyCookiesSent": {},
            "exampleSites": [
                "www.lawebdelprogramador.com",
                "www.gpblog.com",
                "forums.commentcamarche.net",
                "mazdas247.com",
                "www.journaldesfemmes.fr",
                "resultat-brevet.linternaute.com",
                "www.journaldunet.fr",
                "cuisine.journaldesfemmes.fr",
                "linternaute.com",
                "resultat-bac.linternaute.com",
                "www.linternaute.fr",
                "www.journaldunet.com",
                "www.nationalclubgolfer.com",
                "www.commentcamarche.net",
                "deco.journaldesfemmes.fr",
                "www.followfollow.com",
                "droit-finances.commentcamarche.com",
                "bloodyelbow.com",
                "www.justjared.com",
                "it.ccm.net"
            ]
        },
        {
            "rule": "sskzlabs\\.com\\/notify",
            "cookies": 0,
            "fingerprinting": 0,
            "subdomains": [
                "pbjs"
            ],
            "apis": {},
            "sites": 41,
            "prevalence": 0.000279,
            "cnames": [],
            "responseHashes": [
                "f6dee29e550b29b1aac969c3d99327d061e7b1f297e905197f34cd68878e0a8b",
                "0d2591e9d12bd4686f10e1d27f2a1c465297f79a8053bacfd9fe764beb55f173",
                "ff57130932da1926d5f0b970b8b84e06c26c475e871438d55859500561008b67",
                "0d0022fe9ef7c78c435fec02d68154e348aa6bcd9727cd6451d4e9ee28d5b65d",
                "f7c4a02af7e60c9ebc9bc8c2d8abd5474e415599729ae022d9c9eb3042a3e178",
                "d3cc680a56c439723475ae76398e56b57dea74bbaca82d748e15d5ff7473c876",
                "11dcb20d4d9b37a7bd9ee84000c8b8f22c197dedc1f6fd7ca0465630ae2d659f",
                "4a7471ca456bd339cde49239a13a951aea62d81644cf99ff0981eb5422d324ff",
                "0e898e5d6f8b897c36cf5d561db73add124b8470321e71f6fbe90b19a5e3549a",
                "c8c6c0cac33513dcaeb92c9525692edcc43f775888bd0f76ac032cf549eee9ae",
                "ccfc4ffd3eaff5e3c79c1fd54814d8d8174f42e43da47ad09897552fd97bd831",
                "27fa5961308913a3a3bbc339e21d60b402eec7cd03882482dc4afd16f15b4c18",
                "99fe13dfe82bdddef1fad25505468d34aa722933ea6b18b0e8139b4a99fb63f0",
                "f71b442d1de276dbe21bb29837cfb5c92f530a38f79bbdac7ec90bd64944ccb5",
                "3d28711d3955abb8c4005021357b2781442a263e3e2efcefa056541da9ec7ef2",
                "5cc73358cfa6af5a25652e36b5f8661dc487e451cbbed3dd578dfb9050161cce",
                "111262f16aac1419083df976c6e46afa3fc741a4ab9247f48dc08ce7985cddb8",
                "c1f3050ed29882e66dad14edbc7458b0819dac94e0d1523fc917789930e485ec",
                "f9d5f3e37ea627f0a42b6c672eafb6e1c9af3ddddf7c2ae35f09cbe9a796fecd",
                "97dfe05bb192c7b51cb1defc7ee2882f42ee5f63b7238095c7dd1f0ba5f6383f",
                "5a96518a79e2bf32a08be448d447a8ae9ff0a168d6cbf0daa112f0bbcf38f5d7",
                "66190103fafb2853c3262aaefc3472d3e3d6a50fda70ff91824c947ca12d1536",
                "5213e16d54448b7ddc9179842ae2edfccf86f54692d47d338560328cdb0eeb88",
                "755a21b209d95e6e0169b6f56678146e0473726cb8dd1d4df97d734801fb7bc9",
                "c387380dc9b226bd1c7919a28bd3a913da07d00d5c3aa59251139b2c1cc25ba0",
                "5dd53eb3e4a8acfc159fbb3b89e8b040539e74ffbc22b2b7cc9690fdd8237722",
                "0b0bbe3677b22b4a2f72decafde5c13bffe5c5b172753db6ede87cf69f445785",
                "9ad1a5a9400aec13e6ba75b22f1f758dbd78c9b832c3285147d6f06c10049c6e",
                "03e2bdc6d978077c16377fe7d1dcb28ef2423fd5d2ea1ec5768bf9788e0e09d5",
                "53b81acf4bb791d42aa624f589b2ac9018698702d827ea1c64e2129ab636a50b",
                "ee5ae1c79e763fa4ab52829c5a768a0f6160d72d4b1055d6aa96b8f2d9d3bfa5",
                "fc84727cd7f289024a3c8b6ab88a5f86e0d98c3579a5b6c86fb932ab6be51dc8",
                "7cd084b3643e0e131705b7cdc014957906a914de2266779ff824e981d2c5ca1d",
                "4d4b03f5247bb5f9bb7d194215f23f27edae56ea95e34f4849e305bd6064b4c8",
                "35d1d07641c27176f4518aefd202414ec6a5716ee7524243eef8bd614a69218b",
                "7dd1cc0f9b33cfbbb4c7ea357a02364c3ce14b3be9b05b5bc6bb2153fa52dd6f",
                "902193da28b8ea3e8e41338503834c8d9850fcf06386ae9a01fd8e4a950cc941",
                "335bcb67fab3cc41f975fc9d1a075ab9c2da435afc997743bc11b108650fbba6",
                "cf8c741d1f4297beeae457b25f52b49efa27d51845b828a0d36a335cd0d0fca8",
                "192a8edda01ff9659aa1eee2a42be0bfd4d9946263c011eecdfd9d450d1b3777"
            ],
            "type": "XHR",
            "firstPartyCookies": {},
            "firstPartyCookiesSent": {},