{
    "domain": "staticstuff.net",
    "owner": {
        "name": "Static Stuff LLC",
        "displayName": "Static Stuff"
    },
    "source": [
        "DuckDuckGo-US"
    ],
    "prevalence": 0.000129,
    "sites": 19,
    "subdomains": [
        "win",
        "hello"
    ],
    "cnames": [],
    "fingerprinting": 1,
    "resources": [
        {
            "rule": "staticstuff\\.net\\/in\\.php",
            "cookies": 0,
            "fingerprinting": 0,
            "subdomains": [
                "win"
            ],
            "apis": {},
            "sites": 2,
            "prevalence": 0.0000136,
            "cnames": [],
            "responseHashes": [],
            "type": "Ping",
            "firstPartyCookies": {},
            "firstPartyCookiesSent": {
                "_jsuid": 0.000006807583648184077
            },
            "exampleSites": [
                "carshield.com",
                "www.dailycrochet.com"
            ]
        },
        {
            "rule": "staticstuff\\.net\\/in\\.php",
            "cookies": 0,
            "fingerprinting": 0,
            "subdomains": [
                "win"
            ],
            "apis": {},
            "sites": 14,
            "prevalence": 0.0000953,
            "cnames": [],
            "responseHashes": [
                "e38516056e35e31497eb920671cb157c31e60f7bf9f11c6a0b8943a6119bd1f5",
                "db1da19b01f2f3da4ca802c2957c001b4eeed51adbb680315b1c9d249f3f1a15",
                "cedea274761c2b60fcf191a2f557e1cebddacd4b017202ef81e7fea1dda51310",
                "ec015cc6a28b14df088eb215c79238bbf50efe449ceb0ae5ec67e9fb45a3bbb7",
                "aeb716bc1978a6cda6891c346d742bda4d9b18b6a2150701b34c5d26baf2c845",
                "7bceb0bcd835697fc5dcbbd20911532f29f1d179d2b7fe83b5b35b2c01b7ff8c",
                "e8c7f1a68bfad0ff2397a59178814ad002129beb292b044eba61a9a2e953f8b6",
                "4c8414d28048e4a01ab7771377b736dd358933cf0206427e55efd8aec90cc8a0",
                "8404f33c17296d6b662870f4463906f0aa217c5cfa38e9ae383069cb18745ae4"
            ],
            "type": "Script",
            "firstPartyCookies": {},
            "firstPartyCookiesSent": {
                "_jsuid": 0.00006807583648184077,
                "ajs_anonymous_id": 0.000006807583648184077
            },
            "exampleSites": [
                "carshield.com",
                "cbd.co",
                "lifevac.net",
                "www.choicehomewarranty.com",
                "www.dailycrochet.com",
                "www.ethoslife.com",
                "www.inogen.com",
                "www.md.com",
                "www.mdvip.com",
                "www.parkplace.com",
                "www.psychicsource.com",
                "www.relaxium.com",
                "www.truthandaction.org",
                "www.tryrelaxium.com"
            ]
        },
        {
            "rule": "staticstuff\\.net\\/w\\/statify\\.js",
            "cookies": 0,
            "fingerprinting": 2,
            "subdomains": [
                "hello"
            ],
            "apis": {
                "Document.cookie getter": 2,
                "Screen.prototype.width": 2,
                "Screen.prototype.height": 2,
                "Navigator.prototype.language": 2,
                "Intl.DateTimeFormat.prototype.resolvedOptions": 2,
                "Navigator.prototype.maxTouchPoints": 2,
                "Navigator.prototype.cookieEnabled": 2
            },
            "sites": 2,
            "prevalence": 0.0000136,
            "cnames": [],
            "responseHashes": [
                "16e7f6326a99d41eb72c851caeccc18ba214ad89fa6f84789ab6e2231293a727"
            ],
            "type": "Script",
            "firstPartyCookies": {},
            "firstPartyCookiesSent": {},
            "exampleSites": [
                "dailycrochet.com",
                "www.dailycrochet.com"
            ]
        },
        {
            "rule": "staticstuff\\.net\\/w\\/spm\\.js",
            "cookies": 0,
            "fingerprinting": 2,
            "subdomains": [
                "hello"
            ],
            "apis": {
                "Document.cookie getter": 2,
                "Screen.prototype.width": 2,
                "Screen.prototype.height": 2,
                "Navigator.prototype.language": 2,
                "Intl.DateTimeFormat.prototype.resolvedOptions": 2,
                "Navigator.prototype.maxTouchPoints": 2,
                "Navigator.prototype.cookieEnabled": 2
            },
            "sites": 2,
            "prevalence": 0.0000136,
            "cnames": [],
            "responseHashes": [
                "57220a0d43d875b64b029e857aa87919858090739f7ca6bbd96c7676b9b8996f"
            ],
            "type": "Script",
            "firstPartyCookies": {},
            "firstPartyCookiesSent": {},
            "exampleSites": [
                "truthandaction.org",
                "www.truthandaction.org"
            ]
        }
    ],
    "categories": [],
    "performance": {},
    "cookies": 0.0000136,
    "topInitiators": [
        {
            "domain": "first party",
            "prevalence": 0.5
        },
        {
            "domain": "d11tldh9zr4z08.cloudfront.net",
            "prevalence": 0.4583333333333333
        },
        {
            "domain": "transcend.io",
            "prevalence": 0.041666666666666664
        }
    ],
    "types": {
        "Ping": 2,
        "Script": 18
    },
    "nameservers": [
        "roxy.ns.cloudflare.com",
        "phil.ns.cloudflare.com"
    ]
}