{
    "domain": "steam-up.ru",
    "owner": {},
    "source": [
        "DuckDuckGo-US"
    ],
    "prevalence": 0.000593,
    "sites": 87,
    "subdomains": [],
    "cnames": [],
    "fingerprinting": 1,
    "resources": [
        {
            "rule": "steam-up\\.ru\\/order",
            "cookies": 0.000259,
            "fingerprinting": 1,
            "subdomains": [],
            "apis": {
                "Navigator.prototype.language": 7,
                "Document.cookie getter": 3,
                "Document.cookie setter": 3,
                "Navigator.prototype.userAgent": 3
            },
            "sites": 87,
            "prevalence": 0.000593,
            "cnames": [],
            "responseHashes": [
                "c957d2d1211d78bc37577084d13db17a347450480f5dbbab0a0be6f0d0cd3130",
                "c947c70186f722c6d77eb5f09bc67fec26c10c891274f409f0f5696aaf29009a",
                "426912173b593eab3c3004c9ee14ae87f62efca279c9743c9c5fd8e9b449a0dc",
                "1baac7f9b53a2fb054936c450c995e30c76ebac8bb5225e04de5661ba95064d4",
                "06933abe44de967ea411e42365c0aa114b75a23ecab64372f7d9ff3105e15f0e",
                "748a6ef4506d0d3a28f639cacaa4279816766aa6bea77b8c75f0f8987f3a76a0",
                "f1b4df6b36570a5efa6ec077d037afad5f2053864656964c728f0d13c7fac63a",
                "04d70deacf4f1d8825d2774ed9ce0204423433e1274397c37404d2ace1e42151",
                "863287a9a714a0f572216bb4d9353de4a9b4c97352a4c8ab93a24ce6d44d959d",
                "fdcb9b4685c7bdec2c543d02f272516490aa6e15c2037beb90b8b991d4f56a83",
                "e019016cce4fb9bef936e433cddfef8dff79dbf902b1c7eb0effbcd9c036a371",
                "ad674dc9e6cf2c8b41e854ce617c49d47a51f0957863c4a5109f4b7b0c86aa6d",
                "8f0c83d075618bc145fc8c8a0d7076d87459158f20ebc5394e69651d28cf2676",
                "368cbfcde3361615d1de00aefc24d3ebfd6d423ff03852244849e02c8a97e64a",
                "0843903759cad22d5bb56d85d6aa30411fafe94b3dbaa1099736434399f4f78e",
                "328a70716da3c1363485e790df4938d83d16e070651815d9ae789dbc4aa784ab",
                "969570cb9b78fef8d1c8bad2a39de1ba16d91a9cce99bb8b32e1d9221df2e8e1",
                "93804553c6efc4bfd55765f1f49407c84b6b8487e18025f9a0f1107ab2a92443",
                "cdf03f3bf6a55cbda04172f10dba36b57e2e2e360bb3d1c738599c48d312b1c9",
                "c5ff2499ba2b7271034c58ebb25bc7d56487b61deea62cb117cfa5cf7206bfda",
                "31a2fce3870c8fdcc6e79c18512fbdb131e255eeb525600e512338ec14a6b3ab",
                "5e8921672001257f2b25e9cb5898e09e3a05c03cc5d7df0ea62748ee8e9d2f9c",
                "28f859af3eaecd73544d28ba918a28b4c43273a60280d6b937dba14c75aba25b",
                "46afe8cf6df6f6b4924adde4fdfc50ea8577f98a1e83f3131c26c4285936e37f",
                "10c7e0ffec0b1116dbf7becdd6f6f7f9bd3efcd73be34ff668ea1388d190d59d",
                "6ccdb93eeb82dfcf14bdaebbe8b0333ff3d008aac27b30b9be95020874966ce9",
                "1368510d2c6a24ef738a145485995144b8802b01f543bcc0a92bec7c48c89166",
                "2402d279fc01fa2bbf48e44e54af784ff5e1adba446b6841f1d2df4dc3ee9792",
                "e775d3ad43a2fa6b501732d378c247ae79f337ed1fc932e0e3bc2998df169020",
                "222e690d5da8afd249dd7aba5e5a0d9cd567bb02ce3747eac5f2889110426081",
                "925507c90d21499d5f60d01793bef9eb49da24540ab5d2a0f087088227a4890a",
                "d77e20c4d87e2dc28b314bac4891e52d7ae1e5fe8e704e069e77e2be37f9da86",
                "7571d4963b3ad7b6b65eb9ac507d9e7002c095fc94a9350375a8119da7419463",
                "8c950b6c3fe0dbce32fee81f96eafacd08f899be9f123ce64a1c2ba389c62f1d",
                "148b5e77b1686b135c744bd64d39a2b44322fdc40683dfde602a8ad68c6b6a05"
            ],
            "type": "Document",
            "firstPartyCookies": {
                "__jhash_": {
                    "ttl": 0,
                    "length": 3,
                    "prevalence": 0.000020453662228221962,
                    "uniqueness": 0.3333333333333333
                },
                "__jua_": {
                    "ttl": 0,
                    "length": 164,
                    "prevalence": 0.000020453662228221962,
                    "uniqueness": 0.3333333333333333
                }
            },
            "firstPartyCookiesSent": {},
            "exampleSites": [
                "mangaeffect.com",
                "brutaljav.com",
                "starsessions.sbs",
                "sex69.online",
                "tokder.org",
                "atomporno.net",
                "pervertxxx.com",
                "dailyfans.net",
                "www.hentaihome.net",
                "www.maturepornvideo.sexy",
                "adultdvdparadise.com",
                "rhdtube.live",
                "avtub.site",
                "javpox.com",
                "mmsbee24.com",
                "bananamovies.org",
                "fanleaks.club",
                "rapepornvideo.net",
                "altyaziliprntr3.shop",
                "auntymaza.pics"
            ]
        }
    ],
    "categories": [],
    "performance": {},
    "cookies": 0.000259,
    "topInitiators": [
        {
            "domain": "otdoxnibro.fun",
            "prevalence": 1
        }
    ],
    "types": {
        "Document": 87
    },
    "nameservers": [
        "ns2.firstvds.ru",
        "ns1.firstvds.ru"
    ]
}