{
    "domain": "stilyoapps.com",
    "owner": {},
    "source": [
        "DuckDuckGo-US"
    ],
    "prevalence": 0.000198,
    "sites": 29,
    "subdomains": [
        "www"
    ],
    "cnames": [],
    "fingerprinting": 1,
    "resources": [
        {
            "rule": "stilyoapps\\.com\\/reconvert\\/assets\\/js\\/store_reconvert_node\\.js",
            "cookies": 0,
            "fingerprinting": 1,
            "subdomains": [
                "www"
            ],
            "apis": {
                "Document.cookie getter": 10
            },
            "sites": 10,
            "prevalence": 0.0000682,
            "cnames": [],
            "responseHashes": [
                "a45427201f10ab957d0c8abffb1b023662880f1fd803a60dfc024c2b1dc71d0a"
            ],
            "type": "Script",
            "firstPartyCookies": {},
            "firstPartyCookiesSent": {},
            "exampleSites": [
                "4allfamily.com",
                "awakenwithjp.com",
                "cousints.com",
                "davidharrisjr.store",
                "nooro-us.com",
                "shopmando.com",
                "www.blendtec.com",
                "www.nearlynatural.com",
                "www.springstepshoes.com",
                "www.thirdlove.com"
            ]
        },
        {
            "rule": "stilyoapps\\.com\\/reconvert\\/reconvert_script_tags\\.php",
            "cookies": 0,
            "fingerprinting": 0,
            "subdomains": [
                "www"
            ],
            "apis": {},
            "sites": 13,
            "prevalence": 0.0000886,
            "cnames": [],
            "responseHashes": [
                "2ae126aa69e5ba6cf99141d8fbfac77e9a3a8744daed6be43cf5b20d44bacec6",
                "7aa01bdeee81cad91b091514d915650a30504cea6127b8a3ed2b5c031a5a228b",
                "56d344c718722e8ab469586f51ae8efeed3e220458e8a874e0f676e9c4aae190",
                "ea16f93b23d55d7d16004495e21fdda0a4cd2c924e712e2da2136362739dbab0",
                "be47cdb86a3921810df5d51145735db79cf1aa8cae61004f611a71fdd1fd94ac",
                "735d60773542d18101d8530e2dcec7a3d9d077f586cc956c1b709ae77acb5e03",
                "5f7a41eed56ba3a5b3b198b6a9774bad954c60dc6d1c6d66c49e1bd32aebe326",
                "a89560bde4fbcea01bce75d2f33360759e0793f04cc0637772d316396de7f9e6",
                "40464b7cd30bb7caa10952c391edd780305ddf85381c78ace25bfd7b4ebf3bcb",
                "7083d96ef646209bbc5b6b355f1639b9808f82caba3f7c5c42cc96d1197ae598",
                "5f26711d2feafb41713012f826c5514444dcd8f30ab6a94cf17d7b99e63a0169",
                "b481c92ea4db6f1a90a677eb41280a042f895aafade46f7845502ec32d9c384a"
            ],
            "type": "XHR",
            "firstPartyCookies": {},
            "firstPartyCookiesSent": {},
            "exampleSites": [
                "genucel.com",
                "icecofreezer.com",
                "maelove.com",
                "omniluxled.com",
                "sovereignsilver.com",
                "thewoobles.com",
                "www.amishyard.com",
                "www.blenderseyewear.com",
                "www.nutramedix.com",
                "www.thisisaday.com",
                "www.tiege.com",
                "www.westcoastseeds.com",
                "yardmastery.com"
            ]
        }
    ],
    "categories": [],
    "performance": {},
    "cookies": 0,
    "topInitiators": [
        {
            "domain": "first party",
            "prevalence": 0.9
        },
        {
            "domain": "avada.io",
            "prevalence": 0.06666666666666667
        },
        {
            "domain": "yottaa.com",
            "prevalence": 0.03333333333333333
        }
    ],
    "types": {
        "Script": 10,
        "XHR": 13
    },
    "nameservers": [
        "ns-1048.awsdns-03.org",
        "ns-1627.awsdns-11.co.uk",
        "ns-207.awsdns-25.com",
        "ns-927.awsdns-51.net"
    ]
}