{
    "domain": "streetupwind.com",
    "owner": {},
    "source": [
        "DuckDuckGo-US"
    ],
    "prevalence": 0.0000613,
    "sites": 9,
    "subdomains": [],
    "cnames": [],
    "fingerprinting": 0,
    "resources": [
        {
            "rule": "streetupwind\\.com\\/services\\/",
            "cookies": 0,
            "fingerprinting": 0,
            "subdomains": [],
            "apis": {},
            "sites": 7,
            "prevalence": 0.0000477,
            "cnames": [],
            "responseHashes": [
                "9c886c4f2b2429924fdb9b77e0074b34ed76f7bb447e38b0d20b540156895d80",
                "ea9d33382e852b2abd4331e7d078fcd3202a69af6932214ec0ec52c35ebdb20e",
                "8169e80d9cb5ccaf44c672ba95c0d2e064e0f90e65f0c804312ee12d3fda19f9",
                "58d1370135bdb11d59a47afffaded1708e53e709e1ab52dff19a082544ba6461",
                "24f68336a4e3933c40d0d4fa485103495ef43def602afa3dabf58641977de611",
                "87484bb077ea128087e34a6be55e3dcb164c8abe5f04e200c30dbfd67d9ff385"
            ],
            "type": "Script",
            "firstPartyCookies": {},
            "firstPartyCookiesSent": {},
            "exampleSites": [
                "kinozal.tv",
                "muzpunz.net",
                "new-rutor.org",
                "rutor.info",
                "top.lafa.site",
                "www.cyberforum.ru",
                "www.rutor.info"
            ]
        }
    ],
    "categories": [],
    "performance": {},
    "cookies": 0,
    "topInitiators": [
        {
            "domain": "first party",
            "prevalence": 0.8888888888888888
        },
        {
            "domain": "123rutor.su",
            "prevalence": 0.1111111111111111
        }
    ],
    "types": {
        "Script": 7
    },
    "nameservers": [
        "dns1.registrar-servers.com",
        "dns2.registrar-servers.com"
    ]
}