{
    "domain": "sttsmntz.ru",
    "owner": {},
    "source": [
        "DuckDuckGo-US"
    ],
    "prevalence": 0.0000477,
    "sites": 7,
    "subdomains": [
        "worker"
    ],
    "cnames": [],
    "fingerprinting": 0,
    "resources": [
        {
            "rule": "sttsmntz\\.ru\\/stats\\/format",
            "cookies": 0,
            "fingerprinting": 0,
            "subdomains": [
                "worker"
            ],
            "apis": {},
            "sites": 6,
            "prevalence": 0.0000408,
            "cnames": [],
            "responseHashes": [
                "6a29f540f6f4655b04a03492094aa29d5a02dcf949ac3123ee0da9dfe7556218",
                "1c3281adf4b05cbfb9537e872ba428b24b663079e5e7302888573a21245a99ef",
                "158f0c19caeef6a54534b3144618a5f59c41186690521c262047d256fea3874a",
                "ac5d267bb1d1eae2ffc4ed620ea6f529e9b47627d50e9569f0e28619f5ee9c09",
                "df40bb4954d2c23a38f8b287f073130b3a79eb3ace3328345086569b7e9b5f48"
            ],
            "type": "XHR",
            "firstPartyCookies": {},
            "firstPartyCookiesSent": {},
            "exampleSites": [
                "calculat.io",
                "fishki.net",
                "habr.com",
                "ilibrary.ru",
                "infourok.ru",
                "qna.habr.com"
            ]
        }
    ],
    "categories": [],
    "performance": {},
    "cookies": 0,
    "topInitiators": [
        {
            "domain": "skcrtxr.com",
            "prevalence": 0.7692307692307693
        },
        {
            "domain": "dmtgvn.com",
            "prevalence": 0.19230769230769232
        },
        {
            "domain": "first party",
            "prevalence": 0.038461538461538464
        }
    ],
    "types": {
        "XHR": 6
    },
    "nameservers": [
        "ns1.yandexcloud.net",
        "ns2.yandexcloud.net"
    ]
}