{
    "domain": "tapnative.com",
    "owner": {},
    "source": [
        "DuckDuckGo-US"
    ],
    "prevalence": 0.000109,
    "sites": 16,
    "subdomains": [
        "dmp",
        "content",
        "health"
    ],
    "cnames": [],
    "fingerprinting": 1,
    "resources": [
        {
            "rule": "tapnative\\.com\\/adx-tag-manager\\/container",
            "cookies": 0,
            "fingerprinting": 0,
            "subdomains": [
                "dmp"
            ],
            "apis": {},
            "sites": 8,
            "prevalence": 0.0000545,
            "cnames": [],
            "responseHashes": [
                "f689116d4e1c2a7293a3939db686055a5b585e199e1ac727d3bba2eccfbb6b12",
                "f6b2488ede3692321e75cf0a4fd38cac74ff12f3ca5f3543c44b19189fb18ac4",
                "a0e1d6c6782d8ec3b2cb861e1205828d1ecd45bf4ade060acc9f12fdc8f8086c",
                "85a5b3887eed591c7cb9e6500f222edfcfbadfd4feab75b698a6ed178e434d65",
                "feb34d070044951a417f51593f966e5fa8d98a585ddb516d478163b0d0dcf612",
                "f4c0578ad7709c33029c7a093bc01538a9ccd6bc83a368850d7723fb1a0e1674",
                "33d182c2bfe9eccd913acc659ab7565ad0dc701d498f2dd4c6bce284a9ee4be7"
            ],
            "type": "Document",
            "firstPartyCookies": {},
            "firstPartyCookiesSent": {},
            "exampleSites": [
                "diabetes.org",
                "diabetesjournals.org",
                "familydoctor.org",
                "www.aad.org",
                "www.healingwell.com",
                "www.intechopen.com",
                "www.pdr.net",
                "www.urologyhealth.org"
            ]
        },
        {
            "rule": "tapnative\\.com\\/tn\\/",
            "cookies": 0.0000409,
            "fingerprinting": 1,
            "subdomains": [
                "content"
            ],
            "apis": {
                "window.localStorage": 6,
                "Document.cookie getter": 6,
                "Document.cookie setter": 6
            },
            "sites": 7,
            "prevalence": 0.0000477,
            "cnames": [],
            "responseHashes": [
                "ae836bd09d62c5df24a1b9c5a7facfe17b36a5a0fa737cc149a95597dcdc81bb",
                "263ac2b923a22a4fc351056fcfbb54e9fae93cfa9e4da6d6f6ff99c539157aec",
                "763d4188ce6f53be87b9aeb4938d77d609a562900a28466751a8cb9bd5d5527e",
                "43a30fded67125f4412177c4762fd6943d842c601853dd932aede9bc31278b80",
                "337df35ef506442d23034ef71f7fab2b5d10686ed2ddefe1461fa2611846abd3",
                "c82519b492877c550cf9a6fcf661d614b2906fd1c0008f9b3e91186be6c992be"
            ],
            "type": "Script",
            "firstPartyCookies": {
                "adx_profile_guid": {
                    "ttl": 421256021,
                    "length": 39,
                    "prevalence": 0.00004089979550102249,
                    "uniqueness": 1
                }
            },
            "firstPartyCookiesSent": {
                "_li_dcdm_c": 0.000013633265167007499,
                "lotame_domain_check": 0.000020449897750511246
            },
            "exampleSites": [
                "familydoctor.org",
                "patient.info",
                "www.diabetesselfmanagement.com",
                "www.healingwell.com",
                "www.intechopen.com",
                "www.pollen.com",
                "www.theepochtimes.com"
            ]
        },
        {
            "rule": "tapnative\\.com\\/adx-dir-d\\/ads-1p\\/",
            "cookies": 0,
            "fingerprinting": 0,
            "subdomains": [
                "health"
            ],
            "apis": {},
            "sites": 7,
            "prevalence": 0.0000477,
            "cnames": [],
            "responseHashes": [
                "e3b0c44298fc1c149afbf4c8996fb92427ae41e4649b934ca495991b7852b855"
            ],
            "type": "Script",
            "firstPartyCookies": {},
            "firstPartyCookiesSent": {
                "adx_profile_guid": 0.00004089979550102249,
                "_li_dcdm_c": 0.000013633265167007499,
                "lotame_domain_check": 0.000020449897750511246
            },
            "exampleSites": [
                "familydoctor.org",
                "patient.info",
                "www.diabetesselfmanagement.com",
                "www.healingwell.com",
                "www.intechopen.com",
                "www.pollen.com",
                "www.theepochtimes.com"
            ]
        }
    ],
    "categories": [],
    "performance": {},
    "cookies": 0.0000409,
    "topInitiators": [
        {
            "domain": "ehealthcaresolutions.com",
            "prevalence": 0.5217391304347826
        },
        {
            "domain": "first party",
            "prevalence": 0.43478260869565216
        },
        {
            "domain": "cdnintech.com",
            "prevalence": 0.043478260869565216
        }
    ],
    "types": {
        "Document": 8,
        "Script": 14
    },
    "nameservers": [
        "ns-18.awsdns-02.com",
        "ns-816.awsdns-38.net",
        "ns-1586.awsdns-06.co.uk",
        "ns-1307.awsdns-35.org"
    ]
}