{
    "domain": "taroads.com",
    "owner": {},
    "source": [
        "DuckDuckGo-US"
    ],
    "prevalence": 0.0000818,
    "sites": 12,
    "subdomains": [
        "delivery"
    ],
    "cnames": [],
    "fingerprinting": 0,
    "resources": [
        {
            "rule": "taroads\\.com\\/pub",
            "cookies": 0,
            "fingerprinting": 0,
            "subdomains": [
                "delivery"
            ],
            "apis": {},
            "sites": 12,
            "prevalence": 0.0000818,
            "cnames": [],
            "responseHashes": [
                "0667275116a7edbe1be921b468cd2bbfcfe757b0cb4d8438e6c910bdce6557c9",
                "546255e0213c4de2eb02d7878aa07aca39b7b9e1746212fe6e55975d2fb223e9",
                "8f0af3dedfbbdd2aa614187ded26e1c98386813b1d425657edfbe5637bb15bf7",
                "e936d522431a3f93e3a80547b7d6e9e29999ca3012b1574badfb05f96f5ee7f9",
                "7f0cd117a85d0a9432a4e81d1950af0ca3f6e0087917853ece626886625624c1",
                "2f73f351dd0c0d936e65ed87c9e1897a40455ac437af2bb312ad4a90eea8adaa",
                "99fa94f23c907805c68b432c4494d2329f4c1fa136fa69ba4b037c07248f8669",
                "f14c27f4a084fc6d94005ce2658631aef5a26573d16c7f577a3d3f2816b546d8",
                "890f6ed9cd2641329d597ca1ebe4a5ad2f3956e5c73318bff7e4190dc342b067",
                "0aec186b7b796f591e626e27ed7d6d4bf930046bc3639d3c110cfb500d861787"
            ],
            "type": "Script",
            "firstPartyCookies": {},
            "firstPartyCookiesSent": {},
            "exampleSites": [
                "chapmanganato.com",
                "katmovie18.com",
                "mangaclash.com",
                "mangakatana.com",
                "manhuaplus.com",
                "readcomiconline.li",
                "ww2.readjujutsukaisen.com",
                "ww9.readonepiece.com",
                "www.link.mediapemersatubangsa.com",
                "www.mangageko.com",
                "www.mediapemersatubangsa.com"
            ]
        }
    ],
    "categories": [],
    "performance": {},
    "cookies": 0,
    "topInitiators": [
        {
            "domain": "bidgear.com",
            "prevalence": 0.6666666666666666
        },
        {
            "domain": "first party",
            "prevalence": 0.3333333333333333
        }
    ],
    "types": {
        "Script": 12
    },
    "nameservers": [
        "candy.ns.cloudflare.com",
        "rocky.ns.cloudflare.com"
    ]
}