{
    "domain": "taxel.jp",
    "owner": {
        "name": "GMO AD Marketing Inc.",
        "displayName": "GMO AD Marketing"
    },
    "source": [
        "DuckDuckGo-US"
    ],
    "prevalence": 0.000218,
    "sites": 32,
    "subdomains": [
        "widgets",
        "images",
        "cdn"
    ],
    "cnames": [],
    "fingerprinting": 2,
    "resources": [
        {
            "rule": "taxel\\.jp\\/rw\\.js",
            "cookies": 0.0000341,
            "fingerprinting": 2,
            "subdomains": [],
            "apis": {
                "window.innerHeight": 8,
                "Navigator.prototype.userAgent": 5,
                "Document.cookie getter": 5,
                "Document.cookie setter": 5,
                "Date.prototype.getTime": 5,
                "window.devicePixelRatio": 3,
                "window.localStorage": 3,
                "Navigator.prototype.platform": 3
            },
            "sites": 9,
            "prevalence": 0.0000613,
            "cnames": [],
            "responseHashes": [
                "63f3af430f57d89ead78b11f2c6b4db136b1ba73489d9fff433dbee282b1cda9",
                "ce4b5d577787741828ad8de1cce3ac65308a1a45160fd0cb20c738ed606ccdb1",
                "fc863818948e49c85e069b95059e3837542c16591401fd817ed941074d33a1d0",
                "3a7a7e5906146c6a638d7c66e447e166e7ee2b27d48b900ed35bf79640c05717"
            ],
            "type": "Script",
            "firstPartyCookies": {
                "GMORW_UID": {
                    "ttl": 15555604,
                    "length": 34,
                    "prevalence": 0.00003408316291751875,
                    "uniqueness": 1
                },
                "GMORW_SID_605": {
                    "ttl": 1807,
                    "length": 46,
                    "prevalence": 0.000006816632583503749,
                    "uniqueness": 1
                },
                "GMORW_SID_722": {
                    "ttl": 1809,
                    "length": 46,
                    "prevalence": 0.000006816632583503749,
                    "uniqueness": 1
                },
                "TAXEL_LEAD_ARTICLE_IDS": {
                    "ttl": 3609,
                    "length": 35,
                    "prevalence": 0.000020449897750511246,
                    "uniqueness": 1
                },
                "GMORW_SID_360": {
                    "ttl": 1807,
                    "length": 46,
                    "prevalence": 0.000006816632583503749,
                    "uniqueness": 1
                },
                "GMORW_PTN_10909": {
                    "ttl": 2592009,
                    "length": 15,
                    "prevalence": 0.000006816632583503749,
                    "uniqueness": 1
                },
                "GMORW_SID_516": {
                    "ttl": 1809,
                    "length": 46,
                    "prevalence": 0.000006816632583503749,
                    "uniqueness": 1
                }
            },
            "firstPartyCookiesSent": {},
            "exampleSites": [
                "aumo.jp",
                "bp-guide.jp",
                "kufura.jp",
                "matome.response.jp",
                "taptrip.jp",
                "theriver.jp",
                "www.at-s.com",
                "www.mag2.com",
                "www.mwed.jp"
            ]
        },
        {
            "rule": "taxel\\.jp\\/article\\.json",
            "cookies": 0.000164,
            "fingerprinting": 0,
            "subdomains": [
                "widgets"
            ],
            "apis": {},
            "sites": 24,
            "prevalence": 0.000164,
            "cnames": [],
            "responseHashes": [
                "21d6b9465ebea29e29631ed09551584f4a3a7add535a4d96daed6d483b0b595e",
                "f8d2f0d7d55384f93df064b980db6fbbce2c17cad971a6571494e671edbd83a2",
                "cab60c8e402019f2b02d1f6e810c84e0baf2db2d64ec5980c79905625c167ed7",
                "5605053121677bdfee48c9f96b291ed374fa5760721b0e14132ad263ecc2696d",
                "5961665fa69ab33b6456531cfe330e85317938ec9f37b2d1b673fa31788a6397",
                "69f149867d49ca8f7880f32ba943a69e50e9bc10aa67236c661e8daeb71089e9",
                "dfb3c52795091b2abbd5d36163b77dfb37af1cdfa0e2846c8f834d22fcdfc5d7",
                "a3ba5adbb97df8ade0bdd9d70ecdd79b4911cc773f0307dfa1ed2a8a768bcfe2",
                "45b6b270c51c3b357f69513e833a3c88829d40ac58586ea3f07b270c7ac6e291",
                "27249716d138d538ba679e571e26271b8e25f91ad32f956933494e77859af9f1",
                "b41f1c70ac9c2574e3d3a2cdf553bf3440d23fbfeec925db563a323586dc3741",
                "61126d9f07199337936711ce78f4d455ca3de1fa0d4b32cebd8f2d62b7609f7b",
                "8e3f6b596fcfd142ddc519df3986292af8a01d8161faf716f09e6bfe51cd3ac5",
                "d43f4826b624d50128433fb45b834d6cc3569ce4508ad1837cda5058810d1001",
                "f5fb62292b746edc4c65a8a3bf9912be40d17c2ec136b0a15129264704ec5db1",
                "81031785cb5ed1bd9f22310ed7649d8b69af170eedf54d37f0727d89db692cf7",
                "d79e7fbd129b74d8556bce7e5d8401a5bc403ef446f664c75021383101656748",
                "4163fcb6d35494330a9737fa6ac02fc12a2ec2b956e558cce4a2c562ce360e07",
                "719dbdaafd1878bdf59eceb7714532462e7878a3cf5bd83a34ad0bf919096746",
                "0f02aaa06c3bb53ae926b52ad682b9a349f713b45ae698018c01a9222dccebb4",
                "be63d1a3d0c98bc6e4e55c51e3b7c8654ef016f9bb25eca74f939e63fef5dac5",
                "1397a5fd0e259143b307a463ad581d18a9a36cd9e290658608e926de4a6c6a84",
                "820290cf8d354452c54dbec2ca3f34374ce85ad45dae49ab864032045dfd77b0"
            ],
            "type": "Script",
            "firstPartyCookies": {},
            "firstPartyCookiesSent": {
                "GMORW_UID": 0.00016359918200408997,
                "lotame_domain_check": 0.000006816632583503749
            },
            "exampleSites": [
                "kufura.jp",
                "cojicaji.jp",
                "www.jprime.jp",
                "campify.jp",
                "theriver.jp",
                "psnews.jp",
                "nekochan.jp",
                "noel-media.jp",
                "wanchan.jp",
                "botanica-media.jp",
                "pouchs.jp",
                "ncode.syosetu.com",
                "seikatsu-hyakka.com",
                "shufuse.com",
                "yourmystar.jp",
                "tocana.jp",
                "spicomi.net",
                "horti.jp",
                "sugoren.com",
                "menjoy-digital.jp"
            ]
        },
        {
            "rule": "taxel\\.jp\\/images\\/default\\/00\\/taxel\\.png",
            "cookies": 0,
            "fingerprinting": 0,
            "subdomains": [
                "images"
            ],
            "apis": {},
            "sites": 16,
            "prevalence": 0.000109,
            "cnames": [],
            "responseHashes": [
                "70e4c898bcf65a75381e5dd4d19423f4075cb172c4e3a40f978706b7de094108"
            ],
            "type": "Image",
            "firstPartyCookies": {},
            "firstPartyCookiesSent": {},
            "exampleSites": [
                "botanica-media.jp",
                "campify.jp",
                "greensnap.jp",
                "horti.jp",
                "matome.response.jp",
                "nekochan.jp",
                "noel-media.jp",
                "pouchs.jp",
                "psnews.jp",
                "spicomi.net",
                "sugoren.com",
                "taptrip.jp",
                "theriver.jp",
                "tocana.jp",
                "wanchan.jp",
                "www.jprime.jp"
            ]
        },
        {
            "rule": "taxel\\.jp\\/33\\/rw\\.js",
            "cookies": 0,
            "fingerprinting": 0,
            "subdomains": [
                "cdn"
            ],
            "apis": {},
            "sites": 2,
            "prevalence": 0.0000136,
            "cnames": [],