{
    "domain": "tctm.xyz",
    "owner": {},
    "source": [
        "DuckDuckGo-US"
    ],
    "prevalence": 0.000191,
    "sites": 28,
    "subdomains": [
        "444412",
        "415417",
        "435088",
        "415435",
        "114280",
        "53665",
        "436336",
        "416923",
        "366856",
        "426736",
        "446359",
        "431980",
        "418234",
        "420727",
        "422368",
        "441103",
        "421390",
        "426814",
        "431407",
        "424171"
    ],
    "cnames": [],
    "fingerprinting": 1,
    "resources": [
        {
            "rule": "tctm\\.xyz\\/t\\.js",
            "cookies": 0.000129,
            "fingerprinting": 1,
            "subdomains": [
                "444412",
                "415417",
                "435088",
                "415435",
                "114280",
                "53665",
                "436336",
                "416923",
                "366856",
                "426736",
                "446359",
                "431980",
                "418234",
                "420727",
                "422368",
                "441103",
                "421390",
                "426814",
                "431407"
            ],
            "apis": {
                "Document.cookie getter": 17,
                "Navigator.prototype.userAgent": 17,
                "window.localStorage": 17,
                "Date.prototype.getTime": 17,
                "Document.cookie setter": 17,
                "window.innerWidth": 2,
                "window.innerHeight": 2
            },
            "sites": 19,
            "prevalence": 0.000129,
            "cnames": [],
            "responseHashes": [
                "01ba4719c80b6fe911b091a7c05124b64eeece964e09c058ef8f9805daca546b",
                "389b99a23a1c4e6b1fee75d2b89bff4ce0456b4ed425fb40072ff2999ad981c5",
                "afa0dadd1cac0ff6ef7da1923443df5a0ba98a858e579f87c5b72ddaddf83962",
                "ca275753ce62013f3fac43404de77c7733d7be2208010968038c01f77c1c097f",
                "0ac501fb212d30513d2a92dbe86e7e2343bd48974c73efa69a199a2ed5bca373",
                "99bc148b377580bcd2e6169734982ac4cac66913832534ee61634720abd315a2",
                "d264008f273c486fbc34fdfe020935d4cf882b6d4797be09bfbb55aab172b4ab",
                "84453742f370165e7904d5dac8da11d7b7b9b533d0d61d99b78773ee4be2f733",
                "624e47501abcfd4bae5a979689839853fe75d297d5f6d6009dfaf93ad8a6ffad",
                "62c372a4947a623f8994633b047b267d0fe937f20293e6bbcb2ae3914f98b7ec",
                "2550bd8c59d4ec6dd82261b6aa900d574b89a567e60b316ecf2dcaed1b0ee5b6",
                "d95acd664a58c9110abb35017609b475a3812c507b70901c8b5dee372af2a3fa",
                "f6b2d07ea6f93c7b2aced3e0ae982c536a3c30d00f84ca6670c811c68c9f3c1a",
                "bf855325c681ed34d4d3aa36783892acf3d1365b9253fd1c709c9ecf18d1688e",
                "e01c475e640f883f0a725710ffa5ae26638a59114703f534328a6339ed896e0d",
                "c9e06b6b5a352cf494f29e5ad330fa393de13e82d5dc7d74346692cd1059cf08",
                "6c7792ee4a320c5204055ba55fb7cfe7bf948348aa26f3a3e0750e0a8defbc5a",
                "3cb4a14d3cc75acd148614e2129d5c6047d7ca6f6c3e014468cf4f495626d038"
            ],
            "type": "Script",
            "firstPartyCookies": {
                "__ctmid": {
                    "ttl": 2592002,
                    "length": 24,
                    "prevalence": 0.00011572892201912931,
                    "uniqueness": 1
                }
            },
            "firstPartyCookiesSent": {},
            "exampleSites": [
                "georgebrazilhvac.com",
                "getsafeandsound.com",
                "gialliance.com",
                "senchateabar.com",
                "texaspridetrailers.com",
                "www.banyantreatmentcenter.com",
                "www.collegehunkshaulingjunk.com",
                "www.crystalcruises.com",
                "www.davesmith.com",
                "www.growgeneration.com",
                "www.hccfl.edu",
                "www.missouribotanicalgarden.org",
                "www.nghs.com",
                "www.ngpg.org",
                "www.peoplesbanknet.com",
                "www.sheplersferry.com",
                "www.southcountyhealth.org",
                "www.spoton.com",
                "www.txortho.com"
            ]
        },
        {
            "rule": "tctm\\.xyz\\/p\\.js",
            "cookies": 0.000034,
            "fingerprinting": 0,
            "subdomains": [
                "424171",
                "114280",
                "416923",
                "418234",
                "420727"
            ],
            "apis": {},
            "sites": 5,
            "prevalence": 0.000034,
            "cnames": [],
            "responseHashes": [
                "8317f8663540777fb4605b52a31e1bc8d0095b7e13a9bd496f5ea1ba0ce0786f",
                "d30ff9f26efc96d2f00bdba4a33bdc746ead499529faacb3b6255a0259e9b478",
                "0083663da46bb4d31ea5c92d2c907c0cf4649b930751f046728d657462fcad10",
                "87ae002c34b78eea2bceff406dfd8fcfe73af48651f4373a8ae1130e1c6fda3e"
            ],
            "type": "Script",
            "firstPartyCookies": {},
            "firstPartyCookiesSent": {
                "__ctmid": 0.000027230334592736308
            },
            "exampleSites": [
                "riahealth.com",
                "texaspridetrailers.com",
                "www.crystalcruises.com",
                "www.nghs.com",
                "www.ngpg.org"
            ]
        },
        {
            "rule": "tctm\\.xyz\\/x\\.json",
            "cookies": 0,
            "fingerprinting": 0,
            "subdomains": [
                "424171",
                "114280",
                "416923",
                "418234"
            ],
            "apis": {},
            "sites": 4,
            "prevalence": 0.0000272,
            "cnames": [],
            "responseHashes": [
                "e3b0c44298fc1c149afbf4c8996fb92427ae41e4649b934ca495991b7852b855"
            ],
            "type": "XHR",
            "firstPartyCookies": {},
            "firstPartyCookiesSent": {},
            "exampleSites": [
                "riahealth.com",
                "texaspridetrailers.com",
                "www.crystalcruises.com",
                "www.nghs.com"
            ]
        },
        {
            "rule": "tctm\\.xyz\\/x\\.json",
            "cookies": 0,
            "fingerprinting": 0,
            "subdomains": [
                "424171",
                "114280",
                "416923",
                "418234"
            ],
            "apis": {},
            "sites": 4,
            "prevalence": 0.0000272,
            "cnames": [],
            "responseHashes": [],
            "type": "Preflight",
            "firstPartyCookies": {},
            "firstPartyCookiesSent": {},
            "exampleSites": [
                "riahealth.com",
                "texaspridetrailers.com",
                "www.crystalcruises.com",
                "www.nghs.com"
            ]
        }
    ],
    "categories": [],
    "performance": {},
    "cookies": 0.000191,
    "topInitiators": [
        {
            "domain": "first party",
            "prevalence": 0.5142857142857142
        },
        {
            "domain": "googletagmanager.com",
            "prevalence": 0.4857142857142857
        }
    ],
    "types": {
        "Script": 24,
        "XHR": 4,
        "Preflight": 4
    },
    "nameservers": [
        "ns-1377.awsdns-44.org",
        "ns-69.awsdns-08.com",
        "ns-871.awsdns-44.net",
        "ns-1762.awsdns-28.co.uk"
    ]
}