{
    "domain": "tend-table.com",
    "owner": {},
    "source": [
        "DuckDuckGo-US"
    ],
    "prevalence": 0.0000614,
    "sites": 9,
    "subdomains": [
        "engine"
    ],
    "cnames": [],
    "fingerprinting": 0,
    "resources": [
        {
            "rule": "tend-table\\.com\\/cgi-bin\\/WebLog\\.dll",
            "cookies": 0,
            "fingerprinting": 0,
            "subdomains": [
                "engine"
            ],
            "apis": {},
            "sites": 9,
            "prevalence": 0.0000614,
            "cnames": [],
            "responseHashes": [
                "448fa7160d000c4a2850632d5eef598c8bc39dd1deddfae4c48df9d7eb88b136",
                "80df26195e87ee5449af4cc9b112e85d724e3ff97cd2ed8fd1a402e9377c8fd6",
                "9a27246f15d2e084970701fdea72920924be0b4bc1a973fe365cb93406519be4",
                "7bda4dd0be8f32dc0429abbb329146bfc5dd1a76a86e32db1205cb523434f8e4",
                "2ab206bb51547757f379f9614ee6fe7922d99278355bd660c78d3566b1adce51",
                "b58d018d245e7efb749c77a12abaa363140637cc7a9e0c0d07cca13334727ab8",
                "9032b298925a155338c85816256287e044943c2a07f1fc8c5cd1abc9905c327d",
                "d5a2ccd9180b738ee125dbfcff16c139c460898d020c6e315763d952d7b9a09c"
            ],
            "type": "Document",
            "firstPartyCookies": {},
            "firstPartyCookiesSent": {},
            "exampleSites": [
                "gifsf.com",
                "m.ilbe.com",
                "mlbpark.donga.com",
                "www.chosun.com",
                "www.heye.kr",
                "www.ilbe.com",
                "www.issuya.com",
                "www.koreatimes.co.kr",
                "www.koreaherald.com"
            ]
        },
        {
            "rule": "tend-table\\.com\\/cgi-bin\\/WebLog\\.dll",
            "cookies": 0.0000614,
            "fingerprinting": 0,
            "subdomains": [
                "engine"
            ],
            "apis": {},
            "sites": 9,
            "prevalence": 0.0000614,
            "cnames": [],
            "responseHashes": [
                "64a0c38e91767fafc305dc34e65c52834e5d4772cd3a4c17a7662b0981055ff7"
            ],
            "type": "Script",
            "firstPartyCookies": {},
            "firstPartyCookiesSent": {},
            "exampleSites": [
                "gifsf.com",
                "m.ilbe.com",
                "mlbpark.donga.com",
                "www.chosun.com",
                "www.heye.kr",
                "www.ilbe.com",
                "www.issuya.com",
                "www.koreatimes.co.kr",
                "www.koreaherald.com"
            ]
        }
    ],
    "categories": [],
    "performance": {},
    "cookies": 0.0000614,
    "topInitiators": [
        {
            "domain": "ad4989.co.kr",
            "prevalence": 1
        }
    ],
    "types": {
        "Document": 9,
        "Script": 9
    },
    "nameservers": [
        "ns2.4in.co.kr",
        "ns1.4in.co.kr"
    ]
}