{
    "domain": "thrive.today",
    "owner": {
        "name": "Thrive Commerce, LLC",
        "displayName": "Thrive Commerce"
    },
    "source": [
        "DuckDuckGo-US"
    ],
    "prevalence": 0.0000817,
    "sites": 12,
    "subdomains": [
        "integrate"
    ],
    "cnames": [],
    "fingerprinting": 1,
    "resources": [
        {
            "rule": "thrive\\.today\\/",
            "cookies": 0.0000681,
            "fingerprinting": 1,
            "subdomains": [
                "integrate"
            ],
            "apis": {
                "Date.prototype.getTime": 10,
                "Document.cookie getter": 9,
                "Document.cookie setter": 9
            },
            "sites": 10,
            "prevalence": 0.0000681,
            "cnames": [],
            "responseHashes": [
                "ce8d6cb9e9a2140bcedbdf79f774e9a0ee9717b202a15c121dccec16863a5234",
                "a4b409e87cbdfd2a3fa2f438acf7e3a0636a1cb7644970a1acee500f554e4214",
                "8c0d59d8cc9979f81eb99cee971390fc051465b061b525c9954a105544f0f1ae",
                "79db99b324e2d5a2432f5db06910111caf5bfdc2286c52dcbb2dc40324d29245",
                "0d96bdac9538288895f3647e6d134a4fcb421c3ec53506494dca47bc968efc81",
                "a42998bd4ba75d19ac24db9fa026d4d540d4a68546dee734e96bfe2e166fdac4",
                "9c5e7f25d62cfa287df64df123fed1911fae0aa5e42274407be1b68c19a3356e",
                "35add18d23b77c72908bd7ff97e327839f81cb537186a474002138009e6165f3",
                "cacb7dcf636a8ab0a1a0b8f7202fc0202418824aa4c7be15f93623e526bf0459"
            ],
            "type": "Script",
            "firstPartyCookies": {
                "va6uyAb": {
                    "ttl": 1466263298,
                    "length": 56,
                    "prevalence": 0.00006126825283365669,
                    "uniqueness": 1
                },
                "thrive_lp_msec": {
                    "ttl": 1466263298,
                    "length": 13,
                    "prevalence": 0.00006126825283365669,
                    "uniqueness": 1
                },
                "thrive_lp": {
                    "ttl": 1466263298,
                    "length": 69,
                    "prevalence": 0.00006126825283365669,
                    "uniqueness": 0.8888888888888888
                }
            },
            "firstPartyCookiesSent": {},
            "exampleSites": [
                "advanceautoparts.com",
                "shop.advanceautoparts.com",
                "stores.shoecarnival.com",
                "www.alexandani.com",
                "www.grunt.com",
                "www.shoesensation.com",
                "www.shoestation.com",
                "www.soccer.com",
                "www.thesource.ca",
                "www.worldsoccershop.com"
            ]
        }
    ],
    "categories": [],
    "performance": {},
    "cookies": 0.0000817,
    "topInitiators": [
        {
            "domain": "first party",
            "prevalence": 0.8095238095238095
        },
        {
            "domain": "googletagmanager.com",
            "prevalence": 0.19047619047619047
        }
    ],
    "types": {
        "Script": 10
    },
    "nameservers": [
        "ns-48.awsdns-06.com",
        "ns-1199.awsdns-21.org",
        "ns-1539.awsdns-00.co.uk",
        "ns-847.awsdns-41.net"
    ]
}