{
    "domain": "thrive.today",
    "owner": {
        "name": "Thrive Commerce, LLC",
        "displayName": "Thrive Commerce"
    },
    "source": [
        "DuckDuckGo-US"
    ],
    "prevalence": 0.0000613,
    "sites": 9,
    "subdomains": [
        "integrate"
    ],
    "cnames": [],
    "fingerprinting": 1,
    "resources": [
        {
            "rule": "thrive\\.today\\/",
            "cookies": 0.0000545,
            "fingerprinting": 1,
            "subdomains": [
                "integrate"
            ],
            "apis": {
                "Date.prototype.getTime": 8,
                "Document.cookie getter": 8,
                "Document.cookie setter": 8
            },
            "sites": 8,
            "prevalence": 0.0000545,
            "cnames": [],
            "responseHashes": [
                "563485d1a6bd1a8a5b87b925eea182e478d218d59cb714e397eef32ede95ae8c",
                "a5a48ff5980367c34a1a6551bf0d8869788ab982fbc8c4b6a69244911d1ff577",
                "0b69912fad5e2e53fb96ccdbab2499a87efff001f52b90f5e309babf81865438",
                "1104c0bcfa102a7d3bc12b57d3a61c93be9619d434bf355cb61efd3b958ed795",
                "c26f9d5b6c0fa7dbde773b90e3a1d597c39ce2ffefcbf719de5e58fc4ca23de3",
                "814709f8ca247b41c0d43b46a962d12d09c956997fd8d018f6b45ce79f4811fc",
                "8fd577c62390b4b59ee927baa4fb715dfcf149cd5fdae57030ea2c243ee873c3"
            ],
            "type": "Script",
            "firstPartyCookies": {
                "va6uyAb": {
                    "ttl": 1461872859,
                    "length": 56,
                    "prevalence": 0.00005453083036821943,
                    "uniqueness": 1
                },
                "thrive_lp_msec": {
                    "ttl": 1461872859,
                    "length": 13,
                    "prevalence": 0.00005453083036821943,
                    "uniqueness": 1
                },
                "thrive_lp": {
                    "ttl": 1461872859,
                    "length": 46,
                    "prevalence": 0.00005453083036821943,
                    "uniqueness": 0.875
                }
            },
            "firstPartyCookiesSent": {},
            "exampleSites": [
                "advanceautoparts.com",
                "kutfromthekloth.com",
                "shop.advanceautoparts.com",
                "stores.shoecarnival.com",
                "www.shoesensation.com",
                "www.shoestation.com",
                "www.soccer.com",
                "www.worldsoccershop.com"
            ]
        }
    ],
    "categories": [],
    "performance": {},
    "cookies": 0.0000613,
    "topInitiators": [
        {
            "domain": "first party",
            "prevalence": 0.8235294117647058
        },
        {
            "domain": "googletagmanager.com",
            "prevalence": 0.17647058823529413
        }
    ],
    "types": {
        "Script": 8
    },
    "nameservers": [
        "ns-847.awsdns-41.net",
        "ns-48.awsdns-06.com",
        "ns-1199.awsdns-21.org",
        "ns-1539.awsdns-00.co.uk"
    ]
}