{
    "domain": "tonemedia.com",
    "owner": {},
    "source": [
        "DuckDuckGo-US"
    ],
    "prevalence": 0.000354,
    "sites": 52,
    "subdomains": [
        "srv"
    ],
    "cnames": [],
    "fingerprinting": 1,
    "resources": [
        {
            "rule": "tonemedia\\.com\\/showads\\/adunit\\.php",
            "cookies": 0.000259,
            "fingerprinting": 0,
            "subdomains": [
                "srv"
            ],
            "apis": {},
            "sites": 38,
            "prevalence": 0.000259,
            "cnames": [],
            "responseHashes": [
                "dba9f6f4b5db5c09caa73f99f8f5e65b9d574bedb52f22960ac19cc06085f26c",
                "a3348184d504de2ca9a9f72a80fa93903c49eb88d34ea74239c65774bd208d07",
                "2776eb6e808dfe46148bbca0459c3a93bbbb00e68ca9f4a5c66bd31eeeda4aad",
                "544531debdd88c46fce3a592d72853bdd6115ab29c41977231eafa115811e751",
                "3dabefdeb15cdd95af9b83a1166e9a9b01b8703d38e21be732f7761172efeb02",
                "c5d10b41f3aef9bf8b40815a66517d2a0a0a13dfca67f445dced576ed19c5648",
                "544912246c5699925f031c2dd4bd156e440f72f4d2c3ddfc1cb8148609d6b9e9",
                "90a835daea846fab7afcbda70ca03cadfb3ddac46a81bea062e47f0fc9dc8bde",
                "7f3413e36bc193e7b836bfd041fe0e3bd7af189abc0f95da0c61d8d0e7db7602",
                "c9815483eb48f92e4393b929c04ceb8767b3ea9d8899cd5be3c67231adae2c55",
                "5054057752551553dffd2e702d462a10273ddab3f59ead4e178a52790d635c21",
                "b5f495420f27b54abd9f07788b8f4aa4e928b4b21b910c391615f315f94da273",
                "645fde457dccdfd27fa61ccb4e9d6fea4b0462fda833d53af86d0494c3e1e092",
                "6480ea0ba83542bca50bbc5c36986815a993869f865a0aa7d639af9537b33c2c",
                "111ef9847d6a6a041f32322959fe5c16669060914f0ac3b4c83c4bc490b5707c",
                "f30698b0888f6bed190031cdca2d629b995cd54d2c05f7ad12e696963974b68b",
                "89e215c6091638a468ffd85537564bc6303b78b842baf93968116327ce1d26b9",
                "ddfbaf619df363a7529e7b97fa0a50564da89e9c1f16c355b2c0f9cafcbe0107",
                "55e6b82550147dc528666b3b2a757ff649277064558d76b6665e0632b3fa7335",
                "3e29cac3f17c6434d8e8709434bc199982c6e297b5bee032df25094254e56b41",
                "eca77e2769b2db695282cda8b5ffbdf36d29377fbef4919584a626de1ca871d1",
                "358f166cd21c9446c8dbbb1f0e46dd749279eacd011fea3d79c251bd61dc09ec",
                "cc374b5a7a960a2935badcdc685f879e044c8123811feda119d9e3d5e5ebb49c",
                "01ab8c327b3c1800d1d91e2c23ae355d1eb536acf4b7215e3115cd1b13912efe",
                "f0e563c6cd9a46618ae5559484961e004d4153cbb360a24d288689eb0b7d91c1",
                "e0412698df266f4f469f8c59de0e85136754b35c9d162a25f1012ada0a340e68",
                "45bbbf751682cebc0b6256cd5e15b9839ab0dc868c2f6a5ae6dac00a688c20b4",
                "80eeb06af9f1afab89168e71637b31bd9b87d9842697a76f50ace616ec8cde39",
                "5cc68db736ccae932148fd435f40e7836f01899d32a0d8e286eb9b82a199503d",
                "e8a16f3a1e7f77f047289dc57daab893cd1a077fe5dbef22d653d52533e95556",
                "715ad7643b379d7a99993693e0b3cdbd36331510ffd77f00a533a61826f17472",
                "52102c89abbce4aab3bee57087e32349ad3b078bb8afbe91f4b533d5c3f9ca3d",
                "a6c28d412d33154e26b2102f6e13bc0003986ae16fdcb7dc613a0ecf02963853",
                "e0b6e55fee6aad86f4bedb8bb7c3f7c1358ae637467dda9e6e367b51dddda837",
                "ae6c353821d681aeda3e6738259ea1f857b105219de78f1b1b8ef7a89eb1c783",
                "f972fac1dcc1c0e08a2811f8f9214592d0315f2beb0bd9a16fd810adc3cae7a1",
                "283447ee7e2df31330f7893bb84ed7696ce361982e3f0a3ec766db5120debb69"
            ],
            "type": "Script",
            "firstPartyCookies": {},
            "firstPartyCookiesSent": {
                "lotame_domain_check": 0.000054533060668029995
            },
            "exampleSites": [
                "www.lacoccinelle.net",
                "www.musixmatch.com",
                "www.lyricstranslation.in",
                "www.azchords.com",
                "www.lyreka.com",
                "popnable.com",
                "metalinjection.net",
                "www.cyzowoman.com",
                "www.whosampled.com",
                "www.cowboylyrics.com",
                "www.bandsintown.com",
                "www.oldielyrics.com",
                "www.tablyrics.com",
                "www.paroles.net",
                "petitlyrics.com",
                "www.hypebot.com",
                "azlyrics.biz",
                "societyofrock.com",
                "www.buenamusica.com",
                "www.joysound.com"
            ]
        },
        {
            "rule": "tonemedia\\.com\\/showads\\/track\\/imp\\.php",
            "cookies": 0.000259,
            "fingerprinting": 0,
            "subdomains": [
                "srv"
            ],
            "apis": {},
            "sites": 46,
            "prevalence": 0.000314,
            "cnames": [],
            "responseHashes": [
                "fdac71109000ee5e21163bc6b60221d4077f59d8224d3e7cb16fa994a184440b"
            ],
            "type": "XHR",
            "firstPartyCookies": {},
            "firstPartyCookiesSent": {
                "lotame_domain_check": 0.00006134969325153375
            },
            "exampleSites": [
                "chordseasy.com",
                "www.buenamusica.com",
                "www.vagalume.com.br",
                "www.chords-and-tabs.net",
                "www.lacoccinelle.net",
                "www.sputnikmusic.com",
                "www.oldielyrics.com",
                "www.accordiespartiti.it",
                "getsongbpm.com",
                "robloxsong.com",
                "www.paroles.net",
                "www.hypebot.com",
                "www.whosampled.com",
                "petitlyrics.com",
                "tvshowpilot.com",
                "www.lyricstranslation.in",
                "www.paroles-musique.com",
                "www.infoconcert.com",
                "www.e-chords.com",
                "azlyrics.biz"
            ]
        },
        {
            "rule": "tonemedia\\.com\\/ads\\/adunit\\.php",
            "cookies": 0,
            "fingerprinting": 0,
            "subdomains": [
                "srv"
            ],
            "apis": {},
            "sites": 8,
            "prevalence": 0.0000545,
            "cnames": [],
            "responseHashes": [
                "bccb6ade09766c1e60332c9c18d246701c00d72963bd523460ba301d0fbb0093",
                "e8a88b6755dd335bece3a9a487e4adb66f72f2eebfa4971bc1ea9590b90d31b4",
                "195c36f9d5fe31f458f89e0372e7631923f04fd91aaa21a99bc587747f55dc23",
                "e2ef909176de42809d6e9a1dea89d4a0dc289037dc4ff3a2bc80c26cfea450a0",
                "6c2d00d9ef6dc367d58e5de163c7adae946d53306688ca12acbb695eb46849c4",
                "6a008d3479c24f64e237f705329e7adc66be9c21d7fe56543a9258f3c2e3f59e",
                "6c91f41296092dccebaa8e76f87dd5d112a2070f4cdbe98d8b64da4d74613da6"
            ],
            "type": "XHR",
            "firstPartyCookies": {},
            "firstPartyCookiesSent": {
                "lotame_domain_check": 0.000006816632583503749
            },
            "exampleSites": [
                "e-chords.com",
                "www.chords-and-tabs.net",
                "www.e-chords.com",
                "www.letssingit.com",
                "www.lyrical-nonsense.com",
                "www.lyricsbox.com",
                "www.songfacts.com",
                "www.songtell.com"
            ]
        },
        {
            "rule": "tonemedia\\.com\\/showads\\/css\\/flex\\.min\\.css",
            "cookies": 0,
            "fingerprinting": 0,
            "subdomains": [
                "srv"
            ],
            "apis": {},
            "sites": 4,
            "prevalence": 0.0000273,
            "cnames": [],