{
    "domain": "tonemedia.com",
    "owner": {},
    "source": [
        "DuckDuckGo-US"
    ],
    "prevalence": 0.000355,
    "sites": 52,
    "subdomains": [
        "srv"
    ],
    "cnames": [],
    "fingerprinting": 1,
    "resources": [
        {
            "rule": "tonemedia\\.com\\/showads\\/adunit\\.php",
            "cookies": 0.000266,
            "fingerprinting": 0,
            "subdomains": [
                "srv"
            ],
            "apis": {},
            "sites": 39,
            "prevalence": 0.000266,
            "cnames": [],
            "responseHashes": [
                "0491ab146c92ec83a283a5250836b8ce3f2aa1c65537435d4f4c04c075249dcc",
                "5e25c4400fcd00bd76254481c8d460a44b640de29f92d6452cb5ecb56a43be91",
                "46488722e83170acef18838687eb6cb7c03b1cafb938398b6fb52c639029d8fc",
                "23b57c54631a900e06a85a7796f329936ada17c6cba9f0f4cfee7e19c1a5a671",
                "35e73e9bb1a6bdf43cae9cee9fc7e6b19f229d483a2aa9f44ab43c81f8005de4",
                "ff953c11f9434b5e0b6cbd8174963cf0e606204642901a9e3247909bd14521fe",
                "89e1cd12d1e7b339988b657983004a0dac2adece664006438d2bf5e20b4581bc",
                "a0299c3a3ab1cc52d2e58fca43ea61f3a0faa994fc2a9a2a11c8ce3edea16392",
                "c1973289e2b8384eeb236c2455bba616bf6b27f8ee970ee512bfd13c35b27274",
                "d08d20209b69eb0a7a975124d95a10f44b72af1aa1cb8fa1695f35364d9a112d",
                "3962a7dcdddfde6e76a3c2b8e544c465ff1167acd0ff5b5749b2c70398ab39a0",
                "ec6d5cc65fdbd87bba348b02b390275130fa4d37e3851e773df720b42af8ea9e",
                "84ff596b15cd2aa43d16c3617541f1e1c6dcf6784b0b010e8abd5b590d5fc22f",
                "0a6f8c55119142a7134662d3d7243adc3b99e6bee9f6787d9336aa1afa478187",
                "d47bc30f6fd9a33caa9325af06d7be7e1ab9e9aeb2a8d1ecfaf47d3f187d2b20",
                "0b9e2417c9411cb973827302b1aea9b6811abf991c066e2d910bf7f51a9f781c",
                "ec2014719a793fb1cb4032694a5691cee602a4adb6184dab2b85ba8cf568c653",
                "4d629cc076e046fb5f4cd8061f9eaadcd48391f43b2384e283d0b0bfd673d685",
                "77e036041055ca74a4dda7da33db7494ce82b48dac947adc305c0867de3d6b2f",
                "0cbc0bcb58b6982c7e2e732bfbbd19f8a924d0eb7b62f1420cef694e13dc6285",
                "d879dffc9f5c56f2cb67cb1cfde717ca15bbe32c7ed64201332e3b5434d156d3",
                "ff160f40423c23230371d6264e00cc2754c9a86812dca3c3e087f94642151bcd",
                "cacb13e8657d355a49d6d21964707f7a108852a8e170bdc09ebbb16fe7742377",
                "b017e9d25a3aa9653b4a4c606d7412e1d34b47f9e1dc3f288efcd47adf5f9780",
                "0b57e65752ecf96d1430929aca838e9185ac35c6a06bcc3187aaba1dd83f72a3",
                "03adb364923da6b511dbb23ea8ddbccd3031139aa57fb2af294c947d0143571b",
                "340bf6461a68c78aef0111380d79ffc61335545fcd0fec1077ba99f606de1684",
                "cfcbfbd42793cdec9e498aae1aa9a031048896f6e50c43c0d5a39172b7d904e4",
                "f61994924e207c2fbac6258614f6523d405e3966a1794c2803ee7b3e6a0cbf75",
                "c79a5d16d744c381b76a1992d47cd12d8bc6b91e27e16305f011b64a4af338ad",
                "e683e1b644ca911eaaab1fa54589ecd613c455f4613911b635db89921eac3b81",
                "a636333176de8782b0c0330cd215a152847bf4df615126972695da5bdf36fd30",
                "0615a1dcbed8f16cb20f638b374dabc62b815b635d085fcbf5489ad1fbca22b7",
                "d680a4e6f6d520677eadb3820284d2af885eff7b1b6855640665d7dbe5e9ad7e",
                "fee1d1521aca43981a06d256b929663bd0bfe15c349e7780a417d88d10922464",
                "9f164bce9bacb79b0e63246929c5157ad12f80cb765bf71c6cfe7d6ff15238d8",
                "2a33679088e350906ee0a49fe469f19c980607ba0842b5e7fddcad75f797d7d1"
            ],
            "type": "Script",
            "firstPartyCookies": {},
            "firstPartyCookiesSent": {
                "lotame_domain_check": 0.00005454309927525857
            },
            "exampleSites": [
                "www.whosampled.com",
                "www.bandsintown.com",
                "www.metalsucks.net",
                "www.infoconcert.com",
                "chordseasy.com",
                "www.cyzowoman.com",
                "www.vagalume.com.br",
                "societyofrock.com",
                "topbestlyrics.com",
                "www.azchords.com",
                "www.yalp.io",
                "www.lyricsmania.com",
                "www.buenamusica.com",
                "www.hypebot.com",
                "www.allmusicals.com",
                "www.cowboylyrics.com",
                "www.lyreka.com",
                "www.tablyrics.com",
                "jambands.com",
                "www.lyrics.com"
            ]
        },
        {
            "rule": "tonemedia\\.com\\/showads\\/track\\/imp\\.php",
            "cookies": 0.000259,
            "fingerprinting": 0,
            "subdomains": [
                "srv"
            ],
            "apis": {},
            "sites": 45,
            "prevalence": 0.000307,
            "cnames": [],
            "responseHashes": [
                "fdac71109000ee5e21163bc6b60221d4077f59d8224d3e7cb16fa994a184440b"
            ],
            "type": "XHR",
            "firstPartyCookies": {},
            "firstPartyCookiesSent": {
                "lotame_domain_check": 0.00005454309927525857
            },
            "exampleSites": [
                "petitlyrics.com",
                "www.tablyrics.com",
                "azlyrics.biz",
                "topbestlyrics.com",
                "www.lyreka.com",
                "www.cowboylyrics.com",
                "www.vagalume.com.br",
                "www.cyzowoman.com",
                "societyofrock.com",
                "www.lyricsbogie.com",
                "www.metalsucks.net",
                "www.accordiespartiti.it",
                "www.bandsintown.com",
                "www.paroles-musique.com",
                "www.lyrical-nonsense.com",
                "www.lyricsbox.com",
                "www.aha-music.com",
                "tvshowpilot.com",
                "www.infoconcert.com",
                "www.allmusicals.com"
            ]
        },
        {
            "rule": "tonemedia\\.com\\/ads\\/adunit\\.php",
            "cookies": 0,
            "fingerprinting": 0,
            "subdomains": [
                "srv"
            ],
            "apis": {},
            "sites": 7,
            "prevalence": 0.0000477,
            "cnames": [],
            "responseHashes": [
                "719ebcb4003988d9362d369a1c7a8830ea4302bfb499c7fc3d7660a253decbb4",
                "4bc42487bf2ed0c7f87d806d70f5d046db9fb4273345e799615bb12fb78ea41c",
                "64f2e2fb8a2a7a65995fc06a55da08b1c8eb9be925c58e93b4f5538f3f812916",
                "5bbe57c6f019e14239b3fa1a76fcb25be3fad5e334f9af7ee32834f24cb008dc",
                "b5d2dfc3a8e94f1a496a9f6afdcba6678e8e17de6619b7fafccf80a62eac3459",
                "df753ca04187fcfc71f64f2675f7dc7b169cccf806f889a9c2e95ba513d0377c"
            ],
            "type": "XHR",
            "firstPartyCookies": {},
            "firstPartyCookiesSent": {},
            "exampleSites": [
                "e-chords.com",
                "www.chords-and-tabs.net",
                "www.e-chords.com",
                "www.letssingit.com",
                "www.lyrical-nonsense.com",
                "www.lyricsbox.com",
                "www.songtell.com"
            ]
        },
        {
            "rule": "tonemedia\\.com\\/showads\\/css\\/flex\\.min\\.css",
            "cookies": 0,
            "fingerprinting": 0,
            "subdomains": [
                "srv"
            ],
            "apis": {},
            "sites": 5,
            "prevalence": 0.0000341,
            "cnames": [],
            "responseHashes": [
                "d0bdffc356ed0615540f4cac598814aeb24dbfe2a3ae87c5292dac0dfd35db20"
            ],
            "type": "Stylesheet",
            "firstPartyCookies": {},
            "firstPartyCookiesSent": {},