{
    "domain": "townsquareblogs.com",
    "owner": {
        "name": "Townsquare Media",
        "displayName": "Townsquare Media"
    },
    "source": [
        "DuckDuckGo-US"
    ],
    "prevalence": 0.00017,
    "sites": 25,
    "subdomains": [
        "cdn.production"
    ],
    "cnames": [],
    "fingerprinting": 2,
    "resources": [
        {
            "rule": "townsquareblogs\\.com\\/wp-content\\/uploads\\/static\\/prebid\\/carbon\\/pb\\.js",
            "cookies": 0.000116,
            "fingerprinting": 2,
            "subdomains": [
                "cdn.production"
            ],
            "apis": {
                "window.sessionStorage": 7,
                "Date.prototype.getTime": 17,
                "window.innerWidth": 17,
                "window.innerHeight": 17,
                "Navigator.prototype.doNotTrack": 17,
                "Navigator.prototype.userAgent": 17,
                "Navigator.prototype.language": 17,
                "Navigator.prototype.cookieEnabled": 17,
                "window.localStorage": 17,
                "Screen.prototype.width": 17,
                "Screen.prototype.height": 17,
                "Screen.prototype.colorDepth": 17,
                "Date.prototype.getTimezoneOffset": 17,
                "window.name": 13,
                "Navigator.prototype.connection": 17,
                "window.devicePixelRatio": 17,
                "Document.cookie getter": 6
            },
            "sites": 17,
            "prevalence": 0.000116,
            "cnames": [],
            "responseHashes": [
                "60166307c8414e070164980f7769167e065fdcdda28988079bd3ff564d4bbfeb",
                "c5b0bda96d53a31d30232692cdde640932bffa601a0cd6b22706b219794b12d9",
                "3f418a4da2eebd72522efb1f51906cbc7dae4d81924e2cc5ab89235ff79ec397",
                "d2977de952b5b6e12f7f6e28b91ca3ad89cf5695986dba8c3be9d9a8d1e37db7",
                "41c5933bd7a7c2c845f5f576479bbc468b5de52b54327f659f800f409689feda",
                "25d42730a8f6d7f853b3bb6f2bae293ff361ccb05cf028b5604198e53b2353ba",
                "e5d11a328f5a5576cc807b550d4de56a4c152e4d9901bd6ca23b4d5b3afc691c",
                "59ef012d9ae59010c9ee7da473180e94d18d758cc6ce491115d49dec39b27593",
                "76c983d7b8d0d085eb3944805518ce440dd252f94b05a636e3e2fbff945e82bc",
                "8d32f5e85df788fcb0e403ce2ff2d0f0f5c8e9f427ab557ea47c495d6efb8868",
                "2cbee16587c892943324e2ef91cfc88a48b0dd1550e01ad41cf4c603badb1819",
                "67339f1940a52b6223d27697bc54f71f35645116a019eccf6d0b0da549d7640f",
                "0b45a027bbdffe4078a6a3b4f6ab0c82adaf3ac2124a8d60786f99361e7930c9",
                "73c79cab747da5656fdbdd5a4ba6442b1a446c41dd7e8be56c866836fe0ee51e",
                "fc677426438825f549c1f2c2dc34ff73295b1ea20793fedddafae92cef684af4",
                "1fb05229b74e63787a099b165b39a297b03ccd8f3c2c7d8fb9dd93c8d8246f6c"
            ],
            "type": "Script",
            "firstPartyCookies": {},
            "firstPartyCookiesSent": {
                "lotame_domain_check": 0.000006816353796027429
            },
            "exampleSites": [
                "k2radio.com",
                "kgab.com",
                "kpq.com",
                "krocnews.com",
                "loudwire.com",
                "missoulacurrent.com",
                "screencrush.com",
                "tasteofcountry.com",
                "theboot.com",
                "tide1009.com",
                "tuscaloosathread.com",
                "wbsm.com",
                "wjon.com",
                "wnbf.com",
                "wpst.com",
                "www.xxlmag.com",
                "wyrk.com"
            ]
        },
        {
            "rule": "townsquareblogs\\.com\\/aleph\\/",
            "cookies": 0.000116,
            "fingerprinting": 1,
            "subdomains": [
                "cdn.production"
            ],
            "apis": {
                "Document.cookie getter": 17
            },
            "sites": 17,
            "prevalence": 0.000116,
            "cnames": [],
            "responseHashes": [
                "e455c9481ab43afb3fe882d539f47ad82eb560651f6c68a99f4dfb8ff4249d88"
            ],
            "type": "Document",
            "firstPartyCookies": {},
            "firstPartyCookiesSent": {},
            "exampleSites": [
                "k2radio.com",
                "kgab.com",
                "kpq.com",
                "krocnews.com",
                "loudwire.com",
                "missoulacurrent.com",
                "screencrush.com",
                "tasteofcountry.com",
                "theboot.com",
                "tide1009.com",
                "tuscaloosathread.com",
                "wbsm.com",
                "wjon.com",
                "wnbf.com",
                "wpst.com",
                "www.xxlmag.com",
                "wyrk.com"
            ]
        },
        {
            "rule": "townsquareblogs\\.com\\/rest\\/high\\/api\\/cogitoergosum",
            "cookies": 0.000116,
            "fingerprinting": 0,
            "subdomains": [
                "cdn.production"
            ],
            "apis": {},
            "sites": 17,
            "prevalence": 0.000116,
            "cnames": [],
            "responseHashes": [
                "54f0e7c6b9ba347730c613a53baadc4c64ca2f9e8ff24af48b3a3c08de9c40db",
                "86cb40af850003af3b88af50deb3e90c79359130c7c54983720641baf87fceec",
                "bac079e85eec56808c15bf2d0c6ca9790d3c0988e93360d560c486641e81a9a4",
                "6305d2365b6952f742e16400406ad355606ae30c48389095a6dffc12969f9562",
                "bd6cfaa42f7e9a2a212e13bc39bfe7b743b69002badb139c0b7d102d928e869b",
                "c12ccc7e15607ae26e9f3007095479dc5a1a94db9df58eab76d5309625ab414c",
                "13a93de91bd33b5c55ba5ea397acca352ffe96aac54001e1a464f7f0ee34659e",
                "6c7dc8e0211703e8ee1340523d83ea4e956be5afc6d66f538ed62c0a49b3d635",
                "67028564c2121e0d881ec0b6bff1599bf4d683174fcb840bca3bc3ff178c7c34",
                "d2f48ad55052d5b78b231119f8dcf180535a5699588e02b991eea0348d0e7e60",
                "668fd80d5e3ece2faf844f29e6c2bbf85441073a18e1a3830dff0c03d8c6e315",
                "85b9b93edcce49225e1ef337224dfe95a9f1fff0ec15e25a819c9399f0e39548",
                "c9c3696618462aa6cb191e87ac2bcc7b79dd72d99c066bb7f7e656118ae69d9b",
                "4cc14e20508c9a865ec52e6f00d1997a95509e398ebea09c3ad5d46e9b5b8cbf",
                "7b92a9c454899d821311eef436254de1b7e9e45bc4600ada93228b3742e3a16a",
                "76ee9e1d25c03abf8c4e3a381fa1d0448e937f41dd6287e728ad1efa8c7e801e"
            ],
            "type": "Fetch",
            "firstPartyCookies": {},
            "firstPartyCookiesSent": {},
            "exampleSites": [
                "k2radio.com",
                "kgab.com",
                "kpq.com",
                "krocnews.com",
                "loudwire.com",
                "missoulacurrent.com",
                "screencrush.com",
                "tasteofcountry.com",
                "theboot.com",
                "tide1009.com",
                "tuscaloosathread.com",
                "wbsm.com",
                "wjon.com",
                "wnbf.com",
                "wpst.com",
                "www.xxlmag.com",
                "wyrk.com"
            ]
        }
    ],
    "categories": [],
    "performance": {},
    "cookies": 0.00017,
    "topInitiators": [
        {
            "domain": "first party",
            "prevalence": 0.68
        },
        {
            "domain": "osano.com",
            "prevalence": 0.3
        },
        {
            "domain": "script.ac",
            "prevalence": 0.02
        }
    ],
    "types": {
        "Script": 17,
        "Document": 17,
        "Fetch": 17
    },
    "nameservers": [
        "ns3.g10.cfdns.info",
        "ns4.g10.cfdns.co.uk",
        "ns1.g10.cfdns.net",
        "ns2.g10.cfdns.biz"
    ]
}