{
    "domain": "townsquareblogs.com",
    "owner": {
        "name": "Townsquare Media",
        "displayName": "Townsquare Media"
    },
    "source": [
        "DuckDuckGo-US"
    ],
    "prevalence": 0.000136,
    "sites": 20,
    "subdomains": [
        "cdn.production"
    ],
    "cnames": [],
    "fingerprinting": 2,
    "resources": [
        {
            "rule": "townsquareblogs\\.com\\/wp-content\\/uploads\\/static\\/prebid\\/carbon\\/pb\\.js",
            "cookies": 0.0000886,
            "fingerprinting": 2,
            "subdomains": [
                "cdn.production"
            ],
            "apis": {
                "Date.prototype.getTime": 13,
                "window.innerWidth": 13,
                "window.innerHeight": 13,
                "Navigator.prototype.doNotTrack": 13,
                "Navigator.prototype.userAgent": 13,
                "Navigator.prototype.language": 13,
                "Navigator.prototype.cookieEnabled": 13,
                "Screen.prototype.width": 13,
                "Screen.prototype.height": 13,
                "window.name": 10,
                "Navigator.prototype.connection": 13,
                "Document.cookie getter": 13,
                "Date.prototype.getTimezoneOffset": 13,
                "window.devicePixelRatio": 13,
                "window.localStorage": 13,
                "Screen.prototype.colorDepth": 13,
                "window.sessionStorage": 3
            },
            "sites": 13,
            "prevalence": 0.0000886,
            "cnames": [],
            "responseHashes": [
                "d5ece69616e7e666164b828d8378f94a71a5f5e3ece6ef235b3e8c03da7029ad",
                "5df06b734fb45f271c83431aa48cc99a3812bdf0da649fdfb4679e9b5faecea3",
                "113941f2b6122cd16576b8d89557a0be0a1e72a05c126c1792c919a1d155afe9",
                "95decbde5611fa86595803bcee8ed4207ca9159daa4859334e7199beb591cd67",
                "1a46ebc296a68a5260b3b329c815f147cb2619d44438612533b488b43319ed68",
                "3cd21a625179181a3aa72406d8b1e946cadad3836eefa7bb065e3aadc0704e23",
                "bda6fff589239f4eaf45258258f3dbcaa63bca287186e283e90ab76cca44cd71",
                "d41f720794be00c31c59982f0bf67426253e950178213da0724acdc832672fb4",
                "0a2ddedd15140d773cc0c4c6f815b1f892f02b5435a86c2d2b5b84c7d3725d3b",
                "083404d40c02e2934f415f3521a823165c887808d05300f159fceede5fd8c8e7",
                "725c8758860d394f1b4e65585e83b6700db6c6def8256647d5b5feb09900b2e1",
                "c2261cc65aef9c71820f92db7c1a5365b95efe1494a4b0a3658c31443a5a96ec"
            ],
            "type": "Script",
            "firstPartyCookies": {},
            "firstPartyCookiesSent": {
                "lotame_domain_check": 0.000006817887409407321
            },
            "exampleSites": [
                "710keel.com",
                "kpq.com",
                "krocnews.com",
                "loudwire.com",
                "missoulacurrent.com",
                "tasteofcountry.com",
                "theboot.com",
                "tuscaloosathread.com",
                "wjon.com",
                "wnbf.com",
                "wpst.com",
                "www.xxlmag.com",
                "wyrk.com"
            ]
        },
        {
            "rule": "townsquareblogs\\.com\\/aleph\\/",
            "cookies": 0.0000886,
            "fingerprinting": 1,
            "subdomains": [
                "cdn.production"
            ],
            "apis": {
                "Document.cookie getter": 12
            },
            "sites": 13,
            "prevalence": 0.0000886,
            "cnames": [],
            "responseHashes": [
                "e455c9481ab43afb3fe882d539f47ad82eb560651f6c68a99f4dfb8ff4249d88"
            ],
            "type": "Document",
            "firstPartyCookies": {},
            "firstPartyCookiesSent": {},
            "exampleSites": [
                "710keel.com",
                "kpq.com",
                "krocnews.com",
                "loudwire.com",
                "missoulacurrent.com",
                "tasteofcountry.com",
                "theboot.com",
                "tuscaloosathread.com",
                "wjon.com",
                "wnbf.com",
                "wpst.com",
                "www.xxlmag.com",
                "wyrk.com"
            ]
        },
        {
            "rule": "townsquareblogs\\.com\\/rest\\/high\\/api\\/cogitoergosum",
            "cookies": 0.0000886,
            "fingerprinting": 0,
            "subdomains": [
                "cdn.production"
            ],
            "apis": {},
            "sites": 13,
            "prevalence": 0.0000886,
            "cnames": [],
            "responseHashes": [
                "63f7fa1adf018206dff5511b7409f96eb88bbfe9f80470c4a5599d0ca0d9d1e3",
                "19ee753f15eba62269977c1f76022b7ec417e1bf40169d9cb19fdc84671f311f",
                "cb4769fef8e8de030140cd930898deeff9137635881862eac3c33d46600bed43",
                "125e958e0b8ff0b4bf5c44bdea99b0ab34517ee202a089622ab6273f9c652b86",
                "2b09a70d7eac89425d1c40e444a5b24afc06cf2094533ba2e607d3b597efdfde",
                "f8b6d628640f846f530c73445a8a6135e370b9f79b477a6fe66754ab4380b46b",
                "3176953cfd0809a196794aa51b8914b9e28efc55dbde0d9ce0fa29aeaeee98b2",
                "26276b8a8a6adac8ec7d1f1a87b68d03640cd0ac2d3ed8fb279c8050faca22dd",
                "d2e9d088abf2e8a0190044ff8d77f9e9d6d40e52ca95e45f306ce1712fa957db",
                "7d5d925124dbb364f9f4366a077a9837aea406e0a7b1494a2418e1d09b19b993",
                "f19e66887c7709081a15d9ce979f91314401bdb8b37c20adcab341480460f16f",
                "37f6617cd91cf2d70f7713c96af9a8537419c958549a44ad677a37b216832bc9"
            ],
            "type": "Fetch",
            "firstPartyCookies": {},
            "firstPartyCookiesSent": {},
            "exampleSites": [
                "710keel.com",
                "kpq.com",
                "krocnews.com",
                "loudwire.com",
                "missoulacurrent.com",
                "tasteofcountry.com",
                "theboot.com",
                "tuscaloosathread.com",
                "wjon.com",
                "wnbf.com",
                "wpst.com",
                "www.xxlmag.com",
                "wyrk.com"
            ]
        }
    ],
    "categories": [],
    "performance": {},
    "cookies": 0.000136,
    "topInitiators": [
        {
            "domain": "first party",
            "prevalence": 0.9
        },
        {
            "domain": "dfm7wh2x5l4za.cloudfront.net",
            "prevalence": 0.05
        },
        {
            "domain": "d2y8ogs0f6k3bp.cloudfront.net",
            "prevalence": 0.025
        },
        {
            "domain": "doi3unldljdx6.cloudfront.net",
            "prevalence": 0.025
        }
    ],
    "types": {
        "Script": 13,
        "Document": 13,
        "Fetch": 13
    },
    "nameservers": [
        "ns4.g10.cfdns.co.uk",
        "ns2.g10.cfdns.biz",
        "ns3.g10.cfdns.info",
        "ns1.g10.cfdns.net"
    ]
}