{
    "domain": "tracead.com",
    "owner": {},
    "source": [
        "DuckDuckGo-US"
    ],
    "prevalence": 0.0000818,
    "sites": 12,
    "subdomains": [],
    "cnames": [],
    "fingerprinting": 1,
    "resources": [
        {
            "rule": "tracead\\.com\\/siteTagHandler\\.php",
            "cookies": 0.0000545,
            "fingerprinting": 0,
            "subdomains": [],
            "apis": {},
            "sites": 8,
            "prevalence": 0.0000545,
            "cnames": [],
            "responseHashes": [
                "c0e4f908ca91a21e549a0d5994645bca5a0b7700a8b9f2aaeb4390f78ca3fd8a",
                "e1e3567b9aaf9bd93d3ce2befcda621326b10ef645bb55d0c487390e015d0ca3",
                "2ac6a6c6102e2ebe508f99a9d719092d8b15c7cfdeab40034a61a76e681b8ff4",
                "35d216a435092e42d95bcb763711fbaea6f5f2c0356f8c4c34ff65229836ee9a",
                "b720c00d351b5dbc2727da6a4ecc30f8ae081b2919b47bf0543d8908d576df19",
                "a6a2fde45f8ea95c02a2f174efdc2c3d82df18bdfaf0acc3b3c59fe910945084",
                "be554e898f8ebb9df0fc24c73339ba1fb7d2b14584ff46d9ce31433e91660b8b"
            ],
            "type": "Script",
            "firstPartyCookies": {},
            "firstPartyCookiesSent": {},
            "exampleSites": [
                "dermae.com",
                "farmhousefreshgoods.com",
                "www.196flavors.com",
                "www.colorescience.com",
                "www.drinktrade.com",
                "www.kachava.com",
                "www.notino.co.uk",
                "www.sixthreezero.com"
            ]
        },
        {
            "rule": "tracead\\.com\\/siteTagHandler\\.php",
            "cookies": 0.0000545,
            "fingerprinting": 1,
            "subdomains": [],
            "apis": {
                "window.localStorage": 8,
                "Date.prototype.getTime": 8,
                "window.sessionStorage": 8
            },
            "sites": 8,
            "prevalence": 0.0000545,
            "cnames": [],
            "responseHashes": [
                "8053640058d07768e0ebdf26a080a2674d80e8fe175d85c341c39a74e10809a9",
                "3aafd372c6310ccb9644441c7c563d9b10e5640e902b9ac27eb4f59221bbac6e",
                "b43a3c8858b536c0ec18dde0715b2215a5c5e18e7dea672930a6fd1f9e04e966",
                "b6eef686e5cc57cf5a98da7046d0131eced799a5e241a0426ef9caf0862f8236",
                "97784676fc7db6f667dcbc10944a37729073f7fe5e38bfe7393573ba06d534ee",
                "eefa7e821ae73e92360aa653f3bc24bca826530cf8dc3dbe2d5f3799db1b1e65",
                "57f9668c1bd209eb84c0da34a1bfddb1d2d999196122ddcb41b4efc5124393bf"
            ],
            "type": "Document",
            "firstPartyCookies": {},
            "firstPartyCookiesSent": {},
            "exampleSites": [
                "dermae.com",
                "farmhousefreshgoods.com",
                "www.196flavors.com",
                "www.colorescience.com",
                "www.drinktrade.com",
                "www.kachava.com",
                "www.notino.co.uk",
                "www.sixthreezero.com"
            ]
        },
        {
            "rule": "tracead\\.com\\/sTuf",
            "cookies": 0.0000136,
            "fingerprinting": 0,
            "subdomains": [],
            "apis": {},
            "sites": 2,
            "prevalence": 0.0000136,
            "cnames": [],
            "responseHashes": [],
            "type": "Script",
            "firstPartyCookies": {},
            "firstPartyCookiesSent": {},
            "exampleSites": [
                "196flavors.com",
                "www.196flavors.com"
            ]
        },
        {
            "rule": "tracead\\.com\\/sTW2",
            "cookies": 0.0000136,
            "fingerprinting": 0,
            "subdomains": [],
            "apis": {},
            "sites": 2,
            "prevalence": 0.0000136,
            "cnames": [],
            "responseHashes": [
                "2ac6a6c6102e2ebe508f99a9d719092d8b15c7cfdeab40034a61a76e681b8ff4"
            ],
            "type": "Script",
            "firstPartyCookies": {},
            "firstPartyCookiesSent": {},
            "exampleSites": [
                "colorescience.com",
                "www.colorescience.com"
            ]
        },
        {
            "rule": "tracead\\.com\\/sTLA",
            "cookies": 0.0000136,
            "fingerprinting": 0,
            "subdomains": [],
            "apis": {},
            "sites": 2,
            "prevalence": 0.0000136,
            "cnames": [],
            "responseHashes": [
                "b720c00d351b5dbc2727da6a4ecc30f8ae081b2919b47bf0543d8908d576df19"
            ],
            "type": "Script",
            "firstPartyCookies": {},
            "firstPartyCookiesSent": {},
            "exampleSites": [
                "kachava.com",
                "www.kachava.com"
            ]
        },
        {
            "rule": "tracead\\.com\\/sTW3",
            "cookies": 0.0000136,
            "fingerprinting": 0,
            "subdomains": [],
            "apis": {},
            "sites": 2,
            "prevalence": 0.0000136,
            "cnames": [],
            "responseHashes": [
                "39cef4f38c02e69658bd5af6d7a82465687ae4654216f8208703a2b8314ea4e0"
            ],
            "type": "Script",
            "firstPartyCookies": {},
            "firstPartyCookiesSent": {},
            "exampleSites": [
                "sixthreezero.com",
                "www.sixthreezero.com"
            ]
        }
    ],
    "categories": [],
    "performance": {},
    "cookies": 0.0000818,
    "topInitiators": [
        {
            "domain": "googletagmanager.com",
            "prevalence": 0.42424242424242425
        },
        {
            "domain": "first party",
            "prevalence": 0.3939393939393939
        },
        {
            "domain": "wp.com",
            "prevalence": 0.06060606060606061
        },
        {
            "domain": "ajax.googleapis.com",
            "prevalence": 0.06060606060606061
        },
        {
            "domain": "facebook.net",
            "prevalence": 0.030303030303030304
        },
        {
            "domain": "notinoimg.com",
            "prevalence": 0.030303030303030304
        }
    ],
    "types": {
        "Script": 16,
        "Document": 8
    },
    "nameservers": [
        "ns-1697.awsdns-20.co.uk",
        "ns-1387.awsdns-45.org",
        "ns-111.awsdns-13.com",
        "ns-920.awsdns-51.net"
    ]
}