{
    "domain": "tracead.com",
    "owner": {},
    "source": [
        "DuckDuckGo-US"
    ],
    "prevalence": 0.0000818,
    "sites": 12,
    "subdomains": [],
    "cnames": [],
    "fingerprinting": 1,
    "resources": [
        {
            "rule": "tracead\\.com\\/siteTagHandler\\.php",
            "cookies": 0.0000545,
            "fingerprinting": 0,
            "subdomains": [],
            "apis": {},
            "sites": 8,
            "prevalence": 0.0000545,
            "cnames": [],
            "responseHashes": [
                "7ad3e72363c30aea87aea5129b4fca8c0092bb38fe973f4414870aab3dbc8e8d",
                "e1e3567b9aaf9bd93d3ce2befcda621326b10ef645bb55d0c487390e015d0ca3",
                "2ac6a6c6102e2ebe508f99a9d719092d8b15c7cfdeab40034a61a76e681b8ff4",
                "35d216a435092e42d95bcb763711fbaea6f5f2c0356f8c4c34ff65229836ee9a",
                "53f8ae64677ad8efa5f3f09a989b88c07e96d3841a01f9d63ab545bd417dea0d",
                "a6a2fde45f8ea95c02a2f174efdc2c3d82df18bdfaf0acc3b3c59fe910945084",
                "39cef4f38c02e69658bd5af6d7a82465687ae4654216f8208703a2b8314ea4e0"
            ],
            "type": "Script",
            "firstPartyCookies": {},
            "firstPartyCookiesSent": {},
            "exampleSites": [
                "better-notyounger.com",
                "dermae.com",
                "www.196flavors.com",
                "www.colorescience.com",
                "www.drinktrade.com",
                "www.kachava.com",
                "www.notino.co.uk",
                "www.sixthreezero.com"
            ]
        },
        {
            "rule": "tracead\\.com\\/siteTagHandler\\.php",
            "cookies": 0.0000477,
            "fingerprinting": 1,
            "subdomains": [],
            "apis": {
                "window.localStorage": 7,
                "Date.prototype.getTime": 7,
                "window.sessionStorage": 7
            },
            "sites": 7,
            "prevalence": 0.0000477,
            "cnames": [],
            "responseHashes": [
                "6f9b34414cf169df5c8d0f3034cd93e5806617da1983b4b3b0fc65ee2d9fc481",
                "3aafd372c6310ccb9644441c7c563d9b10e5640e902b9ac27eb4f59221bbac6e",
                "b43a3c8858b536c0ec18dde0715b2215a5c5e18e7dea672930a6fd1f9e04e966",
                "b6eef686e5cc57cf5a98da7046d0131eced799a5e241a0426ef9caf0862f8236",
                "97784676fc7db6f667dcbc10944a37729073f7fe5e38bfe7393573ba06d534ee",
                "eefa7e821ae73e92360aa653f3bc24bca826530cf8dc3dbe2d5f3799db1b1e65"
            ],
            "type": "Document",
            "firstPartyCookies": {},
            "firstPartyCookiesSent": {},
            "exampleSites": [
                "better-notyounger.com",
                "dermae.com",
                "www.196flavors.com",
                "www.colorescience.com",
                "www.drinktrade.com",
                "www.kachava.com",
                "www.notino.co.uk"
            ]
        },
        {
            "rule": "tracead\\.com\\/sTuf",
            "cookies": 0.0000136,
            "fingerprinting": 0,
            "subdomains": [],
            "apis": {},
            "sites": 2,
            "prevalence": 0.0000136,
            "cnames": [],
            "responseHashes": [],
            "type": "Script",
            "firstPartyCookies": {},
            "firstPartyCookiesSent": {},
            "exampleSites": [
                "196flavors.com",
                "www.196flavors.com"
            ]
        },
        {
            "rule": "tracead\\.com\\/sTW2",
            "cookies": 0.0000136,
            "fingerprinting": 0,
            "subdomains": [],
            "apis": {},
            "sites": 2,
            "prevalence": 0.0000136,
            "cnames": [],
            "responseHashes": [
                "2ac6a6c6102e2ebe508f99a9d719092d8b15c7cfdeab40034a61a76e681b8ff4"
            ],
            "type": "Script",
            "firstPartyCookies": {},
            "firstPartyCookiesSent": {},
            "exampleSites": [
                "colorescience.com",
                "www.colorescience.com"
            ]
        },
        {
            "rule": "tracead\\.com\\/sTLA",
            "cookies": 0.0000136,
            "fingerprinting": 0,
            "subdomains": [],
            "apis": {},
            "sites": 2,
            "prevalence": 0.0000136,
            "cnames": [],
            "responseHashes": [
                "b720c00d351b5dbc2727da6a4ecc30f8ae081b2919b47bf0543d8908d576df19"
            ],
            "type": "Script",
            "firstPartyCookies": {},
            "firstPartyCookiesSent": {},
            "exampleSites": [
                "kachava.com",
                "www.kachava.com"
            ]
        },
        {
            "rule": "tracead\\.com\\/sTW3",
            "cookies": 0.0000136,
            "fingerprinting": 0,
            "subdomains": [],
            "apis": {},
            "sites": 2,
            "prevalence": 0.0000136,
            "cnames": [],
            "responseHashes": [],
            "type": "Script",
            "firstPartyCookies": {},
            "firstPartyCookiesSent": {},
            "exampleSites": [
                "sixthreezero.com",
                "www.sixthreezero.com"
            ]
        }
    ],
    "categories": [],
    "performance": {},
    "cookies": 0.0000818,
    "topInitiators": [
        {
            "domain": "googletagmanager.com",
            "prevalence": 0.47058823529411764
        },
        {
            "domain": "first party",
            "prevalence": 0.35294117647058826
        },
        {
            "domain": "wp.com",
            "prevalence": 0.058823529411764705
        },
        {
            "domain": "ajax.googleapis.com",
            "prevalence": 0.058823529411764705
        },
        {
            "domain": "facebook.net",
            "prevalence": 0.029411764705882353
        },
        {
            "domain": "notinoimg.com",
            "prevalence": 0.029411764705882353
        }
    ],
    "types": {
        "Script": 16,
        "Document": 7
    },
    "nameservers": [
        "ns-111.awsdns-13.com",
        "ns-920.awsdns-51.net",
        "ns-1697.awsdns-20.co.uk",
        "ns-1387.awsdns-45.org"
    ]
}