{
    "domain": "trbo.com",
    "owner": {
        "name": "Trbo GmbH",
        "displayName": "Trbo"
    },
    "source": [
        "DuckDuckGo-US"
    ],
    "prevalence": 0.000157,
    "sites": 23,
    "subdomains": [
        "collect",
        "api-v4",
        "track2",
        "static-v2"
    ],
    "cnames": [],
    "fingerprinting": 2,
    "resources": [
        {
            "rule": "trbo\\.com\\/i\\/c\\.php",
            "cookies": 0,
            "fingerprinting": 0,
            "subdomains": [
                "collect"
            ],
            "apis": {},
            "sites": 13,
            "prevalence": 0.0000886,
            "cnames": [],
            "responseHashes": [
                "d730144bf24e45e450e1317fc371ce76c8560dad0b5d96f64416d082b58466e7"
            ],
            "type": "Document",
            "firstPartyCookies": {},
            "firstPartyCookiesSent": {
                "trbo_usr": 0.00006817887409407321,
                "trbo_session": 0.00006817887409407321
            },
            "exampleSites": [
                "boc24.de",
                "ikarus.de",
                "www.apollo.de",
                "www.bauerfeind.de",
                "www.calida.com",
                "www.eis.de",
                "www.fissler.com",
                "www.hsv.de",
                "www.lodenfrey.com",
                "www.moemax.de",
                "www.moemax.at",
                "www.satisfyer.com",
                "www.street-one.de"
            ]
        },
        {
            "rule": "trbo\\.com\\/r\\.php",
            "cookies": 0,
            "fingerprinting": 0,
            "subdomains": [
                "api-v4"
            ],
            "apis": {},
            "sites": 16,
            "prevalence": 0.000109,
            "cnames": [],
            "responseHashes": [
                "8a729302628022014246805d9d613b4f9adce150b6043cb70a3f7e6b2eb2dd0c",
                "2df05f7676600a45e28313094f48dd57a483ddcb07237202138b3f4ed8cf67c3",
                "44dc6da2749735990d8af372e48d292f0ecd11b8e3241d2415a321f95e6f5586",
                "ef5c3292d5d3f65ea500b4477c82d7631fb706d9e7d6a1a9fa904b7818dd180f",
                "9b97374744817f8f9c0c34ba4b23da05bc262a7a2ee0e139a2a0d8f36b15bbf3",
                "4542e521519ecad089783a5146d566443f1ce98d1efe276d3d9e1c6296f88bf2",
                "c487537b9ff1c8c6f35dbf49431c9754022cbe52cb103dd4026d20ea57c5bf2f",
                "c9803b0a296bda80db85b1b86baca0d4a28c0b50c6d4150a9fe9639e3fd5fe91",
                "63719562c9d638f5ae496960027f3af247441d507d182d7a1f8f67bb41f3c867",
                "b78e315ccadef012f8f3eff7508235079ae72b10bdc712c23510cf9dc0f32ca7",
                "aceca7dbd67f622e15021910e8a19d54c6386ae1c4f36a1017252d1d66e4991d",
                "05e68c2d4167f842ea17c6091758e39d96b5b3c89f0ac6c1a96938dac14369fc",
                "802727022a3350a47fd5e51b69a256005e795d97a4a714c6b79dd2265dc169f2",
                "3a5eff4e28434f7d94f13a4fd704fdf0ba37e7e5a96c8a0d535b067c594a5bfa",
                "be1aed420fdbb7e5d43ba54bc09b939b62d0e5c0bef442ca69c818ca4bfc5a2f"
            ],
            "type": "Script",
            "firstPartyCookies": {},
            "firstPartyCookiesSent": {
                "trbo_usr": 0.00006136098668466589,
                "trbo_session": 0.00006136098668466589,
                "trbo_didfi_oxman_b": 0.000006817887409407321
            },
            "exampleSites": [
                "boc24.de",
                "ikarus.de",
                "www.apollo.de",
                "www.babyone.de",
                "www.bauerfeind.de",
                "www.blau.de",
                "www.calida.com",
                "www.eis.de",
                "www.fissler.com",
                "www.gerryweber.com",
                "www.hsv.de",
                "www.lodenfrey.com",
                "www.moemax.de",
                "www.o2online.de",
                "www.satisfyer.com",
                "www.street-one.de"
            ]
        },
        {
            "rule": "trbo\\.com\\/seg\\.php",
            "cookies": 0,
            "fingerprinting": 0,
            "subdomains": [
                "track2",
                "collect"
            ],
            "apis": {},
            "sites": 3,
            "prevalence": 0.0000205,
            "cnames": [],
            "responseHashes": [
                "25b4ecfd3a740f29d76fe930a4cec9d41afa0cfd2bafa70ca4051bd3d5395d74"
            ],
            "type": "Image",
            "firstPartyCookies": {},
            "firstPartyCookiesSent": {
                "trbo_usr": 0.000013635774818814642,
                "trbo_session": 0.000013635774818814642
            },
            "exampleSites": [
                "boc24.de",
                "www.apollo.de",
                "www.moemax.de"
            ]
        },
        {
            "rule": "trbo\\.com\\/i\\/prov\\.php",
            "cookies": 0,
            "fingerprinting": 0,
            "subdomains": [
                "collect"
            ],
            "apis": {},
            "sites": 3,
            "prevalence": 0.0000205,
            "cnames": [],
            "responseHashes": [
                "d730144bf24e45e450e1317fc371ce76c8560dad0b5d96f64416d082b58466e7"
            ],
            "type": "Document",
            "firstPartyCookies": {},
            "firstPartyCookiesSent": {
                "trbo_usr": 0.000020453662228221962,
                "trbo_session": 0.000020453662228221962
            },
            "exampleSites": [
                "ikarus.de",
                "www.fissler.com",
                "www.satisfyer.com"
            ]
        },
        {
            "rule": "trbo\\.com\\/iframe\\.html",
            "cookies": 0,
            "fingerprinting": 1,
            "subdomains": [
                "static-v2"
            ],
            "apis": {
                "window.localStorage": 2
            },
            "sites": 2,
            "prevalence": 0.0000136,
            "cnames": [],
            "responseHashes": [
                "115b775ede66271d099905bb162dcba61deeb88a41cdf12aea33e756a3fb3b30"
            ],
            "type": "Document",
            "firstPartyCookies": {},
            "firstPartyCookiesSent": {},
            "exampleSites": [
                "apollo.de",
                "www.hsv.de"
            ]
        },
        {
            "rule": "trbo\\.com\\/i\\/os\\.php",
            "cookies": 0,
            "fingerprinting": 0,
            "subdomains": [
                "collect"
            ],
            "apis": {},
            "sites": 2,
            "prevalence": 0.0000136,
            "cnames": [],
            "responseHashes": [
                "d730144bf24e45e450e1317fc371ce76c8560dad0b5d96f64416d082b58466e7"
            ],
            "type": "Document",
            "firstPartyCookies": {},
            "firstPartyCookiesSent": {
                "trbo_usr": 0.000006817887409407321,
                "trbo_session": 0.000006817887409407321
            },
            "exampleSites": [
                "moemax.de",
                "www.street-one.de"
            ]
        },
        {
            "rule": "trbo\\.com\\/c\\.php",
            "cookies": 0,
            "fingerprinting": 0,
            "subdomains": [
                "collect"
            ],
            "apis": {},
            "sites": 3,
            "prevalence": 0.0000205,
            "cnames": [],
            "responseHashes": [
                "25b4ecfd3a740f29d76fe930a4cec9d41afa0cfd2bafa70ca4051bd3d5395d74"
            ],
            "type": "Image",
            "firstPartyCookies": {},
            "firstPartyCookiesSent": {},
            "exampleSites": [
                "poco.de",
                "www.xxxlutz.at",
                "www.xxxlutz.de"
            ]
        },
        {
            "rule": "trbo\\.com\\/os\\.php",
            "cookies": 0,
            "fingerprinting": 0,