{
    "domain": "trk42.net",
    "owner": {
        "name": "42 Ads GmbH",
        "displayName": "42 Ads"
    },
    "source": [
        "DuckDuckGo-US"
    ],
    "prevalence": 0.0000545,
    "sites": 8,
    "subdomains": [
        "ai"
    ],
    "cnames": [],
    "fingerprinting": 1,
    "resources": [
        {
            "rule": "trk42\\.net\\/",
            "cookies": 0,
            "fingerprinting": 1,
            "subdomains": [
                "ai"
            ],
            "apis": {
                "Screen.prototype.width": 1,
                "Screen.prototype.height": 1,
                "Navigator.prototype.plugins": 1
            },
            "sites": 9,
            "prevalence": 0.0000614,
            "cnames": [],
            "responseHashes": [
                "8727e1afb50440a3e055bf3071fb3ff36d0cd22f526e7130e84ecce935987c2e",
                "acd12288db4add3a3bb9c2a798d9bab5a3a2494b43cbb954bf56e083cb56664c",
                "94fca20e22fa6692667b075c0ab8317d611810fbe5d0a758f92a534602086df2"
            ],
            "type": "Script",
            "firstPartyCookies": {},
            "firstPartyCookiesSent": {},
            "exampleSites": [
                "afbshop.de",
                "www.afbshop.de",
                "www.france-mineraux.fr",
                "www.kfzteile24.de",
                "www.klimaworld.com",
                "www.naturzeit.com",
                "www.palmenmann.de",
                "www.reifen.de",
                "www.womanizer.com"
            ]
        },
        {
            "rule": "trk42\\.net\\/ctl",
            "cookies": 0.0000341,
            "fingerprinting": 0,
            "subdomains": [
                "ai"
            ],
            "apis": {},
            "sites": 5,
            "prevalence": 0.0000341,
            "cnames": [],
            "responseHashes": [
                "f9593a88500e69b3711391a4f15736ed611809e928a1b6e94e8ff3fc9b6f65b7",
                "41e1f89e7c89a055b4676144490d73f5e5481d716d8cd3b9cd6847798e4a2a81",
                "56031479ee3f43446abd83e8b2bf93009e884ad8d94f80014b0192d51c7e9f99",
                "a5452c7cc8458fa0cf10078808e830de8bd081cc407db8605c41fb3f9d1339f2"
            ],
            "type": "Script",
            "firstPartyCookies": {},
            "firstPartyCookiesSent": {
                "IR_gbd": 0.000006817887409407321
            },
            "exampleSites": [
                "afbshop.de",
                "www.kfzteile24.de",
                "www.klimaworld.com",
                "www.palmenmann.de",
                "www.reifen.de"
            ]
        }
    ],
    "categories": [],
    "performance": {},
    "cookies": 0.0000341,
    "topInitiators": [
        {
            "domain": "first party",
            "prevalence": 0.5
        },
        {
            "domain": "googletagmanager.com",
            "prevalence": 0.2
        },
        {
            "domain": "belboon.com",
            "prevalence": 0.2
        },
        {
            "domain": "belboon.de",
            "prevalence": 0.1
        }
    ],
    "types": {
        "Script": 14
    },
    "nameservers": [
        "ns-cloud-d1.googledomains.com",
        "ns-cloud-d2.googledomains.com",
        "ns-cloud-d4.googledomains.com",
        "ns-cloud-d3.googledomains.com"
    ]
}