{
    "domain": "trk42.net",
    "owner": {
        "name": "42 Ads GmbH",
        "displayName": "42 Ads"
    },
    "source": [
        "DuckDuckGo-US"
    ],
    "prevalence": 0.0000545,
    "sites": 8,
    "subdomains": [
        "ai"
    ],
    "cnames": [],
    "fingerprinting": 1,
    "resources": [
        {
            "rule": "trk42\\.net\\/",
            "cookies": 0,
            "fingerprinting": 1,
            "subdomains": [
                "ai"
            ],
            "apis": {
                "Screen.prototype.width": 1,
                "Screen.prototype.height": 1,
                "Navigator.prototype.plugins": 1
            },
            "sites": 9,
            "prevalence": 0.0000613,
            "cnames": [],
            "responseHashes": [
                "5e9a464cf2c07004b149565e1f61ba3f2ab3b65d54db75957a442ef6bc494341",
                "acd12288db4add3a3bb9c2a798d9bab5a3a2494b43cbb954bf56e083cb56664c",
                "94fca20e22fa6692667b075c0ab8317d611810fbe5d0a758f92a534602086df2"
            ],
            "type": "Script",
            "firstPartyCookies": {},
            "firstPartyCookiesSent": {},
            "exampleSites": [
                "afbshop.de",
                "www.afbshop.de",
                "www.france-mineraux.fr",
                "www.kfzteile24.de",
                "www.klimaworld.com",
                "www.naturzeit.com",
                "www.palmenmann.de",
                "www.reifen.de",
                "www.womanizer.com"
            ]
        },
        {
            "rule": "trk42\\.net\\/ctl",
            "cookies": 0.0000341,
            "fingerprinting": 0,
            "subdomains": [
                "ai"
            ],
            "apis": {},
            "sites": 5,
            "prevalence": 0.0000341,
            "cnames": [],
            "responseHashes": [
                "06c009319b5bb512b016165755e34bd393c90f07965c8a349109831a2bb7af25",
                "41e1f89e7c89a055b4676144490d73f5e5481d716d8cd3b9cd6847798e4a2a81",
                "38449e0f7fc465e562e5067cecf4f87f69290fa5da30e2bd3a4e57341d253378",
                "129bd565d4ca320513f4b66f1a7cc0a361b984b81b221da2709f2ac570f1f7c7"
            ],
            "type": "Script",
            "firstPartyCookies": {},
            "firstPartyCookiesSent": {
                "IR_gbd": 0.000006816632583503749
            },
            "exampleSites": [
                "afbshop.de",
                "www.kfzteile24.de",
                "www.klimaworld.com",
                "www.palmenmann.de",
                "www.reifen.de"
            ]
        }
    ],
    "categories": [],
    "performance": {},
    "cookies": 0.0000341,
    "topInitiators": [
        {
            "domain": "first party",
            "prevalence": 0.5
        },
        {
            "domain": "googletagmanager.com",
            "prevalence": 0.2
        },
        {
            "domain": "belboon.com",
            "prevalence": 0.2
        },
        {
            "domain": "belboon.de",
            "prevalence": 0.1
        }
    ],
    "types": {
        "Script": 14
    },
    "nameservers": [
        "ns-cloud-d1.googledomains.com",
        "ns-cloud-d4.googledomains.com",
        "ns-cloud-d3.googledomains.com",
        "ns-cloud-d2.googledomains.com"
    ]
}