{
    "domain": "trmads.eu",
    "owner": {},
    "source": [
        "DuckDuckGo-US"
    ],
    "prevalence": 0.000102,
    "sites": 15,
    "subdomains": [],
    "cnames": [],
    "fingerprinting": 1,
    "resources": [
        {
            "rule": "trmads\\.eu\\/get",
            "cookies": 0,
            "fingerprinting": 1,
            "subdomains": [],
            "apis": {
                "Document.cookie getter": 1,
                "Navigator.prototype.appVersion": 1,
                "Date.prototype.getTime": 1
            },
            "sites": 16,
            "prevalence": 0.000109,
            "cnames": [],
            "responseHashes": [
                "c1d7ca17ca4582e4b9ff9d8e473ffbb05b6ccd12cd18c99d53d046c33c3a12a8",
                "53bcf81171c3d009a03261f0eadb1ddee3eb8f841f658c08f67669cfc211aba7",
                "4e1df35afec53f0245ebf113d3e8a237608de4fa36fd1902eb86518cbefc7abb",
                "9092ea9d0a7f31683e485a54bb2778ee0c1555841f124c8276973c6820f1444a",
                "4c36cf490f5334b256eccbd75c0349395f3955aa94bc2d27a2df981d3cb17dff",
                "76fd9829a4e156b22c2ba18893b192f9e853be20cb4b2c3040afc60da10c8f42",
                "1968c8700dcb1a733f8681fdc22c2cc0b3e25ba0d4a636716c797f80bd7f4c1a",
                "28b807e472511ee43421dcc73ee5d0d07ca8d4e6caf30df91e12da4fb7a12e43",
                "a330061e16a592a8359912514825e066781f57da3e4797012feaa2343bbff659",
                "85e0b81e994d90781cccd6ceb9dfecc1f7471e6e0e181894e1afd0ad22bfdfb8",
                "a77e99a1160c6cd80c0e807eb0400b8cebf4ad32fe326688274a74ea22b48015",
                "8723562947135ffd40ae179bd8a1ac0397b46f7b9c5e7b30d38329ee4d0ea964"
            ],
            "type": "Script",
            "firstPartyCookies": {},
            "firstPartyCookiesSent": {},
            "exampleSites": [
                "aachener-zeitung.de",
                "www.aachener-zeitung.de",
                "www.abendzeitung-muenchen.de",
                "www.badische-zeitung.de",
                "www.berliner-kurier.de",
                "www.berliner-woche.de",
                "www.esslinger-zeitung.de",
                "www.lr-online.de",
                "www.moz.de",
                "www.nordkurier.de",
                "www.pz-news.de",
                "www.schwaebische.de",
                "www.stuttgarter-zeitung.de",
                "www.stuttgarter-nachrichten.de",
                "www.suedostschweiz.ch",
                "www.swp.de"
            ]
        },
        {
            "rule": "trmads\\.eu\\/get",
            "cookies": 0,
            "fingerprinting": 0,
            "subdomains": [],
            "apis": {},
            "sites": 14,
            "prevalence": 0.0000954,
            "cnames": [],
            "responseHashes": [
                "04ee63b39aedac42ad4f21590c0ebbecad36a4df538bcf547f56bf8e53fb3a5a",
                "917f3bd274fe29f87d0b59cc3d7700a6d670d3f5d455fe717a849a49955159e1"
            ],
            "type": "Stylesheet",
            "firstPartyCookies": {},
            "firstPartyCookiesSent": {},
            "exampleSites": [
                "aachener-zeitung.de",
                "www.abendzeitung-muenchen.de",
                "www.badische-zeitung.de",
                "www.berliner-kurier.de",
                "www.esslinger-zeitung.de",
                "www.lr-online.de",
                "www.moz.de",
                "www.nordkurier.de",
                "www.pz-news.de",
                "www.schwaebische.de",
                "www.stuttgarter-zeitung.de",
                "www.stuttgarter-nachrichten.de",
                "www.suedostschweiz.ch",
                "www.swp.de"
            ]
        }
    ],
    "categories": [],
    "performance": {},
    "cookies": 0,
    "topInitiators": [
        {
            "domain": "first party",
            "prevalence": 0.5909090909090909
        },
        {
            "domain": "googletagmanager.com",
            "prevalence": 0.3409090909090909
        },
        {
            "domain": "usercentrics.eu",
            "prevalence": 0.045454545454545456
        },
        {
            "domain": "googlesyndication.com",
            "prevalence": 0.022727272727272728
        }
    ],
    "types": {
        "Script": 16,
        "Stylesheet": 14
    },
    "nameservers": [
        "merlin.ns.cloudflare.com",
        "daisy.ns.cloudflare.com"
    ]
}