{
    "domain": "tukioswebsites.com",
    "owner": {},
    "source": [
        "DuckDuckGo-US"
    ],
    "prevalence": 0.000075,
    "sites": 11,
    "subdomains": [
        "manage2",
        "cdn"
    ],
    "cnames": [],
    "fingerprinting": 0,
    "resources": [
        {
            "rule": "tukioswebsites\\.com\\/api\\/v1\\/obituaries",
            "cookies": 0,
            "fingerprinting": 0,
            "subdomains": [
                "manage2"
            ],
            "apis": {},
            "sites": 11,
            "prevalence": 0.000075,
            "cnames": [],
            "responseHashes": [],
            "type": "Preflight",
            "firstPartyCookies": {},
            "firstPartyCookiesSent": {},
            "exampleSites": [
                "baue.com",
                "www.cressfuneralservice.com",
                "www.eastgatefuneral.com",
                "www.hayworth-miller.com",
                "www.lindquistmortuary.com",
                "www.mankatomortuary.com",
                "www.moodyfuneralservices.com",
                "www.riemannfamily.com",
                "www.rose-neath.com",
                "www.russonmortuary.com",
                "www.wichmannfuneralhomes.com"
            ]
        },
        {
            "rule": "tukioswebsites\\.com\\/api\\/v1\\/obituaries",
            "cookies": 0,
            "fingerprinting": 0,
            "subdomains": [
                "manage2"
            ],
            "apis": {},
            "sites": 11,
            "prevalence": 0.000075,
            "cnames": [],
            "responseHashes": [
                "fe102eb29835f1b352bc19b9685e95bf7809bd6c05318dc9d5385f46cbcd6299",
                "77525a6d07d1e6c979849a636edae17eaaf9c747a5a65f650271336f9113072a",
                "b3e81fffa596058cd9c94d816dec5bd611afa1cd603579208a91867876849df6",
                "c4cb66401e5efbae8ae3e3881caf018f277d310a859550fedf6e57467df0a25d",
                "ca572f84c3448634cb557da47349d97c3d930eed2399063280958ccadcb553ef",
                "b2cc1929701a3b91a8af087e091d581f63d95adbadfd18a1d68522309fd5950d",
                "f9aba01900b61c97c6c23415f3cd09dba1052a8a8ab30edee41667667fef4f3f",
                "cc3ff708ebaf833e7b4f2d02f66bda66ae9efda5c1d3a392d3c3d3dcc688f8ce",
                "7a515d214c6aadeccbb4aebf83493907aea698510361a060b1b6bfaf002f0c0f",
                "ced734639377d93f589f5e917f647f338f9f4f2c12ff4cfc29af75132f181945"
            ],
            "type": "XHR",
            "firstPartyCookies": {},
            "firstPartyCookiesSent": {},
            "exampleSites": [
                "baue.com",
                "www.cressfuneralservice.com",
                "www.eastgatefuneral.com",
                "www.hayworth-miller.com",
                "www.lindquistmortuary.com",
                "www.mankatomortuary.com",
                "www.moodyfuneralservices.com",
                "www.riemannfamily.com",
                "www.rose-neath.com",
                "www.russonmortuary.com",
                "www.wichmannfuneralhomes.com"
            ]
        },
        {
            "rule": "tukioswebsites\\.com\\/obituary_placeholder\\/md\\/3c506d6d-dd47-4f2c-a8fb-57abd4072583",
            "cookies": 0,
            "fingerprinting": 0,
            "subdomains": [
                "cdn"
            ],
            "apis": {},
            "sites": 5,
            "prevalence": 0.0000341,
            "cnames": [],
            "responseHashes": [
                "04f45bb5d62efde0408c61212f53115736cb264c0b64a4072fbf0bd895130dbf"
            ],
            "type": "Image",
            "firstPartyCookies": {},
            "firstPartyCookiesSent": {},
            "exampleSites": [
                "cressfuneralservice.com",
                "www.hayworth-miller.com",
                "www.mankatomortuary.com",
                "www.moodyfuneralservices.com",
                "www.riemannfamily.com"
            ]
        },
        {
            "rule": "tukioswebsites\\.com\\/api\\/v1\\/testimonials",
            "cookies": 0,
            "fingerprinting": 0,
            "subdomains": [
                "manage2"
            ],
            "apis": {},
            "sites": 6,
            "prevalence": 0.0000409,
            "cnames": [],
            "responseHashes": [
                "b32800a8dcf5f7af5e0395d2ee0e7beb7ab0a410a31cd80d9167e35897a355d6",
                "7464ea329afe40404a7df703fbf9369893e998823f52ff9c74d317d0b278e1f0",
                "71967c2b8ea0459de33f5819f7875d5b242903b460c56c1628ea07495ef3564f",
                "fcddfa2abe34cf6fc83abda135cef13ac9b4a1d9cff74f9cc32eadf75ec800a4",
                "dd98df5805a00996e5a3ec774cf39439964ae8ff826bbd4ee415c14ecfef99cc"
            ],
            "type": "XHR",
            "firstPartyCookies": {},
            "firstPartyCookiesSent": {},
            "exampleSites": [
                "eastgatefuneral.com",
                "www.hayworth-miller.com",
                "www.lindquistmortuary.com",
                "www.mankatomortuary.com",
                "www.rose-neath.com",
                "www.wichmannfuneralhomes.com"
            ]
        },
        {
            "rule": "tukioswebsites\\.com\\/api\\/v1\\/testimonials",
            "cookies": 0,
            "fingerprinting": 0,
            "subdomains": [
                "manage2"
            ],
            "apis": {},
            "sites": 6,
            "prevalence": 0.0000409,
            "cnames": [],
            "responseHashes": [],
            "type": "Preflight",
            "firstPartyCookies": {},
            "firstPartyCookiesSent": {},
            "exampleSites": [
                "eastgatefuneral.com",
                "www.hayworth-miller.com",
                "www.lindquistmortuary.com",
                "www.mankatomortuary.com",
                "www.rose-neath.com",
                "www.wichmannfuneralhomes.com"
            ]
        }
    ],
    "categories": [],
    "performance": {},
    "cookies": 0,
    "topInitiators": [
        {
            "domain": "first party",
            "prevalence": 0.863013698630137
        },
        {
            "domain": "cdn-website.com",
            "prevalence": 0.136986301369863
        }
    ],
    "types": {
        "Preflight": 17,
        "XHR": 17,
        "Image": 5
    },
    "nameservers": [
        "ns1.digitalocean.com",
        "ns2.digitalocean.com",
        "ns3.digitalocean.com"
    ]
}