{
    "domain": "twinrdsyte.com",
    "owner": {},
    "source": [
        "DuckDuckGo-US"
    ],
    "prevalence": 0.000232,
    "sites": 34,
    "subdomains": [
        "cdn"
    ],
    "cnames": [],
    "fingerprinting": 2,
    "resources": [
        {
            "rule": "twinrdsyte\\.com\\/beh\\.engine",
            "cookies": 0.0000273,
            "fingerprinting": 0,
            "subdomains": [],
            "apis": {},
            "sites": 4,
            "prevalence": 0.0000273,
            "cnames": [],
            "responseHashes": [
                "e3b0c44298fc1c149afbf4c8996fb92427ae41e4649b934ca495991b7852b855"
            ],
            "type": "Script",
            "firstPartyCookies": {},
            "firstPartyCookiesSent": {},
            "exampleSites": [
                "adultgamescollector.com",
                "attachments.f95zone.to",
                "attachments.f95zone.com",
                "f95zone.to"
            ]
        },
        {
            "rule": "twinrdsyte\\.com\\/Scripts\\/infinity\\.js\\.aspx",
            "cookies": 0,
            "fingerprinting": 2,
            "subdomains": [
                "cdn"
            ],
            "apis": {
                "Navigator.prototype.userAgent": 13,
                "Navigator.prototype.platform": 13,
                "window.sessionStorage": 11,
                "window.localStorage": 10,
                "Date.prototype.getTimezoneOffset": 13,
                "Navigator.prototype.mimeTypes": 13,
                "window.innerWidth": 10,
                "window.innerHeight": 10,
                "Screen.prototype.width": 11,
                "Screen.prototype.height": 11,
                "Document.cookie getter": 1
            },
            "sites": 13,
            "prevalence": 0.0000886,
            "cnames": [],
            "responseHashes": [
                "e607f79cca56516276bd7a6d45a68ed8ddf1287f795fad0fa6647d856f6ce0d9",
                "2fec82041d5fa9f84e3ed80bf9d2eb38bbf4fea45454824355922e2700a24ae9",
                "fca6bb3c023fe3c060f9c6c593fe310a5893c168aecfe1d95d2855bdef6d3b5e",
                "069c4a486fb5fc9d6950240a88742cbe2acb4c450926fc0942a2ae14f8fdca96",
                "b763790ec580f771547d8d9933fa791fcbf28220038902603857e2c861be3e78",
                "b622f6c74c1220ee4d133e9b6513eea0591c04f05308b67e8cb967fc0cf79028",
                "9f000702abf6537b261d59eea3a7f52b2cbbcd62b16ce81c5ee064e0ff629d31",
                "e10fcb729d9d49165bdad8a9e5f2c5129c0d20438237327d26ed83734330f231",
                "326b815f8551a22c6abd3b2f034f5ca69fc32f9f935df8e9ec91ba0c511a69ec",
                "3691a63407ae8dd3d62f8078db6dbef431d57732a5c575468a5c2a5186dd89f7",
                "415b4a2e21955984dee76bfae4a9f29e788405551bcf0fb3bdf5976627e40ad3",
                "5f9c52c296b959650a627ac43893ef0a7069378c12d7bededc6ca112530fda1b"
            ],
            "type": "Script",
            "firstPartyCookies": {},
            "firstPartyCookiesSent": {},
            "exampleSites": [
                "sex.com",
                "fr.sex.com",
                "it.sex.com",
                "vintage-erotica-forum.com",
                "www.boobieblog.com",
                "www.nudecelebforum.com",
                "www.planetsuzy.org",
                "www.sex.com",
                "www.thenipslip.com",
                "www.topboard.org",
                "www.vamateur.com",
                "zbporn.com",
                "zbporn.tv"
            ]
        },
        {
            "rule": "twinrdsyte\\.com\\/Tag\\.engine",
            "cookies": 0.0000886,
            "fingerprinting": 0,
            "subdomains": [],
            "apis": {},
            "sites": 13,
            "prevalence": 0.0000886,
            "cnames": [],
            "responseHashes": [
                "6d11ad1793764e6f9b7d45b84a0f3cac34bee6ca534af6ab8bb648eb371c4a40",
                "89f017f5bf9274504347fcff41933822d985ee75d05f338528e26a2f3b92a1d3",
                "bb14125b86aec84eeb855c325399fd27c2a1a0dac9e84ad0d979bd402fd9852e",
                "7627c9013d543f53795ee8e5c3f7240200cb26cae43c486d14723d301675c29b",
                "7f5ae0c085208770fcd233c593d5f3b23f594db410a19068701853a765fbe3ed",
                "64c03566855f893c795918021aecd0bc52377a54b5fe3db617f664ca01418eb9",
                "c42cecb61ae89ad88bbf4cc562d2fb9a892e9efe8c10a8a2f37a6059d56459fe",
                "334ef4436d70531ada0029c0f79bb487ed87e35b4b4a70505342ea5aec0fdcd0",
                "377107fecb4d3599e7a74d496cac1802a466bb968ef033fe261a8b83dc68c8df",
                "2b3061df973ddffdb2be7bb2bca766335761cfd42df39ed3e49930154090a341",
                "9c17b3d1d6488a2a4ca854c8fcbec0eb6fd12d81b96b97fad0dd8c1d94940b94",
                "a1ac391d4ade3acbac9581c7952cb80b2e2aa90fc10eaa57c8f6c85634c3a422"
            ],
            "type": "Script",
            "firstPartyCookies": {},
            "firstPartyCookiesSent": {},
            "exampleSites": [
                "sex.com",
                "fr.sex.com",
                "it.sex.com",
                "vintage-erotica-forum.com",
                "www.boobieblog.com",
                "www.nudecelebforum.com",
                "www.planetsuzy.org",
                "www.sex.com",
                "www.thenipslip.com",
                "www.topboard.org",
                "www.vamateur.com",
                "zbporn.com",
                "zbporn.tv"
            ]
        },
        {
            "rule": "twinrdsyte\\.com\\/Scripts\\/MediaScripts\\/i\\.js",
            "cookies": 0,
            "fingerprinting": 1,
            "subdomains": [
                "cdn"
            ],
            "apis": {
                "Element.prototype.getClientRects": 5,
                "Event.prototype.timeStamp": 5
            },
            "sites": 5,
            "prevalence": 0.0000341,
            "cnames": [],
            "responseHashes": [
                "072ea7e171a2e87c525e3562775197a51ed3a279cbeccf6e5b1d243b3987d970"
            ],
            "type": "Script",
            "firstPartyCookies": {},
            "firstPartyCookiesSent": {},
            "exampleSites": [
                "sex.com",
                "fr.sex.com",
                "it.sex.com",
                "www.boobieblog.com",
                "www.sex.com"
            ]
        },
        {
            "rule": "twinrdsyte\\.com\\/Scripts\\/MediaScripts\\/fb\\.js",
            "cookies": 0,
            "fingerprinting": 2,
            "subdomains": [
                "cdn"
            ],
            "apis": {
                "window.localStorage": 7,
                "Navigator.prototype.userAgent": 7,
                "window.devicePixelRatio": 7,
                "window.innerHeight": 7,
                "window.innerWidth": 7,
                "HTMLMediaElement.prototype.canPlayType": 7
            },
            "sites": 7,
            "prevalence": 0.0000477,
            "cnames": [],
            "responseHashes": [
                "e4dccd9025b50d0d7d2c380c620384e4a93013ad1e086d48aabacbcc8be113fc"
            ],
            "type": "Script",
            "firstPartyCookies": {},
            "firstPartyCookiesSent": {},
            "exampleSites": [
                "vintage-erotica-forum.com",
                "www.nudecelebforum.com",
                "www.planetsuzy.org",
                "www.topboard.org",
                "www.vamateur.com",
                "zbporn.com",
                "zbporn.tv"
            ]
        },
        {
            "rule": "twinrdsyte\\.com\\/vasttag\\.engine",
            "cookies": 0.0000477,
            "fingerprinting": 0,
            "subdomains": [],
            "apis": {},
            "sites": 7,
            "prevalence": 0.0000477,
            "cnames": [],