{
    "domain": "ui-avatars.com",
    "owner": {},
    "source": [
        "DuckDuckGo-US"
    ],
    "prevalence": 0.000198,
    "sites": 29,
    "subdomains": [
        "eu"
    ],
    "cnames": [],
    "fingerprinting": 0,
    "resources": [
        {
            "rule": "ui-avatars\\.com\\/api\\/",
            "cookies": 0,
            "fingerprinting": 0,
            "subdomains": [
                "eu"
            ],
            "apis": {},
            "sites": 28,
            "prevalence": 0.000191,
            "cnames": [],
            "responseHashes": [
                "f9d2a03e40f986e202da342ca72a2e26edbdcf5c53e32e9c3c7459614d4d0404",
                "30348edb0c54453a962e096dfc45ba1e6ee5129777a412f651b816f56213d5da",
                "022d25b81a5e6ef32ee31d97d9ebf0f9d67e7cfccf9d971c11b30426b4957421",
                "015c7710adb03524dfad425d3a5b27d611be669a75189a55dba7fd83477e073f",
                "4d780f8230ad6f45f1026a034cd1d186b45f2031a63bf70f5b83bdc5698d22ea",
                "91cb36f8cc7636254cf4f172e5fcdc3ef5225154f674262cc9444aff159d066a",
                "173b9f1a3aa3d4f73ccf504a0efcc02a65a9c6b528436432016686d001efb121",
                "acd9c5f461362ef2872b88e256432f24a05f3859bd7b37d55c51e8a8094a1f01",
                "4189f1423225d5490d58a0837eb5c560e2fd7bc3171df5a97c01a703d7bf1594",
                "14c4bcc5cfa7eadfdf46ffbfcab49ef9a2abc5860792c667780b6337b915f7e6",
                "a122776b04e66975ca8f10aae02fc9d4a567d8fd2f4c465ecb76a9dcf25f09cf",
                "09c86a3beae6c787765751cfbb7dbc8a9f20fdc5d38ba969fc322d5944cfd160",
                "f879949a4ed1e673d51f924d467a6ee36031123bf2655e4788bc64244b863cb8",
                "8bd6f85dd0ac3ef5a86f4ee7b527ec3fd1f63a465784997ba9b8462343aa5d02",
                "e26b31b512ed74fa307bdee268f02dcddd0e54e4fe6abe323f55bf2171938577",
                "0553c288a26572051ef89e2bbca2a042ca4061a66aa53d2720c2565563ae8683",
                "5d951ebc77aeef7c6ce048cf1e5688fd4a55e3284b94e53d06ee081382c0129f",
                "ba94d9a303b96f1b90edd7b14859d893ced829a640cf241b1d07d5cc0cf3cb21",
                "f46653a536d1c3530d5acacb95f7c3c874a36597666200585b6f90ac6c7f56e6",
                "e3c5dbcd6a7957809f259636ae8ebe991d873ba5be3d53e8cb1818007a60c84c",
                "7bb63e847c7a66a79685b0b4af8cfa571caa19e716dcb292e8c2ff1fd1dce8ff",
                "ca81340b125cfc1a85c85d5e6afb2848698db380b124afa8e911096c921bdc76",
                "6faebd170b76084f8f701ff56ecc1c603aae2ffb2cf37b076ab6bd4334d0caa2",
                "00585e74b6e89c02c406fe3b2bc7869b64c928eda233ee8e7d886313c7dbb400",
                "18cae55fc92cf071d27bad2f7f6c00f8da26d1b976dd3a00d71d4ce0f9db9571",
                "99d836b11f633cdccb5e2df80477ca1310e6ab0bf00a2873dffe64c652076b14"
            ],
            "type": "Image",
            "firstPartyCookies": {},
            "firstPartyCookiesSent": {},
            "exampleSites": [
                "www.womanofnoblecharacter.com",
                "tasteasianfood.com",
                "www.readm.org",
                "www.ohiotropics.com",
                "www.writerparty.com",
                "abutterflyhouse.com",
                "www.givemethevin.com",
                "preggophilia.com",
                "www.berlyskitchen.com",
                "www.daveandbusters.com",
                "hcpl.net",
                "www.sno-isle.org",
                "archivebate.com",
                "www.fishbowlapp.com",
                "www.runningtothekitchen.com",
                "animixplay.fun",
                "thegardeningcook.com",
                "tixel.com",
                "cosplay.com",
                "rockabilia.com"
            ]
        }
    ],
    "categories": [],
    "performance": {},
    "cookies": 0,
    "topInitiators": [
        {
            "domain": "first party",
            "prevalence": 0.5901639344262295
        },
        {
            "domain": "tagembed.com",
            "prevalence": 0.1721311475409836
        },
        {
            "domain": "reviewsonmywebsite.com",
            "prevalence": 0.13114754098360656
        },
        {
            "domain": "taggbox.com",
            "prevalence": 0.08196721311475409
        },
        {
            "domain": "tix.fm",
            "prevalence": 0.02459016393442623
        }
    ],
    "types": {
        "Image": 28
    },
    "nameservers": [
        "leah.ns.cloudflare.com",
        "will.ns.cloudflare.com"
    ]
}