{
    "domain": "ui-avatars.com",
    "owner": {},
    "source": [
        "DuckDuckGo-US"
    ],
    "prevalence": 0.000191,
    "sites": 28,
    "subdomains": [
        "eu"
    ],
    "cnames": [],
    "fingerprinting": 0,
    "resources": [
        {
            "rule": "ui-avatars\\.com\\/api\\/",
            "cookies": 0,
            "fingerprinting": 0,
            "subdomains": [
                "eu"
            ],
            "apis": {},
            "sites": 27,
            "prevalence": 0.000184,
            "cnames": [],
            "responseHashes": [
                "ce26296b1eb27fff9bfe1c42a7c13ed18a8f3ebe29a2a7e22a691d67f12e49c1",
                "6b5601c0a878aa25cb0b53e611822b241de9dc69d2824916da0a2b1a9fa36856",
                "afc43fcc0cadcda8b7efadf0cdcdb70fbde9a5bf45767d61d1715f4f512864a6",
                "c9ec5f558ae156b8ad0a1155e6c00624fad15d39c409821cc2b05121308e6b6d",
                "91cb36f8cc7636254cf4f172e5fcdc3ef5225154f674262cc9444aff159d066a",
                "b296348ddcfbe837086be0d5dc52f605507a29458a921d12d85e7b00d9415c83",
                "b705aac2ea2bf39862f7fcae6557cb4a99855db3f7fcc8aef6e7ddba62ec8471",
                "2ae13d28beb3787375b6918bd09e0a80f520bd62468b7088e835ff59c5bc4bce",
                "2eb7a5eef523b643194eb2c0054ece2c25df98f76c70e5da6c15dd29e03c18ea",
                "14c4bcc5cfa7eadfdf46ffbfcab49ef9a2abc5860792c667780b6337b915f7e6",
                "a122776b04e66975ca8f10aae02fc9d4a567d8fd2f4c465ecb76a9dcf25f09cf",
                "09c86a3beae6c787765751cfbb7dbc8a9f20fdc5d38ba969fc322d5944cfd160",
                "f879949a4ed1e673d51f924d467a6ee36031123bf2655e4788bc64244b863cb8",
                "4007e782ee930c97716dd57b5ec91dc99f30942b97929d14875bc9d1c4ae2294",
                "69b449635f80b924a826c592dd5f9e5f65ed4bff7940a4f0290452e037c5f9e4",
                "99050be0ce303057324b39c55939e97b71348f0cb83fd1760dde4611195e36ba",
                "eaadee485da03ea07ae410a287184064b4708fe18859b2fd63fe225d1b1f9d91",
                "5d951ebc77aeef7c6ce048cf1e5688fd4a55e3284b94e53d06ee081382c0129f",
                "ba94d9a303b96f1b90edd7b14859d893ced829a640cf241b1d07d5cc0cf3cb21",
                "f46653a536d1c3530d5acacb95f7c3c874a36597666200585b6f90ac6c7f56e6",
                "7bb63e847c7a66a79685b0b4af8cfa571caa19e716dcb292e8c2ff1fd1dce8ff",
                "2146e784eac0ea1bac211b7ff351ddcf828e514e4e987df3a878dc8674b8db0a",
                "00585e74b6e89c02c406fe3b2bc7869b64c928eda233ee8e7d886313c7dbb400",
                "18cae55fc92cf071d27bad2f7f6c00f8da26d1b976dd3a00d71d4ce0f9db9571",
                "99d836b11f633cdccb5e2df80477ca1310e6ab0bf00a2873dffe64c652076b14"
            ],
            "type": "Image",
            "firstPartyCookies": {},
            "firstPartyCookiesSent": {},
            "exampleSites": [
                "www.ilsoftware.it",
                "rockabilia.com",
                "savorthebest.com",
                "www.thewickednoodle.com",
                "www.insightstate.com",
                "www.html.it",
                "thegardeningcook.com",
                "atoplay.com",
                "www.daveandbusters.com",
                "westshorehome.com",
                "hcpl.net",
                "www.sno-isle.org",
                "pawleaks.com",
                "abutterflyhouse.com",
                "www.readm.org",
                "www.womanofnoblecharacter.com",
                "cosplay.com",
                "www.orwhateveryoudo.com",
                "www.ohiotropics.com",
                "preggophilia.com"
            ]
        }
    ],
    "categories": [],
    "performance": {},
    "cookies": 0,
    "topInitiators": [
        {
            "domain": "first party",
            "prevalence": 0.5985915492957746
        },
        {
            "domain": "tagembed.com",
            "prevalence": 0.1619718309859155
        },
        {
            "domain": "reviewsonmywebsite.com",
            "prevalence": 0.14788732394366197
        },
        {
            "domain": "taggbox.com",
            "prevalence": 0.07042253521126761
        },
        {
            "domain": "tix.fm",
            "prevalence": 0.02112676056338028
        }
    ],
    "types": {
        "Image": 27
    },
    "nameservers": [
        "will.ns.cloudflare.com",
        "leah.ns.cloudflare.com"
    ]
}