{
    "domain": "ulmoyc.com",
    "owner": {},
    "source": [
        "DuckDuckGo-US"
    ],
    "prevalence": 0.000184,
    "sites": 27,
    "subdomains": [],
    "cnames": [],
    "fingerprinting": 2,
    "resources": [
        {
            "rule": "ulmoyc\\.com\\/v1\\/sdk\\.js",
            "cookies": 0,
            "fingerprinting": 2,
            "subdomains": [],
            "apis": {
                "window.localStorage": 17,
                "Document.cookie getter": 17,
                "Navigator.prototype.permissions": 16,
                "NavigatorUAData.prototype.brands": 17,
                "NavigatorUAData.prototype.platform": 17
            },
            "sites": 19,
            "prevalence": 0.000129,
            "cnames": [],
            "responseHashes": [
                "536646c7c6c156d6cfe7674cb89402c2e0f0ef3da6b2ed42176c0df9d4676709",
                "a8ce57a9d4e58d3092d2e37d4bd444944988bed9557a19d4723453d84b6b0d5a",
                "309192ab3484cb594068621594de4b54393a9eb70fb6b80626ae0566ab2e890e",
                "6851cd50f1c1e23ec380ebe1b54fddfd0fb1d74d8ba4a9a90f5f3d6f0c9888a9",
                "f34b50cc8df6d7e31b3607813fa63223564ecb0232af3d522c970afc8e85ef1d",
                "2a70d1f0c565da6b4a5ea133d485570bcfa7e125e6523c705249372f4646abea",
                "efd0da49b6944bf6b91a6181658d50eebf6f005793f4f473ffaae81ab438dbc0",
                "a846e554b99a44217483464ef2ba7bdc8b4d7fec5bde4aaedc00973995ff795a",
                "5a560abebd664c3a22371db68b408a8f996610d6be4fdd15535263b9c251ef75",
                "60f703f7788f0c09b06b03a6d7612d17fbf19c5e9689118fcf3ed050ee1dfa4f",
                "6f3f587ac12576d4a5d75b629aa09155eebc454ac690707be0d8e63af7d915cc"
            ],
            "type": "Script",
            "firstPartyCookies": {},
            "firstPartyCookiesSent": {},
            "exampleSites": [
                "authorscast.com",
                "couplespop.com",
                "de.abcdef.wiki",
                "de.frwiki.wiki",
                "dirtyship.com",
                "fr.abcdef.wiki",
                "gossipnextdoor.com",
                "homeporno.biz",
                "it.abcdef.wiki",
                "moodbelle.com",
                "nl.abcdef.wiki",
                "rawkuma.com",
                "sexythots.com",
                "sportsmanist.com",
                "staminacomfort.com",
                "starsoffline.com",
                "www.lechetube.com",
                "yaebus10.ru",
                "zagruz.tv"
            ]
        },
        {
            "rule": "ulmoyc\\.com\\/fp\\.js",
            "cookies": 0.000116,
            "fingerprinting": 1,
            "subdomains": [],
            "apis": {
                "window.localStorage": 17,
                "Date.prototype.getTime": 18,
                "Document.cookie setter": 17
            },
            "sites": 18,
            "prevalence": 0.000123,
            "cnames": [],
            "responseHashes": [
                "fb87344d435ac678a99a64ad5224b331b26f731ce97bd8c8d0d51b78e79318e3",
                "2e3839222631cd670e902b64b465f24768829d923e059ecc53dc01e0517cedc1",
                "035dada59e5d63f1bc57066c2605c03c8ce439c220bf55c450de0a9d305deec6",
                "6484d77a6b5072284a75c41ccc36edfa0427ef1069da4ec3ccf84943c5640bb5",
                "16f13fb85bf1340b0e8c92570d149006b5d2c0ffa8a345f514be9e576caed501",
                "15c51b56f8ad0cb7efbb9f44716d39d36f1d0f6a3e0c7ae670e933a3c8f49904",
                "d2e7b155de0322635d36ba24a1291ef8e02bb2053e5c1ab205ff7a19e7822786",
                "4e130cd1e7e07a088563cc53b78912844cae9056d270fec5488e44df275c6c28",
                "8fd85d2322b15fffdae642d91bf39872ebb0af9935e93a8ea286374f26953ed9",
                "7ef8923051e8d560d95ce3454d98e17324140918ac7f153bd200aa814cb07f69",
                "50a477f0b55150d606573915ce721f12605fd59488337303e6d1cfa744da57ce",
                "ebf735180dc64f7ce74cc156afd294adbf866dbb19447b203f425f9482a6c321",
                "9aa5ea260a9a25dadc4b47bac1fb10d8d6cc03b10c5264fd394e1b1863bb54a3",
                "8cce054d179188620bdc1eaa454f240017d50214933a3c8054fa2a1606787975",
                "6814771a2c76f2f28c8037a7a5aa4f698744859d33e72970ca626f87d0d84e9d",
                "43d94b4a5398d66e0bee195a01917c37ce7a887338ae9f7dfee449b72d9680ff",
                "c10d95a90ff71fb8120ebd392aa2f3001d2743e25e814e004e594143d111aa86"
            ],
            "type": "Script",
            "firstPartyCookies": {
                "ufp2": {
                    "ttl": 604805,
                    "length": 40,
                    "prevalence": 0.000088498587426393,
                    "uniqueness": 1
                }
            },
            "firstPartyCookiesSent": {},
            "exampleSites": [
                "authorscast.com",
                "couplespop.com",
                "de.abcdef.wiki",
                "de.frwiki.wiki",
                "dirtyship.com",
                "fr.abcdef.wiki",
                "gossipnextdoor.com",
                "it.abcdef.wiki",
                "moodbelle.com",
                "nl.abcdef.wiki",
                "rawkuma.com",
                "sexythots.com",
                "sportsmanist.com",
                "staminacomfort.com",
                "starsoffline.com",
                "www.lechetube.com",
                "yaebus10.ru",
                "zagruz.tv"
            ]
        }
    ],
    "categories": [],
    "performance": {},
    "cookies": 0.00017,
    "topInitiators": [
        {
            "domain": "cjvdfw.com",
            "prevalence": 1
        }
    ],
    "types": {
        "Script": 37
    },
    "nameservers": [
        "brit.ns.cloudflare.com",
        "lex.ns.cloudflare.com"
    ]
}