{
    "domain": "uplift-platform.com",
    "owner": {
        "name": "Uplift Canada Services ULC",
        "displayName": "Uplift"
    },
    "source": [
        "DuckDuckGo-US"
    ],
    "prevalence": 0.000231,
    "sites": 34,
    "subdomains": [
        "cdn",
        "www"
    ],
    "cnames": [],
    "fingerprinting": 2,
    "resources": [
        {
            "rule": "uplift-platform\\.com\\/a\\/up\\.js",
            "cookies": 0.00017,
            "fingerprinting": 2,
            "subdomains": [
                "cdn"
            ],
            "apis": {
                "Document.cookie getter": 23,
                "Navigator.prototype.appName": 24,
                "Navigator.prototype.platform": 24,
                "Navigator.prototype.userAgent": 24,
                "Date.prototype.getTime": 24,
                "Document.cookie setter": 23,
                "Screen.prototype.width": 24,
                "Screen.prototype.height": 24,
                "Screen.prototype.colorDepth": 24,
                "Navigator.prototype.javaEnabled": 24,
                "Navigator.prototype.language": 24,
                "window.localStorage": 22,
                "window.sessionStorage": 16,
                "window.innerWidth": 1,
                "window.innerHeight": 1,
                "Event.prototype.timeStamp": 1
            },
            "sites": 25,
            "prevalence": 0.00017,
            "cnames": [],
            "responseHashes": [
                "d4461bd43edf35f07f77255505747e593c217f6ed03121ea42d5cd1b4addc4b9",
                "28091b888bb90a6d3ca3575460090dbd0b7a64ea117c236a13c741b2ea437812",
                "5ea7c806769b1df9ff926ff2ed969db081b3bef5b7c16125750efae456a71312",
                "0c35812b226feba7965a5966e16e996914ce7d372328dba2779285796c06e6e8",
                "1dfef60a59f27ca4cf669dbd8bbb3adcff1e331341a996c5a6ba6b92f869ae3a",
                "7692a5cba2a4f3b6b3a26eeabb68c300fecdbeabec3c55c28e6d2a5b435aa9c7",
                "6cba8523e091578d655fa502088ad73c84c7bbbb780a93082070ebd370c97a9e",
                "9525331ef003af77c34020b4590a68b3b78e35c06804824adf81c9215ab319a0",
                "76680378cac004034eebc1a97592516c8042a10f2f10a7985e7dbb8a58ac2b4a",
                "41b4c80967eefb0c4510b4c97e4aeced58ccc28ca689db3775dcac4b5a81ed28",
                "bd0f93dfbbd7f0b0f275fe171c20ad6414e6d6834d0e3e94ec8a5114737ab3af",
                "78bd4df1d06d526f08085014ef5523806e33c609cfdcc6c14eecb5972bcd77b2",
                "809fd8c83d170321df8614999c023be51934022b801fb0b94b1010ad1f4d13ef"
            ],
            "type": "Script",
            "firstPartyCookies": {
                "_up": {
                    "ttl": 63072004,
                    "length": 24,
                    "prevalence": 0.00015657442390823377,
                    "uniqueness": 1
                }
            },
            "firstPartyCookiesSent": {},
            "exampleSites": [
                "www.choicehotels.com",
                "www.flyfrontier.com",
                "www.cruisesonly.com",
                "www.budget.com",
                "www.rvngo.com",
                "www.flybreeze.com",
                "suncountry.com",
                "wyndhamhotels.com",
                "www.redtag.ca",
                "flights.volaris.com",
                "www.virginvoyages.com",
                "www.goldennugget.com",
                "budget.com",
                "www.volaris.com",
                "www.selloffvacations.com",
                "www.aavacations.com",
                "flights.flyfrontier.com",
                "travel.bjs.com",
                "www.cruises.com",
                "www.pleasantholidays.com"
            ]
        },
        {
            "rule": "uplift-platform\\.com\\/c",
            "cookies": 0.000177,
            "fingerprinting": 0,
            "subdomains": [
                "www"
            ],
            "apis": {},
            "sites": 26,
            "prevalence": 0.000177,
            "cnames": [],
            "responseHashes": [
                "7fff1569ea68ef52782ba25b0cf3934627f7a4fc1e8e22f4652de959c5f97978"
            ],
            "type": "Image",
            "firstPartyCookies": {},
            "firstPartyCookiesSent": {
                "IR_gbd": 0.000006807583648184077
            },
            "exampleSites": [
                "www.budget.com",
                "www.spirit.com",
                "www.rvngo.com",
                "travel.bjs.com",
                "www.pleasantholidays.com",
                "suncountry.com",
                "www.volaris.com",
                "www.redtag.ca",
                "www.cruisesonly.com",
                "aeromexico.com",
                "www.choicehotels.com",
                "www.flybreeze.com",
                "www.cruises.com",
                "www.flyfrontier.com",
                "mobile.southwest.com",
                "www.selloffvacations.com",
                "flights.volaris.com",
                "flights.flyfrontier.com",
                "wyndhamhotels.com",
                "www.carnival.com"
            ]
        },
        {
            "rule": "uplift-platform\\.com\\/c",
            "cookies": 0.0000204,
            "fingerprinting": 0,
            "subdomains": [
                "www"
            ],
            "apis": {},
            "sites": 3,
            "prevalence": 0.0000204,
            "cnames": [],
            "responseHashes": [
                "7fff1569ea68ef52782ba25b0cf3934627f7a4fc1e8e22f4652de959c5f97978"
            ],
            "type": "XHR",
            "firstPartyCookies": {},
            "firstPartyCookiesSent": {},
            "exampleSites": [
                "aavacations.com",
                "www.aavacations.com",
                "www.spirit.com"
            ]
        }
    ],
    "categories": [],
    "performance": {},
    "cookies": 0.000231,
    "topInitiators": [
        {
            "domain": "first party",
            "prevalence": 0.4696969696969697
        },
        {
            "domain": "googletagmanager.com",
            "prevalence": 0.16666666666666666
        },
        {
            "domain": "airtrfx.com",
            "prevalence": 0.12121212121212122
        },
        {
            "domain": "uplift.com",
            "prevalence": 0.10606060606060606
        },
        {
            "domain": "ensighten.com",
            "prevalence": 0.09090909090909091
        },
        {
            "domain": "optimizely.com",
            "prevalence": 0.030303030303030304
        },
        {
            "domain": "tiqcdn.com",
            "prevalence": 0.015151515151515152
        }
    ],
    "types": {
        "Script": 25,
        "Image": 26,
        "XHR": 3
    },
    "nameservers": [
        "ns-1603.awsdns-08.co.uk",
        "ns-794.awsdns-35.net",
        "ns-288.awsdns-36.com",
        "ns-1108.awsdns-10.org"
    ]
}