{
    "domain": "upsell-apps.com",
    "owner": {},
    "source": [
        "DuckDuckGo-US"
    ],
    "prevalence": 0.000157,
    "sites": 23,
    "subdomains": [
        "smarteucookiebanner",
        "disablerightclick"
    ],
    "cnames": [],
    "fingerprinting": 1,
    "resources": [
        {
            "rule": "upsell-apps\\.com\\/script_tag\\.js",
            "cookies": 0.00000682,
            "fingerprinting": 1,
            "subdomains": [
                "smarteucookiebanner",
                "disablerightclick"
            ],
            "apis": {
                "Document.cookie getter": 7,
                "Navigator.prototype.userAgent": 7,
                "Document.cookie setter": 1
            },
            "sites": 12,
            "prevalence": 0.0000818,
            "cnames": [],
            "responseHashes": [
                "074ce2ed69cb1551a4e490b73f0eb456f8a29b8b9955a12a2e3157f50b306063",
                "e3b0c44298fc1c149afbf4c8996fb92427ae41e4649b934ca495991b7852b855",
                "c79bd719eac958443a05680705f504042e57546c8681f37daf402c42c35bea83",
                "5386b41ba7f5a7db0bb7b809048288ffdbf2bc678b2af98d361277ed3dfa401d",
                "4567d5d73f88587f0bfe2b981f30a357f92c3875027f8f717bd783a2e9616f8b",
                "98ee2a4e529ca7c6647e4ee728b06717a6dcd1859b0a701914136b2cebf11501",
                "14c25595d17d27f1d4fdb5746913ab3e9b9fdad98a575c5cf0245e2e7e16117d",
                "778778bbb850fffcfceecc645aab663faf5b98fdd61b50affe3da0ff516bc165",
                "49b50f0caa445684029f7b869898c2a8b79e54c3662457e244b90e0880a32e07"
            ],
            "type": "Script",
            "firstPartyCookies": {
                "sec-banner": {
                    "ttl": 31536000,
                    "length": 4,
                    "prevalence": 0.000006816353796027429,
                    "uniqueness": 1
                }
            },
            "firstPartyCookiesSent": {},
            "exampleSites": [
                "bornprimitive.com",
                "bydash.com",
                "e3d-online.com",
                "hottubwarehouse.com",
                "redshiftsports.com",
                "shadyrays.com",
                "singer-featherweight.com",
                "smokea.com",
                "www.scentsplit.com",
                "www.seekinghealth.com",
                "www.suzannesomers.com",
                "www.toolboxsupply.com"
            ]
        },
        {
            "rule": "upsell-apps\\.com\\/gdpr_adapter\\.js",
            "cookies": 0,
            "fingerprinting": 0,
            "subdomains": [
                "smarteucookiebanner"
            ],
            "apis": {},
            "sites": 8,
            "prevalence": 0.0000545,
            "cnames": [],
            "responseHashes": [
                "e3b0c44298fc1c149afbf4c8996fb92427ae41e4649b934ca495991b7852b855"
            ],
            "type": "Script",
            "firstPartyCookies": {},
            "firstPartyCookiesSent": {},
            "exampleSites": [
                "bydash.com",
                "redshiftsports.com",
                "ridge.com",
                "shadyrays.com",
                "singer-featherweight.com",
                "smokea.com",
                "www.stoneglacier.com",
                "www.toolboxsupply.com"
            ]
        }
    ],
    "categories": [],
    "performance": {},
    "cookies": 0.00000682,
    "topInitiators": [
        {
            "domain": "first party",
            "prevalence": 0.8823529411764706
        },
        {
            "domain": "yottaa.com",
            "prevalence": 0.058823529411764705
        },
        {
            "domain": "reamaze.com",
            "prevalence": 0.058823529411764705
        }
    ],
    "types": {
        "Script": 20
    },
    "nameservers": [
        "aria.ns.cloudflare.com",
        "chip.ns.cloudflare.com"
    ]
}