{
    "domain": "vak345.com",
    "owner": {},
    "source": [
        "DuckDuckGo-US"
    ],
    "prevalence": 0.0000818,
    "sites": 12,
    "subdomains": [],
    "cnames": [],
    "fingerprinting": 2,
    "resources": [
        {
            "rule": "vak345\\.com\\/s\\.js",
            "cookies": 0,
            "fingerprinting": 1,
            "subdomains": [],
            "apis": {
                "Navigator.prototype.platform": 11,
                "Document.cookie getter": 10,
                "Date.prototype.getTime": 12
            },
            "sites": 12,
            "prevalence": 0.0000818,
            "cnames": [],
            "responseHashes": [
                "8d0926f048053e1dec802afb4818531ffe18fc91c8bbffe0372596bf0ba3921a",
                "6b947c35e20a22438075a86e0b0cca546b2045d44b76df8f5f8f0f2f9b88282d",
                "23cd2ee67279a7c822041e734521a5302ade9187eaec629a4775cf3abd75a94a",
                "ac95154ed68fc25a641338a2cf285a802e578307b184a621e0f7d2e5d783cd86",
                "9cb73c8aebd64c26ff8d4ae8a6412337da23648d0813e3760f073a1fb50cf4ed",
                "88ae71d6088145dcfe1bceb08f4d6047e2fabe4baf503ee4ecf4460c71bf9b02",
                "43ae2b13658b7832315fe242b7b973712c423e4e8525ab90b5f4650f5f50e939",
                "75bec2a7383e9e2bb46a3b6793e0c317f713b3186a511f868dc3f6c9a38d4562",
                "adc062088f5ff1845621883178bc82d8b078161f60f45c43e3505f360927c672",
                "e76d7f979a18daff7d44da263e853068d489afc1872aa9173ca6498d54c08804",
                "7dee63d74e2649f5e7163cefcdcd6b2cbec4f514a2620e1c707bfc4567fbe6fc"
            ],
            "type": "Script",
            "firstPartyCookies": {},
            "firstPartyCookiesSent": {},
            "exampleSites": [
                "lordfilm.film",
                "hd-rezka.biz",
                "kinozal.tv",
                "lordserial.top",
                "lordserials.run",
                "new-rutor.org",
                "onlinemultfilmy.ru",
                "reproduktor.net",
                "rutor.info",
                "vse-4asti-filmov.online",
                "www.cyberforum.ru",
                "yapolitic.ru"
            ]
        }
    ],
    "categories": [],
    "performance": {},
    "cookies": 0.0000818,
    "topInitiators": [
        {
            "domain": "first party",
            "prevalence": 0.8333333333333334
        },
        {
            "domain": "sinerama.tv",
            "prevalence": 0.08333333333333333
        },
        {
            "domain": "123rutor.su",
            "prevalence": 0.08333333333333333
        }
    ],
    "types": {
        "Script": 12
    },
    "nameservers": [
        "cloe.ns.cloudflare.com",
        "george.ns.cloudflare.com"
    ]
}