{
    "domain": "videocdnmetrika.com",
    "owner": {},
    "source": [
        "DuckDuckGo-US"
    ],
    "prevalence": 0.0000681,
    "sites": 10,
    "subdomains": [],
    "cnames": [],
    "fingerprinting": 0,
    "resources": [
        {
            "rule": "videocdnmetrika\\.com\\/f\\.php",
            "cookies": 0,
            "fingerprinting": 0,
            "subdomains": [],
            "apis": {},
            "sites": 10,
            "prevalence": 0.0000681,
            "cnames": [],
            "responseHashes": [
                "e581afdf6e9ff0529fa1bb894b7d6ad0c71fc3c69cc7d2b20c27117623c3b275",
                "27cc246309bceb4f2eacbeb16227ea70ff19d27d1966037131368e636c640f52",
                "7d5516750294f2766f7b118a833aedbc923e0c9d2d01bc82f3ec30eb81f23af1",
                "3e4f503b852858230722ac4886fec4b68ce675369c900e18880846426895b27e",
                "4af47645bf89a9f508c03de23399f78db9a298b28173fbda09ea0b9442f9686b",
                "e9fde3c273627f7361886e5ba6521962895cd4d0badfe9a5e31b8cf85626e33c",
                "0962f26f690a9614210746681d9e85e547cda65625ddcd0c6323cc356e7dfd2b",
                "309bb22fac930f3e5e1ec965d45af8f1cf6f03e751b92df2b8d0c149d090542e"
            ],
            "type": "Document",
            "firstPartyCookies": {},
            "firstPartyCookiesSent": {},
            "exampleSites": [
                "5movies.bid",
                "asianmilfhub.com",
                "fbbpornvideos.com",
                "iceporncasting.net",
                "ivfree.asia",
                "mangoporn.net",
                "moviehax.me",
                "ullu.com.pk",
                "www.freeomovie.to",
                "www.povaddict.net"
            ]
        },
        {
            "rule": "videocdnmetrika\\.com\\/ads\\/banner\\.gif",
            "cookies": 0,
            "fingerprinting": 0,
            "subdomains": [],
            "apis": {},
            "sites": 9,
            "prevalence": 0.0000613,
            "cnames": [],
            "responseHashes": [
                "1866961a029c65376fefb7f2ba1e6187e09ff50ea58d97dedfd72c197947d002"
            ],
            "type": "Image",
            "firstPartyCookies": {},
            "firstPartyCookiesSent": {},
            "exampleSites": [
                "5movies.bid",
                "asianmilfhub.com",
                "fbbpornvideos.com",
                "iceporncasting.net",
                "ivfree.asia",
                "mangoporn.net",
                "moviehax.me",
                "www.freeomovie.to",
                "www.povaddict.net"
            ]
        }
    ],
    "categories": [],
    "performance": {},
    "cookies": 0,
    "topInitiators": [
        {
            "domain": "testingmetriksbre.ru",
            "prevalence": 0.8
        },
        {
            "domain": "allvideometrika.com",
            "prevalence": 0.2
        }
    ],
    "types": {
        "Document": 10,
        "Image": 9
    },
    "nameservers": [
        "gabe.ns.cloudflare.com",
        "etta.ns.cloudflare.com"
    ]
}