{
    "domain": "vntsm.io",
    "owner": {},
    "source": [
        "DuckDuckGo-US"
    ],
    "prevalence": 0.00121,
    "sites": 178,
    "subdomains": [
        "hb"
    ],
    "cnames": [],
    "fingerprinting": 0,
    "resources": [
        {
            "rule": "vntsm\\.io\\/content\\.html",
            "cookies": 0.000716,
            "fingerprinting": 0,
            "subdomains": [
                "hb"
            ],
            "apis": {},
            "sites": 105,
            "prevalence": 0.000716,
            "cnames": [],
            "responseHashes": [
                "ce8368e5b8e9f2f066acc6284578c00021aea742c4c7c7ec2836c232a5f8b1f8",
                "9f641a3acf0c3c78f954c0c525195c546aab7b86b5b74970ea930fd0e037a9e7",
                "d5ccce1fb5e4db0a36c13ef9b0d45684ae5786aac537740d2044c420060d16e3",
                "2d2e4395d9be4c1469cdb37b8a75b9197c4cee0571a394cc754bede00f1f047f",
                "df17eedd578b7b3013d56e8fe95d2a61721e652e8f6bccaac48261f88816437e",
                "0b37de3eabad35c19de1976c905f14631906781a00179a7cf9d21f38cbdd90bf",
                "49b4b112d0bb5847fbe0a2a641db55b0ebe4ba23ca73a972d540c74768f7e1a4",
                "49f902404c0f08453857ada9bd4cb16baea5393226ef1c8659deef98e8f3d8b9",
                "b7fbe120e4b51471e8ad9d11ab3b69493855a37f27004487d958ae04a465c27b",
                "66134f7f75e9b9cf86f515bf4f3d50af7e88528fdcf2030d233838416b64a5bf",
                "1af6bbab15dce2e6d6be37174e8c8645335f52105fbc1f7caea8a7944ff4d805",
                "55d60413c36076a1f9aca6e42e0f8cef2870b67e5c2828b899a386f5fc554921",
                "563f914530e4a17f83281654cf159b6034c191c710ec996c85d015a14aba96e2"
            ],
            "type": "Fetch",
            "firstPartyCookies": {},
            "firstPartyCookiesSent": {},
            "exampleSites": [
                "twistedvoxel.com",
                "www.xboxachievements.com",
                "ucngame.com",
                "wafflegame.net",
                "lolchess.gg",
                "www.metasrc.com",
                "www.zockify.de",
                "www.fightful.com",
                "www.planetminecraft.com",
                "satisfactory-calculator.com",
                "www.girlgeniusonline.com",
                "mevius.5ch.net",
                "www1.flightrising.com",
                "cogconnected.com",
                "www.light.gg",
                "forum.feed-the-beast.com",
                "www.mtgassist.com",
                "traxion.gg",
                "www.wzranked.com",
                "gamersdecide.com"
            ]
        }
    ],
    "categories": [],
    "performance": {},
    "cookies": 0.00121,
    "topInitiators": [
        {
            "domain": "vntsm.com",
            "prevalence": 0.9571428571428572
        },
        {
            "domain": "first party",
            "prevalence": 0.0380952380952381
        },
        {
            "domain": "rpglogs.com",
            "prevalence": 0.004761904761904762
        }
    ],
    "types": {
        "Fetch": 105
    },
    "nameservers": [
        "ns-99.awsdns-12.com",
        "ns-866.awsdns-44.net",
        "ns-1245.awsdns-27.org",
        "ns-1655.awsdns-14.co.uk"
    ]
}