{
    "domain": "voicestar.com",
    "owner": {},
    "source": [
        "DuckDuckGo-US"
    ],
    "prevalence": 0.0000682,
    "sites": 10,
    "subdomains": [
        "www",
        "adtrack"
    ],
    "cnames": [],
    "fingerprinting": 1,
    "resources": [
        {
            "rule": "voicestar\\.com\\/euinc\\/number-changer\\.js",
            "cookies": 0,
            "fingerprinting": 1,
            "subdomains": [
                "www",
                "adtrack"
            ],
            "apis": {
                "Document.cookie getter": 7
            },
            "sites": 9,
            "prevalence": 0.0000613,
            "cnames": [],
            "responseHashes": [
                "444dc4586cde4566d60a6a102fff40fac7ae576153afd514f61c28d2f26e6928"
            ],
            "type": "Script",
            "firstPartyCookies": {},
            "firstPartyCookiesSent": {},
            "exampleSites": [
                "requestatest.com",
                "thesolarstore.com",
                "www.accountedge.com",
                "www.cabinsofthesmokymountains.com",
                "www.caresource.com",
                "www.cookwoods.com",
                "www.crystalrunhealthcare.com",
                "www.pvamu.edu",
                "www.universitysupplystore.com"
            ]
        },
        {
            "rule": "voicestar\\.com\\/euinc\\/getnumdata\\.js",
            "cookies": 0,
            "fingerprinting": 0,
            "subdomains": [
                "www",
                "adtrack"
            ],
            "apis": {},
            "sites": 9,
            "prevalence": 0.0000613,
            "cnames": [],
            "responseHashes": [
                "3915540fb736e0a02a0d60ca620cb1154423cb178b3677e0db851fe4634c1e5e",
                "001c00cc0992ff9fca76ead85b6e0b61ef8406fd67132b3b24f45e881fba3850",
                "d7a229877981f3bd24be96dce795baf5615241aafeb0893a98be31538ce1244d",
                "ae08a905e03d8042eab715e4de1a4bf54bf89eee3079b2b52ba2ea412f075e41",
                "8f1930ed36d0721269bfdef7244f800770f3aff53cd750d4bd6ed5b7c2ae60ce",
                "a25f40abd47622429542a7a242a81cbb36c0c1b0969f316060985f106fe4cf32",
                "92f4d75f9c19220849e43db2fe289d2c802a348a5df8bebb3efbefa7291b3d21",
                "ae6177527c83a2e3d1d549b75fc6ff81b0f2e43827b2e45632ac06fe82afb82e"
            ],
            "type": "Script",
            "firstPartyCookies": {},
            "firstPartyCookiesSent": {},
            "exampleSites": [
                "requestatest.com",
                "thesolarstore.com",
                "www.accountedge.com",
                "www.cabinsofthesmokymountains.com",
                "www.caresource.com",
                "www.cookwoods.com",
                "www.crystalrunhealthcare.com",
                "www.pvamu.edu",
                "www.universitysupplystore.com"
            ]
        }
    ],
    "categories": [],
    "performance": {},
    "cookies": 0,
    "topInitiators": [
        {
            "domain": "first party",
            "prevalence": 0.5
        },
        {
            "domain": "googletagmanager.com",
            "prevalence": 0.3
        },
        {
            "domain": "xg4ken.com",
            "prevalence": 0.2
        }
    ],
    "types": {
        "Script": 18
    },
    "nameservers": [
        "ns-1868.awsdns-41.co.uk",
        "ns-732.awsdns-27.net",
        "ns-125.awsdns-15.com",
        "ns-1088.awsdns-08.org"
    ]
}