{
    "domain": "voltaxam.com",
    "owner": {},
    "source": [
        "DuckDuckGo-US"
    ],
    "prevalence": 0.000143,
    "sites": 21,
    "subdomains": [
        "rtb",
        "selector"
    ],
    "cnames": [],
    "fingerprinting": 0,
    "resources": [
        {
            "rule": "voltaxam\\.com\\/sync\\/videos",
            "cookies": 0.000136,
            "fingerprinting": 0,
            "subdomains": [
                "rtb"
            ],
            "apis": {},
            "sites": 20,
            "prevalence": 0.000136,
            "cnames": [],
            "responseHashes": [
                "6f0974bd7c5069eb5ab4dd39a3f202be08c3d43eb611eccccb73e28cda112c56",
                "ab1a818b54a7b63e1fce476dfe41d8394cb8308815a29caa4aa76f1c6aa1fa7b",
                "ddcc870469de55749dde568fc9984f5d6fe6542809f712efd8c396e314d4bc62",
                "831cc3f91239de61887410242bd3ac7519aa7931587b4adc82a84782d4370f50",
                "e0f00d896a02db148d97074f2c8c7a1aa15706991fd1186b0459d0714f574e45",
                "2a5846f5b5cec73ed4c1945756e6d1bdfac31c45ed88854255fcb6e8c961023d",
                "e4376352c34c5cd55bbb4d18a92b85348f762754cfe7d16cb2e3e9ed99edc759",
                "89475188c81cd3d2755f83540d49e6e4ba9668a6aa80d091d02c06f41315416d",
                "0ca65d01fb6be5c5142d25361ced60ef21c37ec8d3726586c0511029999afd6b",
                "444ecaae21ab14830a8051109d4176dddca79deaceef9b0ebb186b9b6c69bd16",
                "65902df8c79e961944a3d0fd6ae8d3a42f5bd8154499dd24bd5fcbf79943a96b",
                "d4907198551571bd0b370e9f17ae2f0b913a174869c8b1c0596ae4511e7711b2",
                "b995d3832865a20fec4767063a90cf83cc3dfd214618c199a147afb8c6b6c529",
                "c5ae5f1f4aa652a8bb0437d4677cc01e6d277cd0a31a4afa304f7e214eff5053",
                "bc6ca106bc8a8108bfb8dbee1b437cf23e9916a4fb1cbe1982a210d546be6fbf",
                "014b4427f5026e11f13abab91288ae1a893d36866a3521cdf6bebb8db36bd7a6",
                "2f3109ca4a5a9bdf973b7423b14d766e03b4ccd48a166aab5e9e77ea3fec01c1",
                "7e4f046bf73ddcd70de85e42f2f39d85f0ae4ab036a956f2570813dab72306de",
                "a7e171e0de16ac7a973bae9c440371d60d77e4836ee7ab75c1f0739992bf8d04"
            ],
            "type": "Fetch",
            "firstPartyCookies": {},
            "firstPartyCookiesSent": {},
            "exampleSites": [
                "amazonadviser.com",
                "arrowheadaddict.com",
                "bamsmackpow.com",
                "beyondtheflag.com",
                "dorksideoftheforce.com",
                "fansided.com",
                "foodsided.com",
                "guiltyeats.com",
                "hiddenremote.com",
                "netflixlife.com",
                "saturdayblitz.com",
                "thejetpress.com",
                "thelandryhat.com",
                "thevikingage.com",
                "winteriscoming.net",
                "wreckemred.com",
                "www.90min.de",
                "www.90min.com",
                "www.mentalfloss.com",
                "www.thebiglead.com"
            ]
        },
        {
            "rule": "voltaxam\\.com\\/cookieSync",
            "cookies": 0.000136,
            "fingerprinting": 0,
            "subdomains": [
                "rtb"
            ],
            "apis": {},
            "sites": 20,
            "prevalence": 0.000136,
            "cnames": [],
            "responseHashes": [
                "e3b0c44298fc1c149afbf4c8996fb92427ae41e4649b934ca495991b7852b855"
            ],
            "type": "Image",
            "firstPartyCookies": {},
            "firstPartyCookiesSent": {},
            "exampleSites": [
                "amazonadviser.com",
                "arrowheadaddict.com",
                "bamsmackpow.com",
                "beyondtheflag.com",
                "dorksideoftheforce.com",
                "fansided.com",
                "foodsided.com",
                "guiltyeats.com",
                "hiddenremote.com",
                "netflixlife.com",
                "saturdayblitz.com",
                "thejetpress.com",
                "thelandryhat.com",
                "thevikingage.com",
                "winteriscoming.net",
                "wreckemred.com",
                "www.90min.de",
                "www.90min.com",
                "www.mentalfloss.com",
                "www.thebiglead.com"
            ]
        },
        {
            "rule": "voltaxam\\.com\\/ads",
            "cookies": 0,
            "fingerprinting": 0,
            "subdomains": [
                "selector"
            ],
            "apis": {},
            "sites": 21,
            "prevalence": 0.000143,
            "cnames": [],
            "responseHashes": [
                "206feadf4c9d8bf2c109f6a53f7fef897239655dd4743a4819f5a2c9fa711e35",
                "33356a9c19220c178fff70c0861a24bd385d2a06260be3b3c4936859d8d26625",
                "f8a9698dae0e4d07f9dae2580dbf270206f91b29b83c77722f3e7d859bdd2671",
                "55eaa96675b41323ecadd17d5e0228aa726cc66763e7dd8a5f08d2b55064215a",
                "b482f8b57b81c38bf2d44bdb7188b4a4114ada7a84e7634bea6e83a4df7bbed6",
                "da7d13ac72f0e3e4b09186fc2d42f4760a0b9ef4e020bc57d63dd9d526427023",
                "3e585111c84290e82687caef46d1ad572db0b2ba8c640c4e8b56c4b9650e8f55",
                "c1dacc30bf3e91ea6a86a2d3047cee51551733905b858eb049d6b07ac10589b5",
                "de57cba3099cc321b90f549e2ab894c23b5355006a0ecccf23422799e49d554f",
                "139bd7fe92ed9476adf0a1c4884fa092e0276f327c2eb5c3b887bccfa032725a",
                "1e6deef47f97e83bda625569ff90e7ac8b0009f2eda363d4defaa02b1e343c3c",
                "2f58d23bb7cd00dc26693c0448f8424c80c1e2dc9b785cf8c779ab1d21bd42cc",
                "651780b151c24f63073d68a0577d39fedf2740310932a71868cdae5a819304e4",
                "f6a28b03138a402cddbad9c8ff0aad5cfafb5cf38f1391d30083e07faaf100f0",
                "0e483466447dcff8728fc965971291eafeb95966d7df10eb193911e2f6415574",
                "9905508bbc90a403d7527400ffa6e2e1e48365c06407ab5c70d2029ce10c4ba7"
            ],
            "type": "Fetch",
            "firstPartyCookies": {},
            "firstPartyCookiesSent": {
                "lotame_domain_check": 0.000040898122776164575
            },
            "exampleSites": [
                "saturdayblitz.com",
                "thejetpress.com",
                "www.kenkenpuzzle.com",
                "fansided.com",
                "bamsmackpow.com",
                "www.thebiglead.com",
                "www.mentalfloss.com",
                "hiddenremote.com",
                "thevikingage.com",
                "winteriscoming.net",
                "arrowheadaddict.com",
                "www.90min.com",
                "wreckemred.com",
                "dorksideoftheforce.com",
                "thelandryhat.com",
                "netflixlife.com",
                "guiltyeats.com",
                "www.90min.de",
                "amazonadviser.com",
                "beyondtheflag.com"
            ]
        },
        {
            "rule": "voltaxam\\.com\\/sync\\/videos\\/01h9gmyx4tqy5g362bqm407ag6",
            "cookies": 0,
            "fingerprinting": 0,
            "subdomains": [
                "rtb"
            ],
            "apis": {},
            "sites": 2,
            "prevalence": 0.0000136,
            "cnames": [],
            "responseHashes": [],
            "type": "Fetch",
            "firstPartyCookies": {},
            "firstPartyCookiesSent": {
                "lotame_domain_check": 0.000027265415184109715
            },
            "exampleSites": [
                "90min.de",
                "www.90min.de"
            ]
        },
        {
            "rule": "voltaxam\\.com\\/sync\\/videos\\/01h9gmyx4tqy5g362bqm407ag6",
            "cookies": 0.0000136,
            "fingerprinting": 0,
            "subdomains": [
                "rtb"
            ],
            "apis": {},
            "sites": 2,