{
    "domain": "voltaxam.com",
    "owner": {},
    "source": [
        "DuckDuckGo-US"
    ],
    "prevalence": 0.0000886,
    "sites": 13,
    "subdomains": [
        "rtb",
        "selector"
    ],
    "cnames": [],
    "fingerprinting": 0,
    "resources": [
        {
            "rule": "voltaxam\\.com\\/sync\\/videos",
            "cookies": 0.0000818,
            "fingerprinting": 0,
            "subdomains": [
                "rtb"
            ],
            "apis": {},
            "sites": 12,
            "prevalence": 0.0000818,
            "cnames": [],
            "responseHashes": [
                "79675c56267c79d578e5409ac0819246caa90148a66a0c51860267aedca7ff15",
                "f6255a848c747b527f47cfb278a7efd36f5235a1c10f638561944a63b00e1b40",
                "7983f9e7419731080651e9030f31228ce5791f8472ee7765d3e1873e251d4f14",
                "6d07d048622969c07613c868a8f5abce4bf98a13812e99b7cc9f002dffb5d20c",
                "21291f124bcc8d91a74a73fb034f8ffca329d985e97636eb0414290ad2bf825a",
                "9c37d42a4931d6dc7eaab50c7b1c5b26512ccd1d6d585310cb3db8b14e413d1a",
                "b9c2d1c7af81b3886bd2ebdec011d002f4c5536e86759c1f94a9c90cd8454319",
                "ee3efebd3c7caaa277aa9b1b3627108d9d63c74382dcea603bfefaeaf3785d3e",
                "8a22c4bdf2f9ebc66a054d9baab01c47a9413ed13faa49b5f6e27fe7fd16dbaf",
                "04771bc53f3f803e0c208462a3396257d88358964d81836e6913052dc173b712",
                "dc096cb3f0b19970609541665b413ea07be76700af9d8105096ade23bdcf5751"
            ],
            "type": "Fetch",
            "firstPartyCookies": {},
            "firstPartyCookiesSent": {},
            "exampleSites": [
                "arrowheadaddict.com",
                "bamsmackpow.com",
                "fansided.com",
                "foodsided.com",
                "guiltyeats.com",
                "hiddenremote.com",
                "netflixlife.com",
                "thelandryhat.com",
                "winteriscoming.net",
                "www.90min.com",
                "www.mentalfloss.com",
                "www.thebiglead.com"
            ]
        },
        {
            "rule": "voltaxam\\.com\\/cookieSync",
            "cookies": 0.0000818,
            "fingerprinting": 0,
            "subdomains": [
                "rtb"
            ],
            "apis": {},
            "sites": 12,
            "prevalence": 0.0000818,
            "cnames": [],
            "responseHashes": [
                "e3b0c44298fc1c149afbf4c8996fb92427ae41e4649b934ca495991b7852b855"
            ],
            "type": "Image",
            "firstPartyCookies": {},
            "firstPartyCookiesSent": {},
            "exampleSites": [
                "arrowheadaddict.com",
                "bamsmackpow.com",
                "fansided.com",
                "foodsided.com",
                "guiltyeats.com",
                "hiddenremote.com",
                "netflixlife.com",
                "thelandryhat.com",
                "winteriscoming.net",
                "www.90min.com",
                "www.mentalfloss.com",
                "www.thebiglead.com"
            ]
        },
        {
            "rule": "voltaxam\\.com\\/ads",
            "cookies": 0,
            "fingerprinting": 0,
            "subdomains": [
                "selector"
            ],
            "apis": {},
            "sites": 13,
            "prevalence": 0.0000886,
            "cnames": [],
            "responseHashes": [
                "376a127c7c4e1c262503c94d4806a74c150437cbea0ebe87f4db498777cc4ed5",
                "92373d4d811ff85c29f1f6201dbb0280c6bda4d8a87326001a1b3c751b68dbeb",
                "7f6d9dada2c04899e0521e235de759f24fd36636ebf2f4a9e0a91b56b6442101",
                "510116c673b5a9ec946767f238ae9670c33df4e82bb655086aab461b13ae56b4",
                "6420f43fa0ec54459d7e6e1c4e60d5fd46cc64cee2fb53675508126d93bc3295",
                "948793000a44a070c1b443f2623f748c3cd211dead9e178120e318ca8b825d3f",
                "c699d009c8980ed23d979aff5abf365a80fd2b4d1245293a1381f2046de0e306",
                "0470fb0ad1e477a7124cb546208fcfb5b31812f0d21c53f7379ccba9f7da29f0"
            ],
            "type": "Fetch",
            "firstPartyCookies": {},
            "firstPartyCookiesSent": {
                "lotame_domain_check": 0.000020453662228221962
            },
            "exampleSites": [
                "arrowheadaddict.com",
                "bamsmackpow.com",
                "fansided.com",
                "foodsided.com",
                "guiltyeats.com",
                "hiddenremote.com",
                "netflixlife.com",
                "thelandryhat.com",
                "winteriscoming.net",
                "www.90min.com",
                "www.kenkenpuzzle.com",
                "www.mentalfloss.com",
                "www.thebiglead.com"
            ]
        },
        {
            "rule": "voltaxam\\.com\\/sync\\/videos\\/01h8339c9ss0f03c6ayn3r41wj",
            "cookies": 0,
            "fingerprinting": 0,
            "subdomains": [
                "rtb"
            ],
            "apis": {},
            "sites": 2,
            "prevalence": 0.0000136,
            "cnames": [],
            "responseHashes": [],
            "type": "Fetch",
            "firstPartyCookies": {},
            "firstPartyCookiesSent": {
                "lotame_domain_check": 0.000013635774818814642
            },
            "exampleSites": [
                "90min.com",
                "www.90min.com"
            ]
        },
        {
            "rule": "voltaxam\\.com\\/sync\\/videos\\/01h8339c9ss0f03c6ayn3r41wj",
            "cookies": 0.0000136,
            "fingerprinting": 0,
            "subdomains": [
                "rtb"
            ],
            "apis": {},
            "sites": 2,
            "prevalence": 0.0000136,
            "cnames": [],
            "responseHashes": [],
            "type": "Preflight",
            "firstPartyCookies": {},
            "firstPartyCookiesSent": {
                "lotame_domain_check": 0.000013635774818814642
            },
            "exampleSites": [
                "90min.com",
                "www.90min.com"
            ]
        },
        {
            "rule": "voltaxam\\.com\\/sync\\/videos\\/01h82zyh30twwggkjk2z430w33",
            "cookies": 0,
            "fingerprinting": 0,
            "subdomains": [
                "rtb"
            ],
            "apis": {},
            "sites": 2,
            "prevalence": 0.0000136,
            "cnames": [],
            "responseHashes": [],
            "type": "Fetch",
            "firstPartyCookies": {},
            "firstPartyCookiesSent": {
                "lotame_domain_check": 0.000013635774818814642
            },
            "exampleSites": [
                "mentalfloss.com",
                "www.mentalfloss.com"
            ]
        },
        {
            "rule": "voltaxam\\.com\\/sync\\/videos\\/01h82zyh30twwggkjk2z430w33",
            "cookies": 0.0000136,
            "fingerprinting": 0,
            "subdomains": [
                "rtb"
            ],
            "apis": {},
            "sites": 2,
            "prevalence": 0.0000136,
            "cnames": [],
            "responseHashes": [],
            "type": "Preflight",
            "firstPartyCookies": {},
            "firstPartyCookiesSent": {
                "lotame_domain_check": 0.000013635774818814642
            },
            "exampleSites": [
                "mentalfloss.com",
                "www.mentalfloss.com"
            ]
        },
        {
            "rule": "voltaxam\\.com\\/sync\\/videos\\/01h83p6qr76gm7szt1k5kh6m8q",
            "cookies": 0,
            "fingerprinting": 0,
            "subdomains": [
                "rtb"
            ],
            "apis": {},
            "sites": 2,
            "prevalence": 0.0000136,
            "cnames": [],
            "responseHashes": [],
            "type": "Fetch",
            "firstPartyCookies": {},