{
    "domain": "vs3.com",
    "owner": {},
    "source": [
        "DuckDuckGo-US"
    ],
    "prevalence": 0.000157,
    "sites": 23,
    "subdomains": [
        "secure",
        "td"
    ],
    "cnames": [],
    "fingerprinting": 0,
    "resources": [
        {
            "rule": "vs3\\.com\\/_special\\/banners\\/LiveWebCams\\.php",
            "cookies": 0.0000204,
            "fingerprinting": 0,
            "subdomains": [
                "secure"
            ],
            "apis": {},
            "sites": 14,
            "prevalence": 0.0000954,
            "cnames": [],
            "responseHashes": [
                "5172a39318696dec642f64920fbc3f88f6de2cacdb259c0f6487dd28f3637962",
                "36e5945f64e1b440cef0afd2c06d90e802b6a5bf189a80314bd16b2e5fe03565",
                "9ec17845f37860e3c6c63ce3d5fe5afe21b1529aaaf2326bf61b9ffc1c66451d",
                "555d6504d54c2ea0a096c508b8156028c87be91e68bf5a9b95a98bcb944db7b6",
                "66213846e17f9adbd19775003aee226934149c33ff16ab3055893779583ebe6d",
                "f981ad41310b01152d1d41ce7948ba96bb54d9f0a76557c090aa80bf47bef758",
                "15dab8143abf13c7d81a447a92118dbc4ff5e2835ddcc7ace7055b80a84a2721",
                "8f47080b75e807251f67adcc284beaa0f2d227079964a83364bd0ad498cbbcea",
                "f885d9e88510a70d64b1b85c8aee89e0bd8c017d65c72d6beee1e11ecfdd027b",
                "ec255d1ac55dffd2c8bc76690823b3cb93a13b8bbb819109820f8a6a24cec3bf",
                "19fd41adbd4db64e255606e47ae9d83a1044aaedbc658703f944ac75679af58e"
            ],
            "type": "Document",
            "firstPartyCookies": {},
            "firstPartyCookiesSent": {},
            "exampleSites": [
                "cockyboys.com",
                "cruisingforsex.com",
                "forums.justusboys.com",
                "listings.cruisingforsex.com",
                "sexcams-24.com",
                "voyeurhouse.com",
                "www.adam4adam.com",
                "www.gamelink.com",
                "www.justusboys.com",
                "www.lucasentertainment.com",
                "www.onlydudes.com",
                "www.queermenow.net",
                "www.rockettube.com",
                "www.xmovies.com"
            ]
        },
        {
            "rule": "vs3\\.com\\/xml\\/live-video-ads\\.php",
            "cookies": 0.0000136,
            "fingerprinting": 0,
            "subdomains": [
                "secure"
            ],
            "apis": {},
            "sites": 2,
            "prevalence": 0.0000136,
            "cnames": [],
            "responseHashes": [
                "6a5471bba51cf9e057d0e9c909bc160d5bf600bf065506d5383a9e445b1d539f"
            ],
            "type": "Fetch",
            "firstPartyCookies": {},
            "firstPartyCookiesSent": {},
            "exampleSites": [
                "cockyboys.com",
                "voyeurhouse.com"
            ]
        },
        {
            "rule": "vs3\\.com\\/promos\\/images\\.php",
            "cookies": 0.0000136,
            "fingerprinting": 0,
            "subdomains": [],
            "apis": {},
            "sites": 2,
            "prevalence": 0.0000136,
            "cnames": [],
            "responseHashes": [
                "a07bda2c1e652140380a005d9c1c21d2c1aa7eb24d5b1ca5bba16a326a717b42"
            ],
            "type": "Image",
            "firstPartyCookies": {},
            "firstPartyCookiesSent": {},
            "exampleSites": [
                "cruisingforsex.com",
                "listings.cruisingforsex.com"
            ]
        },
        {
            "rule": "vs3\\.com\\/",
            "cookies": 0,
            "fingerprinting": 0,
            "subdomains": [
                "td"
            ],
            "apis": {},
            "sites": 5,
            "prevalence": 0.0000341,
            "cnames": [],
            "responseHashes": [],
            "type": "Document",
            "firstPartyCookies": {},
            "firstPartyCookiesSent": {},
            "exampleSites": [
                "u-porno.com",
                "www.nudejet.com",
                "www.pocomu.com",
                "www.pornorama.com",
                "www.xnxx.press"
            ]
        }
    ],
    "categories": [],
    "performance": {},
    "cookies": 0.0000477,
    "topInitiators": [
        {
            "domain": "first party",
            "prevalence": 0.8409090909090909
        },
        {
            "domain": "orbsrv.com",
            "prevalence": 0.11363636363636363
        },
        {
            "domain": "vscdns.com",
            "prevalence": 0.045454545454545456
        }
    ],
    "types": {
        "Document": 19,
        "Fetch": 2,
        "Image": 2
    },
    "nameservers": [
        "ns-218.awsdns-27.com",
        "ns-1233.awsdns-26.org",
        "ns-1789.awsdns-31.co.uk",
        "ns-893.awsdns-47.net"
    ]
}