{
    "domain": "vs3.com",
    "owner": {},
    "source": [
        "DuckDuckGo-US"
    ],
    "prevalence": 0.000164,
    "sites": 24,
    "subdomains": [
        "secure",
        "td"
    ],
    "cnames": [],
    "fingerprinting": 0,
    "resources": [
        {
            "rule": "vs3\\.com\\/_special\\/banners\\/LiveWebCams\\.php",
            "cookies": 0.0000136,
            "fingerprinting": 0,
            "subdomains": [
                "secure"
            ],
            "apis": {},
            "sites": 13,
            "prevalence": 0.0000886,
            "cnames": [],
            "responseHashes": [
                "e8b6100c929eb1e0278da44ce115fa7dead670b25a5ded1b49ab19f0c7403fce",
                "66db4de0d9052a989e79f9a2618a92a8219e76522eb700c9c95914f12e6edaa7",
                "51caa765afce9a253c47aa927438f37ac6e037ccb5b85ea96907e7332c5433a2",
                "66213846e17f9adbd19775003aee226934149c33ff16ab3055893779583ebe6d",
                "5e600caf43fd1c94ef5aedd9be8b461fc7ad10fbb5819c8b983df4ba582b2cb7",
                "56cf4aa32f5d0c3e2bd93199cc214e29e5d7c22b46ed0d1ff69a6adc69197b55",
                "0177993aa926fa9780e437dc8b13d83d5191c2ce9ecd268a214ba55184a48dc4",
                "aa26b607cfe0d16e89621abe39c712caeaa1e9fd7788fa66ddae2dc411527f4e",
                "44deeaf7cd71e5581427c98ec0039cf8ee2c40267779b6ea6d2db3d87ffdd227",
                "d17dcf75f4cb66912e5815cf060355b28e526ffd83f3bd92269322b6f583f92c",
                "d166e1c7f58741a5beb89e32dd3ce79e39f5f2c207f7ad19a05f6084feb297f6"
            ],
            "type": "Document",
            "firstPartyCookies": {},
            "firstPartyCookiesSent": {},
            "exampleSites": [
                "cockyboys.com",
                "forums.justusboys.com",
                "listings.cruisingforsex.com",
                "sexcams-24.com",
                "voyeurhouse.com",
                "www.adam4adam.com",
                "www.gamelink.com",
                "www.justusboys.com",
                "www.lucasentertainment.com",
                "www.onlydudes.com",
                "www.queermenow.net",
                "www.rockettube.com",
                "www.xmovies.com"
            ]
        },
        {
            "rule": "vs3\\.com\\/xml\\/live-video-ads\\.php",
            "cookies": 0.0000205,
            "fingerprinting": 0,
            "subdomains": [
                "secure"
            ],
            "apis": {},
            "sites": 3,
            "prevalence": 0.0000205,
            "cnames": [],
            "responseHashes": [
                "9768b7ac8ebe509d2062a4711bdc22b921ee41e51cac6d1c394bfc03cbecc94f",
                "917bd5e6c38b4fbd8b180c8464f5f5250d80624b4e08fbe12ceb5515cfa3043d"
            ],
            "type": "Fetch",
            "firstPartyCookies": {},
            "firstPartyCookiesSent": {},
            "exampleSites": [
                "cockyboys.com",
                "voyeurhouse.com",
                "www.lucasentertainment.com"
            ]
        },
        {
            "rule": "vs3\\.com\\/promos\\/images\\.php",
            "cookies": 0.0000136,
            "fingerprinting": 0,
            "subdomains": [],
            "apis": {},
            "sites": 2,
            "prevalence": 0.0000136,
            "cnames": [],
            "responseHashes": [
                "a07bda2c1e652140380a005d9c1c21d2c1aa7eb24d5b1ca5bba16a326a717b42"
            ],
            "type": "Image",
            "firstPartyCookies": {},
            "firstPartyCookiesSent": {},
            "exampleSites": [
                "cruisingforsex.com",
                "listings.cruisingforsex.com"
            ]
        },
        {
            "rule": "vs3\\.com\\/",
            "cookies": 0,
            "fingerprinting": 0,
            "subdomains": [
                "td"
            ],
            "apis": {},
            "sites": 4,
            "prevalence": 0.0000273,
            "cnames": [],
            "responseHashes": [],
            "type": "Document",
            "firstPartyCookies": {},
            "firstPartyCookiesSent": {},
            "exampleSites": [
                "u-porno.com",
                "www.nudejet.com",
                "www.pornorama.com",
                "www.xvideos5.tv"
            ]
        }
    ],
    "categories": [],
    "performance": {},
    "cookies": 0.0000614,
    "topInitiators": [
        {
            "domain": "first party",
            "prevalence": 0.86
        },
        {
            "domain": "orbsrv.com",
            "prevalence": 0.08
        },
        {
            "domain": "vscdns.com",
            "prevalence": 0.06
        }
    ],
    "types": {
        "Document": 17,
        "Fetch": 3,
        "Image": 2
    },
    "nameservers": [
        "ns-218.awsdns-27.com",
        "ns-1789.awsdns-31.co.uk",
        "ns-1233.awsdns-26.org",
        "ns-893.awsdns-47.net"
    ]
}