{
    "domain": "vuukle.net",
    "owner": {},
    "source": [
        "DuckDuckGo-US"
    ],
    "prevalence": 0.000238,
    "sites": 35,
    "subdomains": [
        "cpm"
    ],
    "cnames": [],
    "fingerprinting": 0,
    "resources": [
        {
            "rule": "vuukle\\.net\\/hb",
            "cookies": 0,
            "fingerprinting": 0,
            "subdomains": [
                "cpm"
            ],
            "apis": {},
            "sites": 31,
            "prevalence": 0.000211,
            "cnames": [],
            "responseHashes": [
                "5720239ba38b2e7ebb7e7d44acb06085c3fe01ee5bfd94362de687dc9e8802cf",
                "9f7041c0d031522409dcfc324aa2a47bcc8cef2976dffaea17d5ec5945c1c57f",
                "7cbaf0112735fe55ed68534953f2a383c1fa0037b3d7b5775fc83062d3d0dec0",
                "822c7cd10cafe8c6e92da176809161dbee583e68959a364362fec86b8cdefdd6",
                "fb763ccbf9d9d9fb9ec074d3a16a2962352c240838c08c1092fd9f5a1039298f",
                "efe5985edada09a4f6198e5617e9c05468986c2c3b3d7ad0cc36fdc345989376",
                "112fb02b409d0bd561c5fedf3c28aa685c73db2890c690f7750042d0a18a7884",
                "4c4764565d607d9d0b53f6c4d911737930a0b5eeee47286fcc2650cd30bb55ee",
                "61be1e2eb6833940d830bd510a93d5afba60397e21adf72e81682bda7ea25f63",
                "0962a3c7c3c28765809b31ed3c3d29657ff6fec32e4feba89351e691d2c1a8c8",
                "de797f2b482041de0d0c3c7e7a9be53f0c9f6c4d30a9e34287df752c1dfaf1c7",
                "c9772950e23fb61840db70b3f4fc15ec6783e170291f37da061148f0517d6ef3",
                "98d1f2e9156cabcb1a1e0cd5ff49a5f164bd995551ed967526097020096cff1b",
                "c9ba42e2325624d254011dca0bcbe70accb2810b4dd023d7ff293e1b168693c6",
                "e37521884a68ff2ce4d8d99fccae521b57ee28285ee79cfcc54a2ea4564c4785",
                "08a623037628b42e3cab19f8086c7cda8a3002bddf8d6b830f05da3446f6e582",
                "13ffb0abebe669172381cde8445a586e52d7606284f2f0953a5a9cd3ea649158",
                "d3bb84107b7a8f593759a02e43cd1cb39e983a96ee63bdf3798c2c35e3bab5b4",
                "165eb0106a0f6236dd6fd369f1e99e0ea59db3294ad0c7ae3da7f7f0088afd56",
                "ad79f585e74ca1346e292574c02cdf2eaa091b274514a4e7178307c6fe0cf0f5",
                "75384cfe7181d2ece88c9ebb2e65f35dd3ff1c45e4ceb93e239c05897fbf1d3c",
                "18d36fac95ef305f43354140ab004fd0516b747c84afd1efa9df1dd2422ea398",
                "f97eef975d1f816acb4bf891b8bdc18a54d0e921e70bf3bd4544c6cfcfd03be1"
            ],
            "type": "XHR",
            "firstPartyCookies": {},
            "firstPartyCookiesSent": {},
            "exampleSites": [
                "nbc-2.com",
                "hindi.webdunia.com",
                "www.player.one",
                "www.deccanherald.com",
                "www.thephoblographer.com",
                "theaviationist.com",
                "www.gizchina.com",
                "refdesk.com",
                "thesource.com",
                "www.deccanchronicle.com",
                "www.irishcentral.com",
                "usa.inquirer.net",
                "www.politicalflare.com",
                "interaksyon.philstar.com",
                "littlethings.com",
                "www.sportsmole.co.uk",
                "timesofsandiego.com",
                "www.gulte.com",
                "abc-7.com",
                "britishheritage.com"
            ]
        },
        {
            "rule": "vuukle\\.net\\/user-synced",
            "cookies": 0.0000136,
            "fingerprinting": 0,
            "subdomains": [
                "cpm"
            ],
            "apis": {},
            "sites": 2,
            "prevalence": 0.0000136,
            "cnames": [],
            "responseHashes": [],
            "type": "Document",
            "firstPartyCookies": {},
            "firstPartyCookiesSent": {},
            "exampleSites": [
                "asianetnews.com",
                "www.pythonforbeginners.com"
            ]
        }
    ],
    "categories": [],
    "performance": {},
    "cookies": 0.0000136,
    "topInitiators": [
        {
            "domain": "vuukle.com",
            "prevalence": 0.8695652173913043
        },
        {
            "domain": "vntsm.com",
            "prevalence": 0.06521739130434782
        },
        {
            "domain": "adkernel.com",
            "prevalence": 0.043478260869565216
        },
        {
            "domain": "first party",
            "prevalence": 0.021739130434782608
        }
    ],
    "types": {
        "XHR": 31,
        "Document": 2
    },
    "nameservers": [
        "carl.ns.cloudflare.com",
        "emma.ns.cloudflare.com"
    ]
}