{
    "domain": "webstats1.com",
    "owner": {},
    "source": [
        "DuckDuckGo-US"
    ],
    "prevalence": 0.0000954,
    "sites": 14,
    "subdomains": [],
    "cnames": [],
    "fingerprinting": 0,
    "resources": [
        {
            "rule": "webstats1\\.com\\/www\\/delivery\\/afr\\.php",
            "cookies": 0.0000954,
            "fingerprinting": 0,
            "subdomains": [],
            "apis": {},
            "sites": 14,
            "prevalence": 0.0000954,
            "cnames": [],
            "responseHashes": [
                "de6efd04ac184ddcc5ed8a8545b5bcfbcfe15f5d955b675e331da8623ff78998",
                "e8b2bfbc4891862e3459e7215466109ee6e57d51144423d026e0ff29bd84f049",
                "e2fa2f5bc6c82784a3fde3ebf9602c548d39f231c18f72313b49c07ac6b174d2",
                "1c0d37a8cf7d1914a7ec61ed319a792041315dcf4bb0ac69f04fc9ab416ba05c",
                "7ad0b69a967c37d18f8c4b168e7c4d762b4f9d5986258c0c3e7aedd3ed51898e",
                "291f83cc06b1d34ea1203bde8c3f44b366d1ea62498017cd267ecfcbacf096dd",
                "3f27d1a06470f3725ff8296bae4ce43760b28d04aad9829b69f76450f7029fa8",
                "d7fd7ed1b2b2a827cffb1a2ba1d16f2f1f216ff1d69a1b7778b2d0cc1f130610",
                "15f742507f2714cac93d804244e2fb90f2aeaa731f4091ae1f8801670ce44b59",
                "db44955e079841133fddd11ebb0f2954688cfc7752fc60e7a592331b4d9f3708",
                "c38e8d9c8da8ed143a887091de09b76bf07b7f6f1f49f08f78221c3c6913fc31",
                "1f958eef86a6948eb1f4d848a25c2aa9505005860411e2dc148fd0e26fb6cfb3",
                "60b6d2d9905577a2934dcd31e53e0f724217ebbd83b1979b8211d5486e766fe5"
            ],
            "type": "Document",
            "firstPartyCookies": {},
            "firstPartyCookiesSent": {},
            "exampleSites": [
                "hentaikai.com",
                "hentailegendado.com",
                "hqhentai.online",
                "mangashentais.com",
                "meuhentai.com",
                "putaxvideos.com",
                "www.assistirhentai.com",
                "www.casadoscontos.com.br",
                "www.hentaihome.net",
                "www.hentaistube.com",
                "www.mixputaria.com",
                "www.muitohentai.com",
                "www.naoconto.com",
                "www.sonovinhasbr.com"
            ]
        },
        {
            "rule": "webstats1\\.com\\/www\\/images\\/c8e4872cb84b8e5e6fed3fd26e6c4250\\.jpg",
            "cookies": 0,
            "fingerprinting": 0,
            "subdomains": [],
            "apis": {},
            "sites": 2,
            "prevalence": 0.0000136,
            "cnames": [],
            "responseHashes": [
                "01bf0f612ab6be09fcdb495725913720eb38229f53919a33c567f112b764ef4b"
            ],
            "type": "Image",
            "firstPartyCookies": {},
            "firstPartyCookiesSent": {},
            "exampleSites": [
                "hentaikai.com",
                "www.naoconto.com"
            ]
        },
        {
            "rule": "webstats1\\.com\\/www\\/delivery\\/lg\\.php",
            "cookies": 0.0000954,
            "fingerprinting": 0,
            "subdomains": [],
            "apis": {},
            "sites": 14,
            "prevalence": 0.0000954,
            "cnames": [],
            "responseHashes": [
                "e963e7196beb9123059ec3534b042ebcd1ef0a470fa568bfbebfeab2f33c4fda"
            ],
            "type": "Image",
            "firstPartyCookies": {},
            "firstPartyCookiesSent": {
                "lotame_domain_check": 0.000020449061388082287
            },
            "exampleSites": [
                "hentaikai.com",
                "hentailegendado.com",
                "hqhentai.online",
                "mangashentais.com",
                "meuhentai.com",
                "putaxvideos.com",
                "www.assistirhentai.com",
                "www.casadoscontos.com.br",
                "www.hentaistube.com",
                "www.hentaihome.net",
                "www.mixputaria.com",
                "www.muitohentai.com",
                "www.naoconto.com",
                "www.sonovinhasbr.com"
            ]
        },
        {
            "rule": "webstats1\\.com\\/cdn-cgi\\/challenge-platform\\/scripts\\/jsd\\/main\\.js",
            "cookies": 0,
            "fingerprinting": 0,
            "subdomains": [],
            "apis": {},
            "sites": 14,
            "prevalence": 0.0000954,
            "cnames": [],
            "responseHashes": [
                "9b404b3a16b4fac8eb21139fc565377fa05f47c150eeddce7a9a9bc853acce6d",
                "4c6d027fa6bc0021b20b8e767fc3379794e153440e947b2e5f0f7bfcc630ce31",
                "3a85a9463790535595c9996735a4ef6e11b1f61a29787842f272cbe39754fb03",
                "07765b6f7cd721563af73a3ee80ecf2649381f4899788481df3f80096e01fec2",
                "8e2e012d671265aaad2b5e42edaa9c1ab6b3d19e2f8aba2c0518584ce9d378ae",
                "c812323653e21b9944a4bfc4be52782305b53e08ee5c096889641db6767a6309",
                "205529a599c67a5c1e431666b14b9164ce93a98709626694cb3ea38cb9ac0f52",
                "da9fa1ed7c19e9f6468e753411b2d950e8ef675c8270be73c888dede41085027",
                "ad4efa0ac2e20a10612d75471b2693363df77eb44e4d7e783e0dbc0be4c3c0ca"
            ],
            "type": "Script",
            "firstPartyCookies": {},
            "firstPartyCookiesSent": {},
            "exampleSites": [
                "hentaikai.com",
                "hentailegendado.com",
                "hqhentai.online",
                "mangashentais.com",
                "meuhentai.com",
                "putaxvideos.com",
                "www.assistirhentai.com",
                "www.casadoscontos.com.br",
                "www.hentaistube.com",
                "www.hentaihome.net",
                "www.mixputaria.com",
                "www.muitohentai.com",
                "www.naoconto.com",
                "www.sonovinhasbr.com"
            ]
        },
        {
            "rule": "webstats1\\.com\\/cdn-cgi\\/challenge-platform\\/h\\/g\\/scripts\\/jsd\\/3e377faf\\/main\\.js",
            "cookies": 0,
            "fingerprinting": 0,
            "subdomains": [],
            "apis": {},
            "sites": 14,
            "prevalence": 0.0000954,
            "cnames": [],
            "responseHashes": [
                "30f561548fea2882a12415902447891330e59d66a9587afc69b33da6ef57a627",
                "9b404b3a16b4fac8eb21139fc565377fa05f47c150eeddce7a9a9bc853acce6d",
                "4c6d027fa6bc0021b20b8e767fc3379794e153440e947b2e5f0f7bfcc630ce31",
                "3a85a9463790535595c9996735a4ef6e11b1f61a29787842f272cbe39754fb03",
                "07765b6f7cd721563af73a3ee80ecf2649381f4899788481df3f80096e01fec2",
                "69fe0b151534bc8dcc7f4c2dc989bcb0ff2f35ac021a847acaaef5fa7570ac55",
                "8e2e012d671265aaad2b5e42edaa9c1ab6b3d19e2f8aba2c0518584ce9d378ae",
                "c812323653e21b9944a4bfc4be52782305b53e08ee5c096889641db6767a6309",
                "205529a599c67a5c1e431666b14b9164ce93a98709626694cb3ea38cb9ac0f52",
                "da9fa1ed7c19e9f6468e753411b2d950e8ef675c8270be73c888dede41085027",
                "d3ed8b51d3b292b0f63da0283430f3e7a3477c2db9d5ae56d5dff87cc6484e3d",
                "ad4efa0ac2e20a10612d75471b2693363df77eb44e4d7e783e0dbc0be4c3c0ca",
                "8320d3a8d8f46ea4893af0bbf66e633cf39688c5d77bd6f9f42f4b968ed5ac6f"
            ],
            "type": "Script",
            "firstPartyCookies": {},
            "firstPartyCookiesSent": {},