{
    "domain": "webtrends-optimize.workers.dev",
    "owner": {},
    "source": [
        "DuckDuckGo-US"
    ],
    "prevalence": 0.000129,
    "sites": 19,
    "subdomains": [
        "wt-lib-v5-6",
        "wt-lib-v5-7",
        "geo_sizzle",
        "wt-lib-v5-3",
        "wt-lib-plt"
    ],
    "cnames": [],
    "fingerprinting": 2,
    "resources": [
        {
            "rule": "webtrends-optimize\\.workers\\.dev\\/",
            "cookies": 0.0000681,
            "fingerprinting": 2,
            "subdomains": [
                "wt-lib-v5-6",
                "wt-lib-v5-7",
                "geo_sizzle",
                "wt-lib-v5-3",
                "wt-lib-plt"
            ],
            "apis": {
                "Navigator.prototype.userAgent": 11,
                "window.name": 11,
                "Date.prototype.getTime": 12,
                "Document.cookie getter": 11,
                "Date.prototype.getTimezoneOffset": 12,
                "Document.cookie setter": 10,
                "window.localStorage": 3
            },
            "sites": 13,
            "prevalence": 0.0000885,
            "cnames": [],
            "responseHashes": [
                "0b398674f97a7ec614cef1d65bc0ecbfcf64356ec9936b18b604f1dc78cdf1c4",
                "c1dd6e0af4a475ab10019f15c2975e237509347a50f7517c86708e70f9f5b393",
                "e370582c42df69de67ecf0e2055eed1e409893a3568efb00fe892755c4bba1fa",
                "1eb3f733b92da7d0e7c13236018cda0abfbab84e1e3ad0d5052f8b57e828e3d5"
            ],
            "type": "Script",
            "firstPartyCookies": {
                "_wt.mode-2363422": {
                    "ttl": null,
                    "length": 15,
                    "prevalence": 0.000006807583648184077,
                    "uniqueness": 1
                },
                "_wt.user-2363422": {
                    "ttl": 7776002,
                    "length": 111,
                    "prevalence": 0.000006807583648184077,
                    "uniqueness": 1
                },
                "_wt.mode-2269750": {
                    "ttl": null,
                    "length": 15,
                    "prevalence": 0.000006807583648184077,
                    "uniqueness": 1
                },
                "_wt.user-2269750": {
                    "ttl": 7776004,
                    "length": 267,
                    "prevalence": 0.000006807583648184077,
                    "uniqueness": 1
                },
                "_wt.mode-2181352": {
                    "ttl": null,
                    "length": 15,
                    "prevalence": 0.000006807583648184077,
                    "uniqueness": 1
                },
                "_wt.user-2181352": {
                    "ttl": 7776002,
                    "length": 111,
                    "prevalence": 0.000006807583648184077,
                    "uniqueness": 1
                },
                "_wt.mode-2297846": {
                    "ttl": null,
                    "length": 15,
                    "prevalence": 0.000006807583648184077,
                    "uniqueness": 1
                },
                "_wt.user-2297846": {
                    "ttl": 7776004,
                    "length": 235,
                    "prevalence": 0.000006807583648184077,
                    "uniqueness": 1
                },
                "_wt.mode-2241432": {
                    "ttl": null,
                    "length": 15,
                    "prevalence": 0.000006807583648184077,
                    "uniqueness": 1
                },
                "_wt.user-2241432": {
                    "ttl": 7776007,
                    "length": 211,
                    "prevalence": 0.000006807583648184077,
                    "uniqueness": 1
                },
                "_wt.control-2241432-ta_M4U_006497": {
                    "ttl": 7776008,
                    "length": 275,
                    "prevalence": 0.000006807583648184077,
                    "uniqueness": 1
                },
                "_wt.control-2241432-ta_M4U_003181": {
                    "ttl": 7776008,
                    "length": 275,
                    "prevalence": 0.000006807583648184077,
                    "uniqueness": 1
                },
                "_wt.control-2241432-ta_AA": {
                    "ttl": 7776008,
                    "length": 275,
                    "prevalence": 0.000006807583648184077,
                    "uniqueness": 1
                },
                "_wt.control-2241432-ta_M4U_002661_V2": {
                    "ttl": 7776007,
                    "length": 255,
                    "prevalence": 0.000006807583648184077,
                    "uniqueness": 1
                },
                "_wt.mode-2180214": {
                    "ttl": null,
                    "length": 15,
                    "prevalence": 0.00002042275094455223,
                    "uniqueness": 0.3333333333333333
                },
                "_wt.user-2180214": {
                    "ttl": 604806,
                    "length": 233,
                    "prevalence": 0.000013615167296368154,
                    "uniqueness": 1
                },
                "threeDSFlex_enabled": {
                    "ttl": 86406,
                    "length": 1,
                    "prevalence": 0.000006807583648184077,
                    "uniqueness": 1
                },
                "_wt.mode-2329783": {
                    "ttl": null,
                    "length": 15,
                    "prevalence": 0.000006807583648184077,
                    "uniqueness": 1
                },
                "_wt.user-2329783": {
                    "ttl": 5184003,
                    "length": 211,
                    "prevalence": 0.000006807583648184077,
                    "uniqueness": 1
                },
                "_wt.control-2329783-ta_AA": {
                    "ttl": 5184003,
                    "length": 275,
                    "prevalence": 0.000006807583648184077,
                    "uniqueness": 1
                },
                "_wt.control-2329783-ta_SCO_007598": {
                    "ttl": 5184003,
                    "length": 255,
                    "prevalence": 0.000006807583648184077,
                    "uniqueness": 1
                },
                "_wt.control-2329783-ta_SCO_007409": {
                    "ttl": 5184003,
                    "length": 275,
                    "prevalence": 0.000006807583648184077,
                    "uniqueness": 1
                },
                "_wt.control-2329783-ta_SCO_007639": {
                    "ttl": 5184003,
                    "length": 255,
                    "prevalence": 0.000006807583648184077,
                    "uniqueness": 1
                },
                "_wt.control-2329783-ta_SCO_006729": {
                    "ttl": 5184003,
                    "length": 275,
                    "prevalence": 0.000006807583648184077,
                    "uniqueness": 1
                },
                "_wt.mode-1679805": {
                    "ttl": null,
                    "length": 15,
                    "prevalence": 0.000006807583648184077,
                    "uniqueness": 1
                },
                "_wt.user-1679805": {
                    "ttl": 7776003,
                    "length": 227,
                    "prevalence": 0.000006807583648184077,
                    "uniqueness": 1
                },
                "_wt.control-1679805-ta_722ChatbotonFAQ11phase2_0": {
                    "ttl": 7776003,
                    "length": 255,
                    "prevalence": 0.000006807583648184077,
                    "uniqueness": 1
                }
            },
            "firstPartyCookiesSent": {},