{
    "domain": "wheelio-app.com",
    "owner": {},
    "source": [
        "DuckDuckGo-US"
    ],
    "prevalence": 0.00017,
    "sites": 25,
    "subdomains": [
        "dashboard"
    ],
    "cnames": [],
    "fingerprinting": 0,
    "resources": [
        {
            "rule": "wheelio-app\\.com\\/api\\/wheelioapp\\/getsettings",
            "cookies": 0.000129,
            "fingerprinting": 0,
            "subdomains": [
                "dashboard"
            ],
            "apis": {},
            "sites": 19,
            "prevalence": 0.000129,
            "cnames": [],
            "responseHashes": [
                "19a0e55d8faf1443f90355e5e4e81c397cfee739ce5b8fa362581adb9ba29c47",
                "85bb4474d7af1cae40eaa1af035e474e9bfbab1be1ba31894dd21621786dc2cd",
                "8411c82b7011be13d2af9f4fbf47846f1bdf9a184e37435fbfec18c830465707",
                "7039c3df1d92cf45afbc1043f3da9760b26ed32cbc9df64e19fcbebe0a5b26aa",
                "128f01f2172fe330919fa72a704b957476d078d8e08bd08f327620db2f4b6790",
                "1d017c5a351a532452949e8e416ff0f3649362e8ad5dc6d621f8715c2d413e27",
                "18d527cfbf0587ec2b104b9f8ddf1fb7c7dae7b4638db6cd7455103f1dadda74",
                "8e4000aecf0954a5e7951fdcdd978a4be716c43e7164412a978995f0749dc802",
                "9d8e75785935cb77b9eb0e94f00804fe4029d20b634802de1f315657afe35210",
                "580c2b2e66357c83f36eaf72cfbfdd2afe58545b9cb507cf3ce745f113693c3e",
                "30190e35d5e788daf3eb9c97103d919d17bcc560345dba94144bc890b4db0c62",
                "dc3b76f7a5e0086d44e4e145902bd6e0d7663243617e5f926294393c0d39d203",
                "781834c1eeeb7cbf795e86dd2e9e3e1ca00138f5d9448df4c60c09fdc4a9c741",
                "70c25e3cbc8b1f60008e359910c6809cfedd463f12750a935fd59487e764cc39",
                "0286e868c9555dcd90a7e70ff987460dd497fcebd9caac3c072488598b7c4f9a",
                "e6e41fa2aca03af70ea7733690b74f1f2f65da58a911299f42d6a4b51088b13f",
                "1b2463bddc00873d614501a922140a78e9d20152a9e29691f795d7f9841c4c3b"
            ],
            "type": "Script",
            "firstPartyCookies": {},
            "firstPartyCookiesSent": {
                "LD_U": 0.000006807583648184077,
                "IR_gbd": 0.000006807583648184077
            },
            "exampleSites": [
                "anthonysgoods.com",
                "beddys.com",
                "filtersmart.com",
                "lockthecock.com",
                "longaberger.com",
                "lovegasm.co",
                "nassaunationalcable.com",
                "pawsafe.com",
                "redcon1.com",
                "skinkraft.com",
                "sovol3d.com",
                "thecrystalcouncil.com",
                "tomskey.com",
                "totalchastity.com",
                "www.gonoise.com",
                "www.hilohattie.com",
                "www.horoscope.fr",
                "www.shelly.cloud",
                "www.taotronics.com"
            ]
        }
    ],
    "categories": [],
    "performance": {},
    "cookies": 0.00017,
    "topInitiators": [
        {
            "domain": "azureedge.net",
            "prevalence": 0.8461538461538461
        },
        {
            "domain": "yottaa.com",
            "prevalence": 0.07692307692307693
        },
        {
            "domain": "osano.com",
            "prevalence": 0.07692307692307693
        }
    ],
    "types": {
        "Script": 19
    },
    "nameservers": [
        "ns67.domaincontrol.com",
        "ns68.domaincontrol.com"
    ]
}