{
    "domain": "wheelio-app.com",
    "owner": {},
    "source": [
        "DuckDuckGo-US"
    ],
    "prevalence": 0.000184,
    "sites": 27,
    "subdomains": [
        "dashboard"
    ],
    "cnames": [],
    "fingerprinting": 0,
    "resources": [
        {
            "rule": "wheelio-app\\.com\\/api\\/wheelioapp\\/getsettings",
            "cookies": 0.00013,
            "fingerprinting": 0,
            "subdomains": [
                "dashboard"
            ],
            "apis": {},
            "sites": 19,
            "prevalence": 0.00013,
            "cnames": [],
            "responseHashes": [
                "036885d8b41314960bd5f2d8fc872ebdfdd60b7934b00d11efc97d8428b08d85",
                "232b7d562e40dec017b74a3e1f21b789aed746fd2b5797f640c9a5de828f7387",
                "7e79175265be599838a4a86afdcf4eb858cf3dba602a3b4374dcfc8f2f6f1776",
                "c371997656843f658863d8324c484f600f30225c3d60a9e06d3d9de1420de7ed",
                "d489608945db784813f4457d0c93d6a2af97b6620d0b228d1561cec496bbae16",
                "41fe9094d73931213417cafc57960944b26bb5b9c8a805bf7eba44461df287f5",
                "59537aa6eec1d83b2b0fa53110d0848ce51cc038354ac2b83a16b04ad589edbb",
                "5d4b3725d9d35ba15d55fcef90f4f5786f8a807c0c8c2e2bdb8c9f203b95e3a1",
                "e72966742d0c012f2653f0ab08ca61be49353c0022b837e366f31ad8c0b3ae92",
                "52a8db8cccadddf78260a7b27277b59342b4ec7a5196a08c0d675ba61b264c63",
                "cdd43004dedd083fa59460e196b21bff47cefb0b47677d2b1815961562117431",
                "66c8ab1d986077d3116b9e5b8ed3eb8036993a6aa4d8e686b86ca97e39df3d28",
                "0cb36404a7f0008827cd24e234905a9d350d7ca441286a937fc970b1a30e666d",
                "45ba2535935afa901a9b0e1cd60686aa24b06c2fb7221725c1c541f7847e1dba",
                "98e5a2b6cb22d2b9cb27b0d832df3ab249f71d614a01d74fe096dc86ced265ce",
                "677f75ed690b06aebf50f509338fd5aa67dd8e8720c3e81c4cb18ebaed5ae307",
                "9af48e90c624a00049c72fd52a98095b19a46f86587930f91e6886516b43f2cd"
            ],
            "type": "Script",
            "firstPartyCookies": {},
            "firstPartyCookiesSent": {
                "LD_U": 0.000006816632583503749
            },
            "exampleSites": [
                "anthonysgoods.com",
                "audio46.com",
                "beddys.com",
                "darkestfox.com",
                "filtersmart.com",
                "kutfromthekloth.com",
                "lockthecock.com",
                "longaberger.com",
                "lovegasm.co",
                "nassaunationalcable.com",
                "pawsafe.com",
                "redcon1.com",
                "skinkraft.com",
                "thecrystalcouncil.com",
                "totalchastity.com",
                "www.gonoise.com",
                "www.horoscope.fr",
                "www.ravpower.com",
                "www.taotronics.com"
            ]
        }
    ],
    "categories": [],
    "performance": {},
    "cookies": 0.000184,
    "topInitiators": [
        {
            "domain": "azureedge.net",
            "prevalence": 1
        }
    ],
    "types": {
        "Script": 19
    },
    "nameservers": [
        "ns68.domaincontrol.com",
        "ns67.domaincontrol.com"
    ]
}