{
    "domain": "wpnsrv.com",
    "owner": {},
    "source": [
        "DuckDuckGo-US"
    ],
    "prevalence": 0.000742,
    "sites": 109,
    "subdomains": [
        "js"
    ],
    "cnames": [],
    "fingerprinting": 1,
    "resources": [
        {
            "rule": "wpnsrv\\.com\\/pn\\.php",
            "cookies": 0.000374,
            "fingerprinting": 1,
            "subdomains": [
                "js"
            ],
            "apis": {
                "Document.cookie getter": 57,
                "Navigator.prototype.userAgent": 54,
                "Notification.permission": 58,
                "Document.cookie setter": 55
            },
            "sites": 72,
            "prevalence": 0.00049,
            "cnames": [],
            "responseHashes": [
                "29f1c2a9b9054bca8f1e0e5256bf0aa6afc6a52c3be4d26c0973d427ed37c3f0"
            ],
            "type": "Script",
            "firstPartyCookies": {
                "pn-zone-5005292": {
                    "ttl": 3888003,
                    "length": 13,
                    "prevalence": 0.000006807583648184077,
                    "uniqueness": 1
                },
                "pn-zone-3389741": {
                    "ttl": 3888004,
                    "length": 13,
                    "prevalence": 0.000006807583648184077,
                    "uniqueness": 1
                },
                "pn-zone-3498171": {
                    "ttl": 3888002,
                    "length": 13,
                    "prevalence": 0.000006807583648184077,
                    "uniqueness": 1
                },
                "pn-zone-4016278": {
                    "ttl": 3888009,
                    "length": 13,
                    "prevalence": 0.000006807583648184077,
                    "uniqueness": 1
                },
                "pn-zone-4275836": {
                    "ttl": 3888002,
                    "length": 13,
                    "prevalence": 0.000006807583648184077,
                    "uniqueness": 1
                },
                "pn-zone-4241450": {
                    "ttl": 3888002,
                    "length": 13,
                    "prevalence": 0.000006807583648184077,
                    "uniqueness": 1
                },
                "pn-zone-3666199": {
                    "ttl": 3888002,
                    "length": 13,
                    "prevalence": 0.000006807583648184077,
                    "uniqueness": 1
                },
                "pn-zone-3199593": {
                    "ttl": 3888001,
                    "length": 13,
                    "prevalence": 0.000034037918240920386,
                    "uniqueness": 1
                },
                "pn-zone-3231172": {
                    "ttl": 3888003,
                    "length": 13,
                    "prevalence": 0.000013615167296368154,
                    "uniqueness": 1
                },
                "pn-zone-3510151": {
                    "ttl": 3888001,
                    "length": 13,
                    "prevalence": 0.000006807583648184077,
                    "uniqueness": 1
                },
                "pn-zone-4795272": {
                    "ttl": 3888002,
                    "length": 13,
                    "prevalence": 0.000013615167296368154,
                    "uniqueness": 1
                },
                "pn-zone-4809878": {
                    "ttl": 3888001,
                    "length": 13,
                    "prevalence": 0.000006807583648184077,
                    "uniqueness": 1
                },
                "pn-zone-4623392": {
                    "ttl": 3888001,
                    "length": 13,
                    "prevalence": 0.000006807583648184077,
                    "uniqueness": 1
                },
                "pn-zone-3710063": {
                    "ttl": 3888002,
                    "length": 13,
                    "prevalence": 0.000006807583648184077,
                    "uniqueness": 1
                },
                "pn-zone-4022684": {
                    "ttl": 3888001,
                    "length": 13,
                    "prevalence": 0.000006807583648184077,
                    "uniqueness": 1
                },
                "pn-zone-4623404": {
                    "ttl": 3888001,
                    "length": 13,
                    "prevalence": 0.000006807583648184077,
                    "uniqueness": 1
                },
                "pn-zone-3169187": {
                    "ttl": 3888005,
                    "length": 13,
                    "prevalence": 0.000013615167296368154,
                    "uniqueness": 1
                },
                "pn-zone-3791967": {
                    "ttl": 3888003,
                    "length": 13,
                    "prevalence": 0.000006807583648184077,
                    "uniqueness": 1
                },
                "pn-zone-3765051": {
                    "ttl": 3888004,
                    "length": 13,
                    "prevalence": 0.000006807583648184077,
                    "uniqueness": 1
                },
                "pn-zone-3884584": {
                    "ttl": 3888002,
                    "length": 13,
                    "prevalence": 0.000006807583648184077,
                    "uniqueness": 1
                },
                "pn-zone-3898280": {
                    "ttl": 3888001,
                    "length": 13,
                    "prevalence": 0.000006807583648184077,
                    "uniqueness": 1
                },
                "pn-zone-4983300": {
                    "ttl": 3888000,
                    "length": 13,
                    "prevalence": 0.000006807583648184077,
                    "uniqueness": 1
                },
                "pn-zone-4983200": {
                    "ttl": 3888000,
                    "length": 13,
                    "prevalence": 0.000006807583648184077,
                    "uniqueness": 1
                },
                "pn-zone-4220540": {
                    "ttl": 3888004,
                    "length": 13,
                    "prevalence": 0.000006807583648184077,
                    "uniqueness": 1
                },
                "pn-zone-4795286": {
                    "ttl": 3888000,
                    "length": 13,
                    "prevalence": 0.000006807583648184077,
                    "uniqueness": 1
                },
                "pn-zone-4795570": {
                    "ttl": 3888003,
                    "length": 13,
                    "prevalence": 0.000006807583648184077,
                    "uniqueness": 1
                },
                "pn-zone-4795556": {
                    "ttl": 3888001,
                    "length": 13,
                    "prevalence": 0.000006807583648184077,
                    "uniqueness": 1
                },
                "pn-zone-4794988": {
                    "ttl": 3888002,
                    "length": 13,
                    "prevalence": 0.00002042275094455223,
                    "uniqueness": 1
                },
                "pn-zone-4305016": {
                    "ttl": 3888001,
                    "length": 13,
                    "prevalence": 0.000006807583648184077,
                    "uniqueness": 1
                },
                "pn-zone-4947244": {
                    "ttl": 3888000,
                    "length": 13,
                    "prevalence": 0.000006807583648184077,
                    "uniqueness": 1
                },
                "pn-zone-4167962": {
                    "ttl": 3888001,
                    "length": 13,
                    "prevalence": 0.000006807583648184077,
                    "uniqueness": 1
                },
                "pn-zone-4986658": {
                    "ttl": 3888000,
                    "length": 13,
                    "prevalence": 0.000006807583648184077,