{
    "domain": "wsknow.net",
    "owner": {},
    "source": [
        "DuckDuckGo-US"
    ],
    "prevalence": 0.000116,
    "sites": 17,
    "subdomains": [],
    "cnames": [],
    "fingerprinting": 0,
    "resources": [
        {
            "rule": "wsknow\\.net\\/jssdk\\/track\\/",
            "cookies": 0,
            "fingerprinting": 0,
            "subdomains": [],
            "apis": {},
            "sites": 14,
            "prevalence": 0.0000955,
            "cnames": [],
            "responseHashes": [
                "ea156748b4081788813dd730bdd536ae3b3b2fbb669d1c36f311a68e4976475d",
                "077fd189674930778dc6c78ce78dad3865430c41b1499e25c0d234f641a6a3cb",
                "41042332a76644bc79d9d6162c82f77abeb162f7189ded4383913d27cb3bc3f6",
                "df9703ffcc03d527f597772f470cb595ae80de11f1b322f2ea5e9b25ea48fb40",
                "dbda427986709f423adfa598621c44bc81441d11bb8454e8d13beb810b3ffaf5",
                "0e4defc5749a7e479ddef801cdb5e9be925f6cc9197e32cd35241733837bbf50",
                "ee5d8a4044f5dea49cc4302aaffd443804b51df6228255d6f5ac2fa963e991fc",
                "272a3785cd67d9be4c0c84210ace13de834d3bf070a54dce20baa15e009ace37",
                "11a67957b4dbf52428004feb270bcbeea52df7468b00144955aeddee1d84f32f",
                "ce71fc82bfde4f685926126cc25439d87b40b3e31942f4b03aac05889c941ef4",
                "df9adb4cee3992e2cbbf07a10a9b8c245dc16bf12605826197b4bc326c6f5b9e",
                "1c2da82ec55a8f1ab1c76c7f775e64b1d9cd6f6fc1d88e3a9148867cf2bc064a",
                "b89a095153283a82c281183a0dab964e5ef32ca4f6f5474bbbe7dbf80bff187c"
            ],
            "type": "XHR",
            "firstPartyCookies": {},
            "firstPartyCookiesSent": {},
            "exampleSites": [
                "safetydetectives.com",
                "de.safetydetectives.com",
                "de.wizcase.com",
                "deliveryrank.com",
                "fr.safetydetectives.com",
                "fr.wizcase.com",
                "fund.com",
                "ru.vpnmentor.com",
                "ru.wizcase.com",
                "www.safetydetectives.com",
                "www.vpnmentor.com",
                "www.websiteplanet.com",
                "www.wizcase.com",
                "zh.safetydetectives.com"
            ]
        }
    ],
    "categories": [],
    "performance": {},
    "cookies": 0,
    "topInitiators": [
        {
            "domain": "first party",
            "prevalence": 0.9047619047619048
        },
        {
            "domain": "dt2sdf0db8zob.cloudfront.net",
            "prevalence": 0.09523809523809523
        }
    ],
    "types": {
        "XHR": 14
    },
    "nameservers": [
        "anna.ns.cloudflare.com",
        "dan.ns.cloudflare.com"
    ]
}