{
    "domain": "wsod.com",
    "owner": {
        "name": "Markit Group Limited",
        "displayName": "Markit Group"
    },
    "source": [
        "DuckDuckGo-US"
    ],
    "prevalence": 0.000341,
    "sites": 50,
    "subdomains": [
        "ad",
        "tdameritrade"
    ],
    "cnames": [],
    "fingerprinting": 2,
    "resources": [
        {
            "rule": "wsod\\.com\\/pub\\/37693cfc748049e45d87b8c7d8b9aacd\\/0\\.0\\.async\\/",
            "cookies": 0,
            "fingerprinting": 2,
            "subdomains": [
                "ad"
            ],
            "apis": {
                "Navigator.prototype.mimeTypes": 19,
                "Screen.prototype.width": 19,
                "Screen.prototype.height": 19,
                "window.devicePixelRatio": 19
            },
            "sites": 19,
            "prevalence": 0.00013,
            "cnames": [],
            "responseHashes": [
                "9971b9308ea9aeaba9560fad46421a5296274aa6aef54ed46bc5fd6660e2923e",
                "4febf3d420fe9b882e1865ff87c3d684208bb03f9c841806481dfe02e3f740bc",
                "9920dc4b9a716e51032021c9760f05c099a917db00a4883f2b3a7a40192fec2d",
                "a87da24decde0841e1aeda1a39b2b15b046cf8008be502fb72dff95504388bc0",
                "7a2b0acb17798e72b7c0b3a3dac88871044cc957c257dfa32a322073f0096d89",
                "c31880ac599703fa88bfb0f77140870417a422bb48a4d622d6534dc6f1c74032",
                "3d018eeaeea00691a44c5ff408e6c2a46027cfc2ea95a0243c6196604ff51c99",
                "952ab55a554dcf8bfdd39c779c1a94bc3e0479fdb90c4a2bf0d57b67e20dd54c",
                "9cd2dc155139a972c37c9714c0fadb9ffedc5bdad1203b025c755f039027e531",
                "97972ae9ca17e1b74235cf83d0e76845c51d4e400ca61b2930dd9e74d72257fc",
                "5dd2ba7058d1d520f4e00439b305e13cc3746a22746f0bb7441ec5aa315ae549",
                "6dd7a6bea1deb7c3a73ef1659c2ba52688e35d1fe167ef9f38b0d6b521b665fc",
                "3e89a42913752c339c1203d2ebf94a08274f23fd5baea7fcd221c172207e98d7",
                "46c5a581fa553cbec06f559f3e90a7018a74093d5d1f480ed1348d8f3e4be404",
                "b8dc3eaa4c0be1f1e941d98b034e4cc216b551db1e6a522d9fc0d6e9d20610ed",
                "bfe24050258f498dd22011dc7da40e0872f16cecdec8e6ce49f1ee7f74c87c18",
                "6930c60801963461397c0039cf2faa8077b1659658a64a24b324db87488efb27",
                "24cdfa0f32602f7cd0ae612823993fc769dfce90c5c173f8a9fafe8f4f555f50"
            ],
            "type": "Script",
            "firstPartyCookies": {},
            "firstPartyCookiesSent": {},
            "exampleSites": [
                "marketscreener.com",
                "futures.tradingcharts.com",
                "m.marketscreener.com",
                "m.zonebourse.com",
                "mishtalk.com",
                "stockanalysis.com",
                "stockinvest.us",
                "whalewisdom.com",
                "www.barchart.com",
                "www.insidermonkey.com",
                "www.macrotrends.net",
                "www.marketscreener.com",
                "www.nakedcapitalism.com",
                "www.realclearmarkets.com",
                "www.streetinsider.com",
                "www.tipranks.com",
                "www.wallstreetzen.com",
                "www.zacks.com",
                "www.zonebourse.com"
            ]
        },
        {
            "rule": "wsod\\.com\\/pub\\/9344781a98afc76efc86af58da31ccc3\\/0\\.0\\.async\\/",
            "cookies": 0,
            "fingerprinting": 2,
            "subdomains": [
                "ad"
            ],
            "apis": {
                "Navigator.prototype.mimeTypes": 2,
                "Screen.prototype.width": 2,
                "Screen.prototype.height": 2,
                "window.devicePixelRatio": 2
            },
            "sites": 2,
            "prevalence": 0.0000136,
            "cnames": [],
            "responseHashes": [
                "1a8ee4a13ca035cbcacab031460637ace6355e17f63449acb63eafed9ce50645"
            ],
            "type": "Script",
            "firstPartyCookies": {},
            "firstPartyCookiesSent": {},
            "exampleSites": [
                "etfdb.com",
                "www.etftrends.com"
            ]
        },
        {
            "rule": "wsod\\.com\\/site\\/d270ad52d0e8a39449c32782950c8cc9\\/0\\.0\\.async\\/",
            "cookies": 0,
            "fingerprinting": 2,
            "subdomains": [
                "ad"
            ],
            "apis": {
                "Navigator.prototype.mimeTypes": 2,
                "Screen.prototype.width": 2,
                "Screen.prototype.height": 2,
                "window.devicePixelRatio": 2
            },
            "sites": 2,
            "prevalence": 0.0000136,
            "cnames": [],
            "responseHashes": [
                "a44fa288a6102d3d4a5c54c55d10807f3667b0b2e279c46f34dc5af6d55aa890"
            ],
            "type": "Script",
            "firstPartyCookies": {},
            "firstPartyCookiesSent": {},
            "exampleSites": [
                "ft.com",
                "markets.ft.com"
            ]
        },
        {
            "rule": "wsod\\.com\\/site\\/d270ad52d0e8a39449c32782950c8cc9\\/1\\.0\\.async\\/1693830635",
            "cookies": 0.0000136,
            "fingerprinting": 0,
            "subdomains": [
                "ad"
            ],
            "apis": {},
            "sites": 2,
            "prevalence": 0.0000136,
            "cnames": [],
            "responseHashes": [
                "4c5a24b64d149a95e85e7023e2777e3c1240c18e7561142682e83fad111d31e3"
            ],
            "type": "Script",
            "firstPartyCookies": {},
            "firstPartyCookiesSent": {},
            "exampleSites": [
                "ft.com",
                "markets.ft.com"
            ]
        },
        {
            "rule": "wsod\\.com\\/site\\/a5878a3d6f2be40db26311f6f8fb21a3\\/0\\.0\\.async\\/",
            "cookies": 0,
            "fingerprinting": 2,
            "subdomains": [
                "tdameritrade"
            ],
            "apis": {
                "Navigator.prototype.mimeTypes": 3,
                "Screen.prototype.width": 3,
                "Screen.prototype.height": 3,
                "window.devicePixelRatio": 3
            },
            "sites": 3,
            "prevalence": 0.0000204,
            "cnames": [],
            "responseHashes": [
                "03b39613ce8ebf6d06f16579daeb0a35a2a54e598c8a618ae8042bbfaffc127f",
                "8c57d10f80164463032a1047580fc6be53eebf21325558a9d5e5fc0aa7913777"
            ],
            "type": "Script",
            "firstPartyCookies": {},
            "firstPartyCookiesSent": {},
            "exampleSites": [
                "tdameritrade.com",
                "tickertape.tdameritrade.com",
                "www.tdameritrade.com"
            ]
        },
        {
            "rule": "wsod\\.com\\/activity\\/a5878a3d6f2be40db26311f6f8fb21a3\\/4\\.img\\.activity\\/",
            "cookies": 0.0000204,
            "fingerprinting": 0,
            "subdomains": [
                "ad"
            ],
            "apis": {},
            "sites": 3,
            "prevalence": 0.0000204,
            "cnames": [],
            "responseHashes": [
                "8f84c4ced509262009163e45994b45ed7ee9d4dbac88674be5f2db5c9e5be38e"
            ],
            "type": "Image",
            "firstPartyCookies": {},
            "firstPartyCookiesSent": {},
            "exampleSites": [
                "tdameritrade.com",
                "tickertape.tdameritrade.com",
                "www.tdameritrade.com"
            ]
        },
        {
            "rule": "wsod\\.com\\/\\/pixel\\/lr\\.php",
            "cookies": 0.0000273,
            "fingerprinting": 0,
            "subdomains": [
                "ad"
            ],
            "apis": {},
            "sites": 4,
            "prevalence": 0.0000273,
            "cnames": [],