{
    "domain": "xtremepush.com",
    "owner": {},
    "source": [
        "DuckDuckGo-US"
    ],
    "prevalence": 0.000116,
    "sites": 17,
    "subdomains": [
        "api",
        "sdk.us",
        "s3"
    ],
    "cnames": [],
    "fingerprinting": 0,
    "resources": [
        {
            "rule": "xtremepush\\.com\\/push\\/api\\/deviceCreate",
            "cookies": 0.0000681,
            "fingerprinting": 0,
            "subdomains": [
                "api",
                "sdk.us"
            ],
            "apis": {},
            "sites": 10,
            "prevalence": 0.0000681,
            "cnames": [],
            "responseHashes": [
                "aeed95b7782fd09c3d61afbbb9ff3f4bd1fcd8a77e5fc7dd207e07e9cdb5b4bd",
                "ec9058eaf60f84925186acbf295b2b5bad600a192c2a10b47e1487fdc1fa3374",
                "df516895693d0e69c62f15fced1e0143f600b068ee43acfb6f14f4025968143f",
                "7b2d9130d1151ed2477b7de381d203a5625ae6bb027be74d5349f897a80493d0",
                "d67b7b1a5cc7b8019a301638b4c6692a65e4e44fc8bbe8cb9e46ef4f67d6e69e",
                "15c0f698a5956a0e49c486029771bfed8f66e918ec28922e58c54373e8463960",
                "89458479d2c7df23f7e4358bd064d3b7c89a8ff9a48e2344b996d0356247fb7a",
                "f2a8fafd7a35ea78b57921e416b4b68a0f2b9b48e2d89b3ace40ad9659190cc7",
                "0f6db2c54186fd61f8f36b857ec423535eae334a097bf6b9265d53d04b44b687"
            ],
            "type": "XHR",
            "firstPartyCookies": {},
            "firstPartyCookiesSent": {},
            "exampleSites": [
                "entertainment.ie",
                "www.betonline.ag",
                "www.betrivers.com",
                "www.bigbustours.com",
                "www.casino.org",
                "www.dhgate.com",
                "www.gametwist.com",
                "www.garageclothing.com",
                "www.irishtimes.com",
                "www.wowcher.co.uk"
            ]
        },
        {
            "rule": "xtremepush\\.com\\/push\\/api\\/tagsHit",
            "cookies": 0,
            "fingerprinting": 0,
            "subdomains": [
                "api",
                "sdk.us"
            ],
            "apis": {},
            "sites": 4,
            "prevalence": 0.0000272,
            "cnames": [],
            "responseHashes": [
                "33cf9635b62dfc0a9f749b5e6a97c281d10b4791460559460658dc3220e9311f"
            ],
            "type": "XHR",
            "firstPartyCookies": {},
            "firstPartyCookiesSent": {},
            "exampleSites": [
                "entertainment.ie",
                "www.bigbustours.com",
                "www.garageclothing.com",
                "www.wowcher.co.uk"
            ]
        },
        {
            "rule": "xtremepush\\.com\\/push\\/api\\/eventHit",
            "cookies": 0.0000136,
            "fingerprinting": 0,
            "subdomains": [
                "api",
                "sdk.us"
            ],
            "apis": {},
            "sites": 2,
            "prevalence": 0.0000136,
            "cnames": [],
            "responseHashes": [
                "ed91436df65a32d3279eeef148d78d04bbb1126339fb56b572113478860c0642"
            ],
            "type": "XHR",
            "firstPartyCookies": {},
            "firstPartyCookiesSent": {},
            "exampleSites": [
                "entertainment.ie",
                "www.garageclothing.com"
            ]
        },
        {
            "rule": "xtremepush\\.com\\/push\\/api\\/deviceUpdate",
            "cookies": 0,
            "fingerprinting": 0,
            "subdomains": [
                "api",
                "sdk.us"
            ],
            "apis": {},
            "sites": 10,
            "prevalence": 0.0000681,
            "cnames": [],
            "responseHashes": [
                "33cf9635b62dfc0a9f749b5e6a97c281d10b4791460559460658dc3220e9311f"
            ],
            "type": "XHR",
            "firstPartyCookies": {},
            "firstPartyCookiesSent": {},
            "exampleSites": [
                "entertainment.ie",
                "www.betonline.ag",
                "www.betrivers.com",
                "www.bigbustours.com",
                "www.casino.org",
                "www.dhgate.com",
                "www.gametwist.com",
                "www.garageclothing.com",
                "www.irishtimes.com",
                "www.wowcher.co.uk"
            ]
        },
        {
            "rule": "xtremepush\\.com\\/push\\/api\\/swActivate",
            "cookies": 0.0000477,
            "fingerprinting": 0,
            "subdomains": [
                "api",
                "sdk.us"
            ],
            "apis": {},
            "sites": 7,
            "prevalence": 0.0000477,
            "cnames": [],
            "responseHashes": [
                "7bbde71e5f3d9e7fbcaccebabcd5064f0de17fd4cb5a3a79dee5db1278d6ac91"
            ],
            "type": "Fetch",
            "firstPartyCookies": {},
            "firstPartyCookiesSent": {},
            "exampleSites": [
                "entertainment.ie",
                "www.betrivers.com",
                "www.casino.org",
                "www.gametwist.com",
                "www.garageclothing.com",
                "www.irishtimes.com",
                "www.wowcher.co.uk"
            ]
        },
        {
            "rule": "xtremepush\\.com\\/push\\/api\\/swActivate",
            "cookies": 0,
            "fingerprinting": 0,
            "subdomains": [
                "api",
                "sdk.us"
            ],
            "apis": {},
            "sites": 7,
            "prevalence": 0.0000477,
            "cnames": [],
            "responseHashes": [],
            "type": "Preflight",
            "firstPartyCookies": {},
            "firstPartyCookiesSent": {},
            "exampleSites": [
                "entertainment.ie",
                "www.betrivers.com",
                "www.casino.org",
                "www.gametwist.com",
                "www.garageclothing.com",
                "www.irishtimes.com",
                "www.wowcher.co.uk"
            ]
        },
        {
            "rule": "xtremepush\\.com\\/application\\/web_icon_large_5969_6023f373525da\\.png",
            "cookies": 0,
            "fingerprinting": 0,
            "subdomains": [
                "s3"
            ],
            "apis": {},
            "sites": 2,
            "prevalence": 0.0000136,
            "cnames": [],
            "responseHashes": [
                "396d3f5c255ba486dd45dd29f1372ae21f03637f8e452eb67510be6d657171af"
            ],
            "type": "Image",
            "firstPartyCookies": {},
            "firstPartyCookiesSent": {},
            "exampleSites": [
                "irishtimes.com",
                "www.irishtimes.com"
            ]
        }
    ],
    "categories": [],
    "performance": {},
    "cookies": 0.000116,
    "topInitiators": [
        {
            "domain": "webpu.sh",
            "prevalence": 0.5833333333333334
        },
        {
            "domain": "noibu.com",
            "prevalence": 0.13095238095238096
        },
        {
            "domain": "first party",
            "prevalence": 0.11904761904761904
        },
        {
            "domain": "dhresource.com",
            "prevalence": 0.09523809523809523
        },
        {
            "domain": "datadoghq-browser-agent.com",
            "prevalence": 0.03571428571428571
        },
        {
            "domain": "gt-cdn.net",
            "prevalence": 0.03571428571428571
        }
    ],
    "types": {
        "XHR": 26,
        "Fetch": 7,
        "Preflight": 7,
        "Image": 2
    },
    "nameservers": [
        "ns-1451.awsdns-53.org",
        "ns-781.awsdns-33.net",
        "ns-1751.awsdns-26.co.uk",
        "ns-112.awsdns-14.com"
    ]
}