{
    "domain": "xvideoscom.me",
    "owner": {},
    "source": [
        "DuckDuckGo-US"
    ],
    "prevalence": 0.0000818,
    "sites": 12,
    "subdomains": [],
    "cnames": [],
    "fingerprinting": 0,
    "resources": [
        {
            "rule": "xvideoscom\\.me\\/linkz\\.php",
            "cookies": 0,
            "fingerprinting": 0,
            "subdomains": [],
            "apis": {},
            "sites": 12,
            "prevalence": 0.0000818,
            "cnames": [],
            "responseHashes": [
                "53caba4d662cd0042febd5431d059698215852548501f6b9182c39db4ea93085",
                "7fcd2cb259bf11c66bbc8deb95b94ee5374165e6a1e0a677ff866fc522e2f9ca",
                "01c6daa350f13e6f70a7ea6f02b5784f7127c7638419337ece11ba1fb0a5ad1d",
                "2279c565b2e27e60bdf07dd10b1f825885a561bc3b4a95e7f164b0b651e31206",
                "ba5cc8eee2083bb4d6fcbb65ee0f52335d7e4e2b5effb903c1e4a4dcb4c6fbf8",
                "2d916727b7d26f57dad6bf52ff3d325e3dc15990e4ae930c216eb8db71739820",
                "9bb44cb8546a5c8413afcbf628932fbee1354670e22f892315c46abd1ba33e55",
                "38492bd185edd68cd752c5cddc15c0e8780d9bd8b7337328e7e11243477b213f",
                "923c2045c0f3b0fcd18e69c4012ab87bfc932ccfb10f8a8060214a664bc72ec9",
                "5afc8e20ed31351d5d627a99947fac41727553d3d7fbcd10dd2cd0f27502bd05",
                "998920d8beeaa6eb86e322fa75505fe72ea1dcd8082cf41a98017eccbfc900ce"
            ],
            "type": "Script",
            "firstPartyCookies": {},
            "firstPartyCookiesSent": {},
            "exampleSites": [
                "beeg.party",
                "bokep.rocks",
                "okxxx.icu",
                "rajwap.top",
                "sexxx.icu",
                "txxx.top",
                "vlxx.rocks",
                "xmxx.click",
                "xxnxx.click",
                "xxnx.top",
                "xxxcom.club",
                "xxxn.rocks"
            ]
        }
    ],
    "categories": [],
    "performance": {},
    "cookies": 0,
    "topInitiators": [
        {
            "domain": "first party",
            "prevalence": 1
        }
    ],
    "types": {
        "Script": 12
    },
    "nameservers": [
        "clyde.ns.cloudflare.com",
        "ines.ns.cloudflare.com"
    ]
}