{
    "domain": "xvideoscom.me",
    "owner": {},
    "source": [
        "DuckDuckGo-US"
    ],
    "prevalence": 0.0000545,
    "sites": 8,
    "subdomains": [],
    "cnames": [],
    "fingerprinting": 0,
    "resources": [
        {
            "rule": "xvideoscom\\.me\\/linkz\\.php",
            "cookies": 0,
            "fingerprinting": 0,
            "subdomains": [],
            "apis": {},
            "sites": 8,
            "prevalence": 0.0000545,
            "cnames": [],
            "responseHashes": [
                "9064fa636aeec96f67e8f24b783020061f833b6c25ecae22d71dc4aa9dea2e14",
                "e438a264fe5e2e567bfffdcaf299b4c910ec1f2c089deef8e6ea5d9b77475b47",
                "117206f57b500433a700ff0bf7b43c826916084635341fbbdf2f87c716908522",
                "2c135f9eca3dea4bf5f4fb3b60671271d6360ff26e169fc02a0d35586076d22c",
                "ef5a37ce9c72f3daf3fda8b728faa26acd62d0bc56a07909534981acb3ea4aaa",
                "d748f01d56f5fd37f57f08aeb0900590b29e60b3a3697a71322ea0dfc9db8656",
                "c6845b460ff030a341da763c36c175ac732fdf777af4d7ca92dd6462043129e7"
            ],
            "type": "Script",
            "firstPartyCookies": {},
            "firstPartyCookiesSent": {},
            "exampleSites": [
                "bokep.rocks",
                "okxxx.icu",
                "sexxx.icu",
                "txxx.top",
                "xmxx.click",
                "xxnxx.click",
                "xxnx.top",
                "xxxn.rocks"
            ]
        }
    ],
    "categories": [],
    "performance": {},
    "cookies": 0,
    "topInitiators": [
        {
            "domain": "first party",
            "prevalence": 1
        }
    ],
    "types": {
        "Script": 8
    },
    "nameservers": [
        "clyde.ns.cloudflare.com",
        "ines.ns.cloudflare.com"
    ]
}