{
    "domain": "xvideoscom.me",
    "owner": {},
    "source": [
        "DuckDuckGo-US"
    ],
    "prevalence": 0.0000613,
    "sites": 9,
    "subdomains": [],
    "cnames": [],
    "fingerprinting": 0,
    "resources": [
        {
            "rule": "xvideoscom\\.me\\/linkz\\.php",
            "cookies": 0,
            "fingerprinting": 0,
            "subdomains": [],
            "apis": {},
            "sites": 9,
            "prevalence": 0.0000613,
            "cnames": [],
            "responseHashes": [
                "d564ff5caa0c19a7af19e1c1d70519d27f5ad572d2db9ba463b2dc39bf477a10",
                "1e190d4d8f3f04151ff236db3e6047f7680083d1b5ccef9584eeaf04adc647c8",
                "4d2fd6293074797d41b4f791dc4b42b11fc215452a40e61aede9cf159b1c7f02",
                "60c759ebd55de23114a1a9c1cce2b827fb1be1e9a0bf820f4acc817b2f760e90",
                "42ca8a01cf200ce233c9a00c30201e303bc90e285e415b9960ab8fb7bc470b06",
                "4810b85bc61926b9c5f1235308260667f6393a1a2856b6014167d55db4516038",
                "25b57cfdaf5f6b23cbd8d997cf2535697eab25dfb4e221395a7c27adf7d60dbd",
                "bc82488684cc307b99b1519a9abe01c1ae6e03ef92ff55e0de3de234d7ac4c52"
            ],
            "type": "Script",
            "firstPartyCookies": {},
            "firstPartyCookiesSent": {},
            "exampleSites": [
                "okxxx.icu",
                "sexxx.icu",
                "txxx.top",
                "xmxx.click",
                "xnnx.icu",
                "xxnxx.click",
                "xxnx.top",
                "xxxcom.club",
                "xxxn.rocks"
            ]
        }
    ],
    "categories": [],
    "performance": {},
    "cookies": 0,
    "topInitiators": [
        {
            "domain": "first party",
            "prevalence": 1
        }
    ],
    "types": {
        "Script": 9
    },
    "nameservers": [
        "ines.ns.cloudflare.com",
        "clyde.ns.cloudflare.com"
    ]
}