{
    "domain": "xxxjmp.com",
    "owner": {},
    "source": [
        "DuckDuckGo-US"
    ],
    "prevalence": 0.000245,
    "sites": 36,
    "subdomains": [
        "go",
        "video",
        "creative"
    ],
    "cnames": [],
    "fingerprinting": 1,
    "resources": [
        {
            "rule": "xxxjmp\\.com\\/api\\/models\\/ts",
            "cookies": 0.000109,
            "fingerprinting": 0,
            "subdomains": [
                "go"
            ],
            "apis": {},
            "sites": 16,
            "prevalence": 0.000109,
            "cnames": [],
            "responseHashes": [
                "056cbd873de3eefa48a4f5d79925a217c08ee374fd7173606b286ca945ee29c2",
                "cf23a7f04294391d67a1cbd52031c2b6a0cd6f9700a29d9dc2b554f584f4df54",
                "7c125c8957d4ae952324cdc7e2b04b34da65a9c831884d97335142f07432d13c",
                "4eed2782beb6fac04bb24c88028b3fc35d22b855bf3d8cb55f408a2f28c38127",
                "1dfb8d3b0cbc3a01dc3ad2025e060cabadf0efacd4862273c71e0399279398e7",
                "a8819c3dac377e6cd045067a823e0fa0090c7a437888f01622fe067fd0804fef",
                "d545749e32085afa35a49831a8c2e987a4198269f432751eb25252db3d843e63",
                "e0dc6fc6d7b5f6a8edb3f9f49fc05e004ebd9e252d304cbecd8c9583ebf9d799",
                "a57d532f11356b3f27fec683a5b5256adb5e3fe3b35e2b4e46e812043bd73e1b",
                "18a1322ca00389e6ec5c7a3288969a3ac278202e20b7ad8b072fcd9d2a967916",
                "af3e63f88adc21847280a229ff57fa2450592c3201cc012251b901b12e21a281",
                "593b99ee467c4f696f6170fcdb8f5042b014e3145eea31955eb585543af41ee0",
                "3e84e1ad6c861dabc34717c06b8797c6192c8ce40d390055b88f28f1dee86eef",
                "5253c48ece37939a5d9f749fd3c9fa6d5c98ab26fcb1bc1e5b7a6a496541a238",
                "dcdc038cec8ac79bea04d259e05714053c3183ff411845735b5f13bfe6d4eb80"
            ],
            "type": "XHR",
            "firstPartyCookies": {},
            "firstPartyCookiesSent": {},
            "exampleSites": [
                "arabshentai.com",
                "en16.pornhd8k.net",
                "hotmilfpics.net",
                "hotxv.com",
                "italianvidxxx.com",
                "massagepornx.com",
                "milf300.com",
                "phimx.tv",
                "pornobae.net",
                "pvip.se",
                "videking.com",
                "www.amateurnude.pics",
                "www.indianporngirl2.com",
                "www.javxxxporn.com",
                "www.pornhd3x.tv",
                "www.pornoktube.com"
            ]
        },
        {
            "rule": "xxxjmp\\.com\\/config",
            "cookies": 0.0000204,
            "fingerprinting": 0,
            "subdomains": [
                "go"
            ],
            "apis": {},
            "sites": 8,
            "prevalence": 0.0000545,
            "cnames": [],
            "responseHashes": [
                "2245b752ae5db8788d4239f3e66ae2443b84948e6a1eab91e0821e30fc285192",
                "2bf98c506210221e094c2f2b1e8f36f475e03b2e179b6efb0be7cc359a0f370d",
                "4116aeceb020e2608d37cb018e88b1972fb9246f59508f0b8f566be3d32ba6a6",
                "c87f24b09c4ddbec1339bc4eb796b3b68def43244ff786a4939ef9660d20612b",
                "fe784742a3c647758c577567c9c1bbd63a68b99b622d4c027c1a7b1f6325d6a9",
                "c5126f910d2c34ce370e645ca377be73dcd2fd0716547d2649331886af0a388c",
                "49273c73a965648d83d339a073c2a7b02cc2e283527687f8521252d430b7c542"
            ],
            "type": "Fetch",
            "firstPartyCookies": {},
            "firstPartyCookiesSent": {},
            "exampleSites": [
                "avgle.com",
                "m.shemalestube.com",
                "www.alrincon.com",
                "www.gayboystube.com",
                "www.javbangers.com",
                "www.porntrex.com",
                "www.shemalestube.com",
                "www.whoreshub.com"
            ]
        },
        {
            "rule": "xxxjmp\\.com\\/api\\/models",
            "cookies": 0.0000545,
            "fingerprinting": 0,
            "subdomains": [
                "go"
            ],
            "apis": {},
            "sites": 8,
            "prevalence": 0.0000545,
            "cnames": [],
            "responseHashes": [
                "84f3cf8694f06c18fde3d258d79d6d1024813b2d8d65c7ffffa0dcdd366e6955",
                "8636d45d00ac3e24625782d49a5bffd274dab83ec4828436b9d1975ea750b2dd",
                "dd2f124e6c69606fe332e3755e03388c010ffcaf6eaea0c7ab18037c7bf8d95a",
                "88e8a328fce8752fd4771b5bc4bd2726345efe49bdea50371b1962dcaa293d78",
                "28a651f473e528dafe4c22ef6ca7b24fcd38b5ae5ff4201af46f641da36af8b3",
                "cfaeb69b4251733593a0f9dd5402b6bc4180473ee8969c874b21a33820b5f7f3"
            ],
            "type": "Fetch",
            "firstPartyCookies": {},
            "firstPartyCookiesSent": {},
            "exampleSites": [
                "avgle.com",
                "m.shemalestube.com",
                "www.alrincon.com",
                "www.gayboystube.com",
                "www.javbangers.com",
                "www.porntrex.com",
                "www.shemalestube.com",
                "www.whoreshub.com"
            ]
        },
        {
            "rule": "xxxjmp\\.com\\/abc\\.gif",
            "cookies": 0,
            "fingerprinting": 0,
            "subdomains": [
                "go"
            ],
            "apis": {},
            "sites": 8,
            "prevalence": 0.0000545,
            "cnames": [],
            "responseHashes": [
                "e3b0c44298fc1c149afbf4c8996fb92427ae41e4649b934ca495991b7852b855"
            ],
            "type": "Image",
            "firstPartyCookies": {},
            "firstPartyCookiesSent": {},
            "exampleSites": [
                "avgle.com",
                "m.shemalestube.com",
                "www.alrincon.com",
                "www.gayboystube.com",
                "www.javbangers.com",
                "www.porntrex.com",
                "www.shemalestube.com",
                "www.whoreshub.com"
            ]
        },
        {
            "rule": "xxxjmp\\.com\\/thumbs\\/view",
            "cookies": 0.0000545,
            "fingerprinting": 0,
            "subdomains": [
                "go"
            ],
            "apis": {},
            "sites": 8,
            "prevalence": 0.0000545,
            "cnames": [],
            "responseHashes": [
                "226faf60e6b6f591a2641bd6a428d6337516d4a5968d599cf8345cf5ec028da3",
                "ffb7ab7e01597c67f7da3496f783393101fddde3cb6b8ab0d196c0f2c3a38cff",
                "5e9f6b9989d78d8808dc4f29fa7494d7ab96a4076291a7f9349beb1efbd7efd9",
                "649fe382b4f7cb78c0a2420be9ce20f3f521f74c0e5b339948d9d9adef4ac336",
                "02f422fc5b12c2c5fc2c260bca3528375280b511cb422bb7d97508d78328d37d",
                "7e57151115e35f54023c5f9e3015dcac50e9ad4cbf0669823c8ac6ebd3d8f055"
            ],
            "type": "Fetch",
            "firstPartyCookies": {},
            "firstPartyCookiesSent": {},
            "exampleSites": [
                "avgle.com",
                "m.shemalestube.com",
                "www.alrincon.com",
                "www.gayboystube.com",
                "www.javbangers.com",
                "www.porntrex.com",
                "www.shemalestube.com",
                "www.whoreshub.com"
            ]
        },
        {
            "rule": "xxxjmp\\.com\\/checkDomainResult",
            "cookies": 0.0000545,
            "fingerprinting": 0,
            "subdomains": [
                "go"
            ],
            "apis": {},
            "sites": 8,
            "prevalence": 0.0000545,
            "cnames": [],
            "responseHashes": [
                "e3b0c44298fc1c149afbf4c8996fb92427ae41e4649b934ca495991b7852b855"
            ],
            "type": "Fetch",
            "firstPartyCookies": {},