{
    "domain": "xxxviiijmp.com",
    "owner": {},
    "source": [
        "DuckDuckGo-US"
    ],
    "prevalence": 0.000218,
    "sites": 32,
    "subdomains": [
        "go"
    ],
    "cnames": [],
    "fingerprinting": 0,
    "resources": [
        {
            "rule": "xxxviiijmp\\.com\\/stripchat\\/widgets",
            "cookies": 0.000184,
            "fingerprinting": 0,
            "subdomains": [
                "go"
            ],
            "apis": {},
            "sites": 27,
            "prevalence": 0.000184,
            "cnames": [],
            "responseHashes": [
                "99c10bbbe6ade7728c7cbd2532bc3b3a1eeff9ba5586759ee51423931c3de294",
                "daebe5f31fb90a148564d75816c13f0e41d49f78778bd7ecd4a85dd4c71466c2",
                "427749df0578f546530557d4eebddea5e3f95ec5717ed850e545786ae169fdc8",
                "17fd36b8447cf82d32b9b7ec8534e27d1955662c58fe1447f8ffc0f161ba8386",
                "1a90b298f5308cb83c78f64f92fc5794cd920ecec48fbe957a3dccad242fbfdb",
                "ec8338a0164d3951157a0b2b10d961cc03f0584adb480bca0f48c45952e7167c",
                "464d41e36c7b7ed70e4dd43e66bc842a039ded1941148a4d41e83fd890c10f03",
                "68c72c4ff04f793318bfd5cb97c57e62eeeb0b7f2ace0f421b4fe0661b0b2632",
                "f0799854f4245960a26f70a8f82957aa9430262e4e38af0662d1fac9f4e8c9f7",
                "b292cbcd5ea2110ac275f9d851201060c15f0d721b3f24f488a15131d5648c05",
                "576bad79a1ffec28551147116ae9776e04cb4e5820642cfab5e92c645ee3e158",
                "7035e1354163313fedd9b7b4bb1e7c35e03e4e6a2d1a43d9f7fa38b393a285be",
                "83c243d7228f1ac8df7e05b5a39a7b92f172caecd5d9935730ba46014802b9fe"
            ],
            "type": "Fetch",
            "firstPartyCookies": {},
            "firstPartyCookiesSent": {},
            "exampleSites": [
                "de.stripchat.com",
                "superchatlive.com",
                "fr.xhamsterlive.com",
                "ja.stripchat.com",
                "superchat.live",
                "tr.stripchat.com",
                "sex-porn.cam",
                "es.xhamsterlive.com",
                "it.xhamsterlive.com",
                "pl.stripchat.com",
                "beeglivesex.com",
                "es.stripchat.com",
                "stripchat.global",
                "sv.stripchat.com",
                "xlivesex.com",
                "pt.xhamsterlive.com",
                "celebjihad.live",
                "it.stripchat.com",
                "fr.stripchat.com",
                "nl.stripchat.com"
            ]
        },
        {
            "rule": "xxxviiijmp\\.com\\/entry",
            "cookies": 0.000177,
            "fingerprinting": 0,
            "subdomains": [
                "go"
            ],
            "apis": {},
            "sites": 26,
            "prevalence": 0.000177,
            "cnames": [],
            "responseHashes": [
                "e3b0c44298fc1c149afbf4c8996fb92427ae41e4649b934ca495991b7852b855"
            ],
            "type": "Fetch",
            "firstPartyCookies": {},
            "firstPartyCookiesSent": {},
            "exampleSites": [
                "xhamsterlive.com",
                "nl.stripchat.com",
                "de.stripchat.com",
                "stripchat.global",
                "sv.stripchat.com",
                "boocam.tv",
                "celebjihad.live",
                "fr.xhamsterlive.com",
                "pt.stripchat.com",
                "xlivesex.com",
                "cambaddies.com",
                "pl.stripchat.com",
                "ja.stripchat.com",
                "it.stripchat.com",
                "es.xhamsterlive.com",
                "superchatlive.com",
                "pt.xhamsterlive.com",
                "fr.stripchat.com",
                "it.xhamsterlive.com",
                "es.stripchat.com"
            ]
        }
    ],
    "categories": [],
    "performance": {},
    "cookies": 0.000218,
    "topInitiators": [
        {
            "domain": "xxxivjmp.com",
            "prevalence": 0.9375
        },
        {
            "domain": "strpst.com",
            "prevalence": 0.03125
        },
        {
            "domain": "first party",
            "prevalence": 0.03125
        }
    ],
    "types": {
        "Fetch": 53
    },
    "nameservers": [
        "kolton.ns.cloudflare.com",
        "ali.ns.cloudflare.com"
    ]
}