{
    "domain": "youplay.se",
    "owner": {},
    "source": [
        "DuckDuckGo-US"
    ],
    "prevalence": 0.0000545,
    "sites": 8,
    "subdomains": [
        "delivery",
        "player",
        "cdn-c",
        "cdn-b",
        "cdn-a"
    ],
    "cnames": [],
    "fingerprinting": 2,
    "resources": [
        {
            "rule": "youplay\\.se\\/load\\.js",
            "cookies": 0.0000545,
            "fingerprinting": 1,
            "subdomains": [
                "delivery"
            ],
            "apis": {
                "Navigator.prototype.userAgent": 7,
                "Navigator.prototype.platform": 7,
                "window.innerHeight": 5
            },
            "sites": 8,
            "prevalence": 0.0000545,
            "cnames": [],
            "responseHashes": [
                "4cfc1c1f0369770691b2a9da765cb38ace78383dca5a692c3026c371ce426dac",
                "8dedfd92bfee754618157d3ca754cc188d260e36ad391a58fc3155586c52a5ec",
                "4dfd975833d63bd9cb30877c193f98c0a3bd039caf4b3305e83329311a254216",
                "49c9e30125a302476e656ad01cb958a309758ee01b4ec9822dadbcb75433ee57",
                "9da3cdd956a613ed83ffa3f9e453837292f15aa1acc368b915760ab6f5a06651",
                "2e958468dc64c3583d0ed0a4210b861814226f00c2a916971004c98527646b16",
                "62ae7e4cb8653014395d632a5478ec291b15883eabf9d3e9d9b1f67f55561cf2"
            ],
            "type": "Script",
            "firstPartyCookies": {},
            "firstPartyCookiesSent": {},
            "exampleSites": [
                "nyheter24.se",
                "viivilla.se",
                "www.alltforforaldrar.se",
                "www.alt.dk",
                "www.deliaonline.com",
                "www.familjeliv.se",
                "www.hemtrevligt.se",
                "www.mestmotor.se"
            ]
        },
        {
            "rule": "youplay\\.se\\/assets\\/formats\\/0\\.0\\.463\\/css\\/up\\.min\\.css",
            "cookies": 0,
            "fingerprinting": 0,
            "subdomains": [
                "player"
            ],
            "apis": {},
            "sites": 8,
            "prevalence": 0.0000545,
            "cnames": [],
            "responseHashes": [
                "e3ceb63e9a8836979c0a8bc15641eb1ac528b7ce9e86846b9c310014c81f6483"
            ],
            "type": "Stylesheet",
            "firstPartyCookies": {},
            "firstPartyCookiesSent": {
                "lotame_domain_check": 0.000013615167296368154
            },
            "exampleSites": [
                "nyheter24.se",
                "viivilla.se",
                "www.alltforforaldrar.se",
                "www.alt.dk",
                "www.deliaonline.com",
                "www.familjeliv.se",
                "www.hemtrevligt.se",
                "www.mestmotor.se"
            ]
        },
        {
            "rule": "youplay\\.se\\/assets\\/formats\\/0\\.0\\.463\\/js\\/up\\.min\\.js",
            "cookies": 0,
            "fingerprinting": 2,
            "subdomains": [
                "player"
            ],
            "apis": {
                "Date.prototype.getTime": 7,
                "Navigator.prototype.userAgent": 7,
                "Navigator.prototype.connection": 7,
                "Event.prototype.timeStamp": 7,
                "Navigator.prototype.maxTouchPoints": 6,
                "Navigator.prototype.languages": 6,
                "Document.cookie getter": 3
            },
            "sites": 8,
            "prevalence": 0.0000545,
            "cnames": [],
            "responseHashes": [
                "1bef0405c903926cb8d11c40cddd57aaf9f148bfbb3f5cca44b74f4cc5f7c2fa"
            ],
            "type": "Script",
            "firstPartyCookies": {},
            "firstPartyCookiesSent": {
                "lotame_domain_check": 0.000013615167296368154
            },
            "exampleSites": [
                "nyheter24.se",
                "viivilla.se",
                "www.alltforforaldrar.se",
                "www.alt.dk",
                "www.deliaonline.com",
                "www.familjeliv.se",
                "www.hemtrevligt.se",
                "www.mestmotor.se"
            ]
        },
        {
            "rule": "youplay\\.se\\/api\\/v2\\/templatedata",
            "cookies": 0.0000477,
            "fingerprinting": 0,
            "subdomains": [
                "delivery"
            ],
            "apis": {},
            "sites": 7,
            "prevalence": 0.0000477,
            "cnames": [],
            "responseHashes": [
                "02088791cbea068f67a19d856edfd6ad2892706debba708b3bfd259daa38ce9a",
                "9a65acd9c56c6b4f101bd70739c14717c835b447b150cdf24c0f69c5ecb07540",
                "dee6c2345a05c36fd8b9e8f35c3319a719b80a997414f99e78b2765324909ff5",
                "d018726fba0be23e70ff1b6374e92ae0e7b4b5fa87d61241a827684b4b23b039",
                "4f9b68f31fa046d95c96a63a5b073457252b5203b3d2e97ba2711dc31d544d86",
                "086b4c169d94db62d12bc4c4f280682dc930c27bc36078baf6e1e46536fc3df8"
            ],
            "type": "XHR",
            "firstPartyCookies": {},
            "firstPartyCookiesSent": {},
            "exampleSites": [
                "nyheter24.se",
                "viivilla.se",
                "www.alt.dk",
                "www.deliaonline.com",
                "www.familjeliv.se",
                "www.hemtrevligt.se",
                "www.mestmotor.se"
            ]
        },
        {
            "rule": "youplay\\.se\\/api\\/v2\\/videodata",
            "cookies": 0.0000272,
            "fingerprinting": 0,
            "subdomains": [
                "delivery"
            ],
            "apis": {},
            "sites": 4,
            "prevalence": 0.0000272,
            "cnames": [],
            "responseHashes": [
                "4347fef394d5167f802dd216b95bc9afa73c52f1bfec14c2b5407ab79e0fb952",
                "548f044d460a81d2ae1504d0f905e7b51af9f7463fd12c76b8dce89dc750b54f",
                "5b2df6ef2364367413ce29fec49d8b41f99a8c11703fce85c379bb6f1313adae"
            ],
            "type": "XHR",
            "firstPartyCookies": {},
            "firstPartyCookiesSent": {},
            "exampleSites": [
                "nyheter24.se",
                "viivilla.se",
                "www.familjeliv.se",
                "www.hemtrevligt.se"
            ]
        },
        {
            "rule": "youplay\\.se\\/assets\\/formats\\/0\\.0\\.463\\/font\\/fontello\\.woff2",
            "cookies": 0,
            "fingerprinting": 0,
            "subdomains": [
                "player"
            ],
            "apis": {},
            "sites": 5,
            "prevalence": 0.000034,
            "cnames": [],
            "responseHashes": [
                "44812d2c21ac709fd612d183c2eb2ba5f8b35aea04e6112021b70da118692543"
            ],
            "type": "Font",
            "firstPartyCookies": {},
            "firstPartyCookiesSent": {},
            "exampleSites": [
                "nyheter24.se",
                "viivilla.se",
                "www.alt.dk",
                "www.deliaonline.com",
                "www.familjeliv.se"
            ]
        },
        {
            "rule": "youplay\\.se\\/assets\\/formats\\/0\\.0\\.463\\/font\\/OpenSans-Regular\\.ttf",
            "cookies": 0,
            "fingerprinting": 0,
            "subdomains": [
                "player"
            ],
            "apis": {},
            "sites": 5,
            "prevalence": 0.000034,
            "cnames": [],
            "responseHashes": [
                "a878a8bf30f19fc20740b1951a81b3edf51306363c9f64a6e37c995547dd9934"
            ],
            "type": "Font",
            "firstPartyCookies": {},
            "firstPartyCookiesSent": {},