{
    "domain": "youplay.se",
    "owner": {},
    "source": [
        "DuckDuckGo-US"
    ],
    "prevalence": 0.0000613,
    "sites": 9,
    "subdomains": [
        "delivery",
        "player",
        "cdn-c",
        "cdn-a",
        "cdn-b"
    ],
    "cnames": [],
    "fingerprinting": 2,
    "resources": [
        {
            "rule": "youplay\\.se\\/load\\.js",
            "cookies": 0.0000613,
            "fingerprinting": 1,
            "subdomains": [
                "delivery"
            ],
            "apis": {
                "Navigator.prototype.userAgent": 9,
                "Navigator.prototype.platform": 9,
                "window.innerHeight": 5
            },
            "sites": 9,
            "prevalence": 0.0000613,
            "cnames": [],
            "responseHashes": [
                "b8139471366264d5a146a91bce376180b836d5028db141a637f5fe5d75cab2b9",
                "c5b2b1cfdf0aec9bba085b6a6eac6596705d5c2c409d38a82c21395c67b6a71f",
                "672ca740eb4e8d9896762e587745eb6cd81088f44a9f508753d3cd9aa6caa9d0",
                "2a4f9858653401199c900ef420bd0fbd7db4742ca9b14ca5b0c5447d8cc2db34",
                "927f740a7c8369f273651992b422bef699a8000ea98f4fad4e5e42b34453bd09",
                "2fc035c1a8e22ff75d0e3b6422c7efab7f3eb095b6b0503b4fd6416beaea79e7",
                "5533560808e3c1a46b49c67d9b892e5708208476aad45f1a2a26f53209feec46",
                "f59885bd81f5424a7b599fc9cea8951c2b30e83c426d2c13a03f367a09f9781b"
            ],
            "type": "Script",
            "firstPartyCookies": {},
            "firstPartyCookiesSent": {},
            "exampleSites": [
                "nyheter24.se",
                "viivilla.se",
                "www.alltforforaldrar.se",
                "www.alt.dk",
                "www.deliaonline.com",
                "www.familjeliv.se",
                "www.hemtrevligt.se",
                "www.mestmotor.se",
                "www.mitti.se"
            ]
        },
        {
            "rule": "youplay\\.se\\/assets\\/formats\\/0\\.0\\.464\\/css\\/up\\.min\\.css",
            "cookies": 0,
            "fingerprinting": 0,
            "subdomains": [
                "player"
            ],
            "apis": {},
            "sites": 9,
            "prevalence": 0.0000613,
            "cnames": [],
            "responseHashes": [
                "e3ceb63e9a8836979c0a8bc15641eb1ac528b7ce9e86846b9c310014c81f6483"
            ],
            "type": "Stylesheet",
            "firstPartyCookies": {},
            "firstPartyCookiesSent": {
                "lotame_domain_check": 0.000027265415184109715
            },
            "exampleSites": [
                "nyheter24.se",
                "viivilla.se",
                "www.alltforforaldrar.se",
                "www.alt.dk",
                "www.deliaonline.com",
                "www.familjeliv.se",
                "www.hemtrevligt.se",
                "www.mestmotor.se",
                "www.mitti.se"
            ]
        },
        {
            "rule": "youplay\\.se\\/assets\\/formats\\/0\\.0\\.464\\/js\\/up\\.min\\.js",
            "cookies": 0,
            "fingerprinting": 2,
            "subdomains": [
                "player"
            ],
            "apis": {
                "Navigator.prototype.userAgent": 9,
                "Navigator.prototype.maxTouchPoints": 6,
                "Navigator.prototype.languages": 6,
                "Document.cookie getter": 2,
                "Date.prototype.getTime": 8,
                "Navigator.prototype.connection": 7,
                "Event.prototype.timeStamp": 7,
                "HTMLMediaElement.prototype.canPlayType": 1
            },
            "sites": 9,
            "prevalence": 0.0000613,
            "cnames": [],
            "responseHashes": [
                "860050cf669dadc91f0ed4b3b2a76db64fef28a6150d7832412a7a800a78eaa0"
            ],
            "type": "Script",
            "firstPartyCookies": {},
            "firstPartyCookiesSent": {
                "lotame_domain_check": 0.000027265415184109715
            },
            "exampleSites": [
                "nyheter24.se",
                "viivilla.se",
                "www.alltforforaldrar.se",
                "www.alt.dk",
                "www.deliaonline.com",
                "www.familjeliv.se",
                "www.hemtrevligt.se",
                "www.mestmotor.se",
                "www.mitti.se"
            ]
        },
        {
            "rule": "youplay\\.se\\/api\\/v2\\/templatedata",
            "cookies": 0.0000613,
            "fingerprinting": 0,
            "subdomains": [
                "delivery"
            ],
            "apis": {},
            "sites": 9,
            "prevalence": 0.0000613,
            "cnames": [],
            "responseHashes": [
                "659054a9356aec303da6415e0012c370c69d81118144a39d03ae90f4008db6b5",
                "25dabceed37c58b91fc08776c87c1efb7b80364d7e2fe296691351cefacc4b04",
                "5ddc03e0301b966413d2b8144b816887f90a7e95aa3d67a3d1fac0d8e42bbade",
                "dd749b6657b1def8921cb231f3218a72ea57080c02b702f8f6728a9fcfe2bef7",
                "4a6995990e030c17aed137427b19f4e8f7a7e689ca90502a9f775445d2a0b02d",
                "516c60260a03e1c764c25858d0c14f170bf4512f35138c240faeddc0bae4d30e",
                "c0c04b966d5c0bfa01b3cf86b355bb6f963cc0f1b805fbac1cdb0b159adec9f3",
                "0e1d27ea62e1819ea93956fc052425103869bfb10fcfa71d678c97fcbd8dede4"
            ],
            "type": "XHR",
            "firstPartyCookies": {},
            "firstPartyCookiesSent": {},
            "exampleSites": [
                "nyheter24.se",
                "viivilla.se",
                "www.alltforforaldrar.se",
                "www.alt.dk",
                "www.deliaonline.com",
                "www.familjeliv.se",
                "www.hemtrevligt.se",
                "www.mestmotor.se",
                "www.mitti.se"
            ]
        },
        {
            "rule": "youplay\\.se\\/api\\/v2\\/videodata",
            "cookies": 0.0000409,
            "fingerprinting": 0,
            "subdomains": [
                "delivery"
            ],
            "apis": {},
            "sites": 6,
            "prevalence": 0.0000409,
            "cnames": [],
            "responseHashes": [
                "4e6a7346736932f8256430798c723139bd7bd5f465895f8c544c32f164f94078",
                "622d85571e4164c1db86b43c08f1ac0d0dab9350c7322fbb4b9567d938fd4973",
                "3054d3bbf0cbcd9e24ba4eb01328947c0b4dd693ba851606c8d1c9d8a83966e9",
                "7ef1e84f2645ed5bebab7e1717a156c4b2e11a8b11315c8bc2455525a8d28a5d",
                "4ff403f79af7daa56eb8c95c31e2f5004eb0c25b4c42de925e4fbde00019df8c"
            ],
            "type": "XHR",
            "firstPartyCookies": {},
            "firstPartyCookiesSent": {},
            "exampleSites": [
                "nyheter24.se",
                "viivilla.se",
                "www.alltforforaldrar.se",
                "www.familjeliv.se",
                "www.hemtrevligt.se",
                "www.mitti.se"
            ]
        },
        {
            "rule": "youplay\\.se\\/assets\\/formats\\/0\\.0\\.464\\/font\\/fontello\\.woff2",
            "cookies": 0,
            "fingerprinting": 0,
            "subdomains": [
                "player"
            ],
            "apis": {},
            "sites": 6,
            "prevalence": 0.0000409,
            "cnames": [],
            "responseHashes": [
                "44812d2c21ac709fd612d183c2eb2ba5f8b35aea04e6112021b70da118692543"
            ],
            "type": "Font",
            "firstPartyCookies": {},
            "firstPartyCookiesSent": {},