{
    "domain": "youradexchange.com",
    "owner": {},
    "source": [
        "DuckDuckGo-US"
    ],
    "prevalence": 0.000762,
    "sites": 112,
    "subdomains": [],
    "cnames": [],
    "fingerprinting": 0,
    "resources": [
        {
            "rule": "youradexchange\\.com\\/script\\/suurl4\\.php",
            "cookies": 0,
            "fingerprinting": 0,
            "subdomains": [],
            "apis": {},
            "sites": 90,
            "prevalence": 0.000613,
            "cnames": [],
            "responseHashes": [
                "9442eb678f6093bf38242506b2479f3cd08eab89981543471463e7a2ec47f280",
                "bd43bcc6560b0672e16f8dee5495b796b3f1dbdf6a2c6f1526c3fab15de7f23f",
                "c1d05d2c10de6ffa325029dbe999fe813092a03ed03b464543c49bed955401e7",
                "e3bc025843f077a97a5a5b9bc68d25978c48da7542b30690463a6d423911a687",
                "54460bf9d4bcd6a5b7726f7d4e1a1ff7d69541c51ff97ae4062dbc1cddf900ea",
                "e5a7b8727db6d3ef8e9c1d81ac474d11ca157633270259fe6761905507f4e673",
                "3550cd9a1dbaaff252bf9d3d64607dd863a5622e97cd29348d7f32af5d8cd59f",
                "1db98e176715315dd669ee78165b9ddf018769850252521b23334a5c610c31c0",
                "ad3611685e23035a268640e583f342d2276cc91cb85b1cbea61279c8b514e263",
                "66bbf90fb2eff65f74054a20f2ee714572679a91995e95745ec7423acdf1fcf5",
                "8f295c95d6ba1cac11df6bf79bd0f4d6e89df2523bdd88f743077defba5f7c01",
                "1edc531c4297793bfff85e87ea14b73412f393161392228a72277470aa6ebdbe",
                "82c375837ee730211d17866bf887960b3521adab584f39db01ee9ebf0f941508",
                "51c02b1ec1c440b3e4043e208f15b5fa2215d046d6629295efc3eac32cfd91cc",
                "924d32853e7bce2ca294dd74e02040c15fb5701c83252cb1cae668e03de9b93c",
                "317416c1f5739bc372bb368c282ed7c019504fccc27e17ec82bceac57750be1c",
                "3e0eb875e49a7c5d3754991cc2d1d5c2aa6ff94a5e8d2b89382cca50dd30ca2f",
                "947e9c3f4f59120529d68dafbe7fe4a3d4ee17b529f4378933c50b46407ba032",
                "d241581046ca2f6ec0a501ee7cc311482f0b8b9103a29b13aac2414395b7bc02",
                "e40b97d00fc37cabdb86517e326ae2cc32da328df59d5350d0b61d5ea0bfe1c6",
                "ae08ad165ae926745aa93c1dd9308a59735e6474f6329050970d9c2434727d53",
                "0c340b1a54dd00d3b440ca871a28714f02111e75548002525de1cbca680a514f",
                "09595ee7dd87d292eee97fea0227a428e6c0719f0700229935d3e76cd7f1a846",
                "a9c9b7612d580929c68440534a0415c2a24b2048c29beee3db7d8546520e61ed",
                "ab40a542ee17fa9ef3bf96887a2167a24dcb3687f239cfd1c46a51ef33feb49c",
                "d591d425ba9f189a672fe844b5d2e611e52bfe0a2cfc2244aa3b07f74dfb73b0",
                "d7728bd35c26a52bace99e5718bc54ab693dee2f6c3d207f36c97962b34f735f",
                "ca2a509d363fd897867ea8472765feed29e09405e294e9429413f21128034e4e",
                "2e0488ac9930679cfee4d7f33a7e75fea06f45e9d08998c0bf42dcb19b37e052",
                "74e3664a290593ca8f2fb1e6298ce1026ffabc600d4e610628a08d8d7b9c0dac",
                "1b86540102d232edaa8afe458ec62882ca38e9261dcebed53646895477ce0d70",
                "d4e9c48eaa0436e6aacc4be5925ff5ceb60fab827db277884bdd729df5e18bce",
                "35ccb151da3810edbe69bda9638c7e0763119cf67d7bc2490f519b63b2a19ac1",
                "aeb6d603464399d38b68f57cb1ace4d8be1e37c4d7eb4f7c5716ff6079376eb8",
                "6449b5e298a66ec42cfb8df4a6acd7ee6dc8719b4ca8e87d89c8b98c5287c79b",
                "f4cb2e5d117e7d373626f5ca8b2f03619c923e4e7454dc6b02fd7df5735971f9",
                "88ca422d8db4205a004578a9c89ab13e96bca8189c0430a31f2f338a81213703",
                "f498066b30be8f77916d22d7017e8f8ed5d2b8208743c6d25de17331016ed612",
                "d619293f063a68fc2e22aad52d8ce1f1330c61263dacb82d5afab3b5c92a89cd",
                "3756fb1294cc71cc579b013e26777f9e52910321a8e0fdabde34e3fd9ca4dffb",
                "40419dbde573c11de7b649e67048f2f558b04051e18e8c70f0b0166d2736c287",
                "57c9e0fb340f634ac44213ec7a3b2c9e48a5371df1e68a33d035110c17a6e87a",
                "52cc76ba54968f31a35b0a68a868427f2f17283307065993cf4d2fde0a2b19d9",
                "e03a4ac2fbe563f444ea6d801b69adc5a61bbff1e0edd7677059efad9bc4b62a",
                "63bbc6fb5de707cd7f8244133ff98926741e90591e43c36e0f24613cbfd0a15d",
                "912a636484c1c5034f2f8fd9c09402ee996ceadd54b0cbc0946fa996bd7ddc65",
                "bf5d0d63a6a0c26f1201ad4c6ab224f6cf4284b81a2951da1d3cc49a2450d1a7",
                "443958644cb0dcbf9dc4e565ebfaeb81ba9f01e468ef63d00e4b07853a4857f2",
                "1ab4b6c34c370d3190205bf97022b0ca70b9864f27eac0adb8768223aa2c97b1",
                "8d30a4811ce1a533d909ef11fa16adcdf9803aa541f917102c2d226bd7bafe23",
                "5d7f35df624cb0f4a8d2926efbcfdf25880b5bbf1209e8f9b043726878c346ad",
                "32acf56c789ffe59a5b2a89cfa9a5cfd15aca1e8cd76aabaedb375765332f080",
                "dd1d9554207b99145e2f2745d583ab2f51e31ecb2bdaf2f6ee3b81f008fdea5f",
                "7f4d503987b3683b31ae124191cc5a1842b413bc6fade40ea7f17c3f65edf4d4",
                "66c16736d167c02c3cadf482865210968ecd25e198702592a30bf5ba4c33536f",
                "16231b7dea71cd1c13460639b107600f6131f712d4ee0a7f6dd90ae5f69dd815",
                "a9b480593f7cadfdb527da5002c4996853bd01a73f598266edd08f5a7836c1ef",
                "f5e0b55a4d1d11eef2e9d05d13990a0802803ddea3284621dccf6e52c093fe74",
                "f013f3b6746a556158c5de9cfc58d0493df09340c60e655896ba7d11cf16a58f",
                "db2e1c09de4e56c9bc1e338165f352a802da75c85688b3bb682105379688999a",
                "0a88d40d8fd7dafebfdf87db1dc3ce4fccbff7c87945fad82865dc60be8d14ef",
                "0d74b552da0c9a16dfc2dea1f4d6f429bd0994525c6e510b2ed41dc5eaee7677",
                "517a3df2b106e6dec2b105c2946f26359bad12a35de1ff0335a5a70f3ee42857",
                "4a04da15918f644a2945d7c3dd3c188bff685b0aa93048516bd6608561a3105c",
                "9881ef03df09b6ee7b43d3638b1924cbdd4f08b1793635a18ec764c0550b8004",
                "eb67dbaab9f71b7724416b86c65e2c07f7be8f03fb93d8586e82802c8cdd1c7a",
                "205fe27226eb2c71961c3034e2ffb75e9138f8d48541edcb87bc40712908c00a",
                "0f4b76c9041184d4acd28a850ce879eeb3de16c7172958e090376a33cc1460b1",
                "ab2ba83556ffa9bd086e6def736a6f78cd40a337df79ebc13ede837bc9da8cb9",
                "1c9ff37efec9f8e851de524a4637f5cca6d565caaf1808b5fd044641dead6015",
                "6d1cabc9b72e4a5048c605871ecd4146ba7d67aac378627178b2d73c6414b735",
                "5ad059b4a5ab7a514f40742e080390fcc5af9a6008632dd3bf1fe6b4b3d20a88",
                "d6a3e6ca3717fddeacdb2ae7a33a4c5d8bedbccebfff9afd17bf6ddcaa29ecf7",
                "aff2ad7c05eed99ad33f655e05797267f596ad3d59e4b76ed18ae57aac3b59f9",
                "7315e804767d2c78777e1779a5238859feba156b7e59debb7107314e083c634d",
                "76c47ba02190ecbec418731d7d3060f15609ff6a21376bc75c098b054a3a3547",
                "965234bdcf6d87513577ecccda9e2b7fc93543578e6a36844655abe8a71b713b",
                "3ec7270922739ec98e671353d5f81c4a6596ed874a8c2485699fd0450c278ef9",
                "2d65153a25faacc8b7f2962e41c15251ce57b5c69bb934089c9f4c0faae6f9aa",
                "a139f786fa6b3a794a57196f94c4455feaf837ccf35a63eb9b3c216c0752b44b"
            ],
            "type": "Fetch",
            "firstPartyCookies": {},
            "firstPartyCookiesSent": {
                "lotame_domain_check": 0.00004765308553728854,
                "_ym_d": 0.00002042275094455223,
                "__PPU___PPU_SESSION_URL": 0.000006807583648184077,
                "c_ref_2162255": 0.000006807583648184077
            },